275,281,59.6,5957
281,275,40.4,4043
275,4918,79.9,7988
4918,275,20.1,2012
275,4532,85.3,8534
4532,275,14.7,1466
275,4536,73.5,7347
4536,275,26.5,2653
275,1307,60.0,6000
1307,275,40.0,4000
275,4515,76.3,7626
4515,275,23.7,2374
275,4516,42.8,4275
4516,275,57.2,5725
275,267,64.9,6489
267,275,35.1,3511
275,1163,56.8,5678
1163,275,43.2,4322
275,1096,62.8,6284
1096,275,37.2,3716
275,1124,67.7,6774
1124,275,32.3,3226
275,4542,79.2,7922
4542,275,20.8,2078
275,4907,68.6,6856
4907,275,31.4,3144
275,4911,76.4,7640
4911,275,23.6,2360
275,1489,68.7,6870
1489,275,31.3,3130
275,4925,76.2,7623
4925,275,23.8,2377
275,213,70.7,7065
213,275,29.3,2935
275,4798,72.9,7293
4798,275,27.1,2707
275,4548,65.3,6533
4548,275,34.7,3467
275,237,74.0,7399
237,275,26.0,2601
275,1166,63.8,6378
1166,275,36.2,3622
275,936,80.4,8038
936,275,19.6,1962
275,229,61.0,6100
229,275,39.0,3900
275,3694,56.7,5670
3694,275,43.3,4330
275,946,51.7,5170
946,275,48.3,4830
275,4520,65.4,6543
4520,275,34.6,3457
275,203,85.4,8536
203,275,14.6,1464
275,4892,72.3,7230
4892,275,27.7,2770
275,1013,80.7,8073
1013,275,19.3,1927
275,221,48.9,4889
221,275,51.1,5111
275,247,69.8,6980
247,275,30.2,3020
275,4924,88.0,8797
4924,275,12.0,1203
275,201,62.6,6262
201,275,37.4,3738
275,4509,71.9,7193
4509,275,28.1,2807
275,4757,77.7,7767
4757,275,22.3,2233
275,4521,68.1,6807
4521,275,31.9,3193
275,4920,80.7,8068
4920,275,19.3,1932
275,1493,83.7,8372
1493,275,16.3,1628
275,4544,80.3,8034
4544,275,19.7,1966
275,4259,61.5,6151
4259,275,38.5,3849
275,4535,75.1,7509
4535,275,24.9,2491
275,277,85.0,8498
277,275,15.0,1502
275,972,55.5,5547
972,275,44.5,4453
275,4504,77.6,7759
4504,275,22.4,2241
275,4529,85.5,8554
4529,275,14.5,1446
275,198,53.4,5337
198,275,46.6,4663
275,4489,69.2,6923
4489,275,30.8,3077
275,4246,55.1,5507
4246,275,44.9,4493
275,4910,64.6,6460
4910,275,35.4,3540
275,1485,82.8,8278
1485,275,17.2,1722
275,4922,80.9,8088
4922,275,19.1,1912
275,4423,74.3,7426
4423,275,25.7,2574
275,4517,75.9,7589
4517,275,24.1,2411
275,4426,76.3,7629
4426,275,23.7,2371
275,4527,73.6,7358
4527,275,26.4,2642
275,961,56.7,5671
961,275,43.3,4329
275,227,70.5,7052
227,275,29.5,2948
275,4908,75.5,7551
4908,275,24.5,2449
275,1169,48.0,4800
1169,275,52.0,5200
275,4422,84.9,8492
4422,275,15.1,1508
275,251,64.9,6493
251,275,35.1,3507
275,4921,77.1,7711
4921,275,22.9,2289
275,1183,71.1,7106
1183,275,28.9,2894
275,4424,80.4,8041
4424,275,19.6,1959
275,996,83.9,8388
996,275,16.1,1612
275,4545,93.0,9298
4545,275,7.0,702
275,4257,69.2,6924
4257,275,30.8,3076
275,4254,67.3,6726
4254,275,32.7,3274
275,3709,44.8,4481
3709,275,55.2,5519
275,4917,79.7,7973
4917,275,20.3,2027
275,4519,82.3,8233
4519,275,17.7,1767
275,4431,69.8,6984
4431,275,30.2,3016
275,4518,78.3,7834
4518,275,21.7,2166
275,4915,87.1,8708
4915,275,12.9,1292
275,289,48.1,4812
289,275,51.9,5188
275,2521,76.3,7629
2521,275,23.7,2371
275,4530,63.5,6346
4530,275,36.5,3654
275,1136,80.0,7996
1136,275,20.0,2004
275,297,61.5,6154
297,275,38.5,3846
275,4913,65.9,6586
4913,275,34.1,3414
275,4607,50.6,5064
4607,275,49.4,4936
275,1044,49.4,4943
1044,275,50.6,5057
275,2799,69.5,6955
2799,275,30.4,3045
275,179,44.4,4435
179,275,55.6,5565
275,1075,63.1,6313
1075,275,36.9,3687
275,4538,87.0,8701
4538,275,13.0,1299
275,4258,66.6,6660
4258,275,33.4,3340
275,4906,71.4,7142
4906,275,28.6,2858
275,1019,69.9,6994
1019,275,30.1,3006
275,4597,70.7,7074
4597,275,29.3,2926
275,217,41.1,4108
217,275,58.9,5892
275,261,67.8,6776
261,275,32.2,3224
275,1520,57.5,5745
1520,275,42.5,4255
275,1292,75.1,7506
1292,275,24.9,2494
275,269,71.0,7096
269,275,29.0,2904
275,1148,77.2,7719
1148,275,22.8,2281
275,223,69.3,6926
223,275,30.7,3074
275,1072,69.2,6919
1072,275,30.8,3081
275,4728,63.7,6371
4728,275,36.3,3629
275,1037,63.9,6395
1037,275,36.0,3605
275,4363,70.6,7056
4363,275,29.4,2944
275,4916,71.9,7188
4916,275,28.1,2812
275,1690,62.8,6280
1690,275,37.2,3720
275,4909,73.3,7334
4909,275,26.7,2666
275,285,60.6,6064
285,275,39.4,3936
275,211,71.6,7161
211,275,28.4,2839
275,1719,61.3,6134
1719,275,38.7,3866
275,4546,82.9,8290
4546,275,17.1,1710
275,2043,69.8,6977
2043,275,30.2,3023
275,4541,94.8,9481
4541,275,5.2,519
275,4603,62.5,6249
4603,275,37.5,3751
275,4914,85.9,8592
4914,275,14.1,1408
275,2037,73.0,7299
2037,275,27.0,2701
275,194,45.7,4573
194,275,54.3,5427
275,3712,66.1,6607
3712,275,33.9,3393
275,1722,66.9,6691
1722,275,33.1,3309
275,77,65.7,6568
77,275,34.3,3432
275,1687,71.5,7153
1687,275,28.5,2847
275,4256,68.5,6854
4256,275,31.5,3146
275,4528,77.3,7733
4528,275,22.7,2267
275,4923,77.8,7775
4923,275,22.2,2225
275,942,68.5,6852
942,275,31.5,3148
275,1016,82.2,8216
1016,275,17.8,1784
275,253,61.4,6138
253,275,38.6,3862
275,1693,38.8,3884
1693,275,61.2,6116
275,1728,57.0,5703
1728,275,43.0,4297
275,1535,61.5,6152
1535,275,38.5,3848
275,4522,89.6,8957
4522,275,10.4,1043
275,287,62.4,6235
287,275,37.6,3765
275,1172,66.6,6665
1172,275,33.4,3335
275,4912,86.3,8627
4912,275,13.7,1373
275,1696,26.0,2598
1696,275,74.0,7402
275,283,74.0,7401
283,275,26.0,2599
275,1563,54.6,5460
1563,275,45.4,4540
275,4531,72.0,7197
4531,275,28.0,2803
275,245,51.5,5146
245,275,48.5,4854
275,4800,66.5,6647
4800,275,33.5,3353
275,241,65.8,6580
241,275,34.2,3420
275,1084,62.7,6274
1084,275,37.3,3726
275,2046,72.7,7267
2046,275,27.3,2733
275,1557,80.5,8053
1557,275,19.5,1947
275,1041,57.4,5742
1041,275,42.6,4258
275,4255,66.2,6625
4255,275,33.8,3375
275,1684,47.6,4762
1684,275,52.4,5238
275,4864,44.2,4423
4864,275,55.8,5577
275,1487,56.1,5613
1487,275,43.9,4387
275,239,52.4,5245
239,275,47.5,4755
275,196,35.6,3565
196,275,64.3,6435
275,279,50.5,5051
279,275,49.5,4949
275,4919,82.5,8249
4919,275,17.5,1751
275,4524,80.8,8081
4524,275,19.2,1919
275,4788,64.1,6409
4788,275,35.9,3591
281,4918,72.6,7264
4918,281,27.4,2736
281,4532,79.4,7943
4532,281,20.6,2057
281,4536,64.0,6399
4536,281,36.0,3601
281,1307,49.5,4951
1307,281,50.5,5049
281,4515,67.5,6748
4515,281,32.5,3252
281,4516,33.2,3320
4516,281,66.8,6680
281,267,53.9,5394
267,281,46.1,4606
281,1163,45.7,4574
1163,281,54.3,5426
281,1096,53.1,5309
1096,281,46.9,4691
281,1124,58.4,5835
1124,281,41.6,4165
281,4542,70.3,7034
4542,281,29.7,2966
281,4907,58.8,5875
4907,281,41.2,4125
281,4911,68.6,6857
4911,281,31.4,3143
281,1489,59.1,5913
1489,281,40.9,4087
281,4925,66.6,6663
4925,281,33.4,3337
281,213,61.2,6115
213,281,38.9,3885
281,4798,63.1,6308
4798,281,36.9,3692
281,4548,55.9,5588
4548,281,44.1,4412
281,237,64.1,6407
237,281,35.9,3593
281,1166,54.5,5451
1166,281,45.5,4549
281,936,72.7,7267
936,281,27.3,2733
281,229,51.3,5127
229,281,48.7,4873
281,3694,46.1,4614
3694,281,53.9,5386
281,946,41.8,4180
946,281,58.2,5820
281,4520,57.0,5702
4520,281,43.0,4298
281,203,79.2,7918
203,281,20.8,2082
281,4892,63.3,6328
4892,281,36.7,3672
281,1013,73.2,7321
1013,281,26.8,2679
281,221,38.9,3893
221,281,61.1,6107
281,247,60.6,6061
247,281,39.4,3939
281,4924,81.8,8185
4924,281,18.1,1815
281,201,53.9,5387
201,281,46.1,4613
281,4509,63.6,6356
4509,281,36.4,3644
281,4757,70.5,7048
4757,281,29.5,2952
281,4521,59.1,5906
4521,281,40.9,4094
281,4920,72.4,7242
4920,281,27.6,2758
281,1493,77.0,7704
1493,281,23.0,2296
281,4544,73.3,7334
4544,281,26.7,2666
281,4259,51.4,5139
4259,281,48.6,4861
281,4535,66.9,6692
4535,281,33.1,3308
281,277,78.1,7809
277,281,21.9,2191
281,972,43.7,4370
972,281,56.3,5630
281,4504,69.2,6916
4504,281,30.8,3084
281,4529,78.9,7888
4529,281,21.1,2112
281,198,44.5,4446
198,281,55.5,5554
281,4489,59.5,5948
4489,281,40.5,4052
281,4246,46.1,4611
4246,281,53.9,5389
281,4910,55.0,5503
4910,281,45.0,4497
281,1485,77.0,7695
1485,281,23.1,2305
281,4922,73.5,7353
4922,281,26.5,2647
281,4423,65.3,6529
4423,281,34.7,3471
281,4517,67.7,6766
4517,281,32.3,3234
281,4426,67.7,6770
4426,281,32.3,3230
281,4527,64.5,6455
4527,281,35.4,3545
281,961,47.2,4721
961,281,52.8,5279
281,227,61.5,6154
227,281,38.5,3846
281,4908,67.2,6716
4908,281,32.8,3284
281,1169,38.7,3871
1169,281,61.3,6129
281,4422,78.0,7803
4422,281,22.0,2197
281,251,55.0,5504
251,281,45.0,4496
281,4921,68.4,6838
4921,281,31.6,3162
281,1183,61.7,6172
1183,281,38.3,3828
281,4424,73.1,7314
4424,281,26.9,2686
281,996,76.9,7692
996,281,23.1,2308
281,4545,89.5,8953
4545,281,10.5,1047
281,4257,60.4,6039
4257,281,39.6,3961
281,4254,57.1,5707
4254,281,42.9,4293
281,3709,34.9,3491
3709,281,65.1,6509
281,4917,71.4,7139
4917,281,28.6,2861
281,4519,73.9,7385
4519,281,26.2,2615
281,4431,60.2,6015
4431,281,39.9,3985
281,4518,71.4,7143
4518,281,28.6,2857
281,4915,81.7,8169
4915,281,18.3,1831
281,289,39.4,3943
289,281,60.6,6057
281,2521,69.0,6898
2521,281,31.0,3102
281,4530,52.5,5249
4530,281,47.5,4751
281,1136,71.3,7132
1136,281,28.7,2868
281,297,52.5,5252
297,281,47.5,4748
281,4913,56.6,5665
4913,281,43.4,4335
281,4607,40.4,4043
4607,281,59.6,5957
281,1044,38.6,3865
1044,281,61.4,6135
281,2799,59.6,5956
2799,281,40.4,4044
281,179,35.3,3530
179,281,64.7,6470
281,1075,53.0,5303
1075,281,47.0,4697
281,4538,81.1,8109
4538,281,18.9,1891
281,4258,57.4,5742
4258,281,42.6,4258
281,4906,63.0,6303
4906,281,37.0,3697
281,1019,60.5,6046
1019,281,39.5,3954
281,4597,60.8,6080
4597,281,39.2,3920
281,217,32.2,3216
217,281,67.8,6784
281,261,58.7,5866
261,281,41.3,4134
281,1520,47.8,4776
1520,281,52.2,5224
281,1292,66.6,6662
1292,281,33.4,3338
281,269,63.3,6332
269,281,36.7,3668
281,1148,68.1,6806
1148,281,31.9,3194
281,223,58.6,5862
223,281,41.4,4138
281,1072,60.1,6008
1072,281,39.9,3992
281,4728,51.5,5153
4728,281,48.5,4847
281,1037,54.7,5472
1037,281,45.3,4528
281,4363,61.2,6117
4363,281,38.8,3883
281,4916,62.5,6255
4916,281,37.5,3745
281,1690,52.8,5275
1690,281,47.2,4725
281,4909,63.4,6336
4909,281,36.6,3664
281,285,50.9,5087
285,281,49.1,4913
281,211,61.0,6100
211,281,39.0,3900
281,1719,51.1,5114
1719,281,48.9,4886
281,4546,75.1,7507
4546,281,24.9,2493
281,2043,61.9,6188
2043,281,38.1,3812
281,4541,91.6,9163
4541,281,8.4,837
281,4603,54.4,5438
4603,281,45.6,4562
281,4914,78.7,7871
4914,281,21.3,2129
281,2037,64.0,6396
2037,281,36.0,3604
281,194,36.6,3657
194,281,63.4,6343
281,3712,56.3,5627
3712,281,43.7,4373
281,1722,57.6,5756
1722,281,42.4,4244
281,77,55.5,5553
77,281,44.5,4447
281,1687,62.4,6242
1687,281,37.6,3758
281,4256,58.2,5825
4256,281,41.8,4175
281,4528,68.5,6849
4528,281,31.5,3151
281,4923,70.2,7017
4923,281,29.8,2983
281,942,59.3,5933
942,281,40.7,4067
281,1016,74.0,7399
1016,281,26.0,2601
281,253,51.4,5139
253,281,48.6,4861
281,1693,29.4,2943
1693,281,70.6,7057
281,1728,48.0,4799
1728,281,52.0,5201
281,1535,51.1,5109
1535,281,48.9,4891
281,4522,84.2,8415
4522,281,15.8,1585
281,287,52.9,5293
287,281,47.1,4707
281,1172,57.2,5723
1172,281,42.8,4277
281,4912,80.5,8052
4912,281,19.5,1948
281,1696,18.5,1849
1696,281,81.5,8151
281,283,65.4,6541
283,281,34.6,3459
281,1563,45.4,4536
1563,281,54.6,5464
281,4531,63.0,6297
4531,281,37.0,3703
281,245,41.6,4165
245,281,58.4,5835
281,4800,57.7,5772
4800,281,42.3,4228
281,241,56.2,5622
241,281,43.8,4378
281,1084,51.7,5173
1084,281,48.3,4827
281,2046,64.0,6399
2046,281,36.0,3601
281,1557,73.3,7334
1557,281,26.7,2666
281,1041,47.4,4742
1041,281,52.6,5258
281,4255,55.9,5589
4255,281,44.1,4411
281,1684,38.7,3873
1684,281,61.3,6127
281,4864,34.5,3450
4864,281,65.5,6550
281,1487,45.4,4537
1487,281,54.6,5463
281,239,41.9,4191
239,281,58.1,5809
281,196,27.7,2771
196,281,72.3,7229
281,279,40.3,4030
279,281,59.7,5970
281,4919,75.2,7516
4919,281,24.8,2484
281,4524,73.2,7322
4524,281,26.8,2678
281,4788,54.2,5416
4788,281,45.8,4584
4918,4532,60.2,6019
4532,4918,39.8,3981
4918,4536,42.2,4222
4536,4918,57.8,5778
4918,1307,26.3,2632
1307,4918,73.7,7368
4918,4515,45.9,4589
4515,4918,54.1,5411
4918,4516,15.8,1582
4516,4918,84.2,8418
4918,267,32.2,3222
267,4918,67.8,6778
4918,1163,24.7,2470
1163,4918,75.3,7530
4918,1096,31.5,3153
1096,4918,68.5,6847
4918,1124,35.3,3533
1124,4918,64.7,6467
4918,4542,48.9,4891
4542,4918,51.1,5109
4918,4907,35.9,3595
4907,4918,64.0,6405
4918,4911,46.6,4658
4911,4918,53.4,5342
4918,1489,36.4,3641
1489,4918,63.6,6359
4918,4925,45.6,4557
4925,4918,54.4,5443
4918,213,38.7,3867
213,4918,61.3,6133
4918,4798,41.5,4147
4798,4918,58.5,5853
4918,4548,31.7,3174
4548,4918,68.3,6826
4918,237,41.7,4174
237,4918,58.3,5826
4918,1166,33.1,3311
1166,4918,66.9,6689
4918,936,51.4,5136
936,4918,48.6,4864
4918,229,29.5,2948
229,4918,70.5,7052
4918,3694,24.7,2466
3694,4918,75.3,7534
4918,946,20.9,2091
946,4918,79.1,7909
4918,4520,33.6,3361
4520,4918,66.4,6639
4918,203,58.2,5824
203,4918,41.8,4176
4918,4892,40.9,4087
4892,4918,59.1,5913
4918,1013,50.5,5050
1013,4918,49.5,4950
4918,221,19.7,1974
221,4918,80.3,8026
4918,247,36.6,3662
247,4918,63.4,6338
4918,4924,62.6,6258
4924,4918,37.4,3742
4918,201,30.7,3072
201,4918,69.3,6928
4918,4509,40.2,4018
4509,4918,59.8,5982
4918,4757,47.8,4778
4757,4918,52.2,5222
4918,4521,36.1,3614
4521,4918,63.9,6386
4918,4920,50.9,5087
4920,4918,49.1,4913
4918,1493,56.0,5602
1493,4918,44.0,4398
4918,4544,51.2,5117
4544,4918,48.8,4883
4918,4259,28.9,2889
4259,4918,71.1,7111
4918,4535,43.9,4388
4535,4918,56.1,5612
4918,277,57.2,5724
277,4918,42.8,4276
4918,972,24.7,2471
972,4918,75.3,7529
4918,4504,46.8,4680
4504,4918,53.2,5320
4918,4529,57.6,5762
4529,4918,42.4,4238
4918,198,23.2,2322
198,4918,76.8,7678
4918,4489,36.9,3690
4489,4918,63.1,6310
4918,4246,24.3,2433
4246,4918,75.7,7567
4918,4910,32.8,3284
4910,4918,67.2,6716
4918,1485,55.9,5585
1485,4918,44.1,4415
4918,4922,51.6,5165
4922,4918,48.4,4835
4918,4423,42.2,4218
4423,4918,57.8,5782
4918,4517,46.1,4610
4517,4918,53.9,5390
4918,4426,45.3,4533
4426,4918,54.7,5467
4918,4527,41.6,4163
4527,4918,58.4,5837
4918,961,25.6,2559
961,4918,74.4,7441
4918,227,38.1,3808
227,4918,61.9,6192
4918,4908,44.3,4426
4908,4918,55.7,5574
4918,1169,19.1,1908
1169,4918,80.9,8092
4918,4422,58.2,5819
4422,4918,41.8,4181
4918,251,32.7,3266
251,4918,67.3,6734
4918,4921,46.7,4673
4921,4918,53.3,5327
4918,1183,37.4,3735
1183,4918,62.6,6265
4918,4424,51.5,5153
4424,4918,48.5,4847
4918,996,56.3,5628
996,4918,43.7,4372
4918,4545,73.9,7386
4545,4918,26.1,2614
4918,4257,36.7,3673
4257,4918,63.3,6327
4918,4254,34.3,3434
4254,4918,65.7,6566
4918,3709,16.5,1647
3709,4918,83.5,8353
4918,4917,50.4,5038
4917,4918,49.6,4962
4918,4519,52.5,5249
4519,4918,47.5,4751
4918,4431,38.3,3828
4431,4918,61.7,6172
4918,4518,49.6,4963
4518,4918,50.4,5037
4918,4915,62.9,6292
4915,4918,37.1,3708
4918,289,19.1,1914
289,4918,80.9,8086
4918,2521,46.5,4654
2521,4918,53.5,5346
4918,4530,30.6,3061
4530,4918,69.4,6939
4918,1136,51.7,5173
1136,4918,48.3,4827
4918,297,30.0,3000
297,4918,70.0,7000
4918,4913,34.9,3489
4913,4918,65.1,6511
4918,4607,21.4,2144
4607,4918,78.6,7856
4918,1044,19.2,1920
1044,4918,80.8,8080
4918,2799,36.9,3694
2799,4918,63.1,6306
4918,179,16.6,1656
179,4918,83.4,8344
4918,1075,30.6,3063
1075,4918,69.4,6937
4918,4538,62.3,6234
4538,4918,37.7,3766
4918,4258,35.5,3549
4258,4918,64.5,6451
4918,4906,39.2,3920
4906,4918,60.8,6080
4918,1019,36.6,3659
1019,4918,63.4,6341
4918,4597,38.5,3848
4597,4918,61.5,6152
4918,217,14.4,1441
217,4918,85.6,8559
4918,261,35.5,3547
261,4918,64.5,6453
4918,1520,26.2,2621
1520,4918,73.8,7379
4918,1292,44.4,4442
1292,4918,55.6,5558
4918,269,41.3,4135
269,4918,58.7,5865
4918,1148,45.3,4534
1148,4918,54.7,5466
4918,223,37.2,3725
223,4918,62.7,6275
4918,1072,37.4,3737
1072,4918,62.6,6263
4918,4728,30.5,3053
4728,4918,69.5,6947
4918,1037,32.2,3216
1037,4918,67.8,6784
4918,4363,39.2,3919
4363,4918,60.8,6081
4918,4916,39.2,3923
4916,4918,60.8,6077
4918,1690,30.7,3072
1690,4918,69.3,6928
4918,4909,41.0,4096
4909,4918,59.0,5904
4918,285,29.5,2947
285,4918,70.5,7053
4918,211,39.3,3929
211,4918,60.7,6071
4918,1719,29.8,2982
1719,4918,70.2,7018
4918,4546,54.3,5426
4546,4918,45.7,4574
4918,2043,39.0,3904
2043,4918,61.0,6096
4918,4541,78.0,7802
4541,4918,22.0,2198
4918,4603,31.3,3133
4603,4918,68.7,6867
4918,4914,59.0,5897
4914,4918,41.0,4103
4918,2037,41.3,4135
2037,4918,58.7,5865
4918,194,18.1,1805
194,4918,82.0,8195
4918,3712,34.1,3413
3712,4918,65.9,6587
4918,1722,34.2,3422
1722,4918,65.8,6578
4918,77,34.0,3396
77,4918,66.0,6604
4918,1687,39.0,3903
1687,4918,61.0,6097
4918,4256,36.6,3665
4256,4918,63.3,6335
4918,4528,46.2,4622
4528,4918,53.8,5378
4918,4923,47.6,4763
4923,4918,52.4,5237
4918,942,36.2,3622
942,4918,63.8,6378
4918,1016,53.8,5379
1016,4918,46.2,4621
4918,253,29.7,2966
253,4918,70.3,7034
4918,1693,13.1,1307
1693,4918,86.9,8693
4918,1728,26.4,2644
1728,4918,73.6,7356
4918,1535,29.5,2953
1535,4918,70.5,7047
4918,4522,66.9,6694
4522,4918,33.1,3306
4918,287,30.5,3046
287,4918,69.5,6954
4918,1172,34.3,3433
1172,4918,65.7,6567
4918,4912,60.5,6047
4912,4918,39.5,3953
4918,1696,7.0,702
1696,4918,93.0,9298
4918,283,42.6,4257
283,4918,57.4,5743
4918,1563,23.9,2391
1563,4918,76.1,7609
4918,4531,40.0,3999
4531,4918,60.0,6001
4918,245,21.3,2132
245,4918,78.7,7868
4918,4800,34.8,3480
4800,4918,65.2,6520
4918,241,32.9,3294
241,4918,67.1,6706
4918,1084,30.7,3071
1084,4918,69.3,6929
4918,2046,41.1,4113
2046,4918,58.9,5887
4918,1557,51.6,5160
1557,4918,48.4,4840
4918,1041,26.4,2638
1041,4918,73.6,7362
4918,4255,33.6,3360
4255,4918,66.4,6640
4918,1684,19.1,1913
1684,4918,80.9,8087
4918,4864,16.1,1609
4864,4918,83.9,8391
4918,1487,25.1,2510
1487,4918,74.9,7490
4918,239,21.9,2191
239,4918,78.1,7809
4918,196,11.3,1131
196,4918,88.7,8869
4918,279,21.5,2147
279,4918,78.5,7853
4918,4919,54.2,5423
4919,4918,45.8,4577
4918,4524,52.8,5280
4524,4918,47.2,4720
4918,4788,33.0,3300
4788,4918,67.0,6700
4532,4536,32.5,3248
4536,4532,67.5,6752
4532,1307,19.5,1954
1307,4532,80.5,8046
4532,4515,35.3,3534
4515,4532,64.7,6466
4532,4516,9.8,985
4516,4532,90.1,9015
4532,267,23.9,2392
267,4532,76.1,7608
4532,1163,18.0,1798
1163,4532,82.0,8202
4532,1096,21.8,2181
1096,4532,78.2,7819
4532,1124,26.6,2660
1124,4532,73.4,7340
4532,4542,39.8,3984
4542,4532,60.2,6016
4532,4907,25.9,2593
4907,4532,74.1,7407
4532,4911,36.3,3631
4911,4532,63.7,6369
4532,1489,27.1,2709
1489,4532,72.9,7291
4532,4925,35.9,3585
4925,4532,64.1,6415
4532,213,29.4,2936
213,4532,70.6,7064
4532,4798,31.5,3153
4798,4532,68.5,6847
4532,4548,24.5,2447
4548,4532,75.5,7553
4532,237,31.7,3171
237,4532,68.3,6829
4532,1166,24.3,2434
1166,4532,75.7,7566
4532,936,40.8,4077
936,4532,59.2,5923
4532,229,21.6,2155
229,4532,78.5,7845
4532,3694,17.6,1762
3694,4532,82.4,8238
4532,946,14.7,1468
946,4532,85.3,8532
4532,4520,24.7,2466
4520,4532,75.3,7534
4532,203,48.4,4843
203,4532,51.6,5157
4532,4892,30.7,3066
4892,4532,69.3,6934
4532,1013,41.2,4117
1013,4532,58.8,5883
4532,221,13.5,1354
221,4532,86.5,8646
4532,247,28.6,2865
247,4532,71.4,7135
4532,4924,52.9,5288
4924,4532,47.1,4712
4532,201,22.5,2254
201,4532,77.5,7746
4532,4509,31.7,3166
4509,4532,68.3,6834
4532,4757,37.5,3749
4757,4532,62.5,6251
4532,4521,27.1,2710
4521,4532,72.9,7290
4532,4920,41.6,4157
4920,4532,58.4,5843
4532,1493,45.6,4558
1493,4532,54.4,5442
4532,4544,41.0,4099
4544,4532,59.0,5901
4532,4259,20.5,2055
4259,4532,79.5,7945
4532,4535,35.2,3525
4535,4532,64.8,6475
4532,277,46.4,4643
277,4532,53.6,5357
4532,972,17.0,1702
972,4532,83.0,8298
4532,4504,37.8,3781
4504,4532,62.2,6219
4532,4529,48.7,4874
4529,4532,51.3,5126
4532,198,16.4,1643
198,4532,83.6,8357
4532,4489,27.9,2793
4489,4532,72.1,7207
4532,4246,16.7,1670
4246,4532,83.3,8330
4532,4910,23.8,2379
4910,4532,76.2,7621
4532,1485,45.7,4574
1485,4532,54.3,5426
4532,4922,42.0,4204
4922,4532,58.0,5796
4532,4423,32.4,3244
4423,4532,67.6,6756
4532,4517,36.2,3623
4517,4532,63.8,6377
4532,4426,36.4,3637
4426,4532,63.6,6363
4532,4527,32.6,3259
4527,4532,67.4,6741
4532,961,18.8,1875
961,4532,81.2,8125
4532,227,29.2,2920
227,4532,70.8,7080
4532,4908,35.4,3540
4908,4532,64.6,6460
4532,1169,13.2,1315
1169,4532,86.9,8685
4532,4422,47.4,4740
4422,4532,52.6,5260
4532,251,24.0,2397
251,4532,76.0,7603
4532,4921,35.9,3590
4921,4532,64.1,6410
4532,1183,29.2,2923
1183,4532,70.8,7077
4532,4424,42.0,4201
4424,4532,58.0,5799
4532,996,46.3,4627
996,4532,53.7,5373
4532,4545,65.3,6533
4545,4532,34.7,3467
4532,4257,27.6,2763
4257,4532,72.4,7237
4532,4254,26.3,2630
4254,4532,73.7,7370
4532,3709,11.4,1141
3709,4532,88.6,8859
4532,4917,39.5,3950
4917,4532,60.5,6050
4532,4519,41.9,4194
4519,4532,58.1,5806
4532,4431,28.2,2819
4431,4532,71.8,7181
4532,4518,39.1,3914
4518,4532,60.9,6086
4532,4915,53.0,5296
4915,4532,47.0,4704
4532,289,13.3,1326
289,4532,86.7,8674
4532,2521,35.5,3547
2521,4532,64.5,6453
4532,4530,22.4,2239
4530,4532,77.6,7761
4532,1136,39.1,3915
1136,4532,60.9,6085
4532,297,21.2,2122
297,4532,78.8,7878
4532,4913,26.2,2620
4913,4532,73.8,7380
4532,4607,14.6,1464
4607,4532,85.4,8536
4532,1044,12.9,1293
1044,4532,87.1,8707
4532,2799,28.3,2832
2799,4532,71.7,7168
4532,179,11.1,1111
179,4532,88.9,8889
4532,1075,22.0,2201
1075,4532,78.0,7799
4532,4538,51.4,5142
4538,4532,48.6,4858
4532,4258,26.4,2640
4258,4532,73.6,7360
4532,4906,30.9,3094
4906,4532,69.1,6906
4532,1019,27.6,2761
1019,4532,72.4,7239
4532,4597,30.8,3079
4597,4532,69.2,6921
4532,217,10.2,1019
217,4532,89.8,8981
4532,261,26.7,2668
261,4532,73.3,7332
4532,1520,18.6,1864
1520,4532,81.4,8136
4532,1292,34.8,3479
1292,4532,65.2,6521
4532,269,30.7,3068
269,4532,69.3,6932
4532,1148,35.4,3545
1148,4532,64.5,6455
4532,223,28.1,2805
223,4532,72.0,7195
4532,1072,28.2,2825
1072,4532,71.8,7175
4532,4728,22.2,2225
4728,4532,77.8,7775
4532,1037,23.6,2364
1037,4532,76.4,7636
4532,4363,29.8,2978
4363,4532,70.2,7022
4532,4916,30.7,3072
4916,4532,69.3,6928
4532,1690,22.8,2280
1690,4532,77.2,7720
4532,4909,32.6,3259
4909,4532,67.4,6741
4532,285,21.9,2189
285,4532,78.1,7811
4532,211,29.1,2906
211,4532,70.9,7094
4532,1719,21.6,2158
1719,4532,78.4,7842
4532,4546,44.2,4425
4546,4532,55.8,5575
4532,2043,29.2,2918
2043,4532,70.8,7082
4532,4541,69.9,6993
4541,4532,30.1,3007
4532,4603,22.7,2274
4603,4532,77.3,7726
4532,4914,49.8,4983
4914,4532,50.2,5017
4532,2037,31.7,3167
2037,4532,68.3,6833
4532,194,11.7,1168
194,4532,88.3,8832
4532,3712,24.6,2463
3712,4532,75.4,7537
4532,1722,25.8,2584
1722,4532,74.2,7416
4532,77,25.3,2533
77,4532,74.7,7467
4532,1687,29.4,2943
1687,4532,70.6,7057
4532,4256,27.7,2773
4256,4532,72.3,7227
4532,4528,37.2,3717
4528,4532,62.8,6283
4532,4923,37.7,3774
4923,4532,62.3,6226
4532,942,27.1,2709
942,4532,72.9,7291
4532,1016,44.0,4400
1016,4532,56.0,5600
4532,253,21.2,2117
253,4532,78.8,7883
4532,1693,8.6,862
1693,4532,91.4,9138
4532,1728,18.6,1858
1728,4532,81.4,8142
4532,1535,21.3,2127
1535,4532,78.7,7873
4532,4522,57.2,5725
4522,4532,42.8,4275
4532,287,22.1,2206
287,4532,77.9,7794
4532,1172,25.4,2541
1172,4532,74.6,7459
4532,4912,51.2,5123
4912,4532,48.8,4877
4532,1696,3.9,392
1696,4532,96.1,9608
4532,283,32.5,3250
283,4532,67.5,6750
4532,1563,17.0,1696
1563,4532,83.0,8304
4532,4531,31.4,3144
4531,4532,68.6,6856
4532,245,14.8,1477
245,4532,85.2,8523
4532,4800,25.6,2555
4800,4532,74.5,7445
4532,241,24.8,2482
241,4532,75.2,7518
4532,1084,22.5,2247
1084,4532,77.5,7753
4532,2046,30.3,3027
2046,4532,69.7,6973
4532,1557,42.1,4215
1557,4532,57.9,5785
4532,1041,18.2,1819
1041,4532,81.8,8181
4532,4255,25.3,2534
4255,4532,74.7,7466
4532,1684,12.9,1286
1684,4532,87.1,8714
4532,4864,10.7,1066
4864,4532,89.3,8934
4532,1487,17.6,1760
1487,4532,82.4,8240
4532,239,15.9,1588
239,4532,84.1,8412
4532,196,7.8,782
196,4532,92.2,9218
4532,279,13.4,1335
279,4532,86.7,8665
4532,4919,45.1,4510
4919,4532,54.9,5490
4532,4524,42.9,4285
4524,4532,57.1,5715
4532,4788,23.3,2326
4788,4532,76.7,7674
4536,1307,33.9,3394
1307,4536,66.1,6606
4536,4515,54.0,5396
4515,4536,46.0,4604
4536,4516,21.0,2102
4516,4536,79.0,7898
4536,267,39.8,3984
267,4536,60.2,6016
4536,1163,31.8,3178
1163,4536,68.2,6822
4536,1096,38.2,3819
1096,4536,61.8,6181
4536,1124,42.9,4294
1124,4536,57.1,5706
4536,4542,56.8,5682
4542,4536,43.2,4318
4536,4907,43.8,4381
4907,4536,56.2,5619
4536,4911,54.7,5471
4911,4536,45.3,4529
4536,1489,44.6,4460
1489,4536,55.4,5540
4536,4925,53.2,5325
4925,4536,46.8,4675
4536,213,47.7,4771
213,4536,52.3,5229
4536,4798,49.4,4935
4798,4536,50.6,5065
4536,4548,40.3,4030
4548,4536,59.7,5970
4536,237,50.2,5020
237,4536,49.8,4980
4536,1166,39.4,3937
1166,4536,60.6,6063
4536,936,59.3,5929
936,4536,40.7,4071
4536,229,37.5,3749
229,4536,62.5,6251
4536,3694,31.0,3098
3694,4536,69.0,6902
4536,946,27.7,2768
946,4536,72.3,7232
4536,4520,41.3,4128
4520,4536,58.7,5872
4536,203,66.7,6668
203,4536,33.3,3332
4536,4892,48.7,4868
4892,4536,51.3,5132
4536,1013,59.7,5974
1013,4536,40.3,4026
4536,221,26.2,2617
221,4536,73.8,7383
4536,247,45.5,4545
247,4536,54.5,5455
4536,4924,71.2,7121
4924,4536,28.8,2879
4536,201,37.5,3746
201,4536,62.5,6254
4536,4509,49.2,4925
4509,4536,50.7,5075
4536,4757,55.3,5530
4757,4536,44.7,4470
4536,4521,44.4,4443
4521,4536,55.6,5557
4536,4920,59.1,5907
4920,4536,40.9,4093
4536,1493,64.5,6446
1493,4536,35.5,3554
4536,4544,58.5,5853
4544,4536,41.5,4147
4536,4259,36.3,3634
4259,4536,63.7,6366
4536,4535,53.2,5319
4535,4536,46.8,4681
4536,277,65.1,6506
277,4536,34.9,3494
4536,972,31.5,3152
972,4536,68.5,6848
4536,4504,54.8,5480
4504,4536,45.2,4520
4536,4529,65.6,6562
4529,4536,34.4,3438
4536,198,30.1,3011
198,4536,69.9,6989
4536,4489,45.2,4520
4489,4536,54.8,5480
4536,4246,30.6,3056
4246,4536,69.4,6944
4536,4910,40.2,4024
4910,4536,59.8,5976
4536,1485,64.0,6397
1485,4536,36.0,3603
4536,4922,60.9,6091
4922,4536,39.1,3909
4536,4423,51.7,5168
4423,4536,48.3,4832
4536,4517,52.8,5275
4517,4536,47.2,4725
4536,4426,53.6,5357
4426,4536,46.4,4643
4536,4527,49.8,4977
4527,4536,50.2,5023
4536,961,33.3,3332
961,4536,66.7,6668
4536,227,46.2,4625
227,4536,53.8,5375
4536,4908,53.4,5338
4908,4536,46.6,4662
4536,1169,25.2,2523
1169,4536,74.8,7477
4536,4422,65.9,6589
4422,4536,34.1,3411
4536,251,41.1,4113
251,4536,58.9,5887
4536,4921,54.3,5434
4921,4536,45.7,4566
4536,1183,47.0,4696
1183,4536,53.0,5304
4536,4424,60.7,6065
4424,4536,39.4,3935
4536,996,63.5,6355
996,4536,36.4,3645
4536,4545,80.6,8062
4545,4536,19.4,1938
4536,4257,45.7,4573
4257,4536,54.3,5427
4536,4254,42.4,4238
4254,4536,57.6,5762
4536,3709,22.1,2210
3709,4536,77.9,7790
4536,4917,58.5,5849
4917,4536,41.5,4151
4536,4519,61.5,6153
4519,4536,38.5,3847
4536,4431,45.7,4567
4431,4536,54.3,5433
4536,4518,58.1,5807
4518,4536,41.9,4193
4536,4915,69.8,6984
4915,4536,30.2,3016
4536,289,25.7,2568
289,4536,74.3,7432
4536,2521,54.9,5495
2521,4536,45.1,4505
4536,4530,38.7,3873
4530,4536,61.3,6127
4536,1136,59.2,5924
1136,4536,40.8,4076
4536,297,36.7,3673
297,4536,63.3,6327
4536,4913,42.2,4222
4913,4536,57.8,5778
4536,4607,26.7,2667
4607,4536,73.3,7333
4536,1044,25.3,2528
1044,4536,74.7,7472
4536,2799,45.7,4570
2799,4536,54.3,5430
4536,179,22.5,2249
179,4536,77.5,7751
4536,1075,37.7,3767
1075,4536,62.3,6233
4536,4538,68.6,6864
4538,4536,31.4,3136
4536,4258,42.8,4283
4258,4536,57.2,5717
4536,4906,47.6,4757
4906,4536,52.4,5243
4536,1019,45.0,4497
1019,4536,55.0,5503
4536,4597,46.2,4624
4597,4536,53.8,5376
4536,217,20.6,2065
217,4536,79.3,7935
4536,261,43.1,4309
261,4536,56.9,5691
4536,1520,33.1,3314
1520,4536,66.9,6686
4536,1292,53.5,5353
1292,4536,46.5,4647
4536,269,48.6,4863
269,4536,51.4,5137
4536,1148,53.2,5320
1148,4536,46.8,4680
4536,223,45.7,4572
223,4536,54.3,5428
4536,1072,45.4,4540
1072,4536,54.6,5460
4536,4728,37.6,3756
4728,4536,62.4,6244
4536,1037,39.9,3990
1037,4536,60.1,6010
4536,4363,46.5,4648
4363,4536,53.5,5352
4536,4916,48.0,4798
4916,4536,52.0,5202
4536,1690,37.2,3720
1690,4536,62.8,6280
4536,4909,49.9,4986
4909,4536,50.1,5014
4536,285,36.7,3667
285,4536,63.3,6333
4536,211,46.9,4694
211,4536,53.1,5306
4536,1719,37.0,3695
1719,4536,63.0,6305
4536,4546,62.3,6231
4546,4536,37.7,3769
4536,2043,46.0,4598
2043,4536,54.0,5402
4536,4541,84.1,8407
4541,4536,15.9,1593
4536,4603,38.5,3848
4603,4536,61.5,6152
4536,4914,66.1,6608
4914,4536,33.9,3392
4536,2037,49.6,4964
2037,4536,50.4,5036
4536,194,23.9,2387
194,4536,76.1,7613
4536,3712,42.0,4197
3712,4536,58.0,5803
4536,1722,42.1,4210
1722,4536,57.9,5790
4536,77,41.5,4148
77,4536,58.5,5852
4536,1687,47.8,4776
1687,4536,52.2,5224
4536,4256,44.9,4489
4256,4536,55.1,5511
4536,4528,54.8,5483
4528,4536,45.2,4517
4536,4923,55.8,5579
4923,4536,44.2,4421
4536,942,43.8,4375
942,4536,56.2,5625
4536,1016,61.2,6116
1016,4536,38.8,3884
4536,253,36.9,3691
253,4536,63.1,6309
4536,1693,17.0,1695
1693,4536,83.0,8305
4536,1728,33.7,3371
1728,4536,66.3,6629
4536,1535,36.7,3668
1535,4536,63.3,6332
4536,4522,73.8,7382
4522,4536,26.2,2618
4536,287,37.9,3786
287,4536,62.1,6214
4536,1172,42.4,4240
1172,4536,57.6,5760
4536,4912,67.6,6759
4912,4536,32.4,3241
4536,1696,10.9,1091
1696,4536,89.1,8909
4536,283,50.8,5078
283,4536,49.2,4922
4536,1563,30.4,3036
1563,4536,69.6,6964
4536,4531,47.8,4778
4531,4536,52.2,5222
4536,245,27.4,2742
245,4536,72.6,7258
4536,4800,43.3,4334
4800,4536,56.7,5666
4536,241,41.1,4106
241,4536,58.9,5894
4536,1084,38.0,3797
1084,4536,62.0,6203
4536,2046,48.8,4882
2046,4536,51.2,5118
4536,1557,59.5,5950
1557,4536,40.5,4050
4536,1041,32.2,3221
1041,4536,67.8,6779
4536,4255,40.9,4093
4255,4536,59.1,5907
4536,1684,25.2,2521
1684,4536,74.8,7479
4536,4864,21.7,2168
4864,4536,78.3,7832
4536,1487,31.9,3192
1487,4536,68.1,6808
4536,239,29.0,2901
239,4536,71.0,7099
4536,196,16.2,1620
196,4536,83.8,8380
4536,279,27.5,2753
279,4536,72.5,7247
4536,4919,62.8,6283
4919,4536,37.2,3717
4536,4524,60.5,6045
4524,4536,39.6,3955
4536,4788,40.3,4029
4788,4536,59.7,5971
1307,4515,68.8,6879
4515,1307,31.2,3121
1307,4516,34.4,3435
4516,1307,65.6,6565
1307,267,56.4,5635
267,1307,43.6,4365
1307,1163,48.2,4822
1163,1307,51.8,5178
1307,1096,55.7,5574
1096,1307,44.3,4426
1307,1124,59.1,5913
1124,1307,40.9,4087
1307,4542,72.4,7236
4542,1307,27.6,2764
1307,4907,60.4,6037
4907,1307,39.6,3963
1307,4911,69.9,6986
4911,1307,30.1,3014
1307,1489,60.8,6080
1489,1307,39.2,3920
1307,4925,68.9,6891
4925,1307,31.1,3109
1307,213,62.4,6242
213,1307,37.6,3758
1307,4798,65.6,6565
4798,1307,34.4,3435
1307,4548,57.0,5704
4548,1307,43.0,4296
1307,237,65.9,6586
237,1307,34.1,3414
1307,1166,56.7,5668
1166,1307,43.3,4332
1307,936,74.2,7415
936,1307,25.9,2585
1307,229,52.8,5276
229,1307,47.2,4724
1307,3694,47.1,4707
3694,1307,52.9,5293
1307,946,42.3,4233
946,1307,57.7,5767
1307,4520,57.3,5729
4520,1307,42.7,4271
1307,203,79.5,7949
203,1307,20.5,2051
1307,4892,64.5,6452
4892,1307,35.5,3548
1307,1013,74.3,7430
1013,1307,25.7,2570
1307,221,40.4,4037
221,1307,59.6,5963
1307,247,62.2,6220
247,1307,37.8,3780
1307,4924,83.1,8312
4924,1307,16.9,1688
1307,201,53.3,5329
201,1307,46.7,4671
1307,4509,63.7,6368
4509,1307,36.3,3632
1307,4757,71.6,7158
4757,1307,28.4,2842
1307,4521,60.5,6053
4521,1307,39.5,3947
1307,4920,74.6,7455
4920,1307,25.4,2545
1307,1493,78.0,7802
1493,1307,22.0,2198
1307,4544,73.8,7379
4544,1307,26.2,2621
1307,4259,52.7,5272
4259,1307,47.3,4728
1307,4535,68.4,6836
4535,1307,31.6,3164
1307,277,79.1,7908
277,1307,20.9,2092
1307,972,47.2,4719
972,1307,52.8,5281
1307,4504,70.9,7085
4504,1307,29.1,2915
1307,4529,80.5,8052
4529,1307,19.5,1948
1307,198,46.4,4639
198,1307,53.6,5361
1307,4489,61.6,6163
4489,1307,38.4,3837
1307,4246,46.8,4675
4246,1307,53.2,5325
1307,4910,56.6,5660
4910,1307,43.4,4340
1307,1485,78.1,7808
1485,1307,21.9,2192
1307,4922,74.9,7493
4922,1307,25.1,2507
1307,4423,66.8,6682
4423,1307,33.2,3318
1307,4517,68.5,6846
4517,1307,31.5,3154
1307,4426,68.5,6855
4426,1307,31.4,3145
1307,4527,65.6,6563
4527,1307,34.4,3437
1307,961,47.8,4783
961,1307,52.2,5217
1307,227,63.2,6324
227,1307,36.8,3676
1307,4908,69.2,6916
4908,1307,30.8,3084
1307,1169,40.4,4042
1169,1307,59.6,5958
1307,4422,79.1,7911
4422,1307,20.9,2089
1307,251,56.3,5628
251,1307,43.7,4372
1307,4921,69.0,6902
4921,1307,31.0,3098
1307,1183,62.7,6274
1183,1307,37.3,3726
1307,4424,74.2,7425
4424,1307,25.8,2575
1307,996,77.8,7777
996,1307,22.2,2223
1307,4545,89.8,8980
4545,1307,10.2,1020
1307,4257,60.8,6083
4257,1307,39.2,3917
1307,4254,58.7,5870
4254,1307,41.3,4130
1307,3709,36.5,3653
3709,1307,63.5,6347
1307,4917,72.6,7262
4917,1307,27.4,2738
1307,4519,75.0,7498
4519,1307,25.0,2502
1307,4431,62.5,6255
4431,1307,37.5,3745
1307,4518,72.2,7216
4518,1307,27.8,2784
1307,4915,82.1,8211
4915,1307,17.9,1789
1307,289,40.1,4011
289,1307,59.9,5989
1307,2521,69.0,6897
2521,1307,31.0,3103
1307,4530,55.3,5529
4530,1307,44.7,4471
1307,1136,73.6,7360
1136,1307,26.4,2640
1307,297,54.0,5396
297,1307,46.0,4604
1307,4913,58.1,5811
4913,1307,41.9,4189
1307,4607,41.7,4167
4607,1307,58.3,5833
1307,1044,40.1,4006
1044,1307,59.9,5994
1307,2799,61.1,6107
2799,1307,38.9,3893
1307,179,35.9,3592
179,1307,64.1,6408
1307,1075,54.0,5404
1075,1307,46.0,4596
1307,4538,82.6,8260
4538,1307,17.4,1740
1307,4258,59.9,5988
4258,1307,40.1,4012
1307,4906,63.4,6340
4906,1307,36.6,3660
1307,1019,61.5,6153
1019,1307,38.5,3847
1307,4597,63.4,6342
4597,1307,36.6,3658
1307,217,33.7,3365
217,1307,66.3,6635
1307,261,59.6,5959
261,1307,40.4,4041
1307,1520,48.3,4826
1520,1307,51.7,5174
1307,1292,68.0,6799
1292,1307,32.0,3201
1307,269,63.7,6372
269,1307,36.3,3628
1307,1148,68.7,6872
1148,1307,31.3,3128
1307,223,61.4,6135
223,1307,38.6,3865
1307,1072,60.7,6066
1072,1307,39.3,3934
1307,4728,54.3,5434
4728,1307,45.7,4566
1307,1037,55.3,5527
1037,1307,44.7,4473
1307,4363,62.8,6281
4363,1307,37.2,3719
1307,4916,64.1,6415
4916,1307,35.9,3585
1307,1690,53.8,5376
1690,1307,46.2,4624
1307,4909,65.6,6563
4909,1307,34.4,3437
1307,285,52.7,5272
285,1307,47.3,4728
1307,211,62.8,6280
211,1307,37.2,3720
1307,1719,52.6,5265
1719,1307,47.3,4735
1307,4546,76.9,7687
4546,1307,23.1,2313
1307,2043,62.3,6232
2043,1307,37.7,3768
1307,4541,91.6,9162
4541,1307,8.4,838
1307,4603,55.4,5539
4603,1307,44.6,4461
1307,4914,79.5,7954
4914,1307,20.5,2046
1307,2037,65.9,6590
2037,1307,34.1,3410
1307,194,38.2,3820
194,1307,61.8,6180
1307,3712,57.8,5784
3712,1307,42.2,4216
1307,1722,58.6,5863
1722,1307,41.4,4137
1307,77,57.1,5709
77,1307,42.9,4291
1307,1687,63.3,6334
1687,1307,36.7,3666
1307,4256,59.7,5972
4256,1307,40.3,4028
1307,4528,69.8,6981
4528,1307,30.2,3019
1307,4923,70.0,6999
4923,1307,30.0,3001
1307,942,60.1,6011
942,1307,39.9,3989
1307,1016,75.2,7518
1016,1307,24.8,2482
1307,253,53.2,5322
253,1307,46.8,4678
1307,1693,30.7,3067
1693,1307,69.3,6933
1307,1728,49.0,4896
1728,1307,51.0,5104
1307,1535,53.3,5327
1535,1307,46.7,4673
1307,4522,85.0,8503
4522,1307,15.0,1497
1307,287,54.0,5404
287,1307,46.0,4596
1307,1172,58.7,5868
1172,1307,41.3,4132
1307,4912,81.6,8160
4912,1307,18.4,1840
1307,1696,19.4,1944
1696,1307,80.6,8056
1307,283,67.1,6712
283,1307,32.9,3288
1307,1563,45.6,4561
1563,1307,54.4,5439
1307,4531,64.0,6400
4531,1307,36.0,3600
1307,245,42.6,4257
245,1307,57.4,5743
1307,4800,58.7,5873
4800,1307,41.3,4127
1307,241,56.5,5645
241,1307,43.5,4355
1307,1084,54.9,5495
1084,1307,45.1,4505
1307,2046,64.4,6440
2046,1307,35.6,3560
1307,1557,74.0,7400
1557,1307,26.0,2600
1307,1041,48.3,4834
1041,1307,51.7,5166
1307,4255,57.4,5740
4255,1307,42.6,4260
1307,1684,39.9,3994
1684,1307,60.1,6006
1307,4864,35.1,3511
4864,1307,64.9,6489
1307,1487,47.1,4710
1487,1307,52.9,5290
1307,239,43.2,4319
239,1307,56.8,5681
1307,196,28.6,2860
196,1307,71.4,7140
1307,279,41.8,4181
279,1307,58.2,5819
1307,4919,76.8,7678
4919,1307,23.2,2322
1307,4524,74.3,7428
4524,1307,25.7,2572
1307,4788,55.9,5591
4788,1307,44.1,4409
4515,4516,18.4,1837
4516,4515,81.6,8163
4515,267,36.0,3599
267,4515,64.0,6401
4515,1163,29.3,2932
1163,4515,70.7,7068
4515,1096,35.5,3549
1096,4515,64.5,6451
4515,1124,39.8,3978
1124,4515,60.2,6022
4515,4542,53.0,5297
4542,4515,47.0,4703
4515,4907,40.2,4021
4907,4515,59.8,5979
4515,4911,50.3,5027
4911,4515,49.7,4973
4515,1489,39.9,3987
1489,4515,60.1,6013
4515,4925,49.5,4952
4925,4515,50.5,5048
4515,213,44.1,4413
213,4515,55.9,5587
4515,4798,46.3,4627
4798,4515,53.7,5373
4515,4548,37.2,3719
4548,4515,62.8,6281
4515,237,47.6,4757
237,4515,52.4,5243
4515,1166,36.8,3679
1166,4515,63.2,6321
4515,936,55.4,5536
936,4515,44.6,4464
4515,229,33.5,3354
229,4515,66.5,6646
4515,3694,28.1,2809
3694,4515,71.9,7191
4515,946,25.1,2512
946,4515,74.9,7488
4515,4520,37.8,3779
4520,4515,62.2,6221
4515,203,63.3,6335
203,4515,36.6,3665
4515,4892,44.8,4481
4892,4515,55.2,5519
4515,1013,56.7,5672
1013,4515,43.3,4328
4515,221,23.0,2296
221,4515,77.0,7704
4515,247,41.6,4164
247,4515,58.4,5836
4515,4924,67.4,6742
4924,4515,32.6,3258
4515,201,35.3,3529
201,4515,64.7,6471
4515,4509,46.2,4624
4509,4515,53.8,5376
4515,4757,52.4,5238
4757,4515,47.6,4762
4515,4521,40.5,4049
4521,4515,59.5,5951
4515,4920,56.2,5618
4920,4515,43.8,4382
4515,1493,59.1,5910
1493,4515,40.9,4090
4515,4544,54.8,5478
4544,4515,45.2,4522
4515,4259,33.3,3330
4259,4515,66.7,6670
4515,4535,48.1,4815
4535,4515,51.8,5185
4515,277,62.2,6221
277,4515,37.8,3779
4515,972,27.5,2748
972,4515,72.5,7252
4515,4504,53.2,5320
4504,4515,46.8,4680
4515,4529,62.8,6284
4529,4515,37.2,3716
4515,198,28.4,2844
198,4515,71.6,7156
4515,4489,41.1,4115
4489,4515,58.9,5885
4515,4246,28.1,2805
4246,4515,72.0,7195
4515,4910,36.7,3673
4910,4515,63.3,6327
4515,1485,60.6,6055
1485,4515,39.5,3945
4515,4922,57.1,5715
4922,4515,42.9,4285
4515,4423,47.4,4743
4423,4515,52.6,5257
4515,4517,50.9,5091
4517,4515,49.1,4909
4515,4426,50.2,5020
4426,4515,49.8,4980
4515,4527,46.3,4632
4527,4515,53.7,5368
4515,961,29.5,2955
961,4515,70.5,7045
4515,227,42.2,4225
227,4515,57.8,5775
4515,4908,50.5,5053
4908,4515,49.5,4947
4515,1169,22.4,2236
1169,4515,77.6,7764
4515,4422,61.8,6175
4422,4515,38.2,3825
4515,251,37.0,3698
251,4515,63.0,6302
4515,4921,49.9,4987
4921,4515,50.1,5013
4515,1183,42.4,4245
1183,4515,57.6,5755
4515,4424,56.6,5656
4424,4515,43.4,4344
4515,996,61.1,6113
996,4515,38.9,3887
4515,4545,78.2,7822
4545,4515,21.8,2178
4515,4257,42.4,4243
4257,4515,57.6,5757
4515,4254,39.1,3915
4254,4515,60.9,6085
4515,3709,20.2,2017
3709,4515,79.8,7983
4515,4917,54.6,5460
4917,4515,45.4,4540
4515,4519,56.9,5688
4519,4515,43.1,4312
4515,4431,42.3,4228
4431,4515,57.7,5772
4515,4518,53.9,5391
4518,4515,46.1,4609
4515,4915,66.8,6682
4915,4515,33.2,3318
4515,289,22.4,2239
289,4515,77.6,7761
4515,2521,51.0,5098
2521,4515,49.0,4902
4515,4530,35.3,3529
4530,4515,64.7,6471
4515,1136,54.6,5462
1136,4515,45.4,4538
4515,297,34.4,3444
297,4515,65.6,6556
4515,4913,38.4,3838
4913,4515,61.6,6162
4515,4607,24.9,2489
4607,4515,75.1,7511
4515,1044,23.4,2336
1044,4515,76.6,7664
4515,2799,41.6,4158
2799,4515,58.4,5842
4515,179,19.7,1973
179,4515,80.3,8027
4515,1075,34.7,3471
1075,4515,65.3,6529
4515,4538,65.4,6542
4538,4515,34.6,3458
4515,4258,39.9,3991
4258,4515,60.1,6009
4515,4906,45.5,4546
4906,4515,54.5,5454
4515,1019,40.5,4048
1019,4515,59.5,5952
4515,4597,43.3,4328
4597,4515,56.7,5672
4515,217,17.9,1786
217,4515,82.1,8214
4515,261,40.0,3998
261,4515,60.0,6002
4515,1520,29.8,2979
1520,4515,70.2,7021
4515,1292,48.4,4843
1292,4515,51.6,5157
4515,269,45.5,4550
269,4515,54.5,5450
4515,1148,50.3,5029
1148,4515,49.7,4971
4515,223,42.7,4267
223,4515,57.3,5733
4515,1072,40.4,4039
1072,4515,59.6,5961
4515,4728,34.7,3469
4728,4515,65.3,6531
4515,1037,36.6,3658
1037,4515,63.4,6342
4515,4363,42.2,4216
4363,4515,57.8,5784
4515,4916,44.3,4430
4916,4515,55.7,5570
4515,1690,35.1,3514
1690,4515,64.9,6486
4515,4909,44.9,4492
4909,4515,55.1,5508
4515,285,33.0,3303
285,4515,67.0,6697
4515,211,44.3,4434
211,4515,55.7,5566
4515,1719,34.0,3397
1719,4515,66.0,6603
4515,4546,58.2,5822
4546,4515,41.8,4178
4515,2043,42.5,4253
2043,4515,57.5,5747
4515,4541,81.9,8189
4541,4515,18.1,1811
4515,4603,35.3,3529
4603,4515,64.7,6471
4515,4914,62.9,6290
4914,4515,37.1,3710
4515,2037,46.1,4611
2037,4515,53.9,5389
4515,194,22.1,2206
194,4515,77.9,7794
4515,3712,38.4,3835
3712,4515,61.7,6165
4515,1722,39.1,3911
1722,4515,60.9,6089
4515,77,37.5,3745
77,4515,62.5,6255
4515,1687,43.9,4388
1687,4515,56.1,5612
4515,4256,40.8,4076
4256,4515,59.2,5924
4515,4528,51.4,5137
4528,4515,48.6,4863
4515,4923,51.3,5130
4923,4515,48.7,4870
4515,942,40.4,4042
942,4515,59.6,5958
4515,1016,57.9,5788
1016,4515,42.1,4212
4515,253,33.8,3379
253,4515,66.2,6621
4515,1693,15.5,1548
1693,4515,84.5,8452
4515,1728,30.7,3069
1728,4515,69.3,6931
4515,1535,33.4,3343
1535,4515,66.6,6657
4515,4522,70.6,7058
4522,4515,29.4,2942
4515,287,34.2,3415
287,4515,65.8,6585
4515,1172,39.0,3904
1172,4515,61.0,6096
4515,4912,65.7,6566
4912,4515,34.3,3434
4515,1696,9.0,901
1696,4515,91.0,9099
4515,283,47.7,4771
283,4515,52.3,5229
4515,1563,26.6,2664
1563,4515,73.4,7336
4515,4531,44.6,4459
4531,4515,55.4,5541
4515,245,25.3,2527
245,4515,74.7,7473
4515,4800,38.5,3851
4800,4515,61.5,6149
4515,241,38.1,3814
241,4515,61.9,6186
4515,1084,34.8,3475
1084,4515,65.2,6525
4515,2046,46.0,4600
2046,4515,54.0,5400
4515,1557,55.6,5564
1557,4515,44.4,4436
4515,1041,29.6,2958
1041,4515,70.4,7042
4515,4255,36.7,3672
4255,4515,63.3,6328
4515,1684,22.8,2276
1684,4515,77.2,7724
4515,4864,19.5,1946
4864,4515,80.5,8054
4515,1487,28.0,2803
1487,4515,72.0,7197
4515,239,25.8,2580
239,4515,74.2,7420
4515,196,14.0,1402
196,4515,86.0,8598
4515,279,24.2,2420
279,4515,75.8,7580
4515,4919,58.1,5807
4919,4515,41.9,4193
4515,4524,56.8,5684
4524,4515,43.2,4316
4515,4788,37.3,3729
4788,4515,62.7,6271
4516,267,70.0,7002
267,4516,30.0,2998
4516,1163,62.8,6277
1163,4516,37.2,3723
4516,1096,70.2,7019
1096,4516,29.8,2981
4516,1124,74.2,7417
1124,4516,25.8,2583
4516,4542,84.0,8399
4542,4516,16.0,1601
4516,4907,74.1,7408
4907,4516,25.9,2592
4516,4911,82.5,8246
4911,4516,17.5,1754
4516,1489,75.5,7548
1489,4516,24.5,2452
4516,4925,81.5,8153
4925,4516,18.5,1847
4516,213,76.5,7652
213,4516,23.5,2348
4516,4798,78.6,7856
4798,4516,21.4,2144
4516,4548,71.8,7180
4548,4516,28.2,2820
4516,237,78.6,7857
237,4516,21.4,2143
4516,1166,71.7,7166
1166,4516,28.3,2834
4516,936,85.1,8510
936,4516,14.9,1490
4516,229,68.1,6811
229,4516,31.9,3189
4516,3694,61.8,6178
3694,4516,38.2,3822
4516,946,58.3,5833
946,4516,41.7,4167
4516,4520,71.3,7133
4520,4516,28.7,2867
4516,203,89.5,8952
203,4516,10.5,1048
4516,4892,78.3,7827
4892,4516,21.7,2173
4516,1013,85.1,8512
1013,4516,14.9,1488
4516,221,57.1,5710
221,4516,42.9,4290
4516,247,76.3,7626
247,4516,23.7,2374
4516,4924,91.0,9096
4924,4516,9.0,904
4516,201,70.1,7011
201,4516,29.9,2989
4516,4509,78.2,7819
4509,4516,21.8,2181
4516,4757,82.7,8269
4757,4516,17.3,1731
4516,4521,74.5,7445
4521,4516,25.6,2555
4516,4920,85.6,8556
4920,4516,14.4,1444
4516,1493,87.6,8758
1493,4516,12.4,1242
4516,4544,84.5,8446
4544,4516,15.5,1554
4516,4259,67.8,6784
4259,4516,32.2,3216
4516,4535,80.5,8047
4535,4516,19.5,1953
4516,277,88.6,8859
277,4516,11.4,1141
4516,972,63.0,6297
972,4516,37.0,3703
4516,4504,83.0,8300
4504,4516,17.0,1700
4516,4529,89.2,8920
4529,4516,10.8,1080
4516,198,61.4,6142
198,4516,38.6,3858
4516,4489,74.7,7465
4489,4516,25.4,2535
4516,4246,62.5,6252
4246,4516,37.5,3748
4516,4910,71.6,7157
4910,4516,28.4,2843
4516,1485,87.9,8793
1485,4516,12.1,1207
4516,4922,85.5,8545
4922,4516,14.5,1455
4516,4423,80.3,8031
4423,4516,19.7,1969
4516,4517,80.9,8093
4517,4516,19.1,1907
4516,4426,81.6,8161
4426,4516,18.4,1839
4516,4527,78.8,7877
4527,4516,21.2,2123
4516,961,63.6,6359
961,4516,36.4,3641
4516,227,76.7,7673
227,4516,23.3,2327
4516,4908,80.9,8092
4908,4516,19.1,1908
4516,1169,56.1,5615
1169,4516,43.9,4385
4516,4422,88.5,8854
4422,4516,11.5,1146
4516,251,71.6,7157
251,4516,28.4,2843
4516,4921,82.4,8244
4921,4516,17.6,1756
4516,1183,76.1,7606
1183,4516,23.9,2394
4516,4424,85.1,8511
4424,4516,14.9,1489
4516,996,87.9,8792
996,4516,12.1,1208
4516,4545,95.2,9525
4545,4516,4.8,475
4516,4257,75.3,7526
4257,4516,24.7,2474
4516,4254,72.5,7255
4254,4516,27.5,2745
4516,3709,52.7,5271
3709,4516,47.3,4729
4516,4917,84.7,8473
4917,4516,15.3,1527
4516,4519,86.1,8607
4519,4516,13.9,1393
4516,4431,75.8,7584
4431,4516,24.2,2416
4516,4518,84.0,8405
4518,4516,16.0,1595
4516,4915,90.6,9057
4915,4516,9.4,943
4516,289,55.9,5587
289,4516,44.1,4413
4516,2521,83.1,8311
2521,4516,16.9,1689
4516,4530,69.6,6959
4530,4516,30.4,3041
4516,1136,84.1,8414
1136,4516,15.9,1586
4516,297,68.3,6826
297,4516,31.7,3174
4516,4913,73.2,7322
4913,4516,26.8,2678
4516,4607,58.5,5850
4607,4516,41.5,4150
4516,1044,55.7,5574
1044,4516,44.3,4426
4516,2799,75.4,7541
2799,4516,24.6,2459
4516,179,51.7,5166
179,4516,48.3,4834
4516,1075,69.5,6949
1075,4516,30.5,3051
4516,4538,89.5,8951
4538,4516,10.5,1049
4516,4258,74.4,7437
4258,4516,25.6,2563
4516,4906,77.0,7705
4906,4516,22.9,2295
4516,1019,75.3,7535
1019,4516,24.6,2465
4516,4597,77.1,7712
4597,4516,22.9,2288
4516,217,48.4,4839
217,4516,51.6,5161
4516,261,73.9,7392
261,4516,26.1,2608
4516,1520,65.1,6515
1520,4516,34.8,3485
4516,1292,79.8,7979
1292,4516,20.2,2021
4516,269,78.5,7854
269,4516,21.5,2146
4516,1148,81.9,8192
1148,4516,18.1,1808
4516,223,76.3,7629
223,4516,23.7,2371
4516,1072,75.1,7508
1072,4516,24.9,2492
4516,4728,69.7,6969
4728,4516,30.3,3031
4516,1037,70.7,7071
1037,4516,29.3,2929
4516,4363,76.6,7663
4363,4516,23.4,2337
4516,4916,78.8,7881
4916,4516,21.2,2119
4516,1690,68.7,6865
1690,4516,31.4,3135
4516,4909,78.6,7857
4909,4516,21.4,2143
4516,285,66.8,6682
285,4516,33.2,3318
4516,211,76.8,7683
211,4516,23.2,2317
4516,1719,68.2,6824
1719,4516,31.8,3176
4516,4546,86.7,8666
4546,4516,13.3,1334
4516,2043,76.2,7618
2043,4516,23.8,2382
4516,4541,96.3,9631
4541,4516,3.7,369
4516,4603,70.2,7020
4603,4516,29.8,2980
4516,4914,89.0,8901
4914,4516,11.0,1099
4516,2037,79.4,7938
2037,4516,20.6,2062
4516,194,53.9,5392
194,4516,46.1,4608
4516,3712,73.0,7300
3712,4516,27.0,2700
4516,1722,73.3,7326
1722,4516,26.7,2674
4516,77,71.6,7161
77,4516,28.4,2839
4516,1687,77.2,7724
1687,4516,22.8,2276
4516,4256,74.4,7435
4256,4516,25.7,2565
4516,4528,82.9,8288
4528,4516,17.1,1712
4516,4923,83.7,8365
4923,4516,16.4,1635
4516,942,74.4,7441
942,4516,25.6,2559
4516,1016,86.4,8644
1016,4516,13.6,1356
4516,253,68.3,6832
253,4516,31.7,3168
4516,1693,45.2,4516
1693,4516,54.8,5484
4516,1728,64.4,6441
1728,4516,35.6,3559
4516,1535,68.6,6858
1535,4516,31.4,3142
4516,4522,92.9,9286
4522,4516,7.1,714
4516,287,69.9,6987
287,4516,30.1,3013
4516,1172,73.6,7355
1172,4516,26.5,2645
4516,4912,90.1,9014
4912,4516,9.9,986
4516,1696,31.9,3193
1696,4516,68.1,6807
4516,283,79.8,7983
283,4516,20.2,2017
4516,1563,61.4,6138
1563,4516,38.6,3862
4516,4531,77.3,7735
4531,4516,22.7,2265
4516,245,58.8,5883
245,4516,41.2,4117
4516,4800,73.4,7339
4800,4516,26.6,2661
4516,241,72.7,7268
241,4516,27.3,2732
4516,1084,68.9,6891
1084,4516,31.1,3109
4516,2046,78.3,7828
2046,4516,21.7,2172
4516,1557,85.3,8531
1557,4516,14.7,1469
4516,1041,64.6,6456
1041,4516,35.4,3544
4516,4255,71.5,7153
4255,4516,28.5,2847
4516,1684,56.4,5636
1684,4516,43.6,4364
4516,4864,52.3,5235
4864,4516,47.6,4765
4516,1487,63.5,6355
1487,4516,36.4,3645
4516,239,59.8,5984
239,4516,40.2,4016
4516,196,43.2,4322
196,4516,56.8,5678
4516,279,58.5,5852
279,4516,41.5,4148
4516,4919,86.9,8688
4919,4516,13.1,1312
4516,4524,85.3,8534
4524,4516,14.7,1466
4516,4788,70.6,7060
4788,4516,29.4,2940
267,1163,42.2,4220
1163,267,57.8,5780
267,1096,49.0,4900
1096,267,51.0,5100
267,1124,52.3,5231
1124,267,47.7,4769
267,4542,68.0,6795
4542,267,32.0,3205
267,4907,54.1,5415
4907,267,45.9,4585
267,4911,64.5,6452
4911,267,35.5,3548
267,1489,54.9,5485
1489,267,45.1,4515
267,4925,63.5,6346
4925,267,36.5,3654
267,213,57.0,5703
213,267,43.0,4297
267,4798,59.5,5948
4798,267,40.5,4052
267,4548,50.5,5050
4548,267,49.5,4950
267,237,59.0,5903
237,267,41.0,4097
267,1166,51.2,5118
1166,267,48.8,4882
267,936,69.6,6958
936,267,30.4,3042
267,229,46.9,4694
229,267,53.1,5306
267,3694,41.0,4098
3694,267,59.0,5902
267,946,37.9,3791
946,267,62.1,6209
267,4520,51.6,5162
4520,267,48.4,4838
267,203,75.4,7544
203,267,24.6,2456
267,4892,58.5,5846
4892,267,41.5,4154
267,1013,69.5,6954
1013,267,30.5,3046
267,221,34.8,3485
221,267,65.1,6515
267,247,57.0,5700
247,267,43.0,4300
267,4924,79.1,7908
4924,267,20.9,2092
267,201,49.3,4928
201,267,50.7,5072
267,4509,58.7,5874
4509,267,41.3,4126
267,4757,65.8,6579
4757,267,34.2,3421
267,4521,54.4,5444
4521,267,45.6,4556
267,4920,69.3,6929
4920,267,30.7,3071
267,1493,73.0,7300
1493,267,27.0,2700
267,4544,68.7,6865
4544,267,31.4,3135
267,4259,46.3,4628
4259,267,53.7,5372
267,4535,62.2,6215
4535,267,37.9,3785
267,277,74.2,7424
277,267,25.8,2576
267,972,40.8,4079
972,267,59.2,5921
267,4504,65.6,6561
4504,267,34.4,3439
267,4529,74.6,7457
4529,267,25.4,2543
267,198,39.6,3963
198,267,60.4,6037
267,4489,54.9,5494
4489,267,45.1,4506
267,4246,41.2,4119
4246,267,58.8,5881
267,4910,51.0,5098
4910,267,49.0,4902
267,1485,72.8,7275
1485,267,27.3,2725
267,4922,69.9,6989
4922,267,30.1,3011
267,4423,61.4,6135
4423,267,38.6,3865
267,4517,63.7,6375
4517,267,36.2,3625
267,4426,63.3,6331
4426,267,36.7,3669
267,4527,59.6,5960
4527,267,40.4,4040
267,961,42.5,4255
961,267,57.5,5745
267,227,57.9,5788
227,267,42.1,4212
267,4908,62.9,6288
4908,267,37.1,3712
267,1169,34.2,3417
1169,267,65.8,6583
267,4422,74.7,7466
4422,267,25.3,2534
267,251,50.7,5072
251,267,49.3,4928
267,4921,64.4,6437
4921,267,35.6,3563
267,1183,57.3,5727
1183,267,42.7,4273
267,4424,68.8,6882
4424,267,31.2,3118
267,996,73.2,7322
996,267,26.8,2678
267,4545,86.8,8675
4545,267,13.2,1325
267,4257,56.8,5683
4257,267,43.2,4317
267,4254,52.4,5239
4254,267,47.6,4761
267,3709,30.8,3083
3709,267,69.2,6917
267,4917,68.0,6801
4917,267,32.0,3199
267,4519,70.3,7034
4519,267,29.7,2966
267,4431,56.9,5689
4431,267,43.1,4311
267,4518,68.0,6802
4518,267,32.0,3198
267,4915,78.5,7846
4915,267,21.5,2154
267,289,34.6,3464
289,267,65.4,6536
267,2521,64.0,6397
2521,267,36.0,3603
267,4530,49.1,4912
4530,267,50.9,5088
267,1136,67.7,6774
1136,267,32.3,3226
267,297,47.2,4718
297,267,52.8,5282
267,4913,53.3,5327
4913,267,46.7,4673
267,4607,36.6,3657
4607,267,63.4,6343
267,1044,35.0,3496
1044,267,65.0,6504
267,2799,54.5,5454
2799,267,45.5,4546
267,179,30.2,3025
179,267,69.8,6975
267,1075,48.3,4831
1075,267,51.7,5169
267,4538,76.9,7693
4538,267,23.1,2307
267,4258,53.5,5350
4258,267,46.5,4650
267,4906,58.1,5811
4906,267,41.9,4189
267,1019,55.3,5531
1019,267,44.7,4469
267,4597,57.7,5769
4597,267,42.3,4231
267,217,28.2,2819
217,267,71.8,7181
267,261,53.7,5369
261,267,46.3,4631
267,1520,42.8,4283
1520,267,57.2,5717
267,1292,61.5,6153
1292,267,38.5,3847
267,269,57.6,5761
269,267,42.4,4239
267,1148,64.3,6426
1148,267,35.7,3574
267,223,56.4,5641
223,267,43.6,4359
267,1072,55.3,5530
1072,267,44.7,4470
267,4728,48.3,4828
4728,267,51.7,5172
267,1037,50.8,5078
1037,267,49.2,4922
267,4363,57.7,5772
4363,267,42.3,4228
267,4916,58.7,5871
4916,267,41.3,4129
267,1690,48.4,4838
1690,267,51.6,5162
267,4909,59.1,5906
4909,267,40.9,4094
267,285,46.0,4600
285,267,54.0,5400
267,211,56.1,5610
211,267,43.9,4390
267,1719,46.4,4640
1719,267,53.6,5360
267,4546,71.6,7160
4546,267,28.4,2840
267,2043,56.5,5652
2043,267,43.5,4348
267,4541,89.7,8969
4541,267,10.3,1031
267,4603,49.3,4929
4603,267,50.7,5071
267,4914,76.4,7636
4914,267,23.6,2364
267,2037,59.9,5994
2037,267,40.1,4006
267,194,32.0,3200
194,267,68.0,6800
267,3712,52.7,5269
3712,267,47.3,4731
267,1722,52.9,5291
1722,267,47.1,4709
267,77,51.2,5116
77,267,48.8,4884
267,1687,56.9,5686
1687,267,43.1,4314
267,4256,54.0,5401
4256,267,46.0,4599
267,4528,65.6,6557
4528,267,34.4,3443
267,4923,65.4,6538
4923,267,34.6,3462
267,942,54.3,5434
942,267,45.7,4566
267,1016,71.1,7109
1016,267,28.9,2891
267,253,46.1,4613
253,267,53.9,5387
267,1693,25.4,2545
1693,267,74.6,7455
267,1728,42.4,4242
1728,267,57.6,5758
267,1535,47.3,4735
1535,267,52.6,5265
267,4522,81.4,8138
4522,267,18.6,1862
267,287,47.1,4710
287,267,52.9,5290
267,1172,52.9,5292
1172,267,47.1,4708
267,4912,77.0,7698
4912,267,23.0,2302
267,1696,16.3,1633
1696,267,83.7,8367
267,283,60.5,6050
283,267,39.5,3950
267,1563,39.9,3992
1563,267,60.1,6008
267,4531,58.7,5874
4531,267,41.3,4126
267,245,37.2,3716
245,267,62.8,6284
267,4800,52.1,5208
4800,267,47.9,4792
267,241,52.3,5226
241,267,47.7,4774
267,1084,48.2,4821
1084,267,51.8,5179
267,2046,58.8,5883
2046,267,41.2,4117
267,1557,69.7,6972
1557,267,30.3,3028
267,1041,42.9,4287
1041,267,57.1,5713
267,4255,51.1,5112
4255,267,48.9,4888
267,1684,34.7,3474
1684,267,65.3,6526
267,4864,29.4,2939
4864,267,70.6,7061
267,1487,42.8,4277
1487,267,57.2,5723
267,239,37.9,3793
239,267,62.1,6207
267,196,23.7,2371
196,267,76.3,7629
267,279,36.6,3656
279,267,63.4,6344
267,4919,71.9,7187
4919,267,28.1,2813
267,4524,70.5,7048
4524,267,29.5,2952
267,4788,49.6,4964
4788,267,50.4,5036
1163,1096,57.3,5727
1096,1163,42.7,4273
1163,1124,62.3,6232
1124,1163,37.7,3768
1163,4542,74.3,7427
4542,1163,25.7,2573
1163,4907,61.5,6151
4907,1163,38.5,3849
1163,4911,72.5,7245
4911,1163,27.6,2755
1163,1489,62.7,6267
1489,1163,37.3,3733
1163,4925,71.1,7106
4925,1163,28.9,2894
1163,213,65.0,6498
213,1163,35.0,3502
1163,4798,67.3,6730
4798,1163,32.7,3270
1163,4548,58.1,5815
4548,1163,41.9,4185
1163,237,67.8,6780
237,1163,32.2,3220
1163,1166,58.1,5811
1166,1163,41.9,4189
1163,936,75.3,7535
936,1163,24.6,2465
1163,229,55.3,5534
229,1163,44.7,4466
1163,3694,49.9,4991
3694,1163,50.1,5009
1163,946,45.1,4505
946,1163,54.9,5495
1163,4520,59.6,5962
4520,1163,40.4,4038
1163,203,80.6,8059
203,1163,19.4,1941
1163,4892,66.4,6643
4892,1163,33.6,3357
1163,1013,76.1,7610
1013,1163,23.9,2390
1163,221,42.9,4287
221,1163,57.1,5713
1163,247,64.5,6452
247,1163,35.5,3548
1163,4924,84.6,8461
4924,1163,15.4,1539
1163,201,56.4,5639
201,1163,43.6,4361
1163,4509,66.5,6651
4509,1163,33.5,3349
1163,4757,73.3,7333
4757,1163,26.7,2667
1163,4521,62.5,6247
4521,1163,37.5,3753
1163,4920,75.4,7538
4920,1163,24.6,2462
1163,1493,78.5,7852
1493,1163,21.5,2148
1163,4544,75.4,7542
4544,1163,24.6,2458
1163,4259,56.2,5619
4259,1163,43.8,4381
1163,4535,70.1,7012
4535,1163,29.9,2988
1163,277,80.1,8014
277,1163,19.9,1986
1163,972,48.2,4819
972,1163,51.8,5181
1163,4504,72.8,7282
4504,1163,27.2,2718
1163,4529,81.6,8161
4529,1163,18.4,1839
1163,198,49.1,4906
198,1163,50.9,5094
1163,4489,63.3,6329
4489,1163,36.7,3671
1163,4246,48.0,4801
4246,1163,52.0,5199
1163,4910,59.4,5942
4910,1163,40.6,4058
1163,1485,79.4,7940
1485,1163,20.6,2060
1163,4922,75.9,7589
4922,1163,24.1,2411
1163,4423,67.6,6762
4423,1163,32.4,3238
1163,4517,70.9,7094
4517,1163,29.1,2906
1163,4426,70.9,7085
4426,1163,29.1,2915
1163,4527,67.9,6787
4527,1163,32.1,3213
1163,961,50.2,5017
961,1163,49.8,4983
1163,227,65.2,6521
227,1163,34.8,3479
1163,4908,70.2,7020
4908,1163,29.8,2980
1163,1169,41.8,4176
1169,1163,58.2,5824
1163,4422,80.8,8081
4422,1163,19.2,1919
1163,251,58.4,5840
251,1163,41.6,4160
1163,4921,71.3,7131
4921,1163,28.7,2869
1163,1183,64.3,6433
1183,1163,35.7,3567
1163,4424,76.3,7630
4424,1163,23.7,2370
1163,996,79.6,7958
996,1163,20.4,2042
1163,4545,90.9,9086
4545,1163,9.1,914
1163,4257,62.3,6228
4257,1163,37.7,3772
1163,4254,60.9,6087
4254,1163,39.1,3913
1163,3709,38.2,3825
3709,1163,61.8,6175
1163,4917,74.7,7467
4917,1163,25.3,2533
1163,4519,76.7,7666
4519,1163,23.3,2334
1163,4431,63.9,6386
4431,1163,36.1,3614
1163,4518,74.2,7423
4518,1163,25.8,2577
1163,4915,83.5,8353
4915,1163,16.5,1647
1163,289,42.4,4236
289,1163,57.6,5764
1163,2521,72.8,7277
2521,1163,27.2,2723
1163,4530,57.2,5721
4530,1163,42.8,4279
1163,1136,74.9,7493
1136,1163,25.1,2507
1163,297,55.6,5558
297,1163,44.4,4442
1163,4913,61.0,6098
4913,1163,39.0,3902
1163,4607,44.1,4406
4607,1163,55.9,5594
1163,1044,42.4,4244
1044,1163,57.6,5756
1163,2799,63.5,6354
2799,1163,36.5,3646
1163,179,37.6,3762
179,1163,62.4,6238
1163,1075,56.2,5617
1075,1163,43.8,4383
1163,4538,82.6,8261
4538,1163,17.4,1739
1163,4258,60.9,6093
4258,1163,39.1,3907
1163,4906,66.2,6620
4906,1163,33.8,3380
1163,1019,63.6,6360
1019,1163,36.4,3640
1163,4597,65.2,6520
4597,1163,34.8,3480
1163,217,35.1,3514
217,1163,64.9,6486
1163,261,61.0,6096
261,1163,39.0,3904
1163,1520,51.5,5155
1520,1163,48.4,4845
1163,1292,69.3,6935
1292,1163,30.6,3065
1163,269,67.1,6706
269,1163,32.9,3294
1163,1148,71.1,7107
1148,1163,28.9,2893
1163,223,63.2,6316
223,1163,36.8,3684
1163,1072,63.5,6350
1072,1163,36.5,3650
1163,4728,55.7,5566
4728,1163,44.3,4434
1163,1037,58.8,5876
1037,1163,41.2,4124
1163,4363,64.7,6469
4363,1163,35.3,3531
1163,4916,66.0,6601
4916,1163,34.0,3399
1163,1690,56.2,5617
1690,1163,43.8,4383
1163,4909,66.9,6690
4909,1163,33.1,3310
1163,285,54.8,5481
285,1163,45.2,4519
1163,211,65.2,6523
211,1163,34.8,3477
1163,1719,54.6,5465
1719,1163,45.4,4535
1163,4546,77.7,7767
4546,1163,22.3,2233
1163,2043,63.4,6344
2043,1163,36.6,3656
1163,4541,92.9,9288
4541,1163,7.1,712
1163,4603,58.1,5808
4603,1163,41.9,4192
1163,4914,81.8,8179
4914,1163,18.2,1821
1163,2037,67.8,6775
2037,1163,32.2,3225
1163,194,40.8,4077
194,1163,59.2,5923
1163,3712,60.3,6026
3712,1163,39.7,3974
1163,1722,60.8,6077
1722,1163,39.2,3923
1163,77,59.2,5925
77,1163,40.8,4075
1163,1687,65.1,6511
1687,1163,34.9,3489
1163,4256,61.5,6146
4256,1163,38.5,3854
1163,4528,71.0,7100
4528,1163,29.0,2900
1163,4923,72.4,7244
4923,1163,27.6,2756
1163,942,62.7,6273
942,1163,37.3,3727
1163,1016,77.5,7747
1016,1163,22.5,2253
1163,253,55.0,5499
253,1163,45.0,4501
1163,1693,32.4,3236
1693,1163,67.6,6764
1163,1728,50.9,5087
1728,1163,49.1,4913
1163,1535,54.7,5472
1535,1163,45.3,4528
1163,4522,86.1,8613
4522,1163,13.9,1387
1163,287,56.3,5629
287,1163,43.7,4371
1163,1172,59.6,5962
1172,1163,40.4,4038
1163,4912,83.2,8320
4912,1163,16.8,1680
1163,1696,20.9,2092
1696,1163,79.1,7908
1163,283,68.3,6828
283,1163,31.7,3172
1163,1563,47.4,4742
1563,1163,52.6,5258
1163,4531,66.1,6606
4531,1163,33.9,3394
1163,245,44.3,4427
245,1163,55.7,5573
1163,4800,59.6,5960
4800,1163,40.4,4040
1163,241,58.9,5889
241,1163,41.1,4111
1163,1084,56.1,5607
1084,1163,43.9,4393
1163,2046,66.5,6646
2046,1163,33.5,3354
1163,1557,76.5,7647
1557,1163,23.5,2353
1163,1041,50.4,5044
1041,1163,49.6,4956
1163,4255,59.1,5908
4255,1163,40.9,4092
1163,1684,42.0,4197
1684,1163,58.0,5803
1163,4864,37.3,3726
4864,1163,62.7,6274
1163,1487,49.7,4966
1487,1163,50.3,5034
1163,239,45.6,4555
239,1163,54.4,5445
1163,196,30.3,3026
196,1163,69.7,6974
1163,279,43.7,4370
279,1163,56.3,5630
1163,4919,78.7,7870
4919,1163,21.3,2130
1163,4524,76.9,7688
4524,1163,23.1,2312
1163,4788,56.9,5685
4788,1163,43.1,4315
1096,1124,54.6,5456
1124,1096,45.4,4544
1096,4542,68.4,6842
4542,1096,31.6,3158
1096,4907,54.2,5419
4907,1096,45.8,4581
1096,4911,65.2,6518
4911,1096,34.8,3482
1096,1489,56.4,5644
1489,1096,43.6,4356
1096,4925,65.1,6510
4925,1096,34.9,3490
1096,213,58.6,5858
213,1096,41.4,4142
1096,4798,60.8,6084
4798,1096,39.2,3916
1096,4548,51.9,5188
4548,1096,48.1,4812
1096,237,61.9,6188
237,1096,38.1,3812
1096,1166,51.3,5132
1166,1096,48.7,4868
1096,936,69.0,6895
936,1096,31.1,3105
1096,229,48.0,4800
229,1096,52.0,5200
1096,3694,42.3,4230
3694,1096,57.7,5770
1096,946,38.0,3801
946,1096,62.0,6199
1096,4520,52.8,5280
4520,1096,47.2,4720
1096,203,75.8,7584
203,1096,24.2,2416
1096,4892,60.4,6038
4892,1096,39.6,3962
1096,1013,70.9,7085
1013,1096,29.1,2915
1096,221,35.4,3540
221,1096,64.6,6460
1096,247,57.1,5707
247,1096,42.9,4293
1096,4924,79.0,7903
4924,1096,21.0,2097
1096,201,48.9,4889
201,1096,51.1,5111
1096,4509,59.9,5992
4509,1096,40.1,4008
1096,4757,66.5,6645
4757,1096,33.6,3355
1096,4521,54.6,5459
4521,1096,45.4,4541
1096,4920,69.0,6903
4920,1096,31.0,3097
1096,1493,74.4,7436
1493,1096,25.6,2564
1096,4544,68.9,6890
4544,1096,31.1,3110
1096,4259,48.1,4815
4259,1096,51.8,5185
1096,4535,63.2,6316
4535,1096,36.8,3684
1096,277,75.3,7527
277,1096,24.7,2473
1096,972,41.2,4121
972,1096,58.8,5879
1096,4504,66.0,6596
4504,1096,34.0,3404
1096,4529,75.9,7588
4529,1096,24.1,2412
1096,198,40.6,4056
198,1096,59.4,5944
1096,4489,55.9,5592
4489,1096,44.1,4408
1096,4246,42.5,4253
4246,1096,57.5,5747
1096,4910,51.7,5167
4910,1096,48.3,4833
1096,1485,74.2,7415
1485,1096,25.9,2585
1096,4922,70.7,7074
4922,1096,29.3,2926
1096,4423,61.5,6153
4423,1096,38.5,3847
1096,4517,64.8,6477
4517,1096,35.2,3523
1096,4426,64.8,6481
4426,1096,35.2,3519
1096,4527,61.4,6142
4527,1096,38.6,3858
1096,961,43.9,4385
961,1096,56.1,5615
1096,227,58.1,5808
227,1096,41.9,4192
1096,4908,64.3,6428
4908,1096,35.7,3572
1096,1169,35.1,3508
1169,1096,64.9,6492
1096,4422,74.6,7463
4422,1096,25.4,2537
1096,251,51.9,5193
251,1096,48.1,4807
1096,4921,65.7,6569
4921,1096,34.3,3431
1096,1183,57.2,5716
1183,1096,42.8,4284
1096,4424,70.3,7029
4424,1096,29.7,2971
1096,996,73.0,7304
996,1096,27.0,2696
1096,4545,88.2,8817
4545,1096,11.8,1183
1096,4257,57.0,5698
4257,1096,43.0,4302
1096,4254,53.9,5390
4254,1096,46.1,4610
1096,3709,32.4,3235
3709,1096,67.7,6765
1096,4917,68.9,6894
4917,1096,31.1,3106
1096,4519,70.7,7068
4519,1096,29.3,2932
1096,4431,57.1,5710
4431,1096,42.9,4290
1096,4518,68.6,6857
4518,1096,31.4,3143
1096,4915,79.1,7910
4915,1096,20.9,2090
1096,289,35.6,3562
289,1096,64.4,6438
1096,2521,65.1,6508
2521,1096,34.9,3492
1096,4530,49.5,4952
4530,1096,50.5,5048
1096,1136,68.9,6887
1136,1096,31.1,3113
1096,297,48.6,4862
297,1096,51.4,5138
1096,4913,54.1,5406
4913,1096,45.9,4594
1096,4607,37.7,3773
4607,1096,62.3,6227
1096,1044,36.0,3601
1044,1096,64.0,6399
1096,2799,56.4,5637
2799,1096,43.6,4363
1096,179,32.4,3237
179,1096,67.6,6763
1096,1075,49.6,4958
1075,1096,50.4,5042
1096,4538,78.8,7883
4538,1096,21.2,2117
1096,4258,54.2,5420
4258,1096,45.8,4580
1096,4906,59.1,5909
4906,1096,40.9,4091
1096,1019,56.2,5619
1019,1096,43.8,4381
1096,4597,58.6,5860
4597,1096,41.4,4140
1096,217,30.0,3001
217,1096,70.0,6999
1096,261,53.9,5392
261,1096,46.1,4608
1096,1520,43.9,4394
1520,1096,56.1,5606
1096,1292,62.7,6268
1292,1096,37.3,3732
1096,269,59.2,5919
269,1096,40.8,4081
1096,1148,63.8,6381
1148,1096,36.2,3619
1096,223,57.6,5757
223,1096,42.4,4243
1096,1072,56.7,5667
1072,1096,43.3,4333
1096,4728,50.0,5001
4728,1096,50.0,4999
1096,1037,50.1,5010
1037,1096,49.9,4990
1096,4363,57.8,5778
4363,1096,42.2,4222
1096,4916,59.3,5931
4916,1096,40.7,4069
1096,1690,48.2,4821
1690,1096,51.8,5179
1096,4909,59.8,5975
4909,1096,40.2,4025
1096,285,47.4,4741
285,1096,52.6,5259
1096,211,58.2,5819
211,1096,41.8,4181
1096,1719,48.4,4845
1719,1096,51.5,5155
1096,4546,72.8,7277
4546,1096,27.2,2723
1096,2043,58.0,5799
2043,1096,42.0,4201
1096,4541,89.1,8907
4541,1096,10.9,1093
1096,4603,50.6,5065
4603,1096,49.4,4935
1096,4914,76.2,7619
4914,1096,23.8,2381
1096,2037,61.4,6138
2037,1096,38.6,3862
1096,194,33.4,3343
194,1096,66.6,6657
1096,3712,52.9,5291
3712,1096,47.1,4709
1096,1722,53.1,5309
1722,1096,46.9,4691
1096,77,52.3,5227
77,1096,47.7,4773
1096,1687,57.8,5783
1687,1096,42.2,4217
1096,4256,54.9,5486
4256,1096,45.1,4514
1096,4528,66.0,6605
4528,1096,34.0,3395
1096,4923,66.8,6679
4923,1096,33.2,3321
1096,942,55.9,5586
942,1096,44.1,4414
1096,1016,71.9,7186
1016,1096,28.1,2814
1096,253,48.8,4881
253,1096,51.2,5119
1096,1693,26.6,2663
1693,1096,73.4,7337
1096,1728,43.6,4365
1728,1096,56.4,5635
1096,1535,48.5,4847
1535,1096,51.5,5153
1096,4522,82.0,8197
4522,1096,18.0,1803
1096,287,49.9,4991
287,1096,50.1,5009
1096,1172,54.4,5439
1172,1096,45.6,4561
1096,4912,77.5,7753
4912,1096,22.5,2247
1096,1696,17.0,1699
1696,1096,83.0,8301
1096,283,62.1,6210
283,1096,37.9,3790
1096,1563,41.3,4135
1563,1096,58.7,5865
1096,4531,59.3,5926
4531,1096,40.7,4074
1096,245,37.9,3785
245,1096,62.2,6215
1096,4800,54.9,5490
4800,1096,45.1,4510
1096,241,53.1,5309
241,1096,46.9,4691
1096,1084,49.5,4954
1084,1096,50.5,5046
1096,2046,60.1,6013
2046,1096,39.9,3987
1096,1557,70.2,7017
1557,1096,29.8,2983
1096,1041,43.5,4353
1041,1096,56.5,5647
1096,4255,52.1,5209
4255,1096,47.9,4791
1096,1684,35.0,3499
1684,1096,65.0,6501
1096,4864,31.1,3114
4864,1096,68.9,6886
1096,1487,43.1,4306
1487,1096,56.9,5694
1096,239,39.4,3936
239,1096,60.6,6064
1096,196,23.9,2395
196,1096,76.0,7605
1096,279,37.7,3767
279,1096,62.3,6233
1096,4919,72.5,7246
4919,1096,27.5,2754
1096,4524,71.2,7123
4524,1096,28.8,2877
1096,4788,51.3,5130
4788,1096,48.7,4870
1124,4542,63.9,6393
4542,1124,36.1,3607
1124,4907,50.7,5075
4907,1124,49.2,4925
1124,4911,60.6,6061
4911,1124,39.4,3939
1124,1489,52.1,5211
1489,1124,47.9,4789
1124,4925,60.0,6002
4925,1124,40.0,3998
1124,213,53.0,5300
213,1124,47.0,4700
1124,4798,55.6,5563
4798,1124,44.4,4437
1124,4548,47.7,4769
4548,1124,52.3,5231
1124,237,56.2,5620
237,1124,43.8,4380
1124,1166,46.6,4664
1166,1124,53.4,5336
1124,936,65.5,6546
936,1124,34.5,3454
1124,229,44.6,4465
229,1124,55.4,5535
1124,3694,38.0,3796
3694,1124,62.0,6204
1124,946,33.2,3324
946,1124,66.8,6676
1124,4520,48.2,4823
4520,1124,51.8,5177
1124,203,72.0,7205
203,1124,28.0,2795
1124,4892,55.1,5515
4892,1124,44.9,4485
1124,1013,66.1,6614
1013,1124,33.9,3386
1124,221,31.1,3113
221,1124,68.9,6887
1124,247,51.5,5152
247,1124,48.5,4848
1124,4924,76.1,7611
4924,1124,23.9,2389
1124,201,44.6,4461
201,1124,55.4,5539
1124,4509,55.6,5556
4509,1124,44.4,4444
1124,4757,62.5,6254
4757,1124,37.5,3746
1124,4521,51.4,5143
4521,1124,48.6,4857
1124,4920,66.5,6648
4920,1124,33.5,3352
1124,1493,68.9,6886
1493,1124,31.1,3114
1124,4544,65.2,6524
4544,1124,34.8,3476
1124,4259,43.0,4299
4259,1124,57.0,5701
1124,4535,59.0,5903
4535,1124,41.0,4097
1124,277,71.3,7128
277,1124,28.7,2872
1124,972,37.4,3741
972,1124,62.6,6259
1124,4504,61.6,6163
4504,1124,38.4,3837
1124,4529,72.9,7288
4529,1124,27.1,2712
1124,198,35.8,3583
198,1124,64.2,6417
1124,4489,51.8,5182
4489,1124,48.2,4818
1124,4246,38.0,3803
4246,1124,62.0,6197
1124,4910,46.6,4660
4910,1124,53.4,5340
1124,1485,70.1,7013
1485,1124,29.9,2987
1124,4922,66.6,6665
4922,1124,33.4,3335
1124,4423,57.5,5752
4423,1124,42.5,4248
1124,4517,60.0,6002
4517,1124,40.0,3998
1124,4426,60.4,6043
4426,1124,39.6,3957
1124,4527,56.0,5605
4527,1124,44.0,4395
1124,961,38.5,3849
961,1124,61.5,6151
1124,227,53.1,5315
227,1124,46.9,4685
1124,4908,60.3,6026
4908,1124,39.7,3974
1124,1169,30.7,3070
1169,1124,69.3,6930
1124,4422,71.8,7179
4422,1124,28.2,2821
1124,251,47.2,4721
251,1124,52.8,5279
1124,4921,60.8,6081
4921,1124,39.2,3919
1124,1183,52.8,5281
1183,1124,47.2,4719
1124,4424,65.9,6593
4424,1124,34.1,3407
1124,996,69.9,6994
996,1124,30.1,3006
1124,4545,84.8,8482
4545,1124,15.2,1518
1124,4257,52.7,5270
4257,1124,47.3,4730
1124,4254,49.1,4912
4254,1124,50.9,5088
1124,3709,28.2,2823
3709,1124,71.8,7177
1124,4917,64.7,6473
4917,1124,35.3,3527
1124,4519,66.8,6685
4519,1124,33.1,3315
1124,4431,52.5,5252
4431,1124,47.5,4748
1124,4518,64.2,6420
4518,1124,35.8,3580
1124,4915,76.0,7603
4915,1124,24.0,2397
1124,289,30.8,3075
289,1124,69.2,6925
1124,2521,61.6,6161
2521,1124,38.4,3839
1124,4530,44.4,4438
4530,1124,55.6,5562
1124,1136,64.3,6429
1136,1124,35.7,3571
1124,297,44.5,4447
297,1124,55.5,5553
1124,4913,48.7,4871
4913,1124,51.3,5129
1124,4607,33.2,3321
4607,1124,66.8,6679
1124,1044,31.4,3136
1044,1124,68.6,6864
1124,2799,51.9,5188
2799,1124,48.1,4812
1124,179,27.6,2755
179,1124,72.5,7245
1124,1075,45.7,4573
1075,1124,54.3,5427
1124,4538,74.9,7489
4538,1124,25.1,2511
1124,4258,49.5,4945
4258,1124,50.5,5055
1124,4906,54.9,5487
4906,1124,45.1,4513
1124,1019,51.3,5132
1019,1124,48.7,4868
1124,4597,53.2,5318
4597,1124,46.8,4682
1124,217,25.1,2512
217,1124,74.9,7488
1124,261,50.0,4998
261,1124,50.0,5002
1124,1520,39.5,3952
1520,1124,60.5,6048
1124,1292,59.2,5920
1292,1124,40.8,4080
1124,269,55.4,5538
269,1124,44.6,4462
1124,1148,60.4,6043
1148,1124,39.6,3957
1124,223,52.3,5229
223,1124,47.7,4771
1124,1072,52.0,5198
1072,1124,48.0,4802
1124,4728,44.3,4434
4728,1124,55.7,5566
1124,1037,46.8,4684
1037,1124,53.2,5316
1124,4363,53.8,5385
4363,1124,46.2,4615
1124,4916,54.2,5423
4916,1124,45.8,4577
1124,1690,44.3,4426
1690,1124,55.7,5574
1124,4909,55.8,5581
4909,1124,44.2,4419
1124,285,43.8,4382
285,1124,56.2,5618
1124,211,52.9,5289
211,1124,47.1,4711
1124,1719,43.5,4352
1719,1124,56.5,5648
1124,4546,68.7,6871
4546,1124,31.3,3129
1124,2043,53.0,5296
2043,1124,47.0,4704
1124,4541,87.8,8776
4541,1124,12.2,1224
1124,4603,46.7,4673
4603,1124,53.3,5327
1124,4914,73.0,7304
4914,1124,27.0,2696
1124,2037,57.3,5732
2037,1124,42.7,4268
1124,194,29.6,2956
194,1124,70.4,7044
1124,3712,49.5,4949
3712,1124,50.5,5051
1124,1722,49.3,4929
1722,1124,50.7,5071
1124,77,47.5,4746
77,1124,52.5,5254
1124,1687,53.1,5306
1687,1124,46.9,4694
1124,4256,49.8,4982
4256,1124,50.2,5018
1124,4528,61.0,6099
4528,1124,39.0,3901
1124,4923,61.7,6168
4923,1124,38.3,3832
1124,942,50.7,5067
942,1124,49.3,4933
1124,1016,68.1,6809
1016,1124,31.9,3191
1124,253,44.1,4406
253,1124,55.9,5594
1124,1693,22.2,2223
1693,1124,77.8,7777
1124,1728,40.5,4051
1728,1124,59.5,5949
1124,1535,44.4,4435
1535,1124,55.6,5565
1124,4522,78.7,7868
4522,1124,21.3,2132
1124,287,44.6,4465
287,1124,55.4,5535
1124,1172,48.8,4884
1172,1124,51.2,5116
1124,4912,74.5,7450
4912,1124,25.5,2550
1124,1696,13.1,1312
1696,1124,86.9,8688
1124,283,57.9,5785
283,1124,42.1,4215
1124,1563,37.2,3723
1563,1124,62.8,6277
1124,4531,54.9,5495
4531,1124,45.1,4505
1124,245,33.1,3315
245,1124,66.8,6685
1124,4800,49.1,4908
4800,1124,50.9,5092
1124,241,48.4,4839
241,1124,51.6,5161
1124,1084,44.5,4450
1084,1124,55.5,5550
1124,2046,54.3,5434
2046,1124,45.7,4566
1124,1557,65.9,6593
1557,1124,34.1,3407
1124,1041,38.6,3858
1041,1124,61.4,6142
1124,4255,48.2,4821
4255,1124,51.8,5179
1124,1684,30.9,3089
1684,1124,69.1,6911
1124,4864,26.7,2672
4864,1124,73.3,7328
1124,1487,38.6,3862
1487,1124,61.4,6138
1124,239,35.0,3500
239,1124,65.0,6500
1124,196,21.1,2112
196,1124,78.9,7888
1124,279,32.5,3254
279,1124,67.5,6746
1124,4919,68.8,6877
4919,1124,31.2,3123
1124,4524,66.8,6676
4524,1124,33.2,3324
1124,4788,45.9,4588
4788,1124,54.1,5412
4542,4907,37.0,3697
4907,4542,63.0,6303
4542,4911,46.8,4682
4911,4542,53.2,5318
4542,1489,37.6,3759
1489,4542,62.4,6241
4542,4925,46.6,4664
4925,4542,53.4,5336
4542,213,40.4,4043
213,4542,59.6,5957
4542,4798,42.4,4236
4798,4542,57.6,5764
4542,4548,34.0,3399
4548,4542,66.0,6601
4542,237,42.7,4266
237,4542,57.3,5734
4542,1166,33.1,3310
1166,4542,66.9,6690
4542,936,52.4,5241
936,4542,47.6,4759
4542,229,30.3,3027
229,4542,69.7,6973
4542,3694,25.2,2523
3694,4542,74.8,7477
4542,946,21.7,2171
946,4542,78.3,7829
4542,4520,34.9,3488
4520,4542,65.1,6512
4542,203,58.9,5893
203,4542,41.1,4107
4542,4892,40.9,4088
4892,4542,59.1,5912
4542,1013,52.0,5196
1013,4542,48.0,4804
4542,221,20.1,2006
221,4542,79.9,7994
4542,247,37.5,3751
247,4542,62.5,6249
4542,4924,65.0,6497
4924,4542,35.0,3503
4542,201,32.1,3209
201,4542,67.9,6791
4542,4509,41.9,4194
4509,4542,58.1,5806
4542,4757,48.5,4855
4757,4542,51.4,5145
4542,4521,37.9,3791
4521,4542,62.1,6209
4542,4920,52.5,5248
4920,4542,47.5,4752
4542,1493,57.0,5699
1493,4542,43.0,4301
4542,4544,51.3,5132
4544,4542,48.7,4868
4542,4259,29.8,2982
4259,4542,70.2,7018
4542,4535,45.1,4509
4535,4542,54.9,5491
4542,277,57.9,5793
277,4542,42.1,4207
4542,972,24.6,2458
972,4542,75.4,7542
4542,4504,49.1,4906
4504,4542,50.9,5094
4542,4529,59.8,5983
4529,4542,40.2,4017
4542,198,24.2,2418
198,4542,75.8,7582
4542,4489,37.5,3751
4489,4542,62.5,6249
4542,4246,24.9,2494
4246,4542,75.1,7506
4542,4910,34.1,3406
4910,4542,65.9,6594
4542,1485,58.0,5796
1485,4542,42.0,4204
4542,4922,53.0,5299
4922,4542,47.0,4701
4542,4423,43.1,4310
4423,4542,56.9,5690
4542,4517,46.3,4626
4517,4542,53.7,5374
4542,4426,46.4,4640
4426,4542,53.6,5360
4542,4527,42.8,4280
4527,4542,57.2,5720
4542,961,25.9,2594
961,4542,74.1,7406
4542,227,40.3,4030
227,4542,59.7,5970
4542,4908,45.7,4572
4908,4542,54.3,5428
4542,1169,19.7,1972
1169,4542,80.3,8028
4542,4422,58.7,5873
4422,4542,41.3,4127
4542,251,33.5,3352
251,4542,66.5,6648
4542,4921,47.3,4727
4921,4542,52.7,5273
4542,1183,39.7,3969
1183,4542,60.3,6031
4542,4424,52.4,5239
4424,4542,47.6,4761
4542,996,56.8,5679
996,4542,43.2,4321
4542,4545,75.5,7549
4545,4542,24.5,2451
4542,4257,38.5,3847
4257,4542,61.5,6153
4542,4254,35.6,3556
4254,4542,64.4,6444
4542,3709,17.3,1728
3709,4542,82.7,8272
4542,4917,50.9,5093
4917,4542,49.1,4907
4542,4519,53.6,5359
4519,4542,46.4,4641
4542,4431,38.1,3807
4431,4542,61.9,6193
4542,4518,50.1,5007
4518,4542,49.9,4993
4542,4915,63.4,6338
4915,4542,36.6,3662
4542,289,19.6,1958
289,4542,80.4,8042
4542,2521,47.6,4757
2521,4542,52.4,5243
4542,4530,32.3,3232
4530,4542,67.7,6768
4542,1136,51.2,5120
1136,4542,48.8,4880
4542,297,31.0,3100
297,4542,69.0,6900
4542,4913,35.0,3500
4913,4542,65.0,6500
4542,4607,21.6,2158
4607,4542,78.4,7842
4542,1044,20.2,2021
1044,4542,79.8,7979
4542,2799,38.2,3817
2799,4542,61.8,6183
4542,179,16.7,1673
179,4542,83.3,8327
4542,1075,32.3,3227
1075,4542,67.7,6773
4542,4538,62.5,6255
4538,4542,37.5,3745
4542,4258,35.3,3532
4258,4542,64.7,6468
4542,4906,40.3,4031
4906,4542,59.7,5969
4542,1019,37.5,3750
1019,4542,62.5,6250
4542,4597,39.0,3895
4597,4542,61.1,6105
4542,217,15.4,1536
217,4542,84.6,8464
4542,261,36.1,3613
261,4542,63.9,6387
4542,1520,27.0,2702
1520,4542,73.0,7298
4542,1292,46.0,4598
1292,4542,54.0,5402
4542,269,41.5,4146
269,4542,58.5,5854
4542,1148,46.9,4695
1148,4542,53.0,5305
4542,223,38.6,3860
223,4542,61.4,6140
4542,1072,37.6,3759
1072,4542,62.4,6241
4542,4728,29.9,2991
4728,4542,70.1,7009
4542,1037,32.3,3229
1037,4542,67.7,6771
4542,4363,40.0,4001
4363,4542,60.0,5999
4542,4916,41.2,4123
4916,4542,58.8,5877
4542,1690,31.7,3170
1690,4542,68.3,6830
4542,4909,42.3,4231
4909,4542,57.7,5769
4542,285,29.3,2927
285,4542,70.7,7073
4542,211,39.1,3906
211,4542,60.9,6094
4542,1719,29.5,2949
1719,4542,70.5,7051
4542,4546,55.5,5552
4546,4542,44.5,4448
4542,2043,40.2,4021
2043,4542,59.8,5979
4542,4541,79.0,7899
4541,4542,21.0,2101
4542,4603,31.9,3187
4603,4542,68.1,6813
4542,4914,59.7,5969
4914,4542,40.3,4031
4542,2037,42.3,4227
2037,4542,57.7,5773
4542,194,18.7,1872
194,4542,81.3,8128
4542,3712,35.3,3534
3712,4542,64.7,6466
4542,1722,35.4,3538
1722,4542,64.6,6462
4542,77,33.5,3347
77,4542,66.5,6653
4542,1687,40.4,4039
1687,4542,59.6,5961
4542,4256,36.2,3625
4256,4542,63.7,6375
4542,4528,47.6,4763
4528,4542,52.4,5237
4542,4923,49.0,4899
4923,4542,51.0,5101
4542,942,37.5,3747
942,4542,62.5,6253
4542,1016,54.8,5477
1016,4542,45.2,4523
4542,253,30.3,3031
253,4542,69.7,6969
4542,1693,13.7,1374
1693,4542,86.3,8626
4542,1728,26.8,2676
1728,4542,73.2,7324
4542,1535,30.8,3080
1535,4542,69.2,6920
4542,4522,68.1,6808
4522,4542,31.9,3192
4542,287,31.6,3164
287,4542,68.4,6836
4542,1172,35.7,3573
1172,4542,64.3,6427
4542,4912,60.8,6076
4912,4542,39.2,3924
4542,1696,7.9,787
1696,4542,92.1,9213
4542,283,43.7,4368
283,4542,56.3,5632
4542,1563,24.9,2493
1563,4542,75.1,7507
4542,4531,41.0,4102
4531,4542,59.0,5898
4542,245,22.6,2261
245,4542,77.4,7739
4542,4800,35.0,3505
4800,4542,65.0,6495
4542,241,34.6,3465
241,4542,65.3,6535
4542,1084,32.0,3199
1084,4542,68.0,6801
4542,2046,41.8,4183
2046,4542,58.2,5817
4542,1557,53.1,5310
1557,4542,46.9,4690
4542,1041,27.3,2727
1041,4542,72.7,7273
4542,4255,34.3,3426
4255,4542,65.7,6574
4542,1684,19.5,1954
1684,4542,80.5,8046
4542,4864,16.5,1646
4864,4542,83.5,8354
4542,1487,25.6,2560
1487,4542,74.4,7440
4542,239,23.3,2326
239,4542,76.7,7674
4542,196,11.7,1167
196,4542,88.3,8833
4542,279,20.8,2081
279,4542,79.2,7919
4542,4919,54.9,5492
4919,4542,45.1,4508
4542,4524,53.2,5325
4524,4542,46.8,4675
4542,4788,32.7,3270
4788,4542,67.3,6730
4907,4911,62.1,6206
4911,4907,37.9,3794
4907,1489,50.9,5093
1489,4907,49.1,4907
4907,4925,60.1,6012
4925,4907,39.9,3988
4907,213,53.3,5327
213,4907,46.7,4673
4907,4798,55.0,5500
4798,4907,45.0,4500
4907,4548,46.6,4658
4548,4907,53.4,5342
4907,237,56.2,5617
237,4907,43.8,4383
4907,1166,46.5,4646
1166,4907,53.5,5354
4907,936,64.3,6426
936,4907,35.7,3574
4907,229,42.6,4257
229,4907,57.4,5743
4907,3694,37.3,3727
3694,4907,62.7,6273
4907,946,32.8,3280
946,4907,67.2,6720
4907,4520,47.2,4716
4520,4907,52.8,5284
4907,203,72.1,7206
203,4907,27.9,2794
4907,4892,54.9,5489
4892,4907,45.1,4511
4907,1013,65.2,6521
1013,4907,34.8,3479
4907,221,30.9,3092
221,4907,69.1,6908
4907,247,51.1,5106
247,4907,48.9,4894
4907,4924,76.0,7604
4924,4907,24.0,2396
4907,201,44.2,4422
201,4907,55.8,5578
4907,4509,54.9,5487
4509,4907,45.1,4513
4907,4757,63.1,6313
4757,4907,36.9,3687
4907,4521,51.4,5141
4521,4907,48.6,4859
4907,4920,65.9,6594
4920,4907,34.1,3406
4907,1493,69.1,6906
1493,4907,30.9,3094
4907,4544,64.8,6485
4544,4907,35.1,3515
4907,4259,41.8,4177
4259,4907,58.2,5823
4907,4535,57.8,5778
4535,4907,42.2,4222
4907,277,71.4,7141
277,4907,28.6,2859
4907,972,36.9,3690
972,4907,63.1,6310
4907,4504,62.1,6212
4504,4907,37.9,3788
4907,4529,72.5,7253
4529,4907,27.5,2747
4907,198,35.5,3552
198,4907,64.5,6448
4907,4489,51.9,5192
4489,4907,48.1,4808
4907,4246,36.4,3636
4246,4907,63.6,6364
4907,4910,46.8,4681
4910,4907,53.2,5319
4907,1485,69.9,6989
1485,4907,30.1,3011
4907,4922,66.3,6633
4922,4907,33.7,3367
4907,4423,57.2,5719
4423,4907,42.8,4281
4907,4517,59.6,5963
4517,4907,40.4,4037
4907,4426,59.5,5950
4426,4907,40.5,4050
4907,4527,55.6,5563
4527,4907,44.4,4437
4907,961,38.0,3796
961,4907,62.0,6204
4907,227,53.1,5312
227,4907,46.9,4688
4907,4908,60.3,6034
4908,4907,39.7,3966
4907,1169,30.1,3006
1169,4907,69.9,6994
4907,4422,71.1,7112
4422,4907,28.9,2888
4907,251,46.9,4686
251,4907,53.1,5314
4907,4921,60.3,6032
4921,4907,39.7,3968
4907,1183,53.2,5316
1183,4907,46.8,4684
4907,4424,65.4,6544
4424,4907,34.6,3456
4907,996,70.1,7012
996,4907,29.9,2988
4907,4545,84.8,8480
4545,4907,15.2,1520
4907,4257,52.0,5204
4257,4907,48.0,4796
4907,4254,47.8,4782
4254,4907,52.2,5218
4907,3709,27.7,2768
3709,4907,72.3,7232
4907,4917,63.9,6390
4917,4907,36.1,3610
4907,4519,66.7,6672
4519,4907,33.3,3328
4907,4431,52.5,5246
4431,4907,47.5,4754
4907,4518,62.6,6265
4518,4907,37.4,3735
4907,4915,75.4,7542
4915,4907,24.6,2458
4907,289,32.0,3199
289,4907,68.0,6801
4907,2521,61.2,6123
2521,4907,38.8,3877
4907,4530,44.5,4453
4530,4907,55.5,5547
4907,1136,65.2,6521
1136,4907,34.8,3479
4907,297,44.4,4437
297,4907,55.6,5563
4907,4913,48.7,4872
4913,4907,51.3,5128
4907,4607,33.0,3302
4607,4907,67.0,6698
4907,1044,30.8,3079
1044,4907,69.2,6921
4907,2799,52.0,5204
2799,4907,48.0,4796
4907,179,27.6,2758
179,4907,72.4,7242
4907,1075,45.2,4520
1075,4907,54.8,5480
4907,4538,74.5,7453
4538,4907,25.5,2547
4907,4258,48.8,4880
4258,4907,51.2,5120
4907,4906,54.6,5456
4906,4907,45.4,4544
4907,1019,50.9,5086
1019,4907,49.1,4914
4907,4597,53.0,5305
4597,4907,46.9,4695
4907,217,25.2,2522
217,4907,74.8,7478
4907,261,49.3,4933
261,4907,50.7,5067
4907,1520,40.1,4010
1520,4907,59.9,5990
4907,1292,58.2,5818
1292,4907,41.8,4182
4907,269,54.5,5448
269,4907,45.5,4552
4907,1148,59.7,5966
1148,4907,40.3,4034
4907,223,52.4,5242
223,4907,47.6,4758
4907,1072,50.8,5077
1072,4907,49.2,4923
4907,4728,44.0,4401
4728,4907,56.0,5599
4907,1037,46.2,4625
1037,4907,53.8,5375
4907,4363,53.2,5316
4363,4907,46.8,4684
4907,4916,54.4,5436
4916,4907,45.6,4564
4907,1690,45.1,4509
1690,4907,54.9,5491
4907,4909,56.1,5612
4909,4907,43.9,4388
4907,285,41.9,4189
285,4907,58.1,5811
4907,211,53.2,5316
211,4907,46.8,4684
4907,1719,43.7,4366
1719,4907,56.3,5634
4907,4546,68.0,6795
4546,4907,32.0,3205
4907,2043,52.5,5254
2043,4907,47.5,4746
4907,4541,87.4,8739
4541,4907,12.6,1261
4907,4603,44.7,4474
4603,4907,55.3,5526
4907,4914,71.8,7182
4914,4907,28.2,2818
4907,2037,55.2,5521
2037,4907,44.8,4479
4907,194,28.6,2862
194,4907,71.4,7138
4907,3712,48.2,4825
3712,4907,51.7,5175
4907,1722,48.6,4862
1722,4907,51.4,5138
4907,77,46.8,4682
77,4907,53.2,5318
4907,1687,53.3,5327
1687,4907,46.7,4673
4907,4256,50.8,5080
4256,4907,49.2,4920
4907,4528,60.6,6061
4528,4907,39.4,3939
4907,4923,62.2,6219
4923,4907,37.8,3781
4907,942,51.2,5125
942,4907,48.8,4875
4907,1016,67.8,6783
1016,4907,32.2,3217
4907,253,43.0,4296
253,4907,57.0,5704
4907,1693,22.3,2229
1693,4907,77.7,7771
4907,1728,38.1,3815
1728,4907,61.9,6185
4907,1535,42.7,4268
1535,4907,57.3,5732
4907,4522,78.7,7866
4522,4907,21.3,2134
4907,287,44.2,4422
287,4907,55.8,5578
4907,1172,49.3,4929
1172,4907,50.7,5071
4907,4912,73.3,7332
4912,4907,26.7,2668
4907,1696,13.7,1369
1696,4907,86.3,8631
4907,283,57.3,5732
283,4907,42.7,4268
4907,1563,36.8,3681
1563,4907,63.2,6319
4907,4531,55.0,5500
4531,4907,45.0,4500
4907,245,33.7,3372
245,4907,66.3,6628
4907,4800,47.9,4788
4800,4907,52.1,5212
4907,241,48.2,4822
241,4907,51.8,5178
4907,1084,44.4,4436
1084,4907,55.6,5564
4907,2046,55.6,5565
2046,4907,44.4,4435
4907,1557,64.9,6487
1557,4907,35.1,3513
4907,1041,39.6,3963
1041,4907,60.4,6037
4907,4255,47.9,4785
4255,4907,52.1,5215
4907,1684,30.8,3084
1684,4907,69.2,6916
4907,4864,27.0,2696
4864,4907,73.0,7304
4907,1487,38.5,3850
1487,4907,61.5,6150
4907,239,35.1,3508
239,4907,64.9,6492
4907,196,20.6,2057
196,4907,79.4,7943
4907,279,32.5,3247
279,4907,67.5,6753
4907,4919,69.2,6917
4919,4907,30.8,3083
4907,4524,65.7,6571
4524,4907,34.3,3429
4907,4788,46.3,4634
4788,4907,53.7,5366
4911,1489,40.5,4049
1489,4911,59.5,5951
4911,4925,49.7,4967
4925,4911,50.3,5033
4911,213,42.1,4210
213,4911,57.9,5790
4911,4798,45.1,4513
4798,4911,54.9,5487
4911,4548,36.4,3641
4548,4911,63.6,6359
4911,237,46.3,4634
237,4911,53.7,5366
4911,1166,35.5,3554
1166,4911,64.5,6446
4911,936,54.8,5475
936,4911,45.2,4525
4911,229,33.2,3316
229,4911,66.8,6684
4911,3694,27.8,2777
3694,4911,72.2,7223
4911,946,24.1,2411
946,4911,75.9,7589
4911,4520,36.2,3623
4520,4911,63.8,6377
4911,203,62.0,6201
203,4911,38.0,3799
4911,4892,43.8,4375
4892,4911,56.2,5625
4911,1013,56.0,5603
1013,4911,44.0,4397
4911,221,23.1,2308
221,4911,76.9,7692
4911,247,41.6,4161
247,4911,58.4,5839
4911,4924,66.0,6598
4924,4911,34.0,3402
4911,201,33.7,3365
201,4911,66.3,6635
4911,4509,45.2,4523
4509,4911,54.8,5477
4911,4757,50.7,5068
4757,4911,49.3,4932
4911,4521,39.4,3939
4521,4911,60.6,6061
4911,4920,54.1,5409
4920,4911,45.9,4591
4911,1493,58.9,5887
1493,4911,41.1,4113
4911,4544,55.3,5531
4544,4911,44.7,4469
4911,4259,32.4,3238
4259,4911,67.6,6762
4911,4535,47.8,4780
4535,4911,52.2,5220
4911,277,61.2,6123
277,4911,38.8,3877
4911,972,26.1,2611
972,4911,73.9,7389
4911,4504,50.9,5093
4504,4911,49.1,4907
4911,4529,62.3,6226
4529,4911,37.7,3774
4911,198,26.2,2621
198,4911,73.8,7379
4911,4489,39.3,3934
4489,4911,60.7,6066
4911,4246,26.8,2677
4246,4911,73.2,7323
4911,4910,36.7,3670
4910,4911,63.3,6330
4911,1485,59.4,5936
1485,4911,40.6,4064
4911,4922,55.3,5533
4922,4911,44.7,4467
4911,4423,46.7,4667
4423,4911,53.3,5333
4911,4517,48.7,4867
4517,4911,51.3,5133
4911,4426,48.6,4859
4426,4911,51.4,5141
4911,4527,44.9,4493
4527,4911,55.1,5507
4911,961,29.2,2922
961,4911,70.8,7078
4911,227,42.1,4206
227,4911,57.9,5794
4911,4908,48.9,4895
4908,4911,51.0,5105
4911,1169,21.5,2149
1169,4911,78.5,7851
4911,4422,61.1,6108
4422,4911,38.9,3892
4911,251,34.8,3483
251,4911,65.2,6517
4911,4921,49.7,4974
4921,4911,50.3,5026
4911,1183,41.1,4115
1183,4911,58.9,5885
4911,4424,55.0,5504
4424,4911,45.0,4496
4911,996,60.0,6002
996,4911,40.0,3998
4911,4545,77.1,7714
4545,4911,22.9,2286
4911,4257,40.9,4093
4257,4911,59.1,5907
4911,4254,38.1,3809
4254,4911,61.9,6191
4911,3709,18.9,1887
3709,4911,81.1,8113
4911,4917,53.7,5370
4917,4911,46.3,4630
4911,4519,55.7,5573
4519,4911,44.3,4427
4911,4431,41.5,4153
4431,4911,58.5,5847
4911,4518,54.0,5398
4518,4911,46.0,4602
4911,4915,65.2,6520
4915,4911,34.8,3480
4911,289,22.1,2215
289,4911,77.8,7785
4911,2521,49.9,4986
2521,4911,50.1,5014
4911,4530,35.1,3511
4530,4911,64.9,6489
4911,1136,53.9,5389
1136,4911,46.1,4611
4911,297,32.7,3267
297,4911,67.3,6733
4911,4913,38.0,3797
4913,4911,62.0,6203
4911,4607,23.5,2351
4607,4911,76.5,7649
4911,1044,22.2,2217
1044,4911,77.8,7783
4911,2799,40.8,4081
2799,4911,59.2,5919
4911,179,19.1,1914
179,4911,80.9,8086
4911,1075,35.4,3536
1075,4911,64.6,6464
4911,4538,66.1,6613
4538,4911,33.9,3387
4911,4258,37.5,3748
4258,4911,62.5,6252
4911,4906,42.9,4294
4906,4911,57.1,5706
4911,1019,39.9,3987
1019,4911,60.1,6013
4911,4597,42.0,4202
4597,4911,58.0,5798
4911,217,16.6,1657
217,4911,83.4,8343
4911,261,38.2,3824
261,4911,61.8,6176
4911,1520,28.6,2864
1520,4911,71.4,7136
4911,1292,47.8,4782
1292,4911,52.2,5218
4911,269,43.3,4332
269,4911,56.7,5668
4911,1148,49.3,4932
1148,4911,50.7,5068
4911,223,41.5,4154
223,4911,58.5,5846
4911,1072,40.2,4015
1072,4911,59.9,5985
4911,4728,33.5,3348
4728,4911,66.5,6652
4911,1037,35.3,3526
1037,4911,64.7,6474
4911,4363,42.0,4202
4363,4911,58.0,5798
4911,4916,43.4,4344
4916,4911,56.6,5656
4911,1690,34.0,3404
1690,4911,66.0,6596
4911,4909,44.5,4448
4909,4911,55.5,5552
4911,285,31.3,3134
285,4911,68.7,6866
4911,211,41.2,4121
211,4911,58.8,5879
4911,1719,32.7,3270
1719,4911,67.3,6730
4911,4546,57.4,5743
4546,4911,42.6,4257
4911,2043,41.0,4105
2043,4911,59.0,5895
4911,4541,81.1,8112
4541,4911,18.9,1888
4911,4603,34.8,3476
4603,4911,65.2,6524
4911,4914,62.3,6233
4914,4911,37.7,3767
4911,2037,44.2,4417
2037,4911,55.8,5583
4911,194,20.7,2071
194,4911,79.3,7929
4911,3712,37.3,3729
3712,4911,62.7,6271
4911,1722,38.9,3891
1722,4911,61.1,6109
4911,77,35.6,3557
77,4911,64.4,6443
4911,1687,41.6,4156
1687,4911,58.4,5844
4911,4256,39.8,3979
4256,4911,60.2,6021
4911,4528,50.2,5022
4528,4911,49.8,4978
4911,4923,50.8,5079
4923,4911,49.2,4921
4911,942,39.6,3958
942,4911,60.4,6042
4911,1016,58.8,5880
1016,4911,41.2,4120
4911,253,33.3,3334
253,4911,66.7,6666
4911,1693,15.4,1544
1693,4911,84.6,8456
4911,1728,29.0,2901
1728,4911,71.0,7099
4911,1535,32.7,3266
1535,4911,67.3,6734
4911,4522,69.6,6956
4522,4911,30.4,3044
4911,287,33.6,3360
287,4911,66.4,6640
4911,1172,37.6,3756
1172,4911,62.4,6244
4911,4912,64.4,6441
4912,4911,35.6,3559
4911,1696,8.1,811
1696,4911,91.9,9189
4911,283,47.1,4709
283,4911,52.9,5291
4911,1563,27.2,2722
1563,4911,72.8,7278
4911,4531,42.8,4283
4531,4911,57.2,5717
4911,245,23.3,2333
245,4911,76.7,7667
4911,4800,37.2,3720
4800,4911,62.8,6280
4911,241,36.6,3656
241,4911,63.4,6344
4911,1084,34.1,3406
1084,4911,65.9,6594
4911,2046,45.0,4497
2046,4911,55.0,5503
4911,1557,55.3,5529
1557,4911,44.7,4471
4911,1041,29.2,2922
1041,4911,70.8,7078
4911,4255,37.2,3724
4255,4911,62.8,6276
4911,1684,21.8,2175
1684,4911,78.2,7825
4911,4864,18.6,1857
4864,4911,81.4,8143
4911,1487,28.1,2806
1487,4911,71.9,7194
4911,239,24.3,2432
239,4911,75.7,7568
4911,196,14.1,1405
196,4911,86.0,8595
4911,279,23.9,2391
279,4911,76.1,7609
4911,4919,57.9,5787
4919,4911,42.1,4213
4911,4524,55.3,5526
4524,4911,44.7,4474
4911,4788,35.5,3548
4788,4911,64.5,6452
1489,4925,58.7,5869
4925,1489,41.3,4131
1489,213,52.7,5274
213,1489,47.3,4726
1489,4798,53.8,5377
4798,1489,46.2,4623
1489,4548,46.5,4646
4548,1489,53.5,5354
1489,237,55.0,5503
237,1489,45.0,4497
1489,1166,46.0,4599
1166,1489,54.0,5401
1489,936,64.4,6443
936,1489,35.6,3557
1489,229,41.5,4151
229,1489,58.5,5849
1489,3694,36.2,3625
3694,1489,63.7,6375
1489,946,33.0,3300
946,1489,67.0,6700
1489,4520,46.5,4646
4520,1489,53.5,5354
1489,203,70.7,7069
203,1489,29.3,2931
1489,4892,53.2,5321
4892,1489,46.8,4679
1489,1013,65.1,6512
1013,1489,34.9,3488
1489,221,31.0,3101
221,1489,69.0,6899
1489,247,50.1,5014
247,1489,49.9,4986
1489,4924,74.7,7471
4924,1489,25.3,2529
1489,201,43.0,4297
201,1489,57.0,5703
1489,4509,53.8,5376
4509,1489,46.2,4624
1489,4757,61.5,6149
4757,1489,38.5,3851
1489,4521,50.4,5036
4521,1489,49.6,4964
1489,4920,63.9,6392
4920,1489,36.1,3608
1489,1493,68.3,6834
1493,1489,31.7,3166
1489,4544,63.0,6305
4544,1489,37.0,3695
1489,4259,41.9,4195
4259,1489,58.1,5805
1489,4535,57.5,5749
4535,1489,42.5,4251
1489,277,70.2,7020
277,1489,29.8,2980
1489,972,36.4,3636
972,1489,63.6,6364
1489,4504,61.0,6103
4504,1489,39.0,3897
1489,4529,71.4,7144
4529,1489,28.6,2856
1489,198,34.6,3460
198,1489,65.4,6540
1489,4489,50.4,5039
4489,1489,49.6,4961
1489,4246,35.8,3576
4246,1489,64.2,6424
1489,4910,45.5,4553
4910,1489,54.5,5447
1489,1485,67.9,6793
1485,1489,32.1,3207
1489,4922,65.3,6535
4922,1489,34.6,3465
1489,4423,56.4,5642
4423,1489,43.6,4358
1489,4517,59.2,5918
4517,1489,40.8,4082
1489,4426,58.7,5873
4426,1489,41.3,4127
1489,4527,54.8,5475
4527,1489,45.2,4525
1489,961,38.3,3826
961,1489,61.7,6174
1489,227,52.7,5273
227,1489,47.3,4727
1489,4908,57.8,5781
4908,1489,42.2,4219
1489,1169,29.4,2940
1169,1489,70.6,7060
1489,4422,71.8,7177
4422,1489,28.2,2823
1489,251,44.9,4487
251,1489,55.1,5513
1489,4921,59.0,5903
4921,1489,41.0,4097
1489,1183,52.1,5214
1183,1489,47.9,4786
1489,4424,65.0,6501
4424,1489,35.0,3499
1489,996,69.3,6933
996,1489,30.7,3067
1489,4545,84.3,8432
4545,1489,15.7,1568
1489,4257,51.0,5100
4257,1489,49.0,4900
1489,4254,47.9,4786
4254,1489,52.1,5214
1489,3709,26.4,2639
3709,1489,73.6,7361
1489,4917,62.9,6286
4917,1489,37.1,3714
1489,4519,65.2,6521
4519,1489,34.8,3479
1489,4431,50.6,5064
4431,1489,49.4,4936
1489,4518,63.2,6323
4518,1489,36.8,3677
1489,4915,74.0,7401
4915,1489,26.0,2599
1489,289,29.5,2946
289,1489,70.5,7054
1489,2521,59.6,5958
2521,1489,40.4,4042
1489,4530,43.8,4378
4530,1489,56.2,5622
1489,1136,63.8,6384
1136,1489,36.2,3616
1489,297,42.3,4233
297,1489,57.7,5767
1489,4913,46.3,4634
4913,1489,53.7,5366
1489,4607,32.0,3200
4607,1489,68.0,6800
1489,1044,30.1,3012
1044,1489,69.9,6988
1489,2799,49.8,4976
2799,1489,50.2,5024
1489,179,26.7,2665
179,1489,73.4,7335
1489,1075,43.8,4380
1075,1489,56.2,5620
1489,4538,73.6,7359
4538,1489,26.4,2641
1489,4258,47.5,4748
4258,1489,52.5,5252
1489,4906,54.0,5397
4906,1489,46.0,4603
1489,1019,50.0,4997
1019,1489,50.0,5003
1489,4597,52.4,5242
4597,1489,47.6,4758
1489,217,24.3,2435
217,1489,75.6,7565
1489,261,48.7,4866
261,1489,51.3,5134
1489,1520,39.0,3898
1520,1489,61.0,6102
1489,1292,56.7,5673
1292,1489,43.3,4327
1489,269,53.7,5372
269,1489,46.3,4628
1489,1148,59.6,5957
1148,1489,40.4,4043
1489,223,50.1,5013
223,1489,49.9,4987
1489,1072,50.4,5040
1072,1489,49.6,4960
1489,4728,42.4,4242
4728,1489,57.6,5758
1489,1037,45.2,4523
1037,1489,54.8,5477
1489,4363,51.4,5137
4363,1489,48.6,4863
1489,4916,53.1,5314
4916,1489,46.9,4686
1489,1690,42.7,4273
1690,1489,57.3,5727
1489,4909,54.2,5424
4909,1489,45.8,4576
1489,285,42.1,4206
285,1489,57.9,5794
1489,211,52.6,5261
211,1489,47.4,4739
1489,1719,42.5,4250
1719,1489,57.5,5750
1489,4546,67.3,6729
4546,1489,32.7,3271
1489,2043,51.6,5162
2043,1489,48.4,4838
1489,4541,86.7,8669
4541,1489,13.3,1331
1489,4603,44.6,4459
4603,1489,55.4,5541
1489,4914,71.2,7121
4914,1489,28.8,2879
1489,2037,54.9,5489
2037,1489,45.1,4511
1489,194,28.2,2820
194,1489,71.8,7180
1489,3712,47.5,4746
3712,1489,52.5,5254
1489,1722,48.6,4857
1722,1489,51.4,5143
1489,77,46.9,4686
77,1489,53.1,5314
1489,1687,52.3,5235
1687,1489,47.6,4765
1489,4256,49.5,4949
4256,1489,50.5,5051
1489,4528,60.1,6005
4528,1489,40.0,3995
1489,4923,61.7,6174
4923,1489,38.3,3826
1489,942,48.9,4895
942,1489,51.0,5105
1489,1016,66.8,6679
1016,1489,33.2,3321
1489,253,43.0,4297
253,1489,57.0,5703
1489,1693,20.9,2086
1693,1489,79.1,7914
1489,1728,38.2,3822
1728,1489,61.8,6178
1489,1535,42.5,4253
1535,1489,57.5,5747
1489,4522,77.8,7785
4522,1489,22.1,2215
1489,287,43.3,4330
287,1489,56.7,5670
1489,1172,47.2,4717
1172,1489,52.8,5283
1489,4912,73.1,7313
4912,1489,26.9,2687
1489,1696,12.8,1284
1696,1489,87.2,8716
1489,283,56.5,5647
283,1489,43.5,4353
1489,1563,35.4,3540
1563,1489,64.6,6460
1489,4531,53.0,5298
4531,1489,47.0,4702
1489,245,32.5,3251
245,1489,67.5,6749
1489,4800,48.1,4812
4800,1489,51.9,5188
1489,241,47.2,4725
241,1489,52.8,5275
1489,1084,42.7,4266
1084,1489,57.3,5734
1489,2046,53.6,5361
2046,1489,46.4,4639
1489,1557,64.8,6483
1557,1489,35.2,3517
1489,1041,38.1,3811
1041,1489,61.9,6189
1489,4255,47.0,4703
4255,1489,53.0,5297
1489,1684,29.9,2986
1684,1489,70.1,7014
1489,4864,25.3,2534
4864,1489,74.7,7466
1489,1487,36.5,3652
1487,1489,63.5,6348
1489,239,33.4,3342
239,1489,66.6,6658
1489,196,20.3,2027
196,1489,79.7,7973
1489,279,30.9,3087
279,1489,69.1,6913
1489,4919,67.6,6757
4919,1489,32.4,3243
1489,4524,65.8,6579
4524,1489,34.2,3421
1489,4788,45.4,4541
4788,1489,54.6,5459
4925,213,43.7,4368
213,4925,56.3,5632
4925,4798,46.2,4618
4798,4925,53.8,5382
4925,4548,37.1,3707
4548,4925,62.9,6293
4925,237,46.4,4641
237,4925,53.6,5359
4925,1166,36.9,3693
1166,4925,63.1,6307
4925,936,56.0,5595
936,4925,44.0,4405
4925,229,33.6,3358
229,4925,66.4,6642
4925,3694,28.0,2797
3694,4925,72.0,7203
4925,946,24.4,2442
946,4925,75.6,7558
4925,4520,38.4,3836
4520,4925,61.6,6164
4925,203,62.5,6248
203,4925,37.5,3752
4925,4892,44.4,4441
4892,4925,55.6,5559
4925,1013,56.6,5656
1013,4925,43.4,4344
4925,221,22.5,2249
221,4925,77.5,7751
4925,247,41.7,4171
247,4925,58.3,5829
4925,4924,67.6,6762
4924,4925,32.4,3238
4925,201,34.8,3484
201,4925,65.2,6516
4925,4509,44.1,4413
4509,4925,55.9,5587
4925,4757,52.0,5204
4757,4925,48.0,4796
4925,4521,40.1,4007
4521,4925,59.9,5993
4925,4920,54.5,5448
4920,4925,45.5,4552
4925,1493,61.3,6128
1493,4925,38.7,3872
4925,4544,55.1,5512
4544,4925,44.9,4488
4925,4259,33.4,3335
4259,4925,66.6,6665
4925,4535,49.7,4968
4535,4925,50.3,5032
4925,277,62.3,6225
277,4925,37.8,3775
4925,972,28.1,2813
972,4925,71.9,7187
4925,4504,51.9,5188
4504,4925,48.1,4812
4925,4529,63.7,6371
4529,4925,36.3,3629
4925,198,27.5,2754
198,4925,72.5,7246
4925,4489,40.3,4033
4489,4925,59.7,5967
4925,4246,28.0,2796
4246,4925,72.0,7204
4925,4910,37.1,3706
4910,4925,62.9,6294
4925,1485,60.8,6081
1485,4925,39.2,3919
4925,4922,55.9,5593
4922,4925,44.1,4407
4925,4423,47.2,4718
4423,4925,52.8,5282
4925,4517,49.5,4951
4517,4925,50.5,5049
4925,4426,50.3,5033
4426,4925,49.7,4967
4925,4527,45.7,4569
4527,4925,54.3,5431
4925,961,29.4,2943
961,4925,70.6,7057
4925,227,43.6,4358
227,4925,56.4,5642
4925,4908,49.3,4933
4908,4925,50.7,5067
4925,1169,22.0,2201
1169,4925,78.0,7799
4925,4422,62.0,6198
4422,4925,38.0,3802
4925,251,37.3,3727
251,4925,62.7,6273
4925,4921,51.2,5118
4921,4925,48.8,4882
4925,1183,42.3,4228
1183,4925,57.7,5772
4925,4424,56.5,5645
4424,4925,43.5,4355
4925,996,61.1,6110
996,4925,38.9,3890
4925,4545,78.3,7833
4545,4925,21.7,2167
4925,4257,42.0,4205
4257,4925,58.0,5795
4925,4254,39.2,3916
4254,4925,60.8,6084
4925,3709,19.6,1964
3709,4925,80.4,8036
4925,4917,54.4,5439
4917,4925,45.6,4561
4925,4519,57.4,5743
4519,4925,42.6,4257
4925,4431,42.2,4225
4431,4925,57.8,5775
4925,4518,54.7,5470
4518,4925,45.3,4530
4925,4915,66.5,6647
4915,4925,33.5,3353
4925,289,23.6,2361
289,4925,76.4,7639
4925,2521,51.2,5117
2521,4925,48.8,4883
4925,4530,34.9,3489
4530,4925,65.1,6511
4925,1136,55.8,5581
1136,4925,44.2,4419
4925,297,33.8,3384
297,4925,66.2,6616
4925,4913,39.6,3957
4913,4925,60.4,6043
4925,4607,24.5,2452
4607,4925,75.5,7548
4925,1044,23.2,2320
1044,4925,76.8,7680
4925,2799,42.0,4198
2799,4925,58.0,5802
4925,179,19.5,1953
179,4925,80.5,8047
4925,1075,35.6,3564
1075,4925,64.4,6436
4925,4538,65.6,6556
4538,4925,34.4,3444
4925,4258,39.0,3895
4258,4925,61.1,6105
4925,4906,45.3,4527
4906,4925,54.7,5473
4925,1019,42.2,4219
1019,4925,57.8,5781
4925,4597,43.1,4308
4597,4925,56.9,5692
4925,217,18.2,1817
217,4925,81.8,8183
4925,261,40.2,4019
261,4925,59.8,5981
4925,1520,30.2,3024
1520,4925,69.8,6976
4925,1292,49.4,4940
1292,4925,50.6,5060
4925,269,44.0,4405
269,4925,56.0,5595
4925,1148,50.2,5016
1148,4925,49.8,4984
4925,223,42.4,4245
223,4925,57.6,5755
4925,1072,42.0,4204
1072,4925,58.0,5796
4925,4728,34.7,3466
4728,4925,65.3,6534
4925,1037,37.3,3729
1037,4925,62.7,6271
4925,4363,43.8,4380
4363,4925,56.2,5620
4925,4916,45.8,4576
4916,4925,54.2,5424
4925,1690,34.9,3488
1690,4925,65.1,6512
4925,4909,45.4,4536
4909,4925,54.6,5464
4925,285,33.3,3334
285,4925,66.7,6666
4925,211,43.8,4380
211,4925,56.2,5620
4925,1719,33.6,3356
1719,4925,66.4,6644
4925,4546,58.5,5848
4546,4925,41.5,4152
4925,2043,43.3,4327
2043,4925,56.7,5673
4925,4541,81.0,8096
4541,4925,19.0,1904
4925,4603,35.9,3590
4603,4925,64.1,6410
4925,4914,64.2,6419
4914,4925,35.8,3581
4925,2037,45.9,4585
2037,4925,54.1,5415
4925,194,21.6,2163
194,4925,78.4,7837
4925,3712,38.3,3834
3712,4925,61.7,6166
4925,1722,38.3,3832
1722,4925,61.7,6168
4925,77,37.8,3775
77,4925,62.3,6225
4925,1687,43.8,4375
1687,4925,56.2,5625
4925,4256,41.4,4141
4256,4925,58.6,5859
4925,4528,50.8,5082
4528,4925,49.2,4918
4925,4923,51.8,5185
4923,4925,48.1,4815
4925,942,41.5,4148
942,4925,58.5,5852
4925,1016,58.0,5797
1016,4925,42.0,4203
4925,253,33.7,3373
253,4925,66.3,6627
4925,1693,16.2,1617
1693,4925,83.8,8383
4925,1728,30.7,3071
1728,4925,69.3,6929
4925,1535,33.5,3352
1535,4925,66.5,6648
4925,4522,71.1,7113
4522,4925,28.9,2887
4925,287,34.4,3445
287,4925,65.5,6555
4925,1172,39.2,3923
1172,4925,60.8,6077
4925,4912,64.7,6473
4912,4925,35.3,3527
4925,1696,9.0,901
1696,4925,91.0,9099
4925,283,47.9,4790
283,4925,52.1,5210
4925,1563,27.6,2755
1563,4925,72.5,7245
4925,4531,45.3,4528
4531,4925,54.7,5472
4925,245,25.3,2534
245,4925,74.7,7466
4925,4800,38.8,3879
4800,4925,61.2,6121
4925,241,37.4,3740
241,4925,62.6,6260
4925,1084,36.0,3598
1084,4925,64.0,6402
4925,2046,45.3,4531
2046,4925,54.7,5469
4925,1557,56.1,5607
1557,4925,43.9,4393
4925,1041,30.0,3005
1041,4925,70.0,6995
4925,4255,38.1,3811
4255,4925,61.9,6189
4925,1684,23.0,2298
1684,4925,77.0,7702
4925,4864,20.4,2042
4864,4925,79.6,7958
4925,1487,29.1,2910
1487,4925,70.9,7090
4925,239,25.7,2572
239,4925,74.3,7428
4925,196,14.6,1464
196,4925,85.4,8536
4925,279,24.3,2435
279,4925,75.6,7565
4925,4919,60.1,6009
4919,4925,39.9,3991
4925,4524,57.1,5709
4524,4925,42.9,4291
4925,4788,36.7,3671
4788,4925,63.3,6329
213,4798,52.0,5201
4798,213,48.0,4799
213,4548,42.9,4291
4548,213,57.1,5709
213,237,53.6,5364
237,213,46.4,4636
213,1166,43.9,4388
1166,213,56.1,5612
213,936,62.6,6258
936,213,37.4,3742
213,229,38.9,3894
229,213,61.1,6106
213,3694,34.1,3412
3694,213,65.9,6588
213,946,30.9,3093
946,213,69.1,6907
213,4520,44.9,4491
4520,213,55.1,5509
213,203,69.0,6895
203,213,31.1,3105
213,4892,52.1,5206
4892,213,47.9,4794
213,1013,62.3,6230
1013,213,37.7,3770
213,221,28.7,2875
221,213,71.2,7125
213,247,48.2,4819
247,213,51.8,5181
213,4924,73.8,7384
4924,213,26.2,2616
213,201,40.6,4055
201,213,59.5,5945
213,4509,51.8,5181
4509,213,48.2,4819
213,4757,59.3,5930
4757,213,40.7,4070
213,4521,46.9,4694
4521,213,53.1,5306
213,4920,62.6,6256
4920,213,37.4,3744
213,1493,66.4,6637
1493,213,33.6,3363
213,4544,61.8,6176
4544,213,38.2,3824
213,4259,38.8,3875
4259,213,61.3,6125
213,4535,55.2,5525
4535,213,44.8,4475
213,277,67.4,6737
277,213,32.6,3263
213,972,34.4,3435
972,213,65.6,6565
213,4504,58.8,5882
4504,213,41.2,4118
213,4529,69.5,6947
4529,213,30.5,3053
213,198,32.1,3211
198,213,67.9,6789
213,4489,46.9,4695
4489,213,53.0,5305
213,4246,33.9,3386
4246,213,66.1,6614
213,4910,43.0,4297
4910,213,57.0,5703
213,1485,67.2,6715
1485,213,32.9,3285
213,4922,64.1,6406
4922,213,35.9,3594
213,4423,53.7,5373
4423,213,46.3,4627
213,4517,56.0,5603
4517,213,44.0,4397
213,4426,56.7,5673
4426,213,43.3,4327
213,4527,52.3,5235
4527,213,47.6,4765
213,961,35.4,3542
961,213,64.6,6458
213,227,49.7,4967
227,213,50.3,5033
213,4908,56.1,5615
4908,213,43.9,4385
213,1169,27.9,2785
1169,213,72.2,7215
213,4422,69.0,6896
4422,213,31.0,3104
213,251,43.6,4360
251,213,56.4,5640
213,4921,56.7,5666
4921,213,43.3,4334
213,1183,49.6,4961
1183,213,50.4,5039
213,4424,63.2,6321
4424,213,36.8,3679
213,996,66.6,6665
996,213,33.4,3335
213,4545,82.2,8216
4545,213,17.8,1784
213,4257,48.1,4807
4257,213,51.9,5193
213,4254,45.5,4545
4254,213,54.5,5455
213,3709,24.5,2451
3709,213,75.5,7549
213,4917,60.8,6077
4917,213,39.2,3923
213,4519,63.0,6296
4519,213,37.0,3704
213,4431,47.9,4790
4431,213,52.1,5210
213,4518,60.6,6059
4518,213,39.4,3941
213,4915,72.1,7208
4915,213,27.9,2792
213,289,28.9,2890
289,213,71.1,7110
213,2521,56.7,5671
2521,213,43.3,4329
213,4530,41.9,4187
4530,213,58.1,5813
213,1136,61.4,6135
1136,213,38.6,3865
213,297,41.5,4146
297,213,58.5,5854
213,4913,44.7,4474
4913,213,55.3,5526
213,4607,30.0,3003
4607,213,70.0,6997
213,1044,28.3,2835
1044,213,71.7,7165
213,2799,48.1,4806
2799,213,51.9,5194
213,179,24.5,2454
179,213,75.5,7546
213,1075,41.4,4140
1075,213,58.6,5860
213,4538,72.2,7224
4538,213,27.8,2776
213,4258,45.2,4524
4258,213,54.8,5476
213,4906,50.9,5090
4906,213,49.1,4910
213,1019,47.4,4745
1019,213,52.5,5255
213,4597,49.7,4970
4597,213,50.3,5030
213,217,22.3,2227
217,213,77.7,7773
213,261,45.9,4590
261,213,54.1,5410
213,1520,36.3,3634
1520,213,63.7,6366
213,1292,55.8,5583
1292,213,44.2,4417
213,269,51.4,5141
269,213,48.6,4859
213,1148,56.4,5642
1148,213,43.6,4358
213,223,48.9,4888
223,213,51.1,5112
213,1072,47.6,4762
1072,213,52.4,5238
213,4728,40.8,4078
4728,213,59.2,5922
213,1037,42.4,4244
1037,213,57.6,5756
213,4363,49.8,4976
4363,213,50.2,5024
213,4916,51.0,5102
4916,213,49.0,4898
213,1690,40.8,4085
1690,213,59.2,5915
213,4909,52.2,5225
4909,213,47.8,4775
213,285,39.0,3895
285,213,61.1,6105
213,211,49.7,4968
211,213,50.3,5032
213,1719,40.2,4015
1719,213,59.9,5985
213,4546,64.5,6450
4546,213,35.5,3550
213,2043,49.8,4980
2043,213,50.2,5020
213,4541,85.5,8547
4541,213,14.5,1453
213,4603,41.5,4153
4603,213,58.5,5847
213,4914,70.0,7003
4914,213,30.0,2997
213,2037,52.9,5293
2037,213,47.1,4707
213,194,25.8,2581
194,213,74.2,7419
213,3712,45.0,4500
3712,213,55.0,5500
213,1722,45.8,4579
1722,213,54.2,5421
213,77,44.0,4401
77,213,56.0,5599
213,1687,50.1,5008
1687,213,49.9,4992
213,4256,46.2,4624
4256,213,53.8,5376
213,4528,57.6,5762
4528,213,42.4,4238
213,4923,57.2,5725
4923,213,42.8,4275
213,942,46.6,4657
942,213,53.4,5343
213,1016,64.2,6418
1016,213,35.8,3582
213,253,40.2,4015
253,213,59.9,5985
213,1693,19.8,1981
1693,213,80.2,8019
213,1728,35.7,3566
1728,213,64.3,6434
213,1535,39.4,3938
1535,213,60.6,6062
213,4522,76.5,7653
4522,213,23.5,2347
213,287,41.0,4100
287,213,59.0,5900
213,1172,45.1,4513
1172,213,54.9,5487
213,4912,72.3,7226
4912,213,27.7,2774
213,1696,11.8,1184
1696,213,88.2,8816
213,283,52.8,5284
283,213,47.2,4716
213,1563,33.0,3295
1563,213,67.0,6705
213,4531,51.2,5119
4531,213,48.8,4881
213,245,30.5,3054
245,213,69.5,6946
213,4800,45.0,4499
4800,213,55.0,5501
213,241,45.1,4508
241,213,54.9,5492
213,1084,40.7,4066
1084,213,59.3,5934
213,2046,52.3,5230
2046,213,47.7,4770
213,1557,62.4,6237
1557,213,37.6,3763
213,1041,35.5,3551
1041,213,64.5,6449
213,4255,42.8,4280
4255,213,57.2,5720
213,1684,27.5,2752
1684,213,72.5,7248
213,4864,23.7,2371
4864,213,76.3,7629
213,1487,35.1,3509
1487,213,64.9,6491
213,239,31.4,3142
239,213,68.6,6858
213,196,18.6,1859
196,213,81.4,8141
213,279,29.8,2975
279,213,70.2,7025
213,4919,64.8,6484
4919,213,35.2,3516
213,4524,62.9,6291
4524,213,37.1,3709
213,4788,43.9,4391
4788,213,56.1,5609
4798,4548,41.1,4114
4548,4798,58.9,5886
4798,237,51.3,5131
237,4798,48.7,4869
4798,1166,40.3,4029
1166,4798,59.7,5971
4798,936,60.3,6029
936,4798,39.7,3971
4798,229,37.0,3700
229,4798,63.0,6300
4798,3694,32.3,3233
3694,4798,67.7,6767
4798,946,27.9,2791
946,4798,72.1,7209
4798,4520,42.2,4224
4520,4798,57.8,5776
4798,203,65.5,6549
203,4798,34.5,3451
4798,4892,49.9,4990
4892,4798,50.1,5010
4798,1013,60.5,6047
1013,4798,39.5,3953
4798,221,26.8,2675
221,4798,73.2,7325
4798,247,46.4,4638
247,4798,53.6,5362
4798,4924,71.5,7147
4924,4798,28.5,2853
4798,201,38.9,3894
201,4798,61.1,6106
4798,4509,50.3,5032
4509,4798,49.7,4968
4798,4757,56.8,5684
4757,4798,43.2,4316
4798,4521,45.2,4519
4521,4798,54.8,5481
4798,4920,60.2,6021
4920,4798,39.8,3979
4798,1493,64.6,6456
1493,4798,35.4,3544
4798,4544,59.2,5924
4544,4798,40.8,4076
4798,4259,37.6,3764
4259,4798,62.4,6236
4798,4535,53.5,5355
4535,4798,46.5,4645
4798,277,66.1,6614
277,4798,33.9,3386
4798,972,30.5,3048
972,4798,69.5,6952
4798,4504,57.4,5736
4504,4798,42.6,4264
4798,4529,67.5,6750
4529,4798,32.5,3250
4798,198,31.8,3176
198,4798,68.2,6824
4798,4489,45.3,4534
4489,4798,54.7,5466
4798,4246,31.4,3144
4246,4798,68.6,6856
4798,4910,41.3,4126
4910,4798,58.7,5874
4798,1485,64.1,6412
1485,4798,35.9,3588
4798,4922,61.5,6145
4922,4798,38.6,3855
4798,4423,51.1,5113
4423,4798,48.9,4887
4798,4517,53.6,5359
4517,4798,46.4,4641
4798,4426,54.7,5472
4426,4798,45.3,4528
4798,4527,50.7,5073
4527,4798,49.3,4927
4798,961,33.5,3349
961,4798,66.5,6651
4798,227,47.4,4739
227,4798,52.6,5261
4798,4908,53.3,5329
4908,4798,46.7,4671
4798,1169,24.4,2441
1169,4798,75.6,7559
4798,4422,66.5,6652
4422,4798,33.5,3348
4798,251,40.8,4083
251,4798,59.2,5917
4798,4921,54.6,5458
4921,4798,45.4,4542
4798,1183,46.4,4639
1183,4798,53.6,5361
4798,4424,60.1,6014
4424,4798,39.9,3986
4798,996,65.3,6535
996,4798,34.6,3465
4798,4545,80.8,8085
4545,4798,19.1,1915
4798,4257,45.9,4591
4257,4798,54.1,5409
4798,4254,43.1,4313
4254,4798,56.9,5687
4798,3709,23.2,2319
3709,4798,76.8,7681
4798,4917,58.1,5814
4917,4798,41.9,4186
4798,4519,61.0,6098
4519,4798,39.0,3902
4798,4431,46.2,4617
4431,4798,53.8,5383
4798,4518,58.0,5802
4518,4798,42.0,4198
4798,4915,71.6,7161
4915,4798,28.4,2839
4798,289,26.2,2623
289,4798,73.8,7377
4798,2521,55.0,5503
2521,4798,45.0,4497
4798,4530,38.4,3837
4530,4798,61.6,6163
4798,1136,58.9,5894
1136,4798,41.1,4106
4798,297,37.6,3758
297,4798,62.4,6242
4798,4913,43.2,4324
4913,4798,56.8,5676
4798,4607,27.1,2705
4607,4798,73.0,7295
4798,1044,26.2,2616
1044,4798,73.8,7384
4798,2799,45.0,4496
2799,4798,55.0,5504
4798,179,22.6,2257
179,4798,77.4,7743
4798,1075,39.4,3943
1075,4798,60.6,6057
4798,4538,70.4,7043
4538,4798,29.6,2957
4798,4258,43.2,4322
4258,4798,56.8,5678
4798,4906,47.5,4747
4906,4798,52.5,5253
4798,1019,45.6,4564
1019,4798,54.4,5436
4798,4597,47.4,4741
4597,4798,52.6,5259
4798,217,19.9,1991
217,4798,80.1,8009
4798,261,43.5,4350
261,4798,56.5,5650
4798,1520,34.3,3427
1520,4798,65.7,6573
4798,1292,53.2,5320
1292,4798,46.8,4680
4798,269,50.2,5023
269,4798,49.8,4977
4798,1148,54.3,5429
1148,4798,45.7,4571
4798,223,46.4,4639
223,4798,53.6,5361
4798,1072,46.4,4640
1072,4798,53.6,5360
4798,4728,38.0,3799
4728,4798,62.0,6201
4798,1037,40.0,3998
1037,4798,60.0,6002
4798,4363,47.8,4775
4363,4798,52.2,5225
4798,4916,49.4,4942
4916,4798,50.6,5058
4798,1690,38.6,3864
1690,4798,61.4,6136
4798,4909,49.9,4991
4909,4798,50.1,5009
4798,285,36.7,3671
285,4798,63.3,6329
4798,211,47.9,4794
211,4798,52.1,5206
4798,1719,38.1,3807
1719,4798,61.9,6193
4798,4546,62.7,6269
4546,4798,37.3,3731
4798,2043,46.7,4673
2043,4798,53.3,5327
4798,4541,83.8,8381
4541,4798,16.2,1619
4798,4603,40.1,4007
4603,4798,59.9,5993
4798,4914,67.5,6749
4914,4798,32.5,3251
4798,2037,50.0,5000
2037,4798,50.0,5000
4798,194,23.7,2372
194,4798,76.3,7628
4798,3712,42.6,4260
3712,4798,57.4,5740
4798,1722,44.0,4396
1722,4798,56.0,5604
4798,77,42.4,4241
77,4798,57.6,5759
4798,1687,48.6,4858
1687,4798,51.4,5142
4798,4256,44.7,4466
4256,4798,55.3,5534
4798,4528,55.6,5556
4528,4798,44.4,4444
4798,4923,55.8,5583
4923,4798,44.2,4417
4798,942,45.1,4514
942,4798,54.9,5486
4798,1016,62.8,6276
1016,4798,37.2,3724
4798,253,37.5,3749
253,4798,62.5,6251
4798,1693,19.0,1898
1693,4798,81.0,8102
4798,1728,34.3,3426
1728,4798,65.7,6574
4798,1535,38.0,3797
1535,4798,62.0,6203
4798,4522,74.2,7415
4522,4798,25.9,2585
4798,287,38.4,3841
287,4798,61.6,6159
4798,1172,44.3,4434
1172,4798,55.7,5566
4798,4912,69.5,6954
4912,4798,30.5,3046
4798,1696,11.0,1100
1696,4798,89.0,8900
4798,283,51.3,5128
283,4798,48.7,4872
4798,1563,30.9,3086
1563,4798,69.1,6914
4798,4531,49.7,4971
4531,4798,50.3,5029
4798,245,28.6,2857
245,4798,71.4,7143
4798,4800,44.3,4430
4800,4798,55.7,5570
4798,241,42.2,4224
241,4798,57.8,5776
4798,1084,39.1,3915
1084,4798,60.9,6085
4798,2046,50.7,5069
2046,4798,49.3,4931
4798,1557,61.1,6109
1557,4798,38.9,3891
4798,1041,33.1,3315
1041,4798,66.8,6685
4798,4255,41.3,4134
4255,4798,58.7,5866
4798,1684,25.7,2571
1684,4798,74.3,7429
4798,4864,22.4,2245
4864,4798,77.5,7755
4798,1487,32.8,3282
1487,4798,67.2,6718
4798,239,29.7,2974
239,4798,70.3,7026
4798,196,16.4,1636
196,4798,83.6,8364
4798,279,27.7,2774
279,4798,72.3,7226
4798,4919,62.9,6290
4919,4798,37.1,3710
4798,4524,61.1,6113
4524,4798,38.9,3887
4798,4788,40.2,4019
4788,4798,59.8,5981
4548,237,59.8,5978
237,4548,40.2,4022
4548,1166,49.8,4976
1166,4548,50.2,5024
4548,936,68.9,6891
936,4548,31.1,3109
4548,229,46.3,4629
229,4548,53.7,5371
4548,3694,40.0,3996
3694,4548,60.0,6004
4548,946,36.4,3637
946,4548,63.6,6363
4548,4520,50.6,5062
4520,4548,49.4,4938
4548,203,74.0,7396
203,4548,26.0,2604
4548,4892,58.1,5809
4892,4548,41.9,4191
4548,1013,68.2,6822
1013,4548,31.8,3178
4548,221,34.4,3445
221,4548,65.5,6555
4548,247,54.5,5452
247,4548,45.5,4548
4548,4924,78.1,7812
4924,4548,21.9,2188
4548,201,47.2,4720
201,4548,52.8,5280
4548,4509,58.5,5847
4509,4548,41.5,4153
4548,4757,65.5,6553
4757,4548,34.5,3447
4548,4521,54.1,5410
4521,4548,45.9,4590
4548,4920,68.5,6851
4920,4548,31.5,3149
4548,1493,72.5,7248
1493,4548,27.5,2752
4548,4544,68.3,6832
4544,4548,31.7,3168
4548,4259,45.9,4587
4259,4548,54.1,5413
4548,4535,61.7,6172
4535,4548,38.3,3828
4548,277,73.8,7375
277,4548,26.2,2625
4548,972,40.8,4085
972,4548,59.2,5915
4548,4504,64.9,6486
4504,4548,35.1,3514
4548,4529,74.8,7480
4529,4548,25.2,2520
4548,198,38.6,3859
198,4548,61.4,6141
4548,4489,54.2,5420
4489,4548,45.8,4580
4548,4246,39.5,3952
4246,4548,60.5,6048
4548,4910,49.7,4968
4910,4548,50.3,5032
4548,1485,72.2,7224
1485,4548,27.8,2776
4548,4922,69.5,6952
4922,4548,30.5,3048
4548,4423,60.4,6043
4423,4548,39.6,3957
4548,4517,63.2,6316
4517,4548,36.8,3684
4548,4426,62.5,6248
4426,4548,37.5,3752
4548,4527,59.8,5983
4527,4548,40.2,4017
4548,961,42.5,4247
961,4548,57.5,5753
4548,227,56.1,5612
227,4548,43.9,4388
4548,4908,62.1,6207
4908,4548,37.9,3793
4548,1169,32.7,3272
1169,4548,67.3,6728
4548,4422,73.9,7389
4422,4548,26.1,2611
4548,251,50.3,5030
251,4548,49.7,4970
4548,4921,63.7,6372
4921,4548,36.3,3628
4548,1183,57.1,5715
1183,4548,42.9,4285
4548,4424,68.1,6809
4424,4548,31.9,3191
4548,996,73.1,7310
996,4548,26.9,2690
4548,4545,87.0,8695
4545,4548,13.1,1305
4548,4257,54.2,5420
4257,4548,45.8,4580
4548,4254,52.2,5216
4254,4548,47.8,4784
4548,3709,30.5,3048
3709,4548,69.5,6952
4548,4917,67.9,6786
4917,4548,32.1,3214
4548,4519,69.7,6969
4519,4548,30.3,3031
4548,4431,56.1,5612
4431,4548,43.9,4388
4548,4518,67.0,6699
4518,4548,33.0,3301
4548,4915,77.9,7786
4915,4548,22.1,2214
4548,289,34.3,3429
289,4548,65.7,6571
4548,2521,64.4,6442
2521,4548,35.6,3558
4548,4530,47.6,4765
4530,4548,52.3,5235
4548,1136,66.2,6621
1136,4548,33.8,3379
4548,297,46.3,4626
297,4548,53.7,5374
4548,4913,51.3,5129
4913,4548,48.7,4871
4548,4607,35.6,3564
4607,4548,64.4,6436
4548,1044,33.9,3390
1044,4548,66.1,6610
4548,2799,53.9,5390
2799,4548,46.1,4610
4548,179,30.4,3045
179,4548,69.5,6955
4548,1075,48.1,4806
1075,4548,51.9,5194
4548,4538,77.0,7701
4538,4548,23.0,2299
4548,4258,52.8,5275
4258,4548,47.2,4725
4548,4906,57.7,5768
4906,4548,42.3,4232
4548,1019,55.6,5560
1019,4548,44.4,4440
4548,4597,56.6,5663
4597,4548,43.4,4337
4548,217,28.1,2812
217,4548,71.9,7188
4548,261,52.2,5223
261,4548,47.8,4777
4548,1520,42.7,4266
1520,4548,57.3,5734
4548,1292,61.2,6119
1292,4548,38.8,3881
4548,269,57.5,5752
269,4548,42.5,4248
4548,1148,62.9,6287
1148,4548,37.1,3713
4548,223,55.6,5564
223,4548,44.4,4436
4548,1072,54.3,5426
1072,4548,45.7,4574
4548,4728,46.5,4650
4728,4548,53.5,5350
4548,1037,48.1,4807
1037,4548,51.9,5193
4548,4363,56.6,5659
4363,4548,43.4,4341
4548,4916,57.8,5783
4916,4548,42.2,4217
4548,1690,47.8,4779
1690,4548,52.2,5221
4548,4909,58.9,5891
4909,4548,41.1,4109
4548,285,45.5,4548
285,4548,54.5,5452
4548,211,56.7,5666
211,4548,43.3,4334
4548,1719,46.5,4650
1719,4548,53.5,5350
4548,4546,70.9,7088
4546,4548,29.1,2912
4548,2043,56.7,5668
2043,4548,43.3,4332
4548,4541,89.2,8925
4541,4548,10.8,1075
4548,4603,48.4,4838
4603,4548,51.6,5162
4548,4914,75.3,7531
4914,4548,24.7,2469
4548,2037,59.1,5906
2037,4548,40.9,4094
4548,194,31.1,3108
194,4548,68.9,6892
4548,3712,50.7,5072
3712,4548,49.3,4928
4548,1722,52.1,5210
1722,4548,47.9,4790
4548,77,50.1,5011
77,4548,49.9,4989
4548,1687,57.0,5699
1687,4548,43.0,4301
4548,4256,53.4,5340
4256,4548,46.6,4660
4548,4528,63.5,6346
4528,4548,36.5,3654
4548,4923,65.3,6530
4923,4548,34.7,3470
4548,942,53.0,5299
942,4548,47.0,4701
4548,1016,71.0,7095
1016,4548,29.0,2905
4548,253,45.7,4574
253,4548,54.3,5426
4548,1693,24.8,2480
1693,4548,75.2,7520
4548,1728,41.4,4141
1728,4548,58.6,5859
4548,1535,45.9,4585
1535,4548,54.1,5415
4548,4522,81.3,8128
4522,4548,18.7,1872
4548,287,47.1,4711
287,4548,52.9,5289
4548,1172,51.9,5192
1172,4548,48.1,4808
4548,4912,76.9,7694
4912,4548,23.1,2306
4548,1696,15.2,1524
1696,4548,84.8,8476
4548,283,61.3,6126
283,4548,38.7,3874
4548,1563,39.2,3917
1563,4548,60.8,6083
4548,4531,57.6,5756
4531,4548,42.4,4244
4548,245,36.1,3615
245,4548,63.8,6385
4548,4800,52.0,5198
4800,4548,48.0,4802
4548,241,51.3,5133
241,4548,48.7,4867
4548,1084,47.3,4733
1084,4548,52.7,5267
4548,2046,57.7,5772
2046,4548,42.3,4228
4548,1557,68.8,6883
1557,4548,31.2,3117
4548,1041,42.3,4231
1041,4548,57.7,5769
4548,4255,50.9,5088
4255,4548,49.1,4912
4548,1684,33.4,3340
1684,4548,66.6,6660
4548,4864,29.7,2966
4864,4548,70.3,7034
4548,1487,40.8,4076
1487,4548,59.2,5924
4548,239,37.0,3704
239,4548,63.0,6296
4548,196,22.2,2221
196,4548,77.8,7779
4548,279,36.1,3611
279,4548,63.9,6389
4548,4919,71.3,7127
4919,4548,28.7,2873
4548,4524,69.6,6963
4524,4548,30.4,3037
4548,4788,49.9,4990
4788,4548,50.1,5010
237,1166,39.4,3943
1166,237,60.6,6057
237,936,59.7,5972
936,237,40.3,4028
237,229,37.4,3737
229,237,62.6,6263
237,3694,31.6,3164
3694,237,68.4,6836
237,946,27.1,2713
946,237,72.9,7287
237,4520,40.9,4087
4520,237,59.1,5913
237,203,65.5,6553
203,237,34.5,3447
237,4892,48.1,4815
4892,237,51.8,5185
237,1013,59.4,5938
1013,237,40.6,4062
237,221,25.6,2559
221,237,74.4,7441
237,247,44.8,4476
247,237,55.2,5524
237,4924,70.7,7069
4924,237,29.3,2931
237,201,38.4,3838
201,237,61.6,6162
237,4509,48.3,4830
4509,237,51.7,5170
237,4757,56.1,5614
4757,237,43.9,4386
237,4521,45.0,4498
4521,237,55.0,5502
237,4920,59.2,5923
4920,237,40.8,4077
237,1493,63.3,6334
1493,237,36.7,3666
237,4544,58.4,5838
4544,237,41.6,4162
237,4259,36.8,3683
4259,237,63.2,6317
237,4535,52.3,5231
4535,237,47.7,4769
237,277,65.2,6521
277,237,34.8,3479
237,972,31.6,3158
972,237,68.4,6842
237,4504,56.4,5639
4504,237,43.6,4361
237,4529,66.7,6674
4529,237,33.3,3326
237,198,29.5,2952
198,237,70.5,7048
237,4489,45.1,4512
4489,237,54.9,5488
237,4246,31.1,3113
4246,237,68.9,6887
237,4910,41.4,4141
4910,237,58.6,5859
237,1485,63.6,6361
1485,237,36.4,3639
237,4922,60.2,6019
4922,237,39.8,3981
237,4423,51.2,5118
4423,237,48.8,4882
237,4517,53.6,5363
4517,237,46.4,4637
237,4426,53.7,5373
4426,237,46.3,4627
237,4527,50.0,5005
4527,237,50.0,4995
237,961,33.3,3333
961,237,66.7,6667
237,227,46.9,4688
227,237,53.1,5312
237,4908,53.3,5326
4908,237,46.7,4674
237,1169,25.2,2524
1169,237,74.8,7476
237,4422,65.8,6583
4422,237,34.2,3417
237,251,40.4,4043
251,237,59.6,5957
237,4921,53.4,5337
4921,237,46.6,4663
237,1183,46.3,4626
1183,237,53.7,5374
237,4424,59.7,5972
4424,237,40.3,4028
237,996,65.1,6515
996,237,34.8,3485
237,4545,80.2,8016
4545,237,19.8,1984
237,4257,45.4,4539
4257,237,54.6,5461
237,4254,42.7,4269
4254,237,57.3,5731
237,3709,22.6,2261
3709,237,77.4,7739
237,4917,58.4,5839
4917,237,41.6,4161
237,4519,59.8,5983
4519,237,40.2,4017
237,4431,46.9,4693
4431,237,53.1,5307
237,4518,57.3,5726
4518,237,42.7,4274
237,4915,69.6,6959
4915,237,30.4,3041
237,289,25.5,2546
289,237,74.5,7454
237,2521,54.1,5411
2521,237,45.9,4589
237,4530,38.1,3814
4530,237,61.9,6186
237,1136,58.5,5850
1136,237,41.5,4150
237,297,37.0,3703
297,237,63.0,6297
237,4913,42.3,4229
4913,237,57.7,5771
237,4607,28.2,2825
4607,237,71.8,7175
237,1044,25.7,2574
1044,237,74.3,7426
237,2799,44.7,4470
2799,237,55.3,5530
237,179,22.4,2236
179,237,77.6,7764
237,1075,38.4,3844
1075,237,61.6,6156
237,4538,68.5,6846
4538,237,31.5,3154
237,4258,42.4,4241
4258,237,57.6,5759
237,4906,48.0,4805
4906,237,51.9,5195
237,1019,45.2,4522
1019,237,54.8,5478
237,4597,47.1,4714
4597,237,52.9,5286
237,217,19.3,1928
217,237,80.7,8072
237,261,43.2,4323
261,237,56.8,5677
237,1520,32.8,3279
1520,237,67.2,6721
237,1292,53.0,5296
1292,237,47.0,4704
237,269,48.4,4842
269,237,51.6,5158
237,1148,53.7,5370
1148,237,46.3,4630
237,223,46.0,4603
223,237,54.0,5397
237,1072,44.6,4457
1072,237,55.4,5543
237,4728,37.7,3771
4728,237,62.3,6229
237,1037,40.0,3997
1037,237,60.0,6003
237,4363,46.9,4691
4363,237,53.1,5309
237,4916,47.5,4746
4916,237,52.5,5254
237,1690,37.6,3765
1690,237,62.4,6235
237,4909,49.2,4923
4909,237,50.8,5077
237,285,36.9,3694
285,237,63.1,6306
237,211,46.5,4648
211,237,53.5,5352
237,1719,37.0,3705
1719,237,62.9,6295
237,4546,62.2,6222
4546,237,37.8,3778
237,2043,45.6,4562
2043,237,54.4,5438
237,4541,84.1,8413
4541,237,15.9,1587
237,4603,38.7,3872
4603,237,61.3,6128
237,4914,66.6,6664
4914,237,33.4,3336
237,2037,49.7,4967
2037,237,50.3,5033
237,194,23.8,2385
194,237,76.1,7615
237,3712,41.9,4190
3712,237,58.1,5810
237,1722,42.4,4239
1722,237,57.6,5761
237,77,41.1,4106
77,237,58.9,5894
237,1687,47.1,4714
1687,237,52.9,5286
237,4256,44.0,4399
4256,237,56.0,5601
237,4528,55.7,5566
4528,237,44.3,4434
237,4923,55.5,5553
4923,237,44.5,4447
237,942,45.8,4582
942,237,54.2,5418
237,1016,61.8,6184
1016,237,38.2,3816
237,253,36.9,3686
253,237,63.1,6314
237,1693,18.2,1819
1693,237,81.8,8181
237,1728,33.5,3353
1728,237,66.5,6647
237,1535,37.2,3716
1535,237,62.8,6284
237,4522,74.2,7415
4522,237,25.9,2585
237,287,38.1,3807
287,237,61.9,6193
237,1172,43.1,4307
1172,237,56.9,5693
237,4912,69.2,6925
4912,237,30.8,3075
237,1696,10.3,1029
1696,237,89.7,8971
237,283,50.5,5049
283,237,49.5,4951
237,1563,30.2,3021
1563,237,69.8,6979
237,4531,49.0,4901
4531,237,51.0,5099
237,245,28.0,2796
245,237,72.0,7204
237,4800,41.8,4181
4800,237,58.2,5819
237,241,40.2,4017
241,237,59.8,5983
237,1084,38.2,3817
1084,237,61.8,6183
237,2046,48.8,4879
2046,237,51.2,5121
237,1557,59.7,5967
1557,237,40.3,4033
237,1041,33.0,3296
1041,237,67.0,6704
237,4255,41.2,4117
4255,237,58.8,5883
237,1684,24.2,2418
1684,237,75.8,7582
237,4864,21.4,2142
4864,237,78.6,7858
237,1487,30.9,3086
1487,237,69.1,6914
237,239,29.1,2907
239,237,70.9,7093
237,196,16.3,1628
196,237,83.7,8372
237,279,27.3,2726
279,237,72.7,7274
237,4919,62.1,6209
4919,237,37.9,3791
237,4524,60.5,6046
4524,237,39.5,3954
237,4788,39.8,3982
4788,237,60.2,6018
1166,936,69.1,6914
936,1166,30.9,3086
1166,229,47.3,4729
229,1166,52.7,5271
1166,3694,41.5,4150
3694,1166,58.5,5850
1166,946,36.4,3639
946,1166,63.6,6361
1166,4520,52.0,5197
4520,1166,48.0,4803
1166,203,74.8,7480
203,1166,25.2,2520
1166,4892,59.4,5936
4892,1166,40.6,4064
1166,1013,69.7,6972
1013,1166,30.3,3028
1166,221,34.6,3457
221,1166,65.4,6543
1166,247,55.6,5560
247,1166,44.4,4440
1166,4924,79.0,7905
4924,1166,20.9,2095
1166,201,48.0,4803
201,1166,52.0,5197
1166,4509,59.6,5958
4509,1166,40.4,4042
1166,4757,66.4,6643
4757,1166,33.6,3357
1166,4521,54.7,5469
4521,1166,45.3,4531
1166,4920,69.3,6932
4920,1166,30.7,3068
1166,1493,72.4,7237
1493,1166,27.6,2763
1166,4544,68.1,6807
4544,1166,31.9,3193
1166,4259,46.7,4670
4259,1166,53.3,5330
1166,4535,62.6,6263
4535,1166,37.4,3737
1166,277,74.5,7451
277,1166,25.5,2549
1166,972,40.9,4090
972,1166,59.1,5910
1166,4504,65.5,6554
4504,1166,34.5,3446
1166,4529,75.0,7499
4529,1166,25.0,2501
1166,198,40.0,4002
198,1166,60.0,5998
1166,4489,54.8,5478
4489,1166,45.2,4522
1166,4246,41.1,4112
4246,1166,58.9,5888
1166,4910,51.0,5096
4910,1166,49.0,4904
1166,1485,72.5,7251
1485,1166,27.5,2749
1166,4922,68.6,6862
4922,1166,31.4,3138
1166,4423,60.5,6051
4423,1166,39.5,3949
1166,4517,63.7,6370
4517,1166,36.3,3630
1166,4426,63.8,6378
4426,1166,36.2,3622
1166,4527,60.2,6015
4527,1166,39.9,3985
1166,961,42.3,4234
961,1166,57.7,5766
1166,227,57.0,5702
227,1166,43.0,4298
1166,4908,62.6,6261
4908,1166,37.4,3739
1166,1169,33.4,3335
1169,1166,66.6,6665
1166,4422,74.2,7421
4422,1166,25.8,2579
1166,251,50.5,5050
251,1166,49.5,4950
1166,4921,63.9,6391
4921,1166,36.1,3609
1166,1183,56.9,5691
1183,1166,43.1,4309
1166,4424,69.1,6912
4424,1166,30.9,3088
1166,996,73.1,7312
996,1166,26.9,2688
1166,4545,86.4,8640
4545,1166,13.6,1360
1166,4257,55.4,5538
4257,1166,44.6,4462
1166,4254,52.3,5234
4254,1166,47.7,4766
1166,3709,32.1,3211
3709,1166,67.9,6789
1166,4917,67.2,6725
4917,1166,32.8,3275
1166,4519,70.3,7028
4519,1166,29.7,2972
1166,4431,56.1,5611
4431,1166,43.9,4389
1166,4518,67.9,6786
4518,1166,32.1,3214
1166,4915,77.1,7714
4915,1166,22.9,2286
1166,289,34.5,3446
289,1166,65.5,6554
1166,2521,64.8,6482
2521,1166,35.2,3518
1166,4530,48.4,4845
4530,1166,51.5,5155
1166,1136,67.9,6793
1136,1166,32.1,3207
1166,297,47.5,4750
297,1166,52.5,5250
1166,4913,52.8,5279
4913,1166,47.2,4721
1166,4607,37.0,3704
4607,1166,63.0,6296
1166,1044,34.7,3472
1044,1166,65.3,6528
1166,2799,55.6,5562
2799,1166,44.4,4438
1166,179,30.3,3035
179,1166,69.7,6965
1166,1075,47.7,4767
1075,1166,52.3,5233
1166,4538,78.2,7817
4538,1166,21.8,2183
1166,4258,52.5,5254
4258,1166,47.5,4746
1166,4906,58.1,5810
4906,1166,41.9,4190
1166,1019,55.1,5513
1019,1166,44.9,4487
1166,4597,57.3,5734
4597,1166,42.7,4266
1166,217,27.0,2696
217,1166,73.0,7304
1166,261,54.4,5442
261,1166,45.6,4558
1166,1520,43.3,4326
1520,1166,56.7,5674
1166,1292,61.7,6167
1292,1166,38.3,3833
1166,269,58.0,5797
269,1166,42.0,4203
1166,1148,64.1,6408
1148,1166,35.9,3592
1166,223,54.7,5471
223,1166,45.3,4529
1166,1072,55.5,5554
1072,1166,44.5,4446
1166,4728,48.2,4816
4728,1166,51.8,5184
1166,1037,50.0,4995
1037,1166,50.0,5005
1166,4363,57.5,5754
4363,1166,42.5,4246
1166,4916,58.4,5844
4916,1166,41.6,4156
1166,1690,47.8,4778
1690,1166,52.2,5222
1166,4909,59.7,5972
4909,1166,40.3,4028
1166,285,46.8,4683
285,1166,53.2,5317
1166,211,57.2,5721
211,1166,42.8,4279
1166,1719,46.9,4687
1719,1166,53.1,5313
1166,4546,70.7,7066
4546,1166,29.3,2934
1166,2043,56.4,5643
2043,1166,43.6,4357
1166,4541,88.7,8873
4541,1166,11.3,1127
1166,4603,49.6,4958
4603,1166,50.4,5042
1166,4914,75.2,7518
4914,1166,24.8,2482
1166,2037,59.8,5984
2037,1166,40.2,4016
1166,194,32.9,3288
194,1166,67.1,6712
1166,3712,51.5,5155
3712,1166,48.4,4845
1166,1722,52.4,5244
1722,1166,47.6,4756
1166,77,51.8,5184
77,1166,48.2,4816
1166,1687,57.3,5732
1687,1166,42.7,4268
1166,4256,54.2,5423
4256,1166,45.8,4577
1166,4528,64.5,6453
4528,1166,35.5,3547
1166,4923,65.1,6514
4923,1166,34.9,3486
1166,942,55.0,5500
942,1166,45.0,4500
1166,1016,70.0,7003
1016,1166,30.0,2997
1166,253,47.0,4700
253,1166,53.0,5300
1166,1693,25.7,2567
1693,1166,74.3,7433
1166,1728,43.3,4327
1728,1166,56.7,5673
1166,1535,47.2,4717
1535,1166,52.8,5283
1166,4522,81.5,8149
4522,1166,18.5,1851
1166,287,48.0,4801
287,1166,52.0,5199
1166,1172,51.5,5154
1172,1166,48.5,4846
1166,4912,77.2,7722
4912,1166,22.8,2278
1166,1696,16.2,1625
1696,1166,83.8,8375
1166,283,60.9,6093
283,1166,39.1,3907
1166,1563,40.4,4041
1563,1166,59.6,5959
1166,4531,57.8,5777
4531,1166,42.2,4223
1166,245,36.5,3651
245,1166,63.5,6349
1166,4800,52.4,5245
4800,1166,47.5,4755
1166,241,51.5,5146
241,1166,48.5,4854
1166,1084,48.4,4837
1084,1166,51.6,5163
1166,2046,59.1,5914
2046,1166,40.9,4086
1166,1557,69.2,6916
1557,1166,30.8,3084
1166,1041,43.3,4333
1041,1166,56.7,5667
1166,4255,51.4,5143
4255,1166,48.6,4857
1166,1684,33.5,3352
1684,1166,66.5,6648
1166,4864,30.2,3017
4864,1166,69.8,6983
1166,1487,41.9,4185
1487,1166,58.1,5815
1166,239,38.0,3805
239,1166,62.0,6195
1166,196,23.7,2369
196,1166,76.3,7631
1166,279,36.2,3624
279,1166,63.8,6376
1166,4919,71.9,7186
4919,1166,28.1,2814
1166,4524,69.9,6991
4524,1166,30.1,3009
1166,4788,49.1,4914
4788,1166,50.9,5086
936,229,27.9,2791
229,936,72.1,7209
936,3694,24.3,2426
3694,936,75.7,7574
936,946,20.8,2079
946,936,79.2,7921
936,4520,32.6,3255
4520,936,67.5,6745
936,203,57.0,5695
203,936,43.0,4305
936,4892,40.3,4032
4892,936,59.7,5968
936,1013,50.5,5051
1013,936,49.5,4949
936,221,19.1,1914
221,936,80.9,8086
936,247,37.2,3721
247,936,62.8,6279
936,4924,62.4,6240
4924,936,37.6,3760
936,201,29.8,2982
201,936,70.2,7018
936,4509,39.7,3968
4509,936,60.3,6032
936,4757,45.5,4554
4757,936,54.5,5446
936,4521,35.3,3529
4521,936,64.7,6471
936,4920,49.8,4975
4920,936,50.2,5025
936,1493,54.4,5437
1493,936,45.6,4563
936,4544,50.5,5051
4544,936,49.5,4949
936,4259,28.0,2796
4259,936,72.0,7204
936,4535,42.5,4254
4535,936,57.5,5746
936,277,56.8,5679
277,936,43.2,4321
936,972,23.4,2342
972,936,76.6,7658
936,4504,45.6,4557
4504,936,54.4,5443
936,4529,56.9,5686
4529,936,43.1,4314
936,198,22.8,2276
198,936,77.2,7724
936,4489,35.1,3515
4489,936,64.8,6485
936,4246,22.9,2292
4246,936,77.1,7708
936,4910,31.5,3151
4910,936,68.5,6849
936,1485,53.9,5392
1485,936,46.1,4608
936,4922,50.3,5032
4922,936,49.7,4968
936,4423,42.1,4208
4423,936,57.9,5792
936,4517,44.5,4446
4517,936,55.5,5554
936,4426,44.1,4414
4426,936,55.9,5586
936,4527,39.6,3963
4527,936,60.4,6037
936,961,24.4,2437
961,936,75.6,7563
936,227,38.1,3815
227,936,61.9,6185
936,4908,43.7,4373
4908,936,56.3,5627
936,1169,17.4,1742
1169,936,82.6,8258
936,4422,56.4,5641
4422,936,43.6,4359
936,251,31.4,3143
251,936,68.6,6857
936,4921,45.1,4508
4921,936,54.9,5492
936,1183,36.5,3647
1183,936,63.5,6353
936,4424,50.2,5019
4424,936,49.8,4981
936,996,55.2,5523
996,936,44.8,4477
936,4545,73.2,7322
4545,936,26.8,2678
936,4257,35.8,3576
4257,936,64.2,6424
936,4254,33.7,3374
4254,936,66.3,6626
936,3709,15.4,1540
3709,936,84.6,8460
936,4917,48.8,4884
4917,936,51.2,5116
936,4519,50.9,5086
4519,936,49.1,4914
936,4431,36.7,3673
4431,936,63.3,6327
936,4518,47.8,4776
4518,936,52.2,5224
936,4915,60.5,6050
4915,936,39.5,3950
936,289,18.1,1815
289,936,81.8,8185
936,2521,45.6,4558
2521,936,54.4,5442
936,4530,29.3,2933
4530,936,70.7,7067
936,1136,48.9,4894
1136,936,51.1,5106
936,297,28.3,2834
297,936,71.7,7166
936,4913,33.4,3342
4913,936,66.6,6658
936,4607,20.2,2017
4607,936,79.8,7983
936,1044,18.6,1856
1044,936,81.4,8144
936,2799,36.1,3607
2799,936,63.9,6393
936,179,16.0,1600
179,936,84.0,8400
936,1075,29.9,2987
1075,936,70.1,7013
936,4538,60.0,6003
4538,936,40.0,3997
936,4258,33.7,3370
4258,936,66.3,6630
936,4906,38.7,3869
4906,936,61.3,6131
936,1019,36.3,3633
1019,936,63.7,6367
936,4597,37.7,3773
4597,936,62.3,6227
936,217,13.8,1377
217,936,86.2,8623
936,261,33.8,3379
261,936,66.2,6621
936,1520,25.7,2568
1520,936,74.3,7432
936,1292,42.4,4238
1292,936,57.6,5762
936,269,38.7,3869
269,936,61.3,6131
936,1148,43.6,4356
1148,936,56.4,5644
936,223,35.8,3583
223,936,64.2,6417
936,1072,36.3,3627
1072,936,63.7,6373
936,4728,29.7,2969
4728,936,70.3,7031
936,1037,30.8,3075
1037,936,69.2,6925
936,4363,37.9,3785
4363,936,62.2,6215
936,4916,39.1,3912
4916,936,60.9,6088
936,1690,29.6,2959
1690,936,70.4,7041
936,4909,39.4,3939
4909,936,60.6,6061
936,285,28.3,2831
285,936,71.7,7169
936,211,37.7,3769
211,936,62.3,6231
936,1719,29.0,2898
1719,936,71.0,7102
936,4546,53.3,5331
4546,936,46.7,4669
936,2043,37.5,3746
2043,936,62.5,6254
936,4541,76.8,7680
4541,936,23.2,2320
936,4603,30.4,3036
4603,936,69.6,6964
936,4914,56.9,5685
4914,936,43.1,4315
936,2037,40.8,4085
2037,936,59.2,5915
936,194,17.6,1764
194,936,82.4,8236
936,3712,32.0,3200
3712,936,68.0,6800
936,1722,33.8,3382
1722,936,66.2,6618
936,77,32.7,3270
77,936,67.3,6730
936,1687,38.1,3813
1687,936,61.9,6187
936,4256,35.1,3511
4256,936,64.9,6489
936,4528,44.4,4443
4528,936,55.6,5557
936,4923,46.7,4673
4923,936,53.3,5327
936,942,34.9,3489
942,936,65.1,6511
936,1016,51.3,5127
1016,936,48.7,4873
936,253,28.8,2879
253,936,71.2,7121
936,1693,12.4,1238
1693,936,87.6,8762
936,1728,25.0,2502
1728,936,75.0,7498
936,1535,27.4,2739
1535,936,72.6,7261
936,4522,65.7,6572
4522,936,34.3,3428
936,287,29.5,2955
287,936,70.5,7045
936,1172,33.3,3331
1172,936,66.7,6669
936,4912,60.1,6014
4912,936,39.9,3986
936,1696,7.0,704
1696,936,93.0,9296
936,283,42.2,4221
283,936,57.8,5779
936,1563,21.9,2194
1563,936,78.1,7806
936,4531,39.0,3903
4531,936,61.0,6097
936,245,20.4,2044
245,936,79.6,7956
936,4800,33.7,3371
4800,936,66.3,6629
936,241,32.5,3249
241,936,67.5,6751
936,1084,29.8,2978
1084,936,70.2,7022
936,2046,39.1,3913
2046,936,60.9,6087
936,1557,51.2,5116
1557,936,48.8,4884
936,1041,24.8,2477
1041,936,75.2,7523
936,4255,32.3,3232
4255,936,67.7,6768
936,1684,18.1,1806
1684,936,81.9,8194
936,4864,14.8,1479
4864,936,85.2,8521
936,1487,24.2,2424
1487,936,75.8,7576
936,239,21.6,2162
239,936,78.4,7838
936,196,11.3,1134
196,936,88.7,8866
936,279,19.9,1991
279,936,80.1,8009
936,4919,52.3,5229
4919,936,47.7,4771
936,4524,51.7,5167
4524,936,48.3,4833
936,4788,30.6,3060
4788,936,69.4,6940
229,3694,45.0,4503
3694,229,55.0,5497
229,946,39.7,3973
946,229,60.3,6027
229,4520,54.6,5465
4520,229,45.4,4535
229,203,77.8,7781
203,229,22.2,2219
229,4892,61.6,6164
4892,229,38.4,3836
229,1013,70.5,7048
1013,229,29.5,2952
229,221,37.9,3790
221,229,62.1,6210
229,247,58.6,5855
247,229,41.4,4145
229,4924,81.7,8167
4924,229,18.3,1833
229,201,51.7,5167
201,229,48.3,4833
229,4509,61.8,6183
4509,229,38.2,3817
229,4757,67.5,6755
4757,229,32.5,3245
229,4521,57.6,5756
4521,229,42.4,4244
229,4920,71.0,7104
4920,229,29.0,2896
229,1493,75.5,7553
1493,229,24.5,2447
229,4544,70.7,7069
4544,229,29.3,2931
229,4259,49.3,4928
4259,229,50.7,5072
229,4535,65.8,6582
4535,229,34.2,3418
229,277,76.3,7630
277,229,23.7,2370
229,972,44.0,4404
972,229,56.0,5596
229,4504,69.0,6895
4504,229,31.1,3105
229,4529,76.8,7678
4529,229,23.2,2322
229,198,42.9,4289
198,229,57.1,5711
229,4489,58.0,5799
4489,229,42.0,4201
229,4246,44.0,4396
4246,229,56.0,5604
229,4910,54.1,5410
4910,229,45.9,4590
229,1485,75.0,7495
1485,229,25.1,2505
229,4922,71.7,7174
4922,229,28.3,2826
229,4423,64.0,6401
4423,229,36.0,3599
229,4517,66.7,6672
4517,229,33.3,3328
229,4426,65.7,6567
4426,229,34.3,3433
229,4527,63.5,6352
4527,229,36.5,3648
229,961,44.9,4491
961,229,55.1,5509
229,227,60.1,6005
227,229,40.0,3995
229,4908,66.7,6672
4908,229,33.3,3328
229,1169,37.2,3722
1169,229,62.8,6278
229,4422,76.7,7670
4422,229,23.3,2330
229,251,53.8,5375
251,229,46.2,4625
229,4921,67.3,6733
4921,229,32.7,3267
229,1183,59.7,5965
1183,229,40.4,4035
229,4424,72.4,7239
4424,229,27.6,2761
229,996,75.5,7552
996,229,24.5,2448
229,4545,88.9,8891
4545,229,11.1,1109
229,4257,58.7,5871
4257,229,41.3,4129
229,4254,56.4,5640
4254,229,43.6,4360
229,3709,34.0,3402
3709,229,66.0,6598
229,4917,70.1,7011
4917,229,29.9,2989
229,4519,72.1,7211
4519,229,27.9,2789
229,4431,60.2,6024
4431,229,39.8,3976
229,4518,70.6,7060
4518,229,29.4,2940
229,4915,81.0,8098
4915,229,19.0,1902
229,289,36.7,3669
289,229,63.3,6331
229,2521,66.5,6654
2521,229,33.5,3346
229,4530,51.4,5144
4530,229,48.6,4856
229,1136,71.0,7098
1136,229,29.0,2902
229,297,51.4,5139
297,229,48.6,4861
229,4913,56.8,5682
4913,229,43.2,4318
229,4607,39.5,3953
4607,229,60.5,6047
229,1044,37.2,3723
1044,229,62.8,6277
229,2799,58.1,5814
2799,229,41.9,4186
229,179,34.4,3437
179,229,65.6,6563
229,1075,51.8,5181
1075,229,48.2,4819
229,4538,80.2,8017
4538,229,19.8,1983
229,4258,56.3,5627
4258,229,43.7,4373
229,4906,61.6,6160
4906,229,38.4,3840
229,1019,58.8,5880
1019,229,41.2,4120
229,4597,60.5,6053
4597,229,39.5,3947
229,217,31.4,3144
217,229,68.6,6856
229,261,56.1,5611
261,229,43.9,4389
229,1520,46.0,4603
1520,229,54.0,5397
229,1292,66.0,6595
1292,229,34.1,3405
229,269,61.5,6151
269,229,38.5,3849
229,1148,66.5,6648
1148,229,33.5,3352
229,223,58.8,5881
223,229,41.2,4119
229,1072,58.0,5797
1072,229,42.0,4203
229,4728,50.9,5089
4728,229,49.1,4911
229,1037,52.3,5234
1037,229,47.7,4766
229,4363,60.2,6017
4363,229,39.8,3983
229,4916,61.1,6112
4916,229,38.9,3888
229,1690,51.3,5126
1690,229,48.7,4874
229,4909,62.1,6212
4909,229,37.9,3788
229,285,49.3,4930
285,229,50.7,5070
229,211,60.6,6058
211,229,39.4,3942
229,1719,50.5,5049
1719,229,49.5,4951
229,4546,74.1,7410
4546,229,25.9,2590
229,2043,60.5,6054
2043,229,39.5,3946
229,4541,91.2,9125
4541,229,8.8,875
229,4603,51.9,5193
4603,229,48.1,4807
229,4914,77.5,7746
4914,229,22.5,2254
229,2037,62.9,6287
2037,229,37.1,3713
229,194,34.9,3495
194,229,65.0,6505
229,3712,55.3,5526
3712,229,44.7,4474
229,1722,56.4,5641
1722,229,43.6,4359
229,77,53.5,5347
77,229,46.5,4653
229,1687,60.2,6018
1687,229,39.8,3982
229,4256,58.2,5823
4256,229,41.8,4177
229,4528,66.5,6648
4528,229,33.5,3352
229,4923,68.3,6829
4923,229,31.7,3171
229,942,57.8,5784
942,229,42.2,4216
229,1016,74.6,7462
1016,229,25.4,2538
229,253,50.0,4995
253,229,50.0,5005
229,1693,28.8,2878
1693,229,71.2,7122
229,1728,47.0,4702
1728,229,53.0,5298
229,1535,51.0,5099
1535,229,49.0,4901
229,4522,83.4,8338
4522,229,16.6,1662
229,287,51.3,5128
287,229,48.7,4872
229,1172,55.6,5562
1172,229,44.4,4438
229,4912,78.6,7861
4912,229,21.4,2139
229,1696,18.0,1801
1696,229,82.0,8199
229,283,63.2,6324
283,229,36.8,3676
229,1563,42.9,4290
1563,229,57.1,5710
229,4531,61.3,6133
4531,229,38.7,3867
229,245,40.2,4015
245,229,59.9,5985
229,4800,55.7,5572
4800,229,44.3,4428
229,241,55.8,5575
241,229,44.2,4425
229,1084,50.7,5072
1084,229,49.3,4928
229,2046,62.3,6226
2046,229,37.7,3774
229,1557,72.3,7234
1557,229,27.7,2766
229,1041,46.2,4618
1041,229,53.8,5382
229,4255,54.6,5460
4255,229,45.4,4540
229,1684,37.3,3726
1684,229,62.7,6274
229,4864,31.8,3175
4864,229,68.2,6825
229,1487,44.6,4461
1487,229,55.4,5539
229,239,41.4,4136
239,229,58.6,5864
229,196,26.1,2612
196,229,73.9,7388
229,279,39.1,3908
279,229,60.9,6092
229,4919,74.6,7458
4919,229,25.4,2542
229,4524,72.4,7237
4524,229,27.6,2763
229,4788,53.0,5301
4788,229,47.0,4699
3694,946,45.2,4525
946,3694,54.8,5475
3694,4520,59.5,5952
4520,3694,40.5,4048
3694,203,81.2,8121
203,3694,18.8,1879
3694,4892,67.7,6771
4892,3694,32.3,3229
3694,1013,76.4,7640
1013,3694,23.6,2360
3694,221,42.8,4280
221,3694,57.2,5720
3694,247,64.2,6418
247,3694,35.8,3582
3694,4924,85.2,8515
4924,3694,14.8,1485
3694,201,56.9,5688
201,3694,43.1,4312
3694,4509,67.8,6775
4509,3694,32.2,3225
3694,4757,73.1,7310
4757,3694,26.9,2690
3694,4521,63.3,6326
4521,3694,36.7,3674
3694,4920,76.4,7641
4920,3694,23.6,2359
3694,1493,79.7,7966
1493,3694,20.3,2034
3694,4544,75.7,7569
4544,3694,24.3,2431
3694,4259,55.6,5563
4259,3694,44.4,4437
3694,4535,70.4,7039
4535,3694,29.6,2961
3694,277,80.4,8043
277,3694,19.6,1957
3694,972,49.9,4992
972,3694,50.1,5008
3694,4504,73.6,7360
4504,3694,26.4,2640
3694,4529,81.8,8179
4529,3694,18.2,1821
3694,198,49.2,4924
198,3694,50.8,5076
3694,4489,63.4,6345
4489,3694,36.5,3655
3694,4246,50.4,5042
4246,3694,49.6,4958
3694,4910,59.7,5972
4910,3694,40.3,4028
3694,1485,80.0,7995
1485,3694,20.1,2005
3694,4922,77.1,7709
4922,3694,22.9,2291
3694,4423,68.5,6855
4423,3694,31.4,3145
3694,4517,71.8,7180
4517,3694,28.2,2820
3694,4426,71.1,7111
4426,3694,28.9,2889
3694,4527,68.9,6887
4527,3694,31.1,3113
3694,961,51.8,5176
961,3694,48.2,4824
3694,227,65.6,6556
227,3694,34.4,3444
3694,4908,72.0,7196
4908,3694,28.0,2804
3694,1169,43.6,4365
1169,3694,56.4,5635
3694,4422,81.1,8111
4422,3694,18.9,1889
3694,251,58.9,5887
251,3694,41.1,4113
3694,4921,72.5,7248
4921,3694,27.5,2752
3694,1183,64.4,6441
1183,3694,35.6,3559
3694,4424,76.5,7651
4424,3694,23.5,2349
3694,996,80.4,8037
996,3694,19.6,1963
3694,4545,91.5,9149
4545,3694,8.5,851
3694,4257,65.2,6524
4257,3694,34.8,3476
3694,4254,60.9,6088
4254,3694,39.1,3912
3694,3709,39.1,3908
3709,3694,60.9,6092
3694,4917,75.0,7497
4917,3694,25.0,2503
3694,4519,77.9,7788
4519,3694,22.1,2212
3694,4431,65.3,6530
4431,3694,34.7,3470
3694,4518,76.0,7602
4518,3694,24.0,2398
3694,4915,85.0,8505
4915,3694,14.9,1495
3694,289,42.9,4291
289,3694,57.1,5709
3694,2521,72.8,7283
2521,3694,27.2,2717
3694,4530,58.1,5807
4530,3694,41.9,4193
3694,1136,76.0,7600
1136,3694,24.0,2400
3694,297,55.8,5576
297,3694,44.2,4424
3694,4913,60.7,6074
4913,3694,39.3,3926
3694,4607,46.2,4619
4607,3694,53.8,5381
3694,1044,43.4,4338
1044,3694,56.6,5662
3694,2799,64.3,6429
2799,3694,35.7,3571
3694,179,38.4,3837
179,3694,61.6,6163
3694,1075,57.2,5724
1075,3694,42.8,4276
3694,4538,84.7,8471
4538,3694,15.3,1529
3694,4258,62.2,6220
4258,3694,37.8,3780
3694,4906,66.3,6633
4906,3694,33.7,3367
3694,1019,64.4,6436
1019,3694,35.6,3564
3694,4597,65.6,6556
4597,3694,34.4,3444
3694,217,35.0,3500
217,3694,65.0,6500
3694,261,62.9,6291
261,3694,37.1,3709
3694,1520,53.5,5353
1520,3694,46.5,4647
3694,1292,70.4,7038
1292,3694,29.6,2962
3694,269,67.2,6724
269,3694,32.8,3276
3694,1148,71.5,7153
1148,3694,28.5,2847
3694,223,64.8,6480
223,3694,35.2,3520
3694,1072,63.9,6388
1072,3694,36.1,3612
3694,4728,57.5,5752
4728,3694,42.5,4248
3694,1037,58.7,5866
1037,3694,41.3,4134
3694,4363,65.9,6590
4363,3694,34.1,3410
3694,4916,67.8,6776
4916,3694,32.2,3224
3694,1690,57.4,5740
1690,3694,42.6,4260
3694,4909,67.8,6785
4909,3694,32.1,3215
3694,285,55.2,5518
285,3694,44.8,4482
3694,211,66.3,6628
211,3694,33.7,3372
3694,1719,56.5,5647
1719,3694,43.5,4353
3694,4546,78.5,7855
4546,3694,21.4,2145
3694,2043,64.7,6472
2043,3694,35.3,3528
3694,4541,93.2,9319
4541,3694,6.8,681
3694,4603,57.5,5748
4603,3694,42.5,4252
3694,4914,82.3,8231
4914,3694,17.7,1769
3694,2037,69.2,6918
2037,3694,30.8,3082
3694,194,40.7,4067
194,3694,59.3,5933
3694,3712,62.6,6258
3712,3694,37.4,3742
3694,1722,61.4,6139
1722,3694,38.6,3861
3694,77,60.4,6042
77,3694,39.6,3958
3694,1687,65.8,6580
1687,3694,34.2,3420
3694,4256,63.2,6319
4256,3694,36.8,3681
3694,4528,72.8,7276
4528,3694,27.2,2724
3694,4923,73.1,7308
4923,3694,26.9,2692
3694,942,63.8,6380
942,3694,36.2,3620
3694,1016,78.5,7854
1016,3694,21.5,2146
3694,253,56.1,5610
253,3694,43.9,4390
3694,1693,33.2,3322
1693,3694,66.8,6678
3694,1728,51.8,5185
1728,3694,48.1,4815
3694,1535,56.5,5652
1535,3694,43.5,4348
3694,4522,86.6,8658
4522,3694,13.4,1342
3694,287,57.2,5724
287,3694,42.8,4276
3694,1172,61.0,6104
1172,3694,39.0,3896
3694,4912,83.6,8363
4912,3694,16.4,1637
3694,1696,21.7,2174
1696,3694,78.3,7826
3694,283,68.4,6844
283,3694,31.6,3156
3694,1563,49.6,4956
1563,3694,50.4,5044
3694,4531,67.3,6726
4531,3694,32.7,3274
3694,245,45.7,4573
245,3694,54.3,5427
3694,4800,61.6,6164
4800,3694,38.4,3836
3694,241,60.9,6086
241,3694,39.1,3914
3694,1084,56.7,5669
1084,3694,43.3,4331
3694,2046,68.3,6829
2046,3694,31.7,3171
3694,1557,77.0,7699
1557,3694,23.0,2301
3694,1041,51.7,5166
1041,3694,48.3,4834
3694,4255,60.5,6049
4255,3694,39.5,3951
3694,1684,42.9,4285
1684,3694,57.1,5715
3694,4864,38.6,3861
4864,3694,61.4,6139
3694,1487,51.0,5102
1487,3694,49.0,4898
3694,239,47.7,4773
239,3694,52.3,5227
3694,196,30.9,3085
196,3694,69.2,6915
3694,279,45.2,4517
279,3694,54.8,5483
3694,4919,79.5,7954
4919,3694,20.5,2046
3694,4524,77.3,7730
4524,3694,22.7,2270
3694,4788,59.8,5982
4788,3694,40.2,4018
946,4520,64.5,6447
4520,946,35.5,3553
946,203,85.0,8500
203,946,15.0,1500
946,4892,71.1,7114
4892,946,28.9,2886
946,1013,80.3,8026
1013,946,19.7,1974
946,221,47.7,4770
221,946,52.3,5230
946,247,68.7,6868
247,946,31.3,3132
946,4924,86.7,8669
4924,946,13.3,1331
946,201,62.0,6199
201,946,38.0,3801
946,4509,71.4,7140
4509,946,28.6,2860
946,4757,76.5,7647
4757,946,23.5,2353
946,4521,68.0,6796
4521,946,32.0,3204
946,4920,79.6,7956
4920,946,20.4,2044
946,1493,83.0,8296
1493,946,17.0,1704
946,4544,78.6,7857
4544,946,21.4,2143
946,4259,59.3,5931
4259,946,40.7,4069
946,4535,74.1,7413
4535,946,25.9,2587
946,277,84.0,8405
277,946,16.0,1595
946,972,53.8,5385
972,946,46.2,4615
946,4504,77.0,7702
4504,946,23.0,2298
946,4529,84.2,8417
4529,946,15.8,1583
946,198,53.1,5315
198,946,46.9,4685
946,4489,68.2,6821
4489,946,31.8,3179
946,4246,55.3,5526
4246,946,44.7,4474
946,4910,63.3,6330
4910,946,36.7,3670
946,1485,83.1,8308
1485,946,16.9,1692
946,4922,80.2,8021
4922,946,19.8,1979
946,4423,72.9,7294
4423,946,27.1,2706
946,4517,75.3,7531
4517,946,24.7,2469
946,4426,75.5,7548
4426,946,24.5,2452
946,4527,72.9,7290
4527,946,27.1,2710
946,961,56.0,5598
961,946,44.0,4402
946,227,69.5,6949
227,946,30.5,3051
946,4908,75.0,7503
4908,946,25.0,2497
946,1169,47.3,4728
1169,946,52.7,5272
946,4422,83.8,8381
4422,946,16.2,1619
946,251,63.4,6337
251,946,36.6,3663
946,4921,75.4,7537
4921,946,24.6,2463
946,1183,69.2,6916
1183,946,30.8,3084
946,4424,79.7,7966
4424,946,20.3,2034
946,996,82.7,8269
996,946,17.3,1731
946,4545,92.6,9261
4545,946,7.4,739
946,4257,68.6,6858
4257,946,31.4,3142
946,4254,66.0,6603
4254,946,34.0,3397
946,3709,42.7,4267
3709,946,57.3,5733
946,4917,78.5,7854
4917,946,21.5,2146
946,4519,80.3,8035
4519,946,19.7,1965
946,4431,68.7,6867
4431,946,31.3,3133
946,4518,77.9,7792
4518,946,22.1,2208
946,4915,86.5,8653
4915,946,13.5,1347
946,289,47.6,4759
289,946,52.4,5241
946,2521,76.0,7597
2521,946,24.0,2403
946,4530,62.4,6237
4530,946,37.6,3763
946,1136,79.3,7932
1136,946,20.7,2068
946,297,61.0,6097
297,946,39.0,3903
946,4913,65.1,6515
4913,946,34.8,3485
946,4607,49.7,4972
4607,946,50.3,5028
946,1044,47.0,4699
1044,946,53.0,5301
946,2799,68.3,6826
2799,946,31.7,3174
946,179,43.1,4311
179,946,56.9,5689
946,1075,61.9,6188
1075,946,38.1,3812
946,4538,86.4,8641
4538,946,13.6,1359
946,4258,65.7,6573
4258,946,34.3,3427
946,4906,71.5,7155
4906,946,28.4,2845
946,1019,67.8,6784
1019,946,32.2,3216
946,4597,69.3,6927
4597,946,30.7,3073
946,217,40.4,4038
217,946,59.6,5962
946,261,66.4,6640
261,946,33.6,3360
946,1520,56.4,5641
1520,946,43.6,4359
946,1292,74.0,7399
1292,946,26.0,2601
946,269,71.1,7107
269,946,28.9,2893
946,1148,76.1,7606
1148,946,23.9,2394
946,223,68.9,6888
223,946,31.1,3112
946,1072,68.9,6894
1072,946,31.1,3106
946,4728,62.3,6234
4728,946,37.7,3766
946,1037,63.2,6325
1037,946,36.8,3675
946,4363,69.9,6987
4363,946,30.1,3013
946,4916,70.9,7087
4916,946,29.1,2913
946,1690,61.1,6109
1690,946,38.9,3891
946,4909,72.1,7211
4909,946,27.9,2789
946,285,59.5,5948
285,946,40.5,4052
946,211,70.1,7010
211,946,29.9,2990
946,1719,60.6,6061
1719,946,39.4,3939
946,4546,82.2,8225
4546,946,17.8,1775
946,2043,69.6,6964
2043,946,30.4,3036
946,4541,94.5,9448
4541,946,5.5,552
946,4603,63.6,6362
4603,946,36.4,3638
946,4914,84.7,8466
4914,946,15.3,1534
946,2037,72.8,7278
2037,946,27.2,2722
946,194,45.5,4546
194,946,54.5,5454
946,3712,64.5,6451
3712,946,35.5,3549
946,1722,65.6,6557
1722,946,34.4,3443
946,77,63.9,6390
77,946,36.1,3610
946,1687,70.8,7083
1687,946,29.2,2917
946,4256,67.8,6785
4256,946,32.1,3215
946,4528,76.5,7652
4528,946,23.5,2348
946,4923,76.4,7640
4923,946,23.6,2360
946,942,66.6,6660
942,946,33.4,3340
946,1016,81.1,8109
1016,946,18.9,1891
946,253,61.1,6107
253,946,38.9,3893
946,1693,36.9,3689
1693,946,63.1,6311
946,1728,56.0,5597
1728,946,44.0,4403
946,1535,59.2,5919
1535,946,40.8,4081
946,4522,88.9,8887
4522,946,11.1,1113
946,287,61.3,6134
287,946,38.7,3866
946,1172,65.9,6592
1172,946,34.1,3408
946,4912,86.3,8630
4912,946,13.7,1370
946,1696,24.8,2479
1696,946,75.2,7521
946,283,73.0,7299
283,946,27.0,2701
946,1563,53.0,5302
1563,946,47.0,4698
946,4531,70.3,7026
4531,946,29.7,2974
946,245,50.4,5037
245,946,49.6,4963
946,4800,65.5,6548
4800,946,34.5,3452
946,241,64.7,6468
241,946,35.3,3532
946,1084,61.8,6176
1084,946,38.2,3824
946,2046,70.8,7084
2046,946,29.2,2916
946,1557,79.3,7931
1557,946,20.7,2069
946,1041,56.8,5682
1041,946,43.2,4318
946,4255,63.5,6354
4255,946,36.5,3646
946,1684,47.1,4711
1684,946,52.9,5289
946,4864,43.2,4319
4864,946,56.8,5681
946,1487,54.7,5472
1487,946,45.3,4528
946,239,51.7,5170
239,946,48.3,4830
946,196,34.7,3472
196,946,65.3,6528
946,279,48.9,4892
279,946,51.1,5108
946,4919,82.0,8200
4919,946,18.0,1800
946,4524,80.8,8081
4524,946,19.2,1919
946,4788,63.7,6367
4788,946,36.3,3633
4520,203,73.6,7360
203,4520,26.4,2640
4520,4892,57.1,5709
4892,4520,42.9,4291
4520,1013,68.6,6863
1013,4520,31.4,3137
4520,221,33.7,3368
221,4520,66.3,6632
4520,247,54.4,5437
247,4520,45.6,4563
4520,4924,77.6,7764
4924,4520,22.4,2236
4520,201,46.7,4668
201,4520,53.3,5332
4520,4509,57.9,5793
4509,4520,42.1,4207
4520,4757,63.7,6373
4757,4520,36.3,3627
4520,4521,53.3,5328
4521,4520,46.7,4672
4520,4920,67.6,6760
4920,4520,32.4,3240
4520,1493,71.2,7125
1493,4520,28.7,2875
4520,4544,67.6,6761
4544,4520,32.4,3239
4520,4259,45.6,4561
4259,4520,54.4,5439
4520,4535,60.4,6041
4535,4520,39.6,3959
4520,277,72.5,7252
277,4520,27.5,2748
4520,972,39.0,3896
972,4520,61.0,6104
4520,4504,65.3,6530
4504,4520,34.7,3470
4520,4529,74.5,7448
4529,4520,25.5,2552
4520,198,38.8,3878
198,4520,61.2,6122
4520,4489,54.0,5399
4489,4520,46.0,4601
4520,4246,39.0,3895
4246,4520,61.1,6105
4520,4910,50.1,5010
4910,4520,49.9,4990
4520,1485,71.5,7150
1485,4520,28.5,2850
4520,4922,68.7,6874
4922,4520,31.3,3126
4520,4423,59.1,5905
4423,4520,40.9,4095
4520,4517,63.3,6332
4517,4520,36.7,3668
4520,4426,63.1,6306
4426,4520,36.9,3694
4520,4527,57.8,5782
4527,4520,42.2,4218
4520,961,40.2,4016
961,4520,59.8,5984
4520,227,55.8,5579
227,4520,44.2,4421
4520,4908,62.2,6217
4908,4520,37.8,3783
4520,1169,31.8,3181
1169,4520,68.2,6819
4520,4422,73.5,7351
4422,4520,26.5,2649
4520,251,48.7,4869
251,4520,51.3,5131
4520,4921,62.7,6272
4921,4520,37.3,3728
4520,1183,55.1,5514
1183,4520,44.9,4486
4520,4424,68.2,6819
4424,4520,31.8,3181
4520,996,71.5,7145
996,4520,28.5,2855
4520,4545,85.5,8547
4545,4520,14.5,1453
4520,4257,54.5,5447
4257,4520,45.5,4553
4520,4254,51.2,5124
4254,4520,48.8,4876
4520,3709,30.3,3030
3709,4520,69.7,6970
4520,4917,66.6,6661
4917,4520,33.4,3339
4520,4519,70.2,7020
4519,4520,29.8,2980
4520,4431,54.6,5457
4431,4520,45.4,4543
4520,4518,65.5,6552
4518,4520,34.5,3448
4520,4915,76.7,7671
4915,4520,23.3,2329
4520,289,32.2,3221
289,4520,67.8,6779
4520,2521,63.7,6373
2521,4520,36.3,3627
4520,4530,46.8,4682
4530,4520,53.2,5318
4520,1136,67.0,6701
1136,4520,33.0,3299
4520,297,45.5,4551
297,4520,54.5,5449
4520,4913,50.5,5049
4913,4520,49.5,4951
4520,4607,35.2,3523
4607,4520,64.8,6477
4520,1044,33.1,3311
1044,4520,66.9,6689
4520,2799,53.3,5327
2799,4520,46.7,4673
4520,179,29.8,2976
179,4520,70.2,7024
4520,1075,46.4,4640
1075,4520,53.6,5360
4520,4538,76.4,7642
4538,4520,23.6,2358
4520,4258,50.9,5094
4258,4520,49.1,4906
4520,4906,56.9,5688
4906,4520,43.1,4312
4520,1019,54.1,5412
1019,4520,45.9,4588
4520,4597,54.9,5485
4597,4520,45.1,4515
4520,217,26.8,2684
217,4520,73.2,7316
4520,261,53.3,5326
261,4520,46.7,4674
4520,1520,41.0,4101
1520,4520,59.0,5899
4520,1292,61.0,6100
1292,4520,39.0,3900
4520,269,57.6,5756
269,4520,42.4,4244
4520,1148,61.2,6116
1148,4520,38.8,3884
4520,223,54.2,5417
223,4520,45.8,4583
4520,1072,53.6,5363
1072,4520,46.4,4637
4520,4728,47.0,4701
4728,4520,53.0,5299
4520,1037,48.6,4859
1037,4520,51.4,5141
4520,4363,55.6,5562
4363,4520,44.4,4438
4520,4916,56.6,5662
4916,4520,43.4,4338
4520,1690,46.6,4655
1690,4520,53.4,5345
4520,4909,58.1,5811
4909,4520,41.9,4189
4520,285,44.9,4493
285,4520,55.1,5507
4520,211,54.8,5478
211,4520,45.2,4522
4520,1719,45.2,4521
1719,4520,54.8,5479
4520,4546,71.1,7114
4546,4520,28.9,2886
4520,2043,55.4,5542
2043,4520,44.6,4458
4520,4541,88.5,8847
4541,4520,11.5,1153
4520,4603,48.3,4833
4603,4520,51.7,5167
4520,4914,74.4,7437
4914,4520,25.6,2563
4520,2037,58.4,5840
2037,4520,41.6,4160
4520,194,31.6,3155
194,4520,68.5,6845
4520,3712,50.3,5035
3712,4520,49.6,4965
4520,1722,51.4,5141
1722,4520,48.6,4859
4520,77,50.6,5062
77,4520,49.4,4938
4520,1687,55.8,5583
1687,4520,44.2,4417
4520,4256,53.3,5329
4256,4520,46.7,4671
4520,4528,63.6,6362
4528,4520,36.4,3638
4520,4923,64.2,6423
4923,4520,35.8,3577
4520,942,53.0,5302
942,4520,47.0,4698
4520,1016,69.1,6906
1016,4520,30.9,3094
4520,253,45.7,4573
253,4520,54.3,5427
4520,1693,24.8,2476
1693,4520,75.2,7524
4520,1728,41.8,4175
1728,4520,58.2,5825
4520,1535,45.4,4537
1535,4520,54.6,5463
4520,4522,79.9,7994
4522,4520,20.1,2006
4520,287,45.8,4579
287,4520,54.2,5421
4520,1172,51.0,5099
1172,4520,49.0,4901
4520,4912,76.0,7603
4912,4520,24.0,2397
4520,1696,15.0,1504
1696,4520,85.0,8496
4520,283,59.1,5907
283,4520,40.9,4093
4520,1563,38.9,3892
1563,4520,61.1,6108
4520,4531,56.2,5625
4531,4520,43.8,4375
4520,245,34.9,3487
245,4520,65.1,6513
4520,4800,51.1,5106
4800,4520,48.9,4894
4520,241,49.9,4990
241,4520,50.1,5010
4520,1084,46.8,4675
1084,4520,53.2,5325
4520,2046,57.4,5741
2046,4520,42.6,4259
4520,1557,67.5,6752
1557,4520,32.5,3248
4520,1041,40.9,4091
1041,4520,59.1,5909
4520,4255,50.7,5068
4255,4520,49.3,4932
4520,1684,32.7,3267
1684,4520,67.3,6733
4520,4864,28.9,2889
4864,4520,71.1,7111
4520,1487,40.2,4025
1487,4520,59.8,5975
4520,239,37.4,3739
239,4520,62.6,6261
4520,196,21.9,2186
196,4520,78.1,7814
4520,279,35.3,3526
279,4520,64.7,6474
4520,4919,70.4,7037
4919,4520,29.6,2963
4520,4524,69.7,6969
4524,4520,30.3,3031
4520,4788,48.7,4872
4788,4520,51.3,5128
203,4892,32.9,3288
4892,203,67.1,6712
203,1013,43.3,4326
1013,203,56.7,5674
203,221,14.4,1442
221,203,85.6,8558
203,247,30.0,2996
247,203,70.0,7004
203,4924,55.6,5562
4924,203,44.4,4438
203,201,23.8,2376
201,203,76.2,7624
203,4509,32.4,3236
4509,203,67.6,6764
203,4757,40.5,4046
4757,203,59.5,5954
203,4521,29.9,2992
4521,203,70.1,7008
203,4920,43.0,4300
4920,203,57.0,5700
203,1493,47.1,4715
1493,203,52.8,5285
203,4544,43.9,4386
4544,203,56.1,5614
203,4259,22.8,2282
4259,203,77.2,7718
203,4535,35.5,3554
4535,203,64.5,6446
203,277,49.4,4938
277,203,50.6,5062
203,972,18.2,1817
972,203,81.8,8183
203,4504,38.8,3880
4504,203,61.2,6120
203,4529,49.7,4974
4529,203,50.3,5026
203,198,18.1,1812
198,203,81.9,8188
203,4489,29.5,2949
4489,203,70.5,7051
203,4246,17.9,1788
4246,203,82.1,8212
203,4910,26.3,2633
4910,203,73.7,7367
203,1485,47.8,4782
1485,203,52.2,5218
203,4922,43.5,4353
4922,203,56.5,5647
203,4423,34.7,3468
4423,203,65.3,6532
203,4517,37.5,3749
4517,203,62.5,6251
203,4426,37.5,3749
4426,203,62.5,6251
203,4527,34.8,3484
4527,203,65.2,6516
203,961,18.4,1842
961,203,81.6,8158
203,227,31.9,3191
227,203,68.1,6809
203,4908,36.4,3640
4908,203,63.6,6360
203,1169,13.8,1383
1169,203,86.2,8617
203,4422,50.2,5016
4422,203,49.8,4984
203,251,26.5,2649
251,203,73.5,7351
203,4921,37.9,3786
4921,203,62.1,6214
203,1183,30.0,2996
1183,203,70.0,7004
203,4424,43.0,4303
4424,203,57.0,5697
203,996,47.6,4765
996,203,52.3,5235
203,4545,67.0,6701
4545,203,33.0,3299
203,4257,30.0,2999
4257,203,70.0,7001
203,4254,27.5,2748
4254,203,72.5,7252
203,3709,11.5,1151
3709,203,88.5,8849
203,4917,42.2,4222
4917,203,57.8,5778
203,4519,43.3,4334
4519,203,56.7,5666
203,4431,30.9,3086
4431,203,69.1,6914
203,4518,40.1,4012
4518,203,59.9,5988
203,4915,53.8,5383
4915,203,46.2,4617
203,289,13.5,1354
289,203,86.5,8646
203,2521,38.0,3803
2521,203,62.0,6197
203,4530,23.6,2365
4530,203,76.3,7635
203,1136,41.6,4165
1136,203,58.4,5835
203,297,22.6,2258
297,203,77.4,7742
203,4913,26.4,2644
4913,203,73.6,7356
203,4607,15.4,1538
4607,203,84.6,8462
203,1044,14.1,1411
1044,203,85.9,8589
203,2799,29.8,2977
2799,203,70.2,7023
203,179,12.0,1204
179,203,88.0,8796
203,1075,24.4,2438
1075,203,75.6,7562
203,4538,53.5,5354
4538,203,46.5,4646
203,4258,27.0,2695
4258,203,73.0,7305
203,4906,31.3,3126
4906,203,68.7,6874
203,1019,29.8,2985
1019,203,70.2,7015
203,4597,30.6,3060
4597,203,69.4,6940
203,217,10.1,1010
217,203,89.9,8990
203,261,27.8,2778
261,203,72.2,7222
203,1520,20.2,2023
1520,203,79.8,7977
203,1292,36.2,3618
1292,203,63.8,6382
203,269,31.3,3132
269,203,68.7,6868
203,1148,38.1,3810
1148,203,61.9,6190
203,223,31.1,3105
223,203,69.0,6895
203,1072,29.6,2960
1072,203,70.4,7040
203,4728,23.6,2365
4728,203,76.3,7635
203,1037,25.2,2518
1037,203,74.8,7482
203,4363,30.5,3048
4363,203,69.5,6952
203,4916,32.0,3201
4916,203,68.0,6799
203,1690,23.6,2365
1690,203,76.3,7635
203,4909,33.1,3314
4909,203,66.9,6686
203,285,22.0,2202
285,203,78.0,7798
203,211,31.0,3103
211,203,69.0,6897
203,1719,22.9,2289
1719,203,77.1,7711
203,4546,46.1,4606
4546,203,53.9,5394
203,2043,31.2,3118
2043,203,68.8,6882
203,4541,71.4,7137
4541,203,28.6,2863
203,4603,24.6,2457
4603,203,75.4,7543
203,4914,50.5,5052
4914,203,49.5,4948
203,2037,34.3,3429
2037,203,65.7,6571
203,194,12.5,1246
194,203,87.5,8754
203,3712,26.2,2616
3712,203,73.8,7384
203,1722,26.8,2679
1722,203,73.2,7321
203,77,25.6,2563
77,203,74.4,7437
203,1687,31.4,3143
1687,203,68.6,6857
203,4256,29.1,2910
4256,203,70.9,7090
203,4528,37.3,3726
4528,203,62.7,6274
203,4923,38.6,3860
4923,203,61.4,6140
203,942,28.3,2833
942,203,71.7,7167
203,1016,45.3,4528
1016,203,54.7,5472
203,253,22.2,2216
253,203,77.8,7784
203,1693,9.5,950
1693,203,90.5,9050
203,1728,19.7,1971
1728,203,80.3,8029
203,1535,23.1,2313
1535,203,76.9,7687
203,4522,58.8,5883
4522,203,41.2,4117
203,287,23.1,2307
287,203,76.9,7693
203,1172,26.2,2617
1172,203,73.8,7383
203,4912,53.7,5369
4912,203,46.3,4631
203,1696,4.7,466
1696,203,95.3,9534
203,283,34.9,3495
283,203,65.0,6505
203,1563,18.0,1797
1563,203,82.0,8203
203,4531,31.1,3111
4531,203,68.9,6889
203,245,15.8,1584
245,203,84.2,8416
203,4800,27.2,2715
4800,203,72.9,7285
203,241,25.5,2548
241,203,74.5,7452
203,1084,24.5,2449
1084,203,75.5,7551
203,2046,32.2,3222
2046,203,67.8,6778
203,1557,42.9,4292
1557,203,57.1,5708
203,1041,19.4,1941
1041,203,80.6,8059
203,4255,25.3,2530
4255,203,74.7,7470
203,1684,14.0,1397
1684,203,86.0,8603
203,4864,11.4,1140
4864,203,88.6,8860
203,1487,19.7,1971
1487,203,80.3,8029
203,239,16.5,1647
239,203,83.5,8353
203,196,7.7,774
196,203,92.3,9226
203,279,14.9,1490
279,203,85.1,8510
203,4919,46.2,4624
4919,203,53.8,5376
203,4524,43.9,4386
4524,203,56.1,5614
203,4788,24.8,2481
4788,203,75.2,7519
4892,1013,62.0,6198
1013,4892,38.0,3802
4892,221,27.5,2746
221,4892,72.5,7254
4892,247,46.9,4690
247,4892,53.1,5310
4892,4924,73.2,7324
4924,4892,26.8,2676
4892,201,39.5,3947
201,4892,60.5,6053
4892,4509,50.9,5087
4509,4892,49.1,4913
4892,4757,57.0,5703
4757,4892,43.0,4297
4892,4521,46.4,4639
4521,4892,53.6,5361
4892,4920,60.7,6066
4920,4892,39.3,3934
4892,1493,65.5,6550
1493,4892,34.5,3450
4892,4544,60.7,6071
4544,4892,39.3,3929
4892,4259,37.3,3728
4259,4892,62.7,6272
4892,4535,54.0,5404
4535,4892,46.0,4596
4892,277,67.0,6699
277,4892,33.0,3301
4892,972,32.2,3218
972,4892,67.8,6782
4892,4504,56.8,5678
4504,4892,43.2,4322
4892,4529,68.7,6865
4529,4892,31.4,3135
4892,198,31.5,3147
198,4892,68.5,6853
4892,4489,45.5,4553
4489,4892,54.5,5447
4892,4246,33.1,3314
4246,4892,66.9,6686
4892,4910,43.0,4300
4910,4892,57.0,5700
4892,1485,65.9,6590
1485,4892,34.1,3410
4892,4922,61.1,6106
4922,4892,38.9,3894
4892,4423,52.8,5275
4423,4892,47.2,4725
4892,4517,55.6,5559
4517,4892,44.4,4441
4892,4426,54.3,5431
4426,4892,45.7,4569
4892,4527,51.5,5149
4527,4892,48.5,4851
4892,961,34.4,3445
961,4892,65.5,6555
4892,227,49.1,4906
227,4892,50.9,5094
4892,4908,53.9,5394
4908,4892,46.1,4606
4892,1169,26.0,2604
1169,4892,74.0,7396
4892,4422,66.8,6676
4422,4892,33.2,3324
4892,251,42.7,4266
251,4892,57.3,5734
4892,4921,55.6,5556
4921,4892,44.4,4444
4892,1183,47.9,4795
1183,4892,52.0,5205
4892,4424,60.6,6058
4424,4892,39.4,3942
4892,996,65.4,6543
996,4892,34.6,3457
4892,4545,81.5,8150
4545,4892,18.5,1850
4892,4257,46.7,4669
4257,4892,53.3,5331
4892,4254,43.2,4324
4254,4892,56.8,5676
4892,3709,23.1,2314
3709,4892,76.9,7686
4892,4917,58.9,5887
4917,4892,41.1,4113
4892,4519,62.5,6254
4519,4892,37.5,3746
4892,4431,48.1,4806
4431,4892,51.9,5194
4892,4518,59.2,5916
4518,4892,40.8,4084
4892,4915,71.4,7142
4915,4892,28.6,2858
4892,289,27.5,2746
289,4892,72.5,7254
4892,2521,56.0,5603
2521,4892,44.0,4397
4892,4530,39.6,3965
4530,4892,60.4,6035
4892,1136,60.3,6032
1136,4892,39.7,3968
4892,297,39.7,3972
297,4892,60.3,6028
4892,4913,43.6,4361
4913,4892,56.4,5639
4892,4607,28.1,2808
4607,4892,71.9,7192
4892,1044,27.4,2735
1044,4892,72.7,7265
4892,2799,46.8,4675
2799,4892,53.2,5325
4892,179,23.7,2369
179,4892,76.3,7631
4892,1075,39.9,3991
1075,4892,60.1,6009
4892,4538,70.9,7092
4538,4892,29.1,2908
4892,4258,44.2,4425
4258,4892,55.8,5575
4892,4906,49.2,4918
4906,4892,50.8,5082
4892,1019,47.8,4775
1019,4892,52.2,5225
4892,4597,48.4,4839
4597,4892,51.6,5161
4892,217,21.5,2154
217,4892,78.5,7846
4892,261,45.5,4545
261,4892,54.5,5455
4892,1520,34.8,3485
1520,4892,65.1,6515
4892,1292,54.3,5429
1292,4892,45.7,4571
4892,269,49.9,4993
269,4892,50.1,5007
4892,1148,54.4,5445
1148,4892,45.6,4555
4892,223,47.4,4744
223,4892,52.6,5256
4892,1072,46.6,4662
1072,4892,53.4,5338
4892,4728,39.2,3920
4728,4892,60.8,6080
4892,1037,42.2,4224
1037,4892,57.8,5776
4892,4363,47.9,4785
4363,4892,52.1,5215
4892,4916,50.1,5015
4916,4892,49.9,4985
4892,1690,38.9,3887
1690,4892,61.1,6113
4892,4909,49.4,4943
4909,4892,50.6,5057
4892,285,37.3,3732
285,4892,62.7,6268
4892,211,48.1,4815
211,4892,51.8,5185
4892,1719,39.7,3970
1719,4892,60.3,6030
4892,4546,64.0,6398
4546,4892,36.0,3602
4892,2043,48.8,4884
2043,4892,51.2,5116
4892,4541,84.4,8442
4541,4892,15.6,1558
4892,4603,40.2,4022
4603,4892,59.8,5978
4892,4914,68.1,6807
4914,4892,31.9,3193
4892,2037,51.5,5147
2037,4892,48.5,4853
4892,194,25.9,2587
194,4892,74.1,7413
4892,3712,42.9,4291
3712,4892,57.1,5709
4892,1722,43.5,4354
1722,4892,56.5,5646
4892,77,42.0,4205
77,4892,58.0,5795
4892,1687,48.4,4843
1687,4892,51.6,5157
4892,4256,46.6,4661
4256,4892,53.4,5339
4892,4528,57.1,5711
4528,4892,42.9,4289
4892,4923,56.8,5683
4923,4892,43.2,4317
4892,942,46.0,4595
942,4892,54.0,5405
4892,1016,63.9,6393
1016,4892,36.1,3607
4892,253,39.0,3903
253,4892,61.0,6097
4892,1693,18.8,1884
1693,4892,81.2,8116
4892,1728,35.3,3529
1728,4892,64.7,6471
4892,1535,38.6,3861
1535,4892,61.4,6139
4892,4522,74.4,7439
4522,4892,25.6,2561
4892,287,38.6,3862
287,4892,61.4,6138
4892,1172,43.4,4340
1172,4892,56.6,5660
4892,4912,70.2,7024
4912,4892,29.8,2976
4892,1696,11.5,1153
1696,4892,88.5,8847
4892,283,52.4,5244
283,4892,47.6,4756
4892,1563,32.6,3265
1563,4892,67.3,6735
4892,4531,49.1,4912
4531,4892,50.9,5088
4892,245,30.1,3009
245,4892,69.9,6991
4892,4800,44.0,4403
4800,4892,56.0,5597
4892,241,43.5,4355
241,4892,56.5,5645
4892,1084,38.8,3881
1084,4892,61.2,6119
4892,2046,50.2,5022
2046,4892,49.8,4978
4892,1557,60.3,6028
1557,4892,39.7,3972
4892,1041,34.8,3478
1041,4892,65.2,6522
4892,4255,42.6,4261
4255,4892,57.4,5739
4892,1684,26.7,2668
1684,4892,73.3,7332
4892,4864,23.7,2371
4864,4892,76.3,7629
4892,1487,33.7,3371
1487,4892,66.3,6629
4892,239,30.5,3050
239,4892,69.5,6950
4892,196,17.6,1763
196,4892,82.4,8237
4892,279,28.3,2828
279,4892,71.7,7172
4892,4919,64.2,6423
4919,4892,35.8,3577
4892,4524,61.5,6153
4524,4892,38.5,3847
4892,4788,41.3,4126
4788,4892,58.7,5874
1013,221,19.3,1931
221,1013,80.7,8069
1013,247,36.0,3601
247,1013,64.0,6399
1013,4924,61.9,6192
4924,1013,38.1,3808
1013,201,29.7,2969
201,1013,70.3,7031
1013,4509,39.5,3951
4509,1013,60.5,6049
1013,4757,45.9,4591
4757,1013,54.1,5409
1013,4521,35.1,3512
4521,1013,64.9,6488
1013,4920,48.5,4848
4920,1013,51.5,5152
1013,1493,54.3,5431
1493,1013,45.7,4569
1013,4544,49.0,4897
4544,1013,51.0,5103
1013,4259,28.3,2828
4259,1013,71.7,7172
1013,4535,42.8,4283
4535,1013,57.2,5717
1013,277,56.2,5620
277,1013,43.8,4380
1013,972,23.0,2303
972,1013,77.0,7697
1013,4504,45.4,4538
4504,1013,54.6,5462
1013,4529,57.1,5714
4529,1013,42.9,4286
1013,198,21.8,2176
198,1013,78.2,7824
1013,4489,35.2,3517
4489,1013,64.8,6483
1013,4246,23.5,2354
4246,1013,76.5,7646
1013,4910,31.6,3161
4910,1013,68.4,6839
1013,1485,54.3,5433
1485,1013,45.7,4567
1013,4922,50.5,5053
4922,1013,49.5,4947
1013,4423,41.8,4183
4423,1013,58.2,5817
1013,4517,43.6,4359
4517,1013,56.4,5641
1013,4426,44.3,4433
4426,1013,55.7,5567
1013,4527,39.9,3986
4527,1013,60.1,6014
1013,961,24.6,2458
961,1013,75.4,7542
1013,227,36.3,3629
227,1013,63.7,6371
1013,4908,43.6,4365
4908,1013,56.4,5635
1013,1169,17.8,1785
1169,1013,82.2,8215
1013,4422,56.1,5608
4422,1013,43.9,4392
1013,251,30.6,3063
251,1013,69.4,6937
1013,4921,44.0,4404
4921,1013,56.0,5596
1013,1183,36.4,3643
1183,1013,63.6,6357
1013,4424,50.4,5045
4424,1013,49.5,4955
1013,996,54.6,5464
996,1013,45.4,4536
1013,4545,72.3,7230
4545,1013,27.7,2770
1013,4257,35.3,3532
4257,1013,64.7,6468
1013,4254,33.8,3381
4254,1013,66.2,6619
1013,3709,15.4,1545
3709,1013,84.5,8455
1013,4917,48.0,4797
4917,1013,52.0,5203
1013,4519,51.8,5182
4519,1013,48.2,4818
1013,4431,35.8,3575
4431,1013,64.2,6425
1013,4518,48.8,4883
4518,1013,51.2,5117
1013,4915,61.0,6099
4915,1013,39.0,3901
1013,289,18.3,1829
289,1013,81.7,8171
1013,2521,45.4,4544
2521,1013,54.6,5456
1013,4530,29.9,2990
4530,1013,70.1,7010
1013,1136,48.7,4872
1136,1013,51.3,5128
1013,297,29.4,2936
297,1013,70.6,7064
1013,4913,33.6,3362
4913,1013,66.4,6638
1013,4607,19.4,1942
4607,1013,80.6,8058
1013,1044,18.6,1856
1044,1013,81.4,8144
1013,2799,35.6,3562
2799,1013,64.4,6438
1013,179,15.8,1579
179,1013,84.2,8421
1013,1075,29.2,2922
1075,1013,70.8,7078
1013,4538,60.7,6068
4538,1013,39.3,3932
1013,4258,33.9,3387
4258,1013,66.1,6613
1013,4906,39.3,3934
4906,1013,60.7,6066
1013,1019,36.5,3649
1019,1013,63.5,6351
1013,4597,37.2,3725
4597,1013,62.7,6275
1013,217,14.4,1445
217,1013,85.5,8555
1013,261,34.4,3437
261,1013,65.6,6563
1013,1520,24.7,2474
1520,1013,75.3,7526
1013,1292,42.0,4205
1292,1013,58.0,5795
1013,269,39.0,3902
269,1013,61.0,6098
1013,1148,43.4,4343
1148,1013,56.6,5657
1013,223,35.4,3543
223,1013,64.6,6457
1013,1072,35.7,3569
1072,1013,64.3,6431
1013,4728,29.5,2947
4728,1013,70.5,7053
1013,1037,31.0,3104
1037,1013,69.0,6896
1013,4363,38.0,3803
4363,1013,62.0,6197
1013,4916,38.5,3853
4916,1013,61.5,6147
1013,1690,29.7,2967
1690,1013,70.3,7033
1013,4909,39.9,3987
4909,1013,60.1,6013
1013,285,27.0,2702
285,1013,73.0,7298
1013,211,37.6,3765
211,1013,62.4,6235
1013,1719,28.7,2869
1719,1013,71.3,7131
1013,4546,52.8,5282
4546,1013,47.2,4718
1013,2043,37.8,3781
2043,1013,62.2,6219
1013,4541,77.5,7745
4541,1013,22.6,2255
1013,4603,29.2,2919
4603,1013,70.8,7081
1013,4914,57.6,5762
4914,1013,42.4,4238
1013,2037,39.5,3953
2037,1013,60.5,6047
1013,194,16.4,1645
194,1013,83.5,8355
1013,3712,32.5,3252
3712,1013,67.5,6748
1013,1722,34.0,3396
1722,1013,66.0,6604
1013,77,32.2,3217
77,1013,67.8,6783
1013,1687,37.5,3746
1687,1013,62.5,6254
1013,4256,34.4,3445
4256,1013,65.5,6555
1013,4528,45.3,4529
4528,1013,54.7,5471
1013,4923,45.7,4570
4923,1013,54.3,5430
1013,942,35.9,3592
942,1013,64.1,6408
1013,1016,53.5,5347
1016,1013,46.5,4653
1013,253,29.3,2928
253,1013,70.7,7072
1013,1693,13.0,1296
1693,1013,87.0,8704
1013,1728,24.8,2480
1728,1013,75.2,7520
1013,1535,28.0,2796
1535,1013,72.0,7204
1013,4522,64.8,6483
4522,1013,35.2,3517
1013,287,28.6,2862
287,1013,71.4,7138
1013,1172,33.1,3310
1172,1013,66.9,6690
1013,4912,59.8,5979
4912,1013,40.2,4021
1013,1696,7.3,728
1696,1013,92.7,9272
1013,283,41.4,4137
283,1013,58.6,5863
1013,1563,22.5,2251
1563,1013,77.5,7749
1013,4531,38.7,3867
4531,1013,61.3,6133
1013,245,20.5,2046
245,1013,79.5,7954
1013,4800,32.5,3245
4800,1013,67.5,6755
1013,241,32.6,3255
241,1013,67.5,6745
1013,1084,29.2,2918
1084,1013,70.8,7082
1013,2046,40.2,4017
2046,1013,59.8,5983
1013,1557,50.1,5013
1557,1013,49.9,4987
1013,1041,24.6,2459
1041,1013,75.4,7541
1013,4255,32.3,3233
4255,1013,67.7,6767
1013,1684,18.0,1802
1684,1013,82.0,8198
1013,4864,15.4,1543
4864,1013,84.6,8457
1013,1487,24.4,2441
1487,1013,75.6,7559
1013,239,21.3,2133
239,1013,78.7,7867
1013,196,11.4,1136
196,1013,88.6,8864
1013,279,19.6,1961
279,1013,80.4,8039
1013,4919,52.1,5211
4919,1013,47.9,4789
1013,4524,50.4,5040
4524,1013,49.6,4960
1013,4788,31.7,3166
4788,1013,68.3,6834
221,247,70.3,7030
247,221,29.7,2970
221,4924,88.4,8837
4924,221,11.6,1163
221,201,64.7,6472
201,221,35.3,3528
221,4509,73.0,7303
4509,221,27.0,2697
221,4757,78.5,7845
4757,221,21.6,2155
221,4521,70.5,7048
4521,221,29.5,2952
221,4920,80.9,8087
4920,221,19.1,1913
221,1493,84.5,8449
1493,221,15.5,1551
221,4544,80.6,8057
4544,221,19.4,1943
221,4259,62.1,6211
4259,221,37.9,3789
221,4535,75.9,7592
4535,221,24.1,2408
221,277,85.5,8546
277,221,14.5,1454
221,972,55.9,5585
972,221,44.1,4415
221,4504,78.3,7835
4504,221,21.6,2165
221,4529,86.1,8614
4529,221,13.9,1386
221,198,54.9,5485
198,221,45.1,4515
221,4489,69.6,6957
4489,221,30.4,3043
221,4246,56.5,5650
4246,221,43.5,4350
221,4910,66.4,6642
4910,221,33.6,3358
221,1485,83.8,8375
1485,221,16.2,1625
221,4922,81.8,8180
4922,221,18.2,1820
221,4423,75.3,7534
4423,221,24.7,2466
221,4517,76.2,7619
4517,221,23.8,2381
221,4426,76.6,7659
4426,221,23.4,2341
221,4527,73.6,7357
4527,221,26.4,2643
221,961,57.4,5743
961,221,42.6,4257
221,227,71.2,7123
227,221,28.8,2877
221,4908,76.7,7668
4908,221,23.3,2332
221,1169,48.6,4864
1169,221,51.4,5136
221,4422,85.4,8539
4422,221,14.6,1461
221,251,65.6,6558
251,221,34.4,3442
221,4921,76.8,7684
4921,221,23.2,2316
221,1183,70.8,7075
1183,221,29.2,2925
221,4424,81.5,8153
4424,221,18.5,1847
221,996,83.8,8384
996,221,16.2,1616
221,4545,93.5,9347
4545,221,6.5,653
221,4257,70.7,7068
4257,221,29.3,2932
221,4254,67.5,6752
4254,221,32.5,3248
221,3709,45.9,4588
3709,221,54.1,5412
221,4917,79.8,7982
4917,221,20.2,2018
221,4519,82.2,8219
4519,221,17.8,1781
221,4431,70.8,7082
4431,221,29.2,2918
221,4518,80.0,7998
4518,221,20.0,2002
221,4915,87.8,8783
4915,221,12.2,1217
221,289,49.3,4932
289,221,50.7,5068
221,2521,78.1,7808
2521,221,21.9,2192
221,4530,64.7,6470
4530,221,35.3,3530
221,1136,80.4,8043
1136,221,19.6,1957
221,297,63.1,6310
297,221,36.9,3690
221,4913,67.1,6707
4913,221,32.9,3293
221,4607,51.7,5171
4607,221,48.3,4829
221,1044,49.1,4908
1044,221,50.9,5092
221,2799,70.2,7023
2799,221,29.8,2977
221,179,44.4,4440
179,221,55.6,5560
221,1075,63.6,6362
1075,221,36.4,3638
221,4538,87.1,8708
4538,221,12.9,1292
221,4258,67.4,6740
4258,221,32.6,3260
221,4906,73.0,7297
4906,221,27.0,2703
221,1019,70.2,7024
1019,221,29.8,2976
221,4597,71.2,7119
4597,221,28.8,2881
221,217,41.3,4133
217,221,58.7,5867
221,261,67.1,6706
261,221,32.9,3294
221,1520,58.9,5887
1520,221,41.1,4113
221,1292,75.6,7562
1292,221,24.4,2438
221,269,72.8,7279
269,221,27.2,2721
221,1148,77.0,7704
1148,221,23.0,2296
221,223,71.4,7136
223,221,28.6,2864
221,1072,70.5,7045
1072,221,29.5,2955
221,4728,62.3,6232
4728,221,37.7,3768
221,1037,65.0,6502
1037,221,35.0,3498
221,4363,71.6,7162
4363,221,28.4,2838
221,4916,72.1,7212
4916,221,27.9,2788
221,1690,63.4,6336
1690,221,36.6,3664
221,4909,73.3,7331
4909,221,26.7,2669
221,285,62.0,6201
285,221,38.0,3799
221,211,70.8,7079
211,221,29.2,2921
221,1719,62.4,6241
1719,221,37.6,3759
221,4546,83.1,8312
4546,221,16.9,1688
221,2043,70.9,7093
2043,221,29.1,2907
221,4541,94.6,9464
4541,221,5.4,536
221,4603,64.8,6480
4603,221,35.2,3520
221,4914,85.8,8576
4914,221,14.2,1424
221,2037,74.1,7407
2037,221,25.9,2593
221,194,47.6,4757
194,221,52.4,5243
221,3712,67.3,6726
3712,221,32.7,3274
221,1722,68.3,6828
1722,221,31.7,3172
221,77,66.4,6639
77,221,33.6,3361
221,1687,71.9,7189
1687,221,28.1,2811
221,4256,68.9,6887
4256,221,31.1,3113
221,4528,77.6,7760
4528,221,22.4,2240
221,4923,77.8,7781
4923,221,22.2,2219
221,942,69.0,6897
942,221,31.0,3103
221,1016,82.8,8275
1016,221,17.2,1725
221,253,63.3,6333
253,221,36.7,3667
221,1693,40.3,4027
1693,221,59.7,5973
221,1728,58.7,5865
1728,221,41.3,4135
221,1535,62.5,6253
1535,221,37.5,3747
221,4522,90.3,9028
4522,221,9.7,972
221,287,63.2,6323
287,221,36.8,3677
221,1172,67.6,6758
1172,221,32.4,3242
221,4912,87.0,8695
4912,221,13.1,1305
221,1696,27.2,2719
1696,221,72.8,7281
221,283,74.5,7446
283,221,25.5,2554
221,1563,55.3,5531
1563,221,44.7,4469
221,4531,72.9,7293
4531,221,27.1,2707
221,245,52.1,5215
245,221,47.9,4785
221,4800,67.0,6699
4800,221,33.0,3301
221,241,66.1,6610
241,221,33.9,3390
221,1084,63.8,6381
1084,221,36.2,3619
221,2046,73.0,7300
2046,221,27.0,2700
221,1557,81.9,8190
1557,221,18.1,1810
221,1041,58.2,5821
1041,221,41.8,4179
221,4255,67.0,6698
4255,221,33.0,3302
221,1684,49.1,4913
1684,221,50.9,5087
221,4864,44.7,4471
4864,221,55.3,5529
221,1487,56.2,5624
1487,221,43.8,4376
221,239,53.3,5327
239,221,46.7,4673
221,196,36.7,3669
196,221,63.3,6331
221,279,51.2,5116
279,221,48.8,4884
221,4919,82.7,8274
4919,221,17.3,1726
221,4524,82.5,8250
4524,221,17.5,1750
221,4788,65.2,6520
4788,221,34.8,3480
247,4924,74.8,7475
4924,247,25.2,2525
247,201,42.2,4221
201,247,57.8,5779
247,4509,53.0,5300
4509,247,47.0,4700
247,4757,59.5,5951
4757,247,40.5,4049
247,4521,49.0,4896
4521,247,51.0,5104
247,4920,63.9,6391
4920,247,36.1,3609
247,1493,68.0,6800
1493,247,32.0,3200
247,4544,62.9,6294
4544,247,37.1,3706
247,4259,40.9,4088
4259,247,59.1,5912
247,4535,56.6,5661
4535,247,43.4,4339
247,277,69.4,6939
277,247,30.6,3061
247,972,35.1,3509
972,247,64.9,6491
247,4504,60.2,6025
4504,247,39.8,3975
247,4529,70.2,7024
4529,247,29.8,2976
247,198,34.2,3423
198,247,65.8,6577
247,4489,49.5,4954
4489,247,50.5,5046
247,4246,34.2,3416
4246,247,65.8,6584
247,4910,44.5,4450
4910,247,55.5,5550
247,1485,68.7,6865
1485,247,31.4,3135
247,4922,63.7,6367
4922,247,36.3,3633
247,4423,55.9,5588
4423,247,44.1,4412
247,4517,58.4,5844
4517,247,41.6,4156
247,4426,57.8,5783
4426,247,42.2,4217
247,4527,54.1,5413
4527,247,45.9,4587
247,961,37.8,3779
961,247,62.2,6221
247,227,50.9,5093
227,247,49.1,4907
247,4908,57.1,5710
4908,247,42.9,4290
247,1169,28.1,2809
1169,247,71.9,7191
247,4422,69.5,6955
4422,247,30.4,3045
247,251,43.9,4389
251,247,56.1,5611
247,4921,58.4,5843
4921,247,41.6,4157
247,1183,50.9,5090
1183,247,49.1,4910
247,4424,64.0,6396
4424,247,36.0,3604
247,996,67.6,6762
996,247,32.4,3238
247,4545,83.3,8328
4545,247,16.7,1672
247,4257,49.9,4994
4257,247,50.1,5006
247,4254,47.0,4697
4254,247,53.0,5303
247,3709,26.3,2632
3709,247,73.7,7368
247,4917,62.5,6246
4917,247,37.5,3754
247,4519,65.1,6507
4519,247,34.9,3493
247,4431,50.3,5027
4431,247,49.7,4973
247,4518,61.1,6112
4518,247,38.9,3888
247,4915,74.5,7451
4915,247,25.5,2549
247,289,29.4,2938
289,247,70.6,7062
247,2521,58.9,5887
2521,247,41.1,4113
247,4530,42.7,4272
4530,247,57.3,5728
247,1136,62.5,6254
1136,247,37.5,3746
247,297,41.8,4180
297,247,58.2,5820
247,4913,46.5,4647
4913,247,53.5,5353
247,4607,31.4,3144
4607,247,68.6,6856
247,1044,28.1,2806
1044,247,71.9,7194
247,2799,49.9,4990
2799,247,50.1,5010
247,179,25.4,2538
179,247,74.6,7462
247,1075,41.9,4188
1075,247,58.1,5812
247,4538,73.5,7347
4538,247,26.5,2653
247,4258,47.3,4726
4258,247,52.7,5274
247,4906,52.2,5223
4906,247,47.8,4777
247,1019,49.0,4897
1019,247,51.0,5103
247,4597,52.0,5200
4597,247,48.0,4800
247,217,23.4,2344
217,247,76.6,7656
247,261,47.0,4698
261,247,53.0,5302
247,1520,37.7,3768
1520,247,62.3,6232
247,1292,56.8,5676
1292,247,43.2,4324
247,269,53.2,5323
269,247,46.8,4677
247,1148,58.2,5824
1148,247,41.8,4176
247,223,49.2,4916
223,247,50.8,5084
247,1072,49.5,4947
1072,247,50.5,5053
247,4728,41.7,4166
4728,247,58.3,5834
247,1037,44.5,4454
1037,247,55.5,5546
247,4363,51.1,5115
4363,247,48.9,4885
247,4916,53.1,5310
4916,247,46.9,4690
247,1690,42.9,4287
1690,247,57.1,5713
247,4909,54.8,5476
4909,247,45.2,4524
247,285,41.1,4108
285,247,58.9,5892
247,211,51.8,5178
211,247,48.2,4822
247,1719,41.5,4149
1719,247,58.5,5851
247,4546,66.8,6683
4546,247,33.2,3317
247,2043,50.1,5012
2043,247,49.9,4988
247,4541,85.9,8591
4541,247,14.1,1409
247,4603,44.7,4470
4603,247,55.3,5530
247,4914,71.6,7159
4914,247,28.4,2841
247,2037,54.6,5465
2037,247,45.4,4535
247,194,27.8,2784
194,247,72.2,7216
247,3712,46.5,4645
3712,247,53.5,5355
247,1722,46.3,4633
1722,247,53.7,5367
247,77,45.3,4533
77,247,54.7,5467
247,1687,50.7,5067
1687,247,49.3,4933
247,4256,49.0,4899
4256,247,51.0,5101
247,4528,59.4,5937
4528,247,40.6,4063
247,4923,59.6,5964
4923,247,40.4,4036
247,942,47.9,4785
942,247,52.1,5215
247,1016,66.6,6657
1016,247,33.4,3343
247,253,41.2,4116
253,247,58.8,5884
247,1693,21.1,2114
1693,247,78.9,7886
247,1728,37.6,3759
1728,247,62.4,6241
247,1535,41.4,4137
1535,247,58.6,5863
247,4522,77.5,7750
4522,247,22.5,2250
247,287,42.0,4202
287,247,58.0,5798
247,1172,47.0,4697
1172,247,53.0,5303
247,4912,72.9,7285
4912,247,27.2,2715
247,1696,13.1,1306
1696,247,86.9,8694
247,283,54.9,5489
283,247,45.1,4511
247,1563,35.0,3500
1563,247,65.0,6500
247,4531,51.8,5176
4531,247,48.2,4824
247,245,31.1,3106
245,247,68.9,6894
247,4800,46.9,4688
4800,247,53.1,5312
247,241,45.4,4536
241,247,54.6,5464
247,1084,42.7,4273
1084,247,57.3,5727
247,2046,53.5,5346
2046,247,46.5,4654
247,1557,63.9,6387
1557,247,36.1,3613
247,1041,37.4,3737
1041,247,62.6,6263
247,4255,46.2,4625
4255,247,53.8,5375
247,1684,28.5,2853
1684,247,71.5,7147
247,4864,24.9,2493
4864,247,75.1,7507
247,1487,36.0,3603
1487,247,64.0,6397
247,239,32.9,3294
239,247,67.1,6706
247,196,19.4,1943
196,247,80.6,8057
247,279,30.3,3028
279,247,69.7,6972
247,4919,66.1,6606
4919,247,33.9,3394
247,4524,64.5,6450
4524,247,35.5,3550
247,4788,44.1,4413
4788,247,55.9,5587
4924,201,19.8,1983
201,4924,80.2,8017
4924,4509,29.3,2933
4509,4924,70.7,7067
4924,4757,34.6,3462
4757,4924,65.4,6538
4924,4521,23.9,2388
4521,4924,76.1,7612
4924,4920,37.6,3764
4920,4924,62.4,6236
4924,1493,42.2,4217
1493,4924,57.8,5783
4924,4544,37.8,3780
4544,4924,62.2,6220
4924,4259,18.6,1863
4259,4924,81.4,8137
4924,4535,31.2,3123
4535,4924,68.8,6877
4924,277,44.0,4399
277,4924,56.0,5601
4924,972,14.4,1443
972,4924,85.6,8557
4924,4504,34.9,3488
4504,4924,65.1,6512
4924,4529,44.2,4419
4529,4924,55.8,5581
4924,198,14.5,1450
198,4924,85.5,8550
4924,4489,25.3,2529
4489,4924,74.7,7471
4924,4246,14.7,1473
4246,4924,85.3,8527
4924,4910,21.7,2167
4910,4924,78.3,7833
4924,1485,42.6,4257
1485,4924,57.4,5743
4924,4922,39.0,3898
4922,4924,61.0,6102
4924,4423,29.9,2987
4423,4924,70.1,7013
4924,4517,33.0,3303
4517,4924,67.0,6697
4924,4426,32.4,3240
4426,4924,67.6,6760
4924,4527,28.6,2864
4527,4924,71.4,7136
4924,961,16.3,1634
961,4924,83.7,8366
4924,227,26.8,2682
227,4924,73.2,7318
4924,4908,31.8,3184
4908,4924,68.2,6816
4924,1169,10.8,1084
1169,4924,89.2,8916
4924,4422,44.7,4474
4422,4924,55.3,5526
4924,251,21.2,2119
251,4924,78.8,7881
4924,4921,33.4,3342
4921,4924,66.6,6658
4924,1183,26.3,2632
1183,4924,73.7,7368
4924,4424,38.4,3844
4424,4924,61.6,6156
4924,996,43.2,4316
996,4924,56.8,5684
4924,4545,62.4,6244
4545,4924,37.6,3756
4924,4257,25.6,2560
4257,4924,74.4,7440
4924,4254,23.4,2345
4254,4924,76.5,7655
4924,3709,9.8,981
3709,4924,90.2,9019
4924,4917,36.1,3614
4917,4924,63.9,6386
4924,4519,39.4,3944
4519,4924,60.6,6056
4924,4431,25.9,2595
4431,4924,74.1,7405
4924,4518,36.4,3640
4518,4924,63.6,6360
4924,4915,50.1,5007
4915,4924,49.9,4993
4924,289,11.8,1177
289,4924,88.2,8823
4924,2521,33.5,3350
2521,4924,66.5,6650
4924,4530,20.2,2021
4530,4924,79.8,7979
4924,1136,36.3,3627
1136,4924,63.7,6373
4924,297,19.4,1935
297,4924,80.7,8065
4924,4913,23.3,2334
4913,4924,76.7,7666
4924,4607,12.6,1259
4607,4924,87.4,8741
4924,1044,11.0,1096
1044,4924,89.0,8904
4924,2799,26.1,2605
2799,4924,74.0,7395
4924,179,9.3,932
179,4924,90.7,9068
4924,1075,19.8,1981
1075,4924,80.2,8019
4924,4538,48.5,4850
4538,4924,51.5,5150
4924,4258,23.3,2326
4258,4924,76.7,7674
4924,4906,27.0,2695
4906,4924,73.0,7305
4924,1019,24.8,2480
1019,4924,75.2,7520
4924,4597,26.5,2649
4597,4924,73.5,7351
4924,217,8.2,816
217,4924,91.8,9184
4924,261,24.3,2426
261,4924,75.7,7574
4924,1520,16.2,1620
1520,4924,83.8,8380
4924,1292,31.7,3168
1292,4924,68.3,6832
4924,269,28.3,2829
269,4924,71.7,7171
4924,1148,32.4,3238
1148,4924,67.6,6762
4924,223,25.5,2553
223,4924,74.5,7447
4924,1072,25.3,2530
1072,4924,74.7,7470
4924,4728,19.6,1957
4728,4924,80.4,8043
4924,1037,20.3,2031
1037,4924,79.7,7969
4924,4363,26.4,2644
4363,4924,73.6,7356
4924,4916,27.2,2718
4916,4924,72.8,7282
4924,1690,19.6,1955
1690,4924,80.5,8045
4924,4909,28.5,2852
4909,4924,71.5,7148
4924,285,19.1,1913
285,4924,80.9,8087
4924,211,25.9,2585
211,4924,74.2,7415
4924,1719,18.9,1886
1719,4924,81.1,8114
4924,4546,40.3,4028
4546,4924,59.7,5972
4924,2043,26.3,2628
2043,4924,73.7,7372
4924,4541,67.6,6762
4541,4924,32.4,3238
4924,4603,21.0,2103
4603,4924,79.0,7897
4924,4914,45.2,4520
4914,4924,54.8,5480
4924,2037,29.5,2949
2037,4924,70.5,7051
4924,194,10.4,1037
194,4924,89.6,8963
4924,3712,22.3,2230
3712,4924,77.7,7770
4924,1722,23.6,2363
1722,4924,76.4,7637
4924,77,23.0,2296
77,4924,77.0,7704
4924,1687,27.2,2720
1687,4924,72.8,7280
4924,4256,24.6,2458
4256,4924,75.4,7542
4924,4528,33.0,3299
4528,4924,67.0,6701
4924,4923,34.9,3495
4923,4924,65.0,6505
4924,942,24.5,2447
942,4924,75.5,7553
4924,1016,41.0,4098
1016,4924,59.0,5902
4924,253,18.4,1845
253,4924,81.5,8155
4924,1693,7.6,757
1693,4924,92.4,9243
4924,1728,15.6,1558
1728,4924,84.4,8442
4924,1535,19.1,1913
1535,4924,80.9,8087
4924,4522,53.2,5321
4522,4924,46.8,4679
4924,287,18.8,1878
287,4924,81.2,8122
4924,1172,23.0,2296
1172,4924,77.0,7704
4924,4912,47.7,4767
4912,4924,52.3,5233
4924,1696,3.5,349
1696,4924,96.5,9651
4924,283,30.5,3052
283,4924,69.5,6948
4924,1563,14.9,1486
1563,4924,85.1,8514
4924,4531,27.1,2709
4531,4924,72.9,7291
4924,245,12.8,1283
245,4924,87.2,8717
4924,4800,22.9,2294
4800,4924,77.1,7706
4924,241,21.7,2171
241,4924,78.3,7829
4924,1084,20.1,2005
1084,4924,80.0,7995
4924,2046,28.2,2822
2046,4924,71.8,7178
4924,1557,39.4,3939
1557,4924,60.6,6061
4924,1041,16.8,1676
1041,4924,83.2,8324
4924,4255,21.6,2155
4255,4924,78.5,7845
4924,1684,11.5,1149
1684,4924,88.5,8851
4924,4864,9.0,902
4864,4924,91.0,9098
4924,1487,15.9,1590
1487,4924,84.1,8410
4924,239,13.1,1312
239,4924,86.9,8688
4924,196,5.8,580
196,4924,94.2,9420
4924,279,12.0,1205
279,4924,87.9,8795
4924,4919,41.0,4099
4919,4924,59.0,5901
4924,4524,39.3,3929
4524,4924,60.7,6071
4924,4788,21.3,2131
4788,4924,78.7,7869
201,4509,60.5,6045
4509,201,39.6,3955
201,4757,67.3,6734
4757,201,32.7,3266
201,4521,55.7,5572
4521,201,44.3,4428
201,4920,70.0,6996
4920,201,30.0,3004
201,1493,74.6,7458
1493,201,25.4,2542
201,4544,69.8,6978
4544,201,30.2,3022
201,4259,48.0,4799
4259,201,52.0,5201
201,4535,64.3,6434
4535,201,35.7,3566
201,277,75.6,7560
277,201,24.4,2440
201,972,41.4,4138
972,201,58.6,5862
201,4504,67.6,6756
4504,201,32.4,3244
201,4529,76.1,7606
4529,201,23.9,2394
201,198,41.4,4137
198,201,58.6,5863
201,4489,57.6,5763
4489,201,42.4,4237
201,4246,41.7,4170
4246,201,58.3,5830
201,4910,52.6,5265
4910,201,47.3,4735
201,1485,74.2,7420
1485,201,25.8,2580
201,4922,71.0,7097
4922,201,29.0,2903
201,4423,61.4,6140
4423,201,38.6,3860
201,4517,65.7,6573
4517,201,34.3,3427
201,4426,64.6,6465
4426,201,35.4,3535
201,4527,61.6,6155
4527,201,38.5,3845
201,961,45.7,4568
961,201,54.3,5432
201,227,58.3,5833
227,201,41.7,4167
201,4908,63.9,6393
4908,201,36.1,3607
201,1169,34.9,3494
1169,201,65.1,6506
201,4422,75.9,7589
4422,201,24.1,2411
201,251,50.8,5082
251,201,49.2,4918
201,4921,65.7,6567
4921,201,34.3,3433
201,1183,57.9,5787
1183,201,42.1,4213
201,4424,71.6,7162
4424,201,28.4,2838
201,996,74.4,7444
996,201,25.6,2556
201,4545,88.0,8798
4545,201,12.0,1202
201,4257,57.7,5767
4257,201,42.3,4233
201,4254,53.1,5312
4254,201,46.9,4688
201,3709,32.4,3244
3709,201,67.6,6756
201,4917,69.3,6932
4917,201,30.7,3068
201,4519,70.6,7064
4519,201,29.4,2936
201,4431,57.3,5726
4431,201,42.7,4274
201,4518,69.0,6902
4518,201,31.0,3098
201,4915,78.9,7890
4915,201,21.1,2110
201,289,36.7,3667
289,201,63.3,6333
201,2521,66.8,6682
2521,201,33.2,3318
201,4530,49.7,4971
4530,201,50.3,5029
201,1136,69.9,6988
1136,201,30.1,3012
201,297,48.4,4835
297,201,51.6,5165
201,4913,53.3,5329
4913,201,46.7,4671
201,4607,38.1,3814
4607,201,61.9,6186
201,1044,36.2,3617
1044,201,63.8,6383
201,2799,56.9,5693
2799,201,43.1,4307
201,179,32.3,3228
179,201,67.7,6772
201,1075,49.5,4955
1075,201,50.4,5045
201,4538,78.7,7867
4538,201,21.3,2133
201,4258,54.8,5478
4258,201,45.2,4522
201,4906,58.8,5883
4906,201,41.2,4117
201,1019,56.0,5596
1019,201,44.0,4404
201,4597,58.9,5887
4597,201,41.1,4113
201,217,28.8,2884
217,201,71.2,7116
201,261,54.9,5489
261,201,45.1,4511
201,1520,44.1,4410
1520,201,55.9,5590
201,1292,64.1,6410
1292,201,35.9,3590
201,269,60.6,6056
269,201,39.4,3944
201,1148,64.8,6485
1148,201,35.1,3515
201,223,57.8,5777
223,201,42.2,4223
201,1072,57.1,5708
1072,201,42.9,4292
201,4728,49.4,4940
4728,201,50.6,5060
201,1037,50.7,5070
1037,201,49.3,4930
201,4363,58.6,5858
4363,201,41.4,4142
201,4916,60.0,5996
4916,201,40.0,4004
201,1690,50.1,5008
1690,201,49.9,4992
201,4909,60.9,6088
4909,201,39.1,3912
201,285,47.7,4768
285,201,52.3,5232
201,211,59.3,5930
211,201,40.7,4070
201,1719,48.6,4861
1719,201,51.4,5139
201,4546,72.8,7281
4546,201,27.2,2719
201,2043,58.6,5861
2043,201,41.4,4139
201,4541,90.0,8999
4541,201,10.0,1001
201,4603,50.1,5014
4603,201,49.9,4986
201,4914,76.9,7691
4914,201,23.1,2309
201,2037,61.4,6136
2037,201,38.6,3864
201,194,34.9,3490
194,201,65.1,6510
201,3712,54.1,5414
3712,201,45.9,4586
201,1722,52.9,5292
1722,201,47.1,4708
201,77,51.5,5146
77,201,48.5,4854
201,1687,59.4,5943
1687,201,40.6,4057
201,4256,56.6,5659
4256,201,43.4,4341
201,4528,65.9,6588
4528,201,34.1,3412
201,4923,66.6,6659
4923,201,33.4,3341
201,942,55.7,5572
942,201,44.3,4428
201,1016,72.7,7266
1016,201,27.3,2734
201,253,48.2,4822
253,201,51.8,5178
201,1693,26.7,2667
1693,201,73.3,7333
201,1728,44.8,4476
1728,201,55.2,5524
201,1535,49.1,4906
1535,201,50.9,5094
201,4522,81.8,8179
4522,201,18.2,1821
201,287,49.5,4948
287,201,50.5,5052
201,1172,53.0,5302
1172,201,47.0,4698
201,4912,78.3,7827
4912,201,21.7,2173
201,1696,16.8,1683
1696,201,83.2,8317
201,283,61.9,6193
283,201,38.1,3807
201,1563,41.3,4134
1563,201,58.7,5866
201,4531,60.1,6009
4531,201,39.9,3991
201,245,38.4,3836
245,201,61.6,6164
201,4800,54.1,5406
4800,201,45.9,4594
201,241,53.5,5354
241,201,46.5,4646
201,1084,51.1,5107
1084,201,48.9,4893
201,2046,60.1,6012
2046,201,39.9,3988
201,1557,71.1,7113
1557,201,28.9,2887
201,1041,45.2,4525
1041,201,54.8,5475
201,4255,52.9,5293
4255,201,47.1,4707
201,1684,34.9,3489
1684,201,65.1,6511
201,4864,31.6,3157
4864,201,68.4,6843
201,1487,43.7,4371
1487,201,56.3,5629
201,239,39.5,3946
239,201,60.5,6054
201,196,24.5,2448
196,201,75.5,7552
201,279,37.9,3785
279,201,62.2,6215
201,4919,72.9,7288
4919,201,27.1,2712
201,4524,71.4,7142
4524,201,28.6,2858
201,4788,52.4,5245
4788,201,47.5,4755
4509,4757,56.8,5681
4757,4509,43.2,4319
4509,4521,45.4,4539
4521,4509,54.6,5461
4509,4920,60.2,6025
4920,4509,39.8,3975
4509,1493,64.3,6430
1493,4509,35.7,3570
4509,4544,59.9,5987
4544,4509,40.1,4013
4509,4259,38.4,3843
4259,4509,61.6,6157
4509,4535,53.9,5391
4535,4509,46.1,4609
4509,277,67.0,6698
277,4509,33.0,3302
4509,972,32.0,3202
972,4509,68.0,6798
4509,4504,58.0,5800
4504,4509,42.0,4200
4509,4529,66.8,6683
4529,4509,33.2,3317
4509,198,31.9,3190
198,4509,68.1,6810
4509,4489,45.5,4553
4489,4509,54.5,5447
4509,4246,32.9,3291
4246,4509,67.1,6709
4509,4910,41.5,4148
4910,4509,58.5,5852
4509,1485,64.4,6440
1485,4509,35.6,3560
4509,4922,61.8,6177
4922,4509,38.2,3823
4509,4423,52.4,5243
4423,4509,47.6,4757
4509,4517,55.9,5592
4517,4509,44.1,4408
4509,4426,54.0,5398
4426,4509,46.0,4602
4509,4527,51.6,5164
4527,4509,48.4,4836
4509,961,32.8,3275
961,4509,67.2,6725
4509,227,48.2,4817
227,4509,51.8,5183
4509,4908,54.4,5435
4908,4509,45.6,4565
4509,1169,25.9,2595
1169,4509,74.1,7405
4509,4422,66.4,6639
4422,4509,33.6,3361
4509,251,41.2,4119
251,4509,58.8,5881
4509,4921,55.0,5504
4921,4509,45.0,4496
4509,1183,47.2,4722
1183,4509,52.8,5278
4509,4424,60.7,6073
4424,4509,39.3,3927
4509,996,64.8,6485
996,4509,35.1,3515
4509,4545,81.5,8151
4545,4509,18.5,1849
4509,4257,46.5,4651
4257,4509,53.5,5349
4509,4254,43.3,4327
4254,4509,56.7,5673
4509,3709,22.6,2255
3709,4509,77.5,7745
4509,4917,59.4,5944
4917,4509,40.6,4056
4509,4519,61.5,6154
4519,4509,38.5,3846
4509,4431,47.3,4735
4431,4509,52.6,5265
4509,4518,59.5,5948
4518,4509,40.5,4052
4509,4915,70.9,7086
4915,4509,29.1,2914
4509,289,26.7,2669
289,4509,73.3,7331
4509,2521,55.8,5584
2521,4509,44.2,4416
4509,4530,39.7,3971
4530,4509,60.3,6029
4509,1136,59.7,5965
1136,4509,40.4,4035
4509,297,39.4,3943
297,4509,60.6,6057
4509,4913,42.5,4252
4913,4509,57.5,5748
4509,4607,28.2,2825
4607,4509,71.8,7175
4509,1044,27.1,2711
1044,4509,72.9,7289
4509,2799,45.5,4549
2799,4509,54.5,5451
4509,179,24.1,2406
179,4509,75.9,7594
4509,1075,39.1,3913
1075,4509,60.9,6087
4509,4538,70.6,7057
4538,4509,29.4,2943
4509,4258,44.4,4437
4258,4509,55.6,5563
4509,4906,49.1,4913
4906,4509,50.9,5087
4509,1019,46.5,4647
1019,4509,53.5,5353
4509,4597,47.9,4788
4597,4509,52.1,5212
4509,217,20.5,2052
217,4509,79.5,7948
4509,261,44.3,4432
261,4509,55.7,5568
4509,1520,33.9,3392
1520,4509,66.1,6608
4509,1292,52.9,5286
1292,4509,47.1,4714
4509,269,49.7,4973
269,4509,50.3,5027
4509,1148,55.3,5532
1148,4509,44.7,4468
4509,223,46.2,4624
223,4509,53.8,5376
4509,1072,46.0,4595
1072,4509,54.0,5405
4509,4728,39.2,3921
4728,4509,60.8,6079
4509,1037,40.5,4047
1037,4509,59.5,5953
4509,4363,48.3,4830
4363,4509,51.7,5170
4509,4916,48.6,4863
4916,4509,51.4,5137
4509,1690,39.3,3928
1690,4509,60.7,6072
4509,4909,51.6,5164
4909,4509,48.4,4836
4509,285,37.2,3719
285,4509,62.8,6281
4509,211,47.8,4777
211,4509,52.2,5223
4509,1719,38.4,3841
1719,4509,61.6,6159
4509,4546,63.2,6325
4546,4509,36.8,3675
4509,2043,47.8,4782
2043,4509,52.2,5218
4509,4541,84.8,8481
4541,4509,15.2,1519
4509,4603,40.2,4020
4603,4509,59.8,5980
4509,4914,67.2,6720
4914,4509,32.8,3280
4509,2037,50.9,5086
2037,4509,49.1,4914
4509,194,25.2,2522
194,4509,74.8,7478
4509,3712,42.8,4278
3712,4509,57.2,5722
4509,1722,43.6,4363
1722,4509,56.4,5637
4509,77,42.0,4200
77,4509,58.0,5800
4509,1687,48.6,4861
1687,4509,51.4,5139
4509,4256,45.1,4514
4256,4509,54.9,5486
4509,4528,56.0,5601
4528,4509,44.0,4399
4509,4923,56.4,5638
4923,4509,43.6,4362
4509,942,46.6,4656
942,4509,53.4,5344
4509,1016,63.0,6297
1016,4509,37.0,3703
4509,253,37.8,3780
253,4509,62.2,6220
4509,1693,19.0,1904
1693,4509,81.0,8096
4509,1728,34.7,3469
1728,4509,65.3,6531
4509,1535,38.3,3834
1535,4509,61.7,6166
4509,4522,75.2,7516
4522,4509,24.8,2484
4509,287,39.1,3906
287,4509,60.9,6094
4509,1172,42.8,4280
1172,4509,57.2,5720
4509,4912,68.9,6886
4912,4509,31.1,3114
4509,1696,10.8,1078
1696,4509,89.2,8922
4509,283,51.6,5165
283,4509,48.4,4835
4509,1563,32.6,3257
1563,4509,67.4,6743
4509,4531,49.0,4903
4531,4509,51.0,5097
4509,245,28.3,2834
245,4509,71.7,7166
4509,4800,42.6,4256
4800,4509,57.4,5744
4509,241,42.7,4270
241,4509,57.3,5730
4509,1084,39.5,3946
1084,4509,60.5,6054
4509,2046,50.0,5004
2046,4509,50.0,4996
4509,1557,61.4,6137
1557,4509,38.6,3863
4509,1041,34.1,3407
1041,4509,65.9,6593
4509,4255,43.0,4302
4255,4509,57.0,5698
4509,1684,25.2,2522
1684,4509,74.8,7478
4509,4864,23.4,2339
4864,4509,76.6,7661
4509,1487,33.0,3297
1487,4509,67.0,6703
4509,239,30.0,3005
239,4509,70.0,6995
4509,196,17.7,1766
196,4509,82.3,8234
4509,279,28.6,2865
279,4509,71.4,7135
4509,4919,63.7,6367
4919,4509,36.3,3633
4509,4524,61.6,6155
4524,4509,38.5,3845
4509,4788,40.8,4079
4788,4509,59.2,5921
4757,4521,39.2,3920
4521,4757,60.8,6080
4757,4920,53.0,5300
4920,4757,47.0,4700
4757,1493,57.6,5757
1493,4757,42.4,4243
4757,4544,53.0,5301
4544,4757,47.0,4699
4757,4259,32.0,3202
4259,4757,68.0,6798
4757,4535,46.6,4655
4535,4757,53.4,5345
4757,277,60.1,6010
277,4757,39.9,3990
4757,972,26.7,2666
972,4757,73.3,7334
4757,4504,50.3,5031
4504,4757,49.7,4969
4757,4529,60.7,6070
4529,4757,39.3,3930
4757,198,25.9,2588
198,4757,74.1,7412
4757,4489,38.4,3836
4489,4757,61.6,6164
4757,4246,27.1,2710
4246,4757,72.9,7290
4757,4910,34.5,3448
4910,4757,65.5,6552
4757,1485,57.8,5778
1485,4757,42.2,4222
4757,4922,55.1,5512
4922,4757,44.9,4488
4757,4423,45.2,4519
4423,4757,54.8,5481
4757,4517,47.9,4795
4517,4757,52.0,5205
4757,4426,47.3,4733
4426,4757,52.7,5267
4757,4527,43.6,4363
4527,4757,56.4,5637
4757,961,28.4,2837
961,4757,71.6,7163
4757,227,41.0,4098
227,4757,59.0,5902
4757,4908,47.8,4779
4908,4757,52.2,5221
4757,1169,20.9,2086
1169,4757,79.1,7914
4757,4422,60.0,5996
4422,4757,40.0,4004
4757,251,35.4,3539
251,4757,64.6,6461
4757,4921,48.2,4823
4921,4757,51.8,5177
4757,1183,40.5,4052
1183,4757,59.5,5948
4757,4424,53.2,5321
4424,4757,46.8,4679
4757,996,58.4,5837
996,4757,41.6,4163
4757,4545,75.7,7568
4545,4757,24.3,2432
4757,4257,39.9,3994
4257,4757,60.1,6006
4757,4254,37.2,3722
4254,4757,62.8,6278
4757,3709,18.6,1861
3709,4757,81.4,8139
4757,4917,52.5,5252
4917,4757,47.5,4748
4757,4519,54.0,5403
4519,4757,46.0,4597
4757,4431,40.4,4040
4431,4757,59.6,5960
4757,4518,52.0,5203
4518,4757,48.0,4797
4757,4915,65.0,6499
4915,4757,35.0,3501
4757,289,20.9,2087
289,4757,79.1,7913
4757,2521,48.7,4873
2521,4757,51.3,5127
4757,4530,33.0,3298
4530,4757,67.0,6702
4757,1136,52.8,5282
1136,4757,47.2,4718
4757,297,32.5,3253
297,4757,67.5,6747
4757,4913,36.8,3680
4913,4757,63.2,6320
4757,4607,23.2,2319
4607,4757,76.8,7681
4757,1044,20.6,2059
1044,4757,79.4,7941
4757,2799,38.6,3855
2799,4757,61.5,6145
4757,179,18.2,1823
179,4757,81.8,8177
4757,1075,33.8,3375
1075,4757,66.2,6625
4757,4538,63.5,6351
4538,4757,36.5,3649
4757,4258,36.9,3688
4258,4757,63.1,6312
4757,4906,42.8,4275
4906,4757,57.2,5725
4757,1019,39.4,3936
1019,4757,60.6,6064
4757,4597,40.9,4086
4597,4757,59.1,5914
4757,217,16.3,1626
217,4757,83.7,8374
4757,261,38.2,3816
261,4757,61.8,6184
4757,1520,27.9,2788
1520,4757,72.1,7212
4757,1292,46.3,4634
1292,4757,53.7,5366
4757,269,42.3,4230
269,4757,57.7,5770
4757,1148,47.5,4752
1148,4757,52.5,5248
4757,223,39.5,3951
223,4757,60.5,6049
4757,1072,39.4,3939
1072,4757,60.6,6061
4757,4728,31.9,3192
4728,4757,68.1,6808
4757,1037,33.5,3353
1037,4757,66.5,6647
4757,4363,40.9,4086
4363,4757,59.1,5914
4757,4916,43.2,4316
4916,4757,56.8,5684
4757,1690,33.3,3332
1690,4757,66.7,6668
4757,4909,42.9,4289
4909,4757,57.1,5711
4757,285,31.3,3129
285,4757,68.7,6871
4757,211,41.8,4175
211,4757,58.2,5825
4757,1719,31.9,3192
1719,4757,68.1,6808
4757,4546,57.1,5708
4546,4757,42.9,4292
4757,2043,41.3,4132
2043,4757,58.7,5868
4757,4541,80.0,8001
4541,4757,20.0,1999
4757,4603,33.4,3341
4603,4757,66.6,6659
4757,4914,61.4,6135
4914,4757,38.6,3865
4757,2037,43.8,4376
2037,4757,56.2,5624
4757,194,19.7,1971
194,4757,80.3,8029
4757,3712,36.2,3619
3712,4757,63.8,6381
4757,1722,36.5,3652
1722,4757,63.5,6348
4757,77,35.8,3584
77,4757,64.2,6416
4757,1687,41.6,4159
1687,4757,58.4,5841
4757,4256,38.5,3848
4256,4757,61.5,6152
4757,4528,48.7,4872
4528,4757,51.3,5128
4757,4923,49.8,4981
4923,4757,50.2,5019
4757,942,38.8,3880
942,4757,61.2,6120
4757,1016,56.3,5629
1016,4757,43.7,4371
4757,253,32.0,3202
253,4757,68.0,6798
4757,1693,14.6,1460
1693,4757,85.4,8540
4757,1728,27.8,2778
1728,4757,72.2,7222
4757,1535,31.8,3178
1535,4757,68.2,6822
4757,4522,69.2,6925
4522,4757,30.8,3075
4757,287,32.3,3227
287,4757,67.7,6773
4757,1172,35.9,3590
1172,4757,64.1,6410
4757,4912,63.9,6391
4912,4757,36.1,3609
4757,1696,7.6,764
1696,4757,92.4,9236
4757,283,45.2,4521
283,4757,54.8,5479
4757,1563,26.2,2617
1563,4757,73.8,7383
4757,4531,42.0,4197
4531,4757,58.0,5803
4757,245,24.2,2421
245,4757,75.8,7579
4757,4800,36.8,3679
4800,4757,63.2,6321
4757,241,36.2,3622
241,4757,63.8,6378
4757,1084,33.2,3323
1084,4757,66.8,6677
4757,2046,42.7,4269
2046,4757,57.3,5731
4757,1557,53.8,5379
1557,4757,46.2,4621
4757,1041,27.8,2782
1041,4757,72.2,7218
4757,4255,36.2,3619
4255,4757,63.8,6381
4757,1684,20.7,2073
1684,4757,79.3,7927
4757,4864,17.6,1765
4864,4757,82.3,8235
4757,1487,27.1,2706
1487,4757,72.9,7294
4757,239,23.4,2342
239,4757,76.6,7658
4757,196,12.6,1261
196,4757,87.4,8739
4757,279,22.5,2250
279,4757,77.5,7750
4757,4919,57.5,5751
4919,4757,42.5,4249
4757,4524,55.7,5567
4524,4757,44.3,4433
4757,4788,35.0,3502
4788,4757,65.0,6498
4521,4920,64.4,6438
4920,4521,35.6,3562
4521,1493,68.9,6887
1493,4521,31.1,3113
4521,4544,64.2,6418
4544,4521,35.8,3582
4521,4259,43.2,4319
4259,4521,56.8,5681
4521,4535,58.2,5825
4535,4521,41.8,4175
4521,277,70.0,7005
277,4521,29.9,2995
4521,972,36.8,3677
972,4521,63.2,6323
4521,4504,61.4,6140
4504,4521,38.6,3860
4521,4529,71.5,7147
4529,4521,28.5,2853
4521,198,36.5,3648
198,4521,63.5,6352
4521,4489,50.0,5005
4489,4521,50.0,4995
4521,4246,36.3,3627
4246,4521,63.7,6373
4521,4910,45.9,4594
4910,4521,54.1,5406
4521,1485,69.0,6896
1485,4521,31.0,3104
4521,4922,65.6,6565
4922,4521,34.4,3435
4521,4423,56.2,5616
4423,4521,43.8,4384
4521,4517,59.5,5952
4517,4521,40.5,4048
4521,4426,59.4,5936
4426,4521,40.6,4064
4521,4527,56.1,5608
4527,4521,43.9,4392
4521,961,38.5,3852
961,4521,61.5,6148
4521,227,51.4,5143
227,4521,48.6,4857
4521,4908,58.2,5822
4908,4521,41.8,4178
4521,1169,28.7,2871
1169,4521,71.3,7129
4521,4422,70.7,7065
4422,4521,29.3,2935
4521,251,45.4,4541
251,4521,54.6,5459
4521,4921,59.8,5978
4921,4521,40.2,4022
4521,1183,51.5,5154
1183,4521,48.5,4846
4521,4424,65.0,6502
4424,4521,35.0,3498
4521,996,69.0,6900
996,4521,31.0,3100
4521,4545,84.4,8437
4545,4521,15.6,1563
4521,4257,51.3,5131
4257,4521,48.7,4869
4521,4254,48.1,4811
4254,4521,51.9,5189
4521,3709,26.5,2651
3709,4521,73.5,7349
4521,4917,63.5,6349
4917,4521,36.5,3651
4521,4519,65.7,6572
4519,4521,34.3,3428
4521,4431,51.5,5148
4431,4521,48.5,4852
4521,4518,63.4,6344
4518,4521,36.6,3656
4521,4915,74.0,7404
4915,4521,26.0,2596
4521,289,29.3,2927
289,4521,70.7,7073
4521,2521,60.3,6033
2521,4521,39.7,3967
4521,4530,43.9,4387
4530,4521,56.1,5613
4521,1136,63.6,6360
1136,4521,36.4,3640
4521,297,43.0,4301
297,4521,57.0,5699
4521,4913,48.5,4853
4913,4521,51.5,5147
4521,4607,32.3,3232
4607,4521,67.7,6768
4521,1044,30.3,3033
1044,4521,69.7,6967
4521,2799,51.4,5141
2799,4521,48.6,4859
4521,179,26.4,2640
179,4521,73.6,7360
4521,1075,45.1,4512
1075,4521,54.9,5488
4521,4538,73.6,7363
4538,4521,26.4,2637
4521,4258,47.8,4784
4258,4521,52.2,5216
4521,4906,53.6,5359
4906,4521,46.4,4641
4521,1019,51.1,5110
1019,4521,48.9,4890
4521,4597,53.0,5302
4597,4521,47.0,4698
4521,217,23.3,2330
217,4521,76.7,7670
4521,261,48.9,4889
261,4521,51.1,5111
4521,1520,38.2,3820
1520,4521,61.8,6180
4521,1292,58.2,5820
1292,4521,41.8,4180
4521,269,53.6,5362
269,4521,46.4,4638
4521,1148,59.2,5920
1148,4521,40.8,4080
4521,223,51.0,5101
223,4521,49.0,4899
4521,1072,49.8,4978
1072,4521,50.2,5022
4521,4728,43.9,4388
4728,4521,56.1,5612
4521,1037,45.3,4527
1037,4521,54.7,5473
4521,4363,52.8,5281
4363,4521,47.2,4719
4521,4916,54.1,5410
4916,4521,45.9,4590
4521,1690,43.0,4305
1690,4521,57.0,5695
4521,4909,55.9,5592
4909,4521,44.1,4408
4521,285,41.8,4175
285,4521,58.2,5825
4521,211,52.2,5219
211,4521,47.8,4781
4521,1719,42.1,4207
1719,4521,57.9,5793
4521,4546,67.5,6753
4546,4521,32.5,3247
4521,2043,52.7,5266
2043,4521,47.3,4734
4521,4541,87.0,8696
4541,4521,13.0,1304
4521,4603,44.3,4431
4603,4521,55.7,5569
4521,4914,71.2,7118
4914,4521,28.8,2882
4521,2037,55.5,5549
2037,4521,44.5,4451
4521,194,28.6,2857
194,4521,71.4,7143
4521,3712,47.7,4772
3712,4521,52.3,5228
4521,1722,47.4,4745
1722,4521,52.5,5255
4521,77,46.9,4693
77,4521,53.1,5307
4521,1687,52.0,5202
1687,4521,48.0,4798
4521,4256,49.9,4990
4256,4521,50.1,5010
4521,4528,59.8,5979
4528,4521,40.2,4021
4521,4923,61.2,6115
4923,4521,38.9,3885
4521,942,50.2,5021
942,4521,49.8,4979
4521,1016,66.8,6683
1016,4521,33.2,3317
4521,253,42.5,4248
253,4521,57.5,5752
4521,1693,22.4,2245
1693,4521,77.5,7755
4521,1728,38.6,3857
1728,4521,61.4,6143
4521,1535,43.2,4325
1535,4521,56.8,5675
4521,4522,78.3,7835
4522,4521,21.6,2165
4521,287,43.8,4381
287,4521,56.2,5619
4521,1172,48.3,4828
1172,4521,51.7,5172
4521,4912,73.8,7376
4912,4521,26.2,2624
4521,1696,13.7,1369
1696,4521,86.3,8631
4521,283,56.6,5660
283,4521,43.4,4340
4521,1563,35.2,3519
1563,4521,64.8,6481
4521,4531,53.7,5371
4531,4521,46.3,4629
4521,245,32.7,3269
245,4521,67.3,6731
4521,4800,47.1,4708
4800,4521,52.9,5292
4521,241,48.1,4811
241,4521,51.9,5189
4521,1084,43.9,4391
1084,4521,56.1,5609
4521,2046,54.0,5404
2046,4521,46.0,4596
4521,1557,65.3,6530
1557,4521,34.7,3470
4521,1041,37.4,3741
1041,4521,62.6,6259
4521,4255,47.0,4701
4255,4521,53.0,5299
4521,1684,29.9,2993
1684,4521,70.1,7007
4521,4864,26.4,2639
4864,4521,73.6,7361
4521,1487,37.5,3752
1487,4521,62.5,6248
4521,239,34.2,3422
239,4521,65.8,6578
4521,196,19.5,1949
196,4521,80.5,8051
4521,279,32.5,3252
279,4521,67.5,6748
4521,4919,67.8,6782
4919,4521,32.2,3218
4521,4524,65.7,6568
4524,4521,34.3,3432
4521,4788,45.6,4557
4788,4521,54.4,5443
4920,1493,55.0,5502
1493,4920,45.0,4498
4920,4544,49.3,4927
4544,4920,50.7,5073
4920,4259,28.6,2864
4259,4920,71.4,7136
4920,4535,42.9,4293
4535,4920,57.1,5707
4920,277,55.3,5532
277,4920,44.7,4468
4920,972,23.3,2333
972,4920,76.7,7667
4920,4504,46.1,4610
4504,4920,53.9,5390
4920,4529,58.0,5800
4529,4920,42.0,4200
4920,198,22.5,2252
198,4920,77.5,7748
4920,4489,35.2,3516
4489,4920,64.8,6484
4920,4246,23.3,2332
4246,4920,76.7,7668
4920,4910,33.1,3307
4910,4920,66.9,6693
4920,1485,54.6,5463
1485,4920,45.4,4537
4920,4922,50.4,5040
4922,4920,49.6,4960
4920,4423,40.6,4063
4423,4920,59.4,5937
4920,4517,43.3,4326
4517,4920,56.7,5674
4920,4426,44.6,4461
4426,4920,55.4,5539
4920,4527,40.9,4095
4527,4920,59.1,5905
4920,961,24.5,2446
961,4920,75.5,7554
4920,227,38.1,3810
227,4920,61.9,6190
4920,4908,43.7,4370
4908,4920,56.3,5630
4920,1169,18.5,1854
1169,4920,81.5,8146
4920,4422,56.6,5657
4422,4920,43.4,4343
4920,251,31.8,3175
251,4920,68.2,6825
4920,4921,45.3,4526
4921,4920,54.7,5474
4920,1183,37.1,3713
1183,4920,62.9,6287
4920,4424,50.6,5059
4424,4920,49.4,4941
4920,996,54.9,5495
996,4920,45.1,4505
4920,4545,73.2,7324
4545,4920,26.8,2676
4920,4257,35.8,3580
4257,4920,64.2,6420
4920,4254,34.2,3417
4254,4920,65.8,6583
4920,3709,16.6,1656
3709,4920,83.4,8344
4920,4917,48.9,4887
4917,4920,51.1,5113
4920,4519,50.8,5076
4519,4920,49.2,4924
4920,4431,36.6,3660
4431,4920,63.4,6340
4920,4518,48.9,4885
4518,4920,51.1,5115
4920,4915,61.5,6148
4915,4920,38.5,3852
4920,289,18.8,1877
289,4920,81.2,8123
4920,2521,46.0,4603
2521,4920,54.0,5397
4920,4530,29.9,2986
4530,4920,70.1,7014
4920,1136,49.0,4905
1136,4920,50.9,5095
4920,297,28.4,2841
297,4920,71.6,7159
4920,4913,32.6,3259
4913,4920,67.4,6741
4920,4607,20.2,2021
4607,4920,79.8,7979
4920,1044,18.7,1870
1044,4920,81.3,8130
4920,2799,36.0,3605
2799,4920,63.9,6395
4920,179,15.6,1560
179,4920,84.4,8440
4920,1075,30.0,3004
1075,4920,70.0,6996
4920,4538,60.5,6052
4538,4920,39.5,3948
4920,4258,34.7,3469
4258,4920,65.3,6531
4920,4906,39.9,3990
4906,4920,60.1,6010
4920,1019,36.3,3626
1019,4920,63.7,6374
4920,4597,37.6,3764
4597,4920,62.4,6236
4920,217,14.8,1478
217,4920,85.2,8522
4920,261,33.5,3347
261,4920,66.5,6653
4920,1520,25.3,2532
1520,4920,74.7,7468
4920,1292,43.8,4378
1292,4920,56.2,5622
4920,269,38.4,3841
269,4920,61.6,6159
4920,1148,45.0,4504
1148,4920,55.0,5496
4920,223,36.9,3691
223,4920,63.1,6309
4920,1072,36.6,3663
1072,4920,63.4,6337
4920,4728,29.7,2967
4728,4920,70.3,7033
4920,1037,30.1,3012
1037,4920,69.9,6988
4920,4363,37.7,3767
4363,4920,62.3,6233
4920,4916,38.7,3866
4916,4920,61.3,6134
4920,1690,29.2,2923
1690,4920,70.8,7077
4920,4909,40.3,4026
4909,4920,59.7,5974
4920,285,27.7,2772
285,4920,72.3,7228
4920,211,38.2,3820
211,4920,61.8,6180
4920,1719,29.3,2933
1719,4920,70.7,7067
4920,4546,53.9,5386
4546,4920,46.1,4614
4920,2043,37.1,3709
2043,4920,62.9,6291
4920,4541,77.4,7740
4541,4920,22.6,2260
4920,4603,30.2,3023
4603,4920,69.8,6977
4920,4914,58.0,5801
4914,4920,42.0,4199
4920,2037,40.1,4014
2037,4920,59.9,5986
4920,194,17.1,1707
194,4920,82.9,8293
4920,3712,33.7,3367
3712,4920,66.3,6633
4920,1722,33.0,3295
1722,4920,67.0,6705
4920,77,31.9,3193
77,4920,68.1,6807
4920,1687,38.1,3813
1687,4920,61.9,6187
4920,4256,35.5,3550
4256,4920,64.5,6450
4920,4528,44.9,4486
4528,4920,55.1,5514
4920,4923,46.7,4667
4923,4920,53.3,5333
4920,942,35.6,3561
942,4920,64.4,6439
4920,1016,51.8,5181
1016,4920,48.2,4819
4920,253,28.6,2858
253,4920,71.4,7142
4920,1693,12.4,1240
1693,4920,87.6,8760
4920,1728,24.7,2469
1728,4920,75.3,7531
4920,1535,29.1,2908
1535,4920,70.9,7092
4920,4522,65.4,6544
4522,4920,34.6,3456
4920,287,29.4,2936
287,4920,70.6,7064
4920,1172,33.5,3349
1172,4920,66.5,6651
4920,4912,60.2,6017
4912,4920,39.8,3983
4920,1696,7.0,696
1696,4920,93.0,9304
4920,283,42.1,4213
283,4920,57.9,5787
4920,1563,23.3,2326
1563,4920,76.7,7674
4920,4531,39.9,3993
4531,4920,60.1,6007
4920,245,20.4,2044
245,4920,79.6,7956
4920,4800,33.3,3329
4800,4920,66.7,6671
4920,241,32.8,3275
241,4920,67.2,6725
4920,1084,30.4,3044
1084,4920,69.6,6956
4920,2046,40.3,4031
2046,4920,59.7,5969
4920,1557,51.1,5114
1557,4920,48.9,4886
4920,1041,25.3,2528
1041,4920,74.7,7472
4920,4255,32.3,3231
4255,4920,67.7,6769
4920,1684,17.8,1782
1684,4920,82.2,8218
4920,4864,15.5,1551
4864,4920,84.5,8449
4920,1487,24.3,2432
1487,4920,75.7,7568
4920,239,21.8,2180
239,4920,78.2,7820
4920,196,11.6,1161
196,4920,88.4,8839
4920,279,19.5,1949
279,4920,80.5,8051
4920,4919,54.0,5396
4919,4920,46.0,4604
4920,4524,51.1,5108
4524,4920,48.9,4892
4920,4788,30.6,3057
4788,4920,69.4,6943
1493,4544,45.0,4496
4544,1493,55.0,5504
1493,4259,24.2,2425
4259,1493,75.8,7575
1493,4535,38.1,3811
4535,1493,61.9,6189
1493,277,51.7,5168
277,1493,48.3,4832
1493,972,19.3,1934
972,1493,80.7,8066
1493,4504,42.7,4266
4504,1493,57.3,5734
1493,4529,52.6,5263
4529,1493,47.4,4737
1493,198,19.0,1899
198,1493,81.0,8101
1493,4489,31.1,3114
4489,1493,68.9,6886
1493,4246,19.7,1973
4246,1493,80.3,8027
1493,4910,28.2,2817
4910,1493,71.8,7183
1493,1485,50.0,4996
1485,1493,50.0,5004
1493,4922,45.7,4569
4922,1493,54.3,5431
1493,4423,37.2,3722
4423,1493,62.8,6278
1493,4517,39.2,3919
4517,1493,60.8,6081
1493,4426,39.7,3973
4426,1493,60.3,6027
1493,4527,35.4,3545
4527,1493,64.5,6455
1493,961,21.9,2195
961,1493,78.0,7805
1493,227,33.8,3380
227,1493,66.2,6620
1493,4908,38.7,3867
4908,1493,61.3,6133
1493,1169,15.8,1579
1169,1493,84.2,8421
1493,4422,51.6,5159
4422,1493,48.4,4841
1493,251,27.5,2746
251,1493,72.5,7254
1493,4921,40.9,4092
4921,1493,59.1,5908
1493,1183,33.0,3298
1183,1493,67.0,6702
1493,4424,46.2,4621
4424,1493,53.8,5379
1493,996,50.4,5043
996,1493,49.6,4957
1493,4545,69.6,6961
4545,1493,30.4,3039
1493,4257,31.7,3166
4257,1493,68.3,6834
1493,4254,30.0,3002
4254,1493,70.0,6998
1493,3709,13.4,1341
3709,1493,86.6,8659
1493,4917,44.5,4451
4917,1493,55.5,5549
1493,4519,45.7,4572
4519,1493,54.3,5428
1493,4431,33.1,3310
4431,1493,66.9,6690
1493,4518,43.7,4374
4518,1493,56.3,5626
1493,4915,57.2,5718
4915,1493,42.8,4282
1493,289,15.7,1573
289,1493,84.3,8427
1493,2521,41.8,4176
2521,1493,58.2,5824
1493,4530,25.9,2592
4530,1493,74.1,7408
1493,1136,45.0,4498
1136,1493,55.0,5502
1493,297,25.2,2524
297,1493,74.8,7476
1493,4913,29.3,2930
4913,1493,70.7,7070
1493,4607,17.4,1740
4607,1493,82.6,8260
1493,1044,16.0,1602
1044,1493,84.0,8398
1493,2799,32.8,3278
2799,1493,67.2,6722
1493,179,13.3,1329
179,1493,86.7,8671
1493,1075,26.4,2637
1075,1493,73.6,7363
1493,4538,56.5,5647
4538,1493,43.5,4353
1493,4258,30.3,3031
4258,1493,69.7,6969
1493,4906,35.1,3506
4906,1493,64.9,6494
1493,1019,31.4,3142
1019,1493,68.6,6858
1493,4597,33.6,3359
4597,1493,66.4,6641
1493,217,11.8,1178
217,1493,88.2,8822
1493,261,30.7,3071
261,1493,69.3,6929
1493,1520,21.6,2162
1520,1493,78.4,7838
1493,1292,38.6,3858
1292,1493,61.4,6142
1493,269,35.2,3519
269,1493,64.8,6481
1493,1148,39.6,3956
1148,1493,60.4,6044
1493,223,31.6,3165
223,1493,68.3,6835
1493,1072,31.9,3185
1072,1493,68.2,6815
1493,4728,25.6,2558
4728,1493,74.4,7442
1493,1037,27.8,2777
1037,1493,72.2,7223
1493,4363,33.8,3378
4363,1493,66.2,6622
1493,4916,34.9,3488
4916,1493,65.1,6512
1493,1690,25.8,2578
1690,1493,74.2,7422
1493,4909,35.5,3551
4909,1493,64.5,6449
1493,285,24.8,2483
285,1493,75.2,7517
1493,211,33.5,3350
211,1493,66.5,6650
1493,1719,24.9,2494
1719,1493,75.1,7506
1493,4546,48.1,4811
4546,1493,51.9,5189
1493,2043,33.0,3296
2043,1493,67.0,6704
1493,4541,73.3,7334
4541,1493,26.7,2666
1493,4603,26.3,2629
4603,1493,73.7,7371
1493,4914,52.7,5266
4914,1493,47.3,4734
1493,2037,36.3,3630
2037,1493,63.7,6370
1493,194,14.3,1426
194,1493,85.7,8574
1493,3712,28.7,2872
3712,1493,71.3,7128
1493,1722,30.0,3000
1722,1493,70.0,7000
1493,77,28.7,2875
77,1493,71.2,7125
1493,1687,33.4,3335
1687,1493,66.6,6665
1493,4256,30.6,3059
4256,1493,69.4,6941
1493,4528,39.3,3930
4528,1493,60.7,6070
1493,4923,42.1,4208
4923,1493,57.9,5792
1493,942,31.6,3156
942,1493,68.4,6844
1493,1016,48.0,4804
1016,1493,52.0,5196
1493,253,24.3,2435
253,1493,75.6,7565
1493,1693,10.2,1024
1693,1493,89.8,8976
1493,1728,21.6,2161
1728,1493,78.4,7839
1493,1535,24.0,2399
1535,1493,76.0,7601
1493,4522,61.1,6111
4522,1493,38.9,3889
1493,287,25.8,2582
287,1493,74.2,7418
1493,1172,29.6,2957
1172,1493,70.4,7043
1493,4912,55.3,5530
4912,1493,44.7,4470
1493,1696,5.3,528
1696,1493,94.7,9472
1493,283,37.9,3786
283,1493,62.1,6214
1493,1563,20.2,2016
1563,1493,79.8,7984
1493,4531,35.2,3517
4531,1493,64.8,6483
1493,245,17.8,1782
245,1493,82.2,8218
1493,4800,29.2,2921
4800,1493,70.8,7079
1493,241,28.5,2850
241,1493,71.5,7150
1493,1084,26.5,2646
1084,1493,73.5,7354
1493,2046,35.0,3496
2046,1493,65.0,6504
1493,1557,46.6,4656
1557,1493,53.4,5344
1493,1041,20.7,2070
1041,1493,79.3,7930
1493,4255,28.8,2879
4255,1493,71.2,7121
1493,1684,15.5,1551
1684,1493,84.5,8449
1493,4864,12.7,1272
4864,1493,87.3,8728
1493,1487,20.7,2074
1487,1493,79.3,7926
1493,239,19.0,1904
239,1493,81.0,8096
1493,196,9.4,945
196,1493,90.5,9055
1493,279,16.5,1652
279,1493,83.5,8348
1493,4919,48.3,4826
4919,1493,51.7,5174
1493,4524,47.2,4720
4524,1493,52.8,5280
1493,4788,26.6,2662
4788,1493,73.4,7338
4544,4259,29.3,2928
4259,4544,70.7,7072
4544,4535,44.2,4424
4535,4544,55.8,5576
4544,277,57.2,5724
277,4544,42.8,4276
4544,972,23.6,2359
972,4544,76.4,7641
4544,4504,47.0,4699
4504,4544,53.0,5301
4544,4529,58.2,5825
4529,4544,41.8,4175
4544,198,23.1,2310
198,4544,76.9,7690
4544,4489,35.6,3559
4489,4544,64.4,6441
4544,4246,23.4,2341
4246,4544,76.6,7659
4544,4910,32.2,3224
4910,4544,67.8,6776
4544,1485,55.7,5570
1485,4544,44.3,4430
4544,4922,51.2,5119
4922,4544,48.8,4881
4544,4423,41.5,4150
4423,4544,58.5,5850
4544,4517,44.2,4416
4517,4544,55.8,5584
4544,4426,44.8,4477
4426,4544,55.2,5523
4544,4527,40.8,4076
4527,4544,59.2,5924
4544,961,24.7,2467
961,4544,75.3,7533
4544,227,38.8,3875
227,4544,61.3,6125
4544,4908,43.2,4323
4908,4544,56.8,5677
4544,1169,18.4,1844
1169,4544,81.6,8156
4544,4422,56.6,5661
4422,4544,43.4,4339
4544,251,31.7,3168
251,4544,68.3,6832
4544,4921,44.9,4492
4921,4544,55.1,5508
4544,1183,37.5,3752
1183,4544,62.5,6248
4544,4424,50.9,5089
4424,4544,49.1,4911
4544,996,55.2,5522
996,4544,44.8,4478
4544,4545,73.3,7332
4545,4544,26.7,2668
4544,4257,37.1,3715
4257,4544,62.8,6285
4544,4254,34.1,3407
4254,4544,65.9,6593
4544,3709,16.3,1632
3709,4544,83.7,8368
4544,4917,49.4,4940
4917,4544,50.6,5060
4544,4519,51.0,5102
4519,4544,49.0,4898
4544,4431,37.5,3746
4431,4544,62.5,6254
4544,4518,49.2,4924
4518,4544,50.8,5076
4544,4915,61.6,6160
4915,4544,38.4,3840
4544,289,18.4,1836
289,4544,81.6,8164
4544,2521,45.1,4512
2521,4544,54.9,5488
4544,4530,30.9,3094
4530,4544,69.1,6906
4544,1136,50.0,4997
1136,4544,50.0,5003
4544,297,29.6,2963
297,4544,70.4,7037
4544,4913,33.3,3333
4913,4544,66.7,6667
4544,4607,20.7,2074
4607,4544,79.3,7926
4544,1044,19.0,1902
1044,4544,81.0,8098
4544,2799,38.0,3798
2799,4544,62.0,6202
4544,179,16.5,1654
179,4544,83.5,8346
4544,1075,30.6,3060
1075,4544,69.4,6940
4544,4538,62.0,6198
4538,4544,38.0,3802
4544,4258,34.2,3421
4258,4544,65.8,6579
4544,4906,39.7,3967
4906,4544,60.3,6033
4544,1019,36.0,3605
1019,4544,63.9,6395
4544,4597,39.3,3928
4597,4544,60.7,6072
4544,217,15.0,1505
217,4544,85.0,8495
4544,261,34.2,3423
261,4544,65.8,6577
4544,1520,26.0,2598
1520,4544,74.0,7402
4544,1292,42.9,4291
1292,4544,57.1,5709
4544,269,39.4,3937
269,4544,60.6,6063
4544,1148,45.3,4531
1148,4544,54.7,5469
4544,223,37.4,3740
223,4544,62.6,6260
4544,1072,36.5,3655
1072,4544,63.4,6345
4544,4728,30.2,3018
4728,4544,69.8,6982
4544,1037,30.3,3026
1037,4544,69.7,6974
4544,4363,38.2,3816
4363,4544,61.8,6184
4544,4916,39.7,3966
4916,4544,60.3,6034
4544,1690,29.4,2945
1690,4544,70.5,7055
4544,4909,40.7,4073
4909,4544,59.3,5927
4544,285,28.1,2812
285,4544,71.9,7188
4544,211,38.1,3808
211,4544,61.9,6192
4544,1719,28.9,2890
1719,4544,71.1,7110
4544,4546,53.8,5380
4546,4544,46.2,4620
4544,2043,37.5,3754
2043,4544,62.5,6246
4544,4541,77.9,7794
4541,4544,22.1,2206
4544,4603,30.3,3030
4603,4544,69.7,6970
4544,4914,59.2,5925
4914,4544,40.8,4075
4544,2037,41.3,4132
2037,4544,58.7,5868
4544,194,18.2,1822
194,4544,81.8,8178
4544,3712,33.4,3343
3712,4544,66.6,6657
4544,1722,33.7,3368
1722,4544,66.3,6632
4544,77,31.9,3195
77,4544,68.0,6805
4544,1687,37.8,3781
1687,4544,62.2,6219
4544,4256,35.1,3512
4256,4544,64.9,6488
4544,4528,45.9,4590
4528,4544,54.1,5410
4544,4923,46.4,4642
4923,4544,53.6,5358
4544,942,35.7,3568
942,4544,64.3,6432
4544,1016,52.9,5292
1016,4544,47.1,4708
4544,253,29.5,2952
253,4544,70.5,7048
4544,1693,12.7,1273
1693,4544,87.3,8727
4544,1728,24.9,2490
1728,4544,75.1,7510
4544,1535,28.6,2857
1535,4544,71.4,7143
4544,4522,66.3,6629
4522,4544,33.7,3371
4544,287,29.9,2987
287,4544,70.1,7013
4544,1172,33.1,3308
1172,4544,66.9,6692
4544,4912,60.2,6015
4912,4544,39.9,3985
4544,1696,7.3,728
1696,4544,92.7,9272
4544,283,42.3,4228
283,4544,57.7,5772
4544,1563,23.3,2328
1563,4544,76.7,7672
4544,4531,39.7,3969
4531,4544,60.3,6031
4544,245,20.7,2069
245,4544,79.3,7931
4544,4800,34.2,3416
4800,4544,65.8,6584
4544,241,33.1,3308
241,4544,66.9,6692
4544,1084,30.2,3019
1084,4544,69.8,6981
4544,2046,39.9,3991
2046,4544,60.1,6009
4544,1557,51.3,5134
1557,4544,48.7,4866
4544,1041,25.8,2582
1041,4544,74.2,7418
4544,4255,33.1,3313
4255,4544,66.9,6687
4544,1684,18.9,1885
1684,4544,81.2,8115
4544,4864,15.5,1550
4864,4544,84.5,8450
4544,1487,25.2,2520
1487,4544,74.8,7480
4544,239,21.9,2190
239,4544,78.1,7810
4544,196,11.0,1098
196,4544,89.0,8902
4544,279,19.7,1971
279,4544,80.3,8029
4544,4919,53.8,5379
4919,4544,46.2,4621
4544,4524,51.3,5130
4524,4544,48.7,4870
4544,4788,31.8,3182
4788,4544,68.2,6818
4259,4535,66.0,6602
4535,4259,34.0,3398
4259,277,77.1,7712
277,4259,22.9,2288
4259,972,44.2,4425
972,4259,55.8,5575
4259,4504,68.5,6847
4504,4259,31.5,3153
4259,4529,78.3,7826
4529,4259,21.7,2174
4259,198,42.6,4260
198,4259,57.4,5740
4259,4489,58.4,5842
4489,4259,41.6,4158
4259,4246,44.0,4397
4246,4259,56.0,5603
4259,4910,54.5,5449
4910,4259,45.5,4551
4259,1485,75.4,7540
1485,4259,24.6,2460
4259,4922,73.1,7310
4922,4259,26.9,2690
4259,4423,64.6,6459
4423,4259,35.4,3541
4259,4517,67.3,6729
4517,4259,32.7,3271
4259,4426,66.1,6615
4426,4259,33.9,3385
4259,4527,64.0,6405
4527,4259,35.9,3595
4259,961,45.5,4553
961,4259,54.5,5447
4259,227,61.0,6100
227,4259,39.0,3900
4259,4908,66.6,6656
4908,4259,33.4,3344
4259,1169,37.2,3722
1169,4259,62.8,6278
4259,4422,76.7,7672
4422,4259,23.3,2328
4259,251,53.1,5313
251,4259,46.9,4687
4259,4921,67.5,6750
4921,4259,32.5,3250
4259,1183,60.2,6023
1183,4259,39.8,3977
4259,4424,72.4,7239
4424,4259,27.6,2761
4259,996,76.5,7648
996,4259,23.5,2352
4259,4545,88.9,8890
4545,4259,11.1,1110
4259,4257,59.5,5948
4257,4259,40.5,4052
4259,4254,55.7,5569
4254,4259,44.3,4431
4259,3709,33.7,3370
3709,4259,66.3,6630
4259,4917,70.1,7014
4917,4259,29.9,2986
4259,4519,72.4,7237
4519,4259,27.6,2763
4259,4431,59.4,5944
4431,4259,40.6,4056
4259,4518,70.3,7035
4518,4259,29.6,2965
4259,4915,80.6,8064
4915,4259,19.4,1936
4259,289,37.4,3736
289,4259,62.6,6264
4259,2521,68.6,6857
2521,4259,31.4,3143
4259,4530,52.5,5246
4530,4259,47.5,4754
4259,1136,70.6,7064
1136,4259,29.4,2936
4259,297,51.1,5115
297,4259,48.9,4885
4259,4913,55.6,5564
4913,4259,44.4,4436
4259,4607,40.1,4006
4607,4259,59.9,5994
4259,1044,37.5,3752
1044,4259,62.5,6248
4259,2799,58.1,5807
2799,4259,41.9,4193
4259,179,33.3,3327
179,4259,66.7,6673
4259,1075,51.8,5183
1075,4259,48.2,4817
4259,4538,79.8,7975
4538,4259,20.2,2025
4259,4258,55.9,5593
4258,4259,44.1,4407
4259,4906,60.9,6092
4906,4259,39.1,3908
4259,1019,59.5,5954
1019,4259,40.5,4046
4259,4597,60.4,6035
4597,4259,39.6,3965
4259,217,30.9,3090
217,4259,69.1,6910
4259,261,57.9,5792
261,4259,42.1,4208
4259,1520,46.9,4690
1520,4259,53.1,5310
4259,1292,65.2,6524
1292,4259,34.8,3476
4259,269,62.4,6238
269,4259,37.6,3762
4259,1148,66.2,6620
1148,4259,33.8,3380
4259,223,59.7,5969
223,4259,40.3,4031
4259,1072,58.5,5853
1072,4259,41.5,4147
4259,4728,51.2,5122
4728,4259,48.8,4878
4259,1037,53.2,5319
1037,4259,46.8,4681
4259,4363,60.7,6066
4363,4259,39.3,3934
4259,4916,61.4,6135
4916,4259,38.6,3865
4259,1690,50.5,5053
1690,4259,49.5,4947
4259,4909,62.9,6287
4909,4259,37.1,3713
4259,285,49.4,4940
285,4259,50.6,5060
4259,211,60.7,6066
211,4259,39.3,3934
4259,1719,50.7,5066
1719,4259,49.3,4934
4259,4546,74.5,7449
4546,4259,25.5,2551
4259,2043,60.4,6041
2043,4259,39.6,3959
4259,4541,90.7,9072
4541,4259,9.3,928
4259,4603,52.4,5237
4603,4259,47.6,4763
4259,4914,78.0,7800
4914,4259,22.0,2200
4259,2037,62.7,6273
2037,4259,37.3,3727
4259,194,36.5,3648
194,4259,63.5,6352
4259,3712,55.6,5558
3712,4259,44.4,4442
4259,1722,56.0,5602
1722,4259,44.0,4398
4259,77,54.3,5433
77,4259,45.7,4567
4259,1687,60.7,6072
1687,4259,39.3,3928
4259,4256,57.4,5741
4256,4259,42.6,4259
4259,4528,67.5,6753
4528,4259,32.5,3247
4259,4923,68.6,6863
4923,4259,31.4,3137
4259,942,57.7,5772
942,4259,42.3,4228
4259,1016,74.3,7429
1016,4259,25.7,2571
4259,253,50.7,5067
253,4259,49.3,4933
4259,1693,28.9,2890
1693,4259,71.1,7110
4259,1728,46.1,4609
1728,4259,53.9,5391
4259,1535,50.7,5070
1535,4259,49.3,4930
4259,4522,84.1,8413
4522,4259,15.9,1587
4259,287,51.0,5105
287,4259,48.9,4895
4259,1172,55.9,5590
1172,4259,44.1,4410
4259,4912,79.5,7947
4912,4259,20.5,2053
4259,1696,18.3,1827
1696,4259,81.7,8173
4259,283,64.3,6429
283,4259,35.7,3571
4259,1563,43.1,4309
1563,4259,56.9,5691
4259,4531,61.2,6116
4531,4259,38.8,3884
4259,245,40.4,4035
245,4259,59.7,5965
4259,4800,56.4,5636
4800,4259,43.6,4364
4259,241,55.2,5521
241,4259,44.8,4479
4259,1084,51.9,5194
1084,4259,48.1,4806
4259,2046,62.9,6290
2046,4259,37.1,3710
4259,1557,72.7,7274
1557,4259,27.3,2726
4259,1041,45.8,4576
1041,4259,54.2,5424
4259,4255,54.8,5475
4255,4259,45.2,4525
4259,1684,37.0,3701
1684,4259,63.0,6299
4259,4864,32.7,3269
4864,4259,67.3,6731
4259,1487,45.5,4553
1487,4259,54.5,5447
4259,239,41.9,4192
239,4259,58.1,5808
4259,196,25.2,2521
196,4259,74.8,7479
4259,279,39.0,3900
279,4259,61.0,6100
4259,4919,75.3,7529
4919,4259,24.7,2471
4259,4524,73.6,7363
4524,4259,26.4,2637
4259,4788,52.9,5294
4788,4259,47.1,4706
4535,277,63.0,6301
277,4535,37.0,3699
4535,972,29.9,2988
972,4535,70.1,7012
4535,4504,52.9,5295
4504,4535,47.0,4705
4535,4529,65.2,6525
4529,4535,34.8,3475
4535,198,28.0,2802
198,4535,72.0,7198
4535,4489,42.1,4213
4489,4535,57.9,5787
4535,4246,28.8,2884
4246,4535,71.2,7116
4535,4910,38.1,3809
4910,4535,61.9,6191
4535,1485,61.7,6165
1485,4535,38.4,3835
4535,4922,57.5,5751
4922,4535,42.5,4249
4535,4423,49.1,4906
4423,4535,50.9,5094
4535,4517,50.4,5045
4517,4535,49.5,4955
4535,4426,51.3,5126
4426,4535,48.7,4874
4535,4527,47.7,4767
4527,4535,52.3,5233
4535,961,30.7,3070
961,4535,69.3,6930
4535,227,44.1,4415
227,4535,55.9,5585
4535,4908,50.2,5017
4908,4535,49.8,4983
4535,1169,22.1,2208
1169,4535,77.9,7792
4535,4422,63.2,6324
4422,4535,36.8,3676
4535,251,38.1,3814
251,4535,61.9,6186
4535,4921,52.1,5213
4921,4535,47.9,4787
4535,1183,44.0,4395
1183,4535,56.0,5605
4535,4424,56.8,5679
4424,4535,43.2,4321
4535,996,61.4,6142
996,4535,38.6,3858
4535,4545,78.7,7867
4545,4535,21.3,2133
4535,4257,42.1,4207
4257,4535,57.9,5793
4535,4254,38.6,3865
4254,4535,61.4,6135
4535,3709,20.5,2046
3709,4535,79.5,7954
4535,4917,56.2,5619
4917,4535,43.8,4381
4535,4519,59.0,5898
4519,4535,41.0,4102
4535,4431,43.7,4366
4431,4535,56.3,5634
4535,4518,55.3,5526
4518,4535,44.7,4474
4535,4915,67.0,6705
4915,4535,33.0,3295
4535,289,23.7,2370
289,4535,76.3,7630
4535,2521,51.7,5169
2521,4535,48.3,4831
4535,4530,36.0,3601
4530,4535,64.0,6399
4535,1136,55.8,5584
1136,4535,44.2,4416
4535,297,34.7,3472
297,4535,65.3,6528
4535,4913,39.4,3940
4913,4535,60.6,6060
4535,4607,25.6,2556
4607,4535,74.4,7444
4535,1044,24.8,2484
1044,4535,75.2,7516
4535,2799,43.8,4378
2799,4535,56.2,5622
4535,179,20.8,2076
179,4535,79.2,7924
4535,1075,36.0,3599
1075,4535,64.0,6401
4535,4538,66.8,6684
4538,4535,33.2,3316
4535,4258,40.0,3997
4258,4535,60.0,6003
4535,4906,45.5,4548
4906,4535,54.5,5452
4535,1019,41.9,4186
1019,4535,58.1,5814
4535,4597,44.5,4454
4597,4535,55.5,5546
4535,217,18.2,1824
217,4535,81.8,8176
4535,261,40.8,4080
261,4535,59.2,5920
4535,1520,31.8,3181
1520,4535,68.2,6819
4535,1292,50.4,5041
1292,4535,49.6,4959
4535,269,45.6,4557
269,4535,54.4,5443
4535,1148,51.3,5128
1148,4535,48.7,4872
4535,223,43.4,4340
223,4535,56.6,5660
4535,1072,42.1,4214
1072,4535,57.9,5786
4535,4728,35.8,3583
4728,4535,64.2,6417
4535,1037,37.8,3775
1037,4535,62.3,6225
4535,4363,44.2,4417
4363,4535,55.8,5583
4535,4916,45.5,4554
4916,4535,54.5,5446
4535,1690,35.2,3517
1690,4535,64.8,6483
4535,4909,47.5,4749
4909,4535,52.5,5251
4535,285,34.6,3456
285,4535,65.4,6544
4535,211,44.5,4453
211,4535,55.5,5547
4535,1719,35.2,3522
1719,4535,64.8,6478
4535,4546,59.5,5951
4546,4535,40.5,4049
4535,2043,43.8,4384
2043,4535,56.2,5616
4535,4541,82.0,8195
4541,4535,18.1,1805
4535,4603,37.2,3721
4603,4535,62.8,6279
4535,4914,65.0,6499
4914,4535,35.0,3501
4535,2037,48.4,4835
2037,4535,51.6,5165
4535,194,22.3,2227
194,4535,77.7,7773
4535,3712,39.8,3976
3712,4535,60.2,6024
4535,1722,39.5,3950
1722,4535,60.5,6050
4535,77,38.3,3830
77,4535,61.7,6170
4535,1687,44.0,4402
1687,4535,56.0,5598
4535,4256,41.9,4195
4256,4535,58.1,5805
4535,4528,52.2,5222
4528,4535,47.8,4778
4535,4923,54.2,5425
4923,4535,45.8,4575
4535,942,42.4,4245
942,4535,57.6,5755
4535,1016,60.4,6044
1016,4535,39.6,3956
4535,253,35.5,3549
253,4535,64.5,6451
4535,1693,16.8,1678
1693,4535,83.2,8322
4535,1728,30.7,3071
1728,4535,69.3,6929
4535,1535,35.3,3530
1535,4535,64.7,6470
4535,4522,72.2,7217
4522,4535,27.8,2783
4535,287,35.0,3500
287,4535,65.0,6500
4535,1172,40.2,4021
1172,4535,59.8,5979
4535,4912,66.6,6658
4912,4535,33.4,3342
4535,1696,9.5,948
1696,4535,90.5,9052
4535,283,48.3,4828
283,4535,51.7,5172
4535,1563,28.4,2843
1563,4535,71.6,7157
4535,4531,46.1,4614
4531,4535,53.9,5386
4535,245,25.2,2517
245,4535,74.8,7483
4535,4800,40.0,4003
4800,4535,60.0,5997
4535,241,38.9,3885
241,4535,61.2,6115
4535,1084,36.1,3612
1084,4535,63.9,6388
4535,2046,46.6,4660
2046,4535,53.4,5340
4535,1557,57.7,5772
1557,4535,42.3,4228
4535,1041,29.9,2992
1041,4535,70.1,7008
4535,4255,38.2,3817
4255,4535,61.8,6183
4535,1684,23.3,2331
1684,4535,76.7,7669
4535,4864,19.9,1994
4864,4535,80.1,8006
4535,1487,30.6,3059
1487,4535,69.4,6941
4535,239,26.7,2668
239,4535,73.3,7332
4535,196,14.6,1460
196,4535,85.4,8540
4535,279,24.9,2489
279,4535,75.1,7511
4535,4919,60.6,6060
4919,4535,39.4,3940
4535,4524,58.0,5801
4524,4535,42.0,4199
4535,4788,38.4,3837
4788,4535,61.6,6163
277,972,18.4,1837
972,277,81.6,8163
277,4504,40.5,4045
4504,277,59.6,5955
277,4529,52.1,5214
4529,277,47.9,4786
277,198,18.2,1819
198,277,81.8,8181
277,4489,30.7,3066
4489,277,69.3,6934
277,4246,19.0,1899
4246,277,81.0,8101
277,4910,26.6,2656
4910,277,73.4,7344
277,1485,49.2,4922
1485,277,50.8,5078
277,4922,44.4,4439
4922,277,55.6,5561
277,4423,36.3,3627
4423,277,63.7,6373
277,4517,38.1,3815
4517,277,61.9,6185
277,4426,38.1,3815
4426,277,61.9,6185
277,4527,34.2,3418
4527,277,65.8,6582
277,961,20.8,2082
961,277,79.2,7918
277,227,31.9,3185
227,277,68.2,6815
277,4908,37.1,3713
4908,277,62.9,6287
277,1169,13.8,1380
1169,277,86.2,8620
277,4422,50.2,5024
4422,277,49.8,4976
277,251,25.6,2560
251,277,74.4,7440
277,4921,38.1,3812
4921,277,61.9,6188
277,1183,31.3,3133
1183,277,68.7,6867
277,4424,44.1,4414
4424,277,55.9,5586
277,996,49.0,4897
996,277,51.0,5103
277,4545,67.9,6787
4545,277,32.1,3213
277,4257,31.3,3131
4257,277,68.7,6869
277,4254,28.4,2836
4254,277,71.6,7164
277,3709,13.0,1296
3709,277,87.0,8704
277,4917,42.9,4290
4917,277,57.1,5710
277,4519,44.5,4451
4519,277,55.5,5549
277,4431,30.0,3000
4431,277,70.0,7000
277,4518,42.3,4233
4518,277,57.7,5767
277,4915,54.1,5414
4915,277,45.9,4586
277,289,14.5,1450
289,277,85.5,8550
277,2521,38.6,3862
2521,277,61.4,6138
277,4530,24.4,2442
4530,277,75.6,7558
277,1136,42.9,4292
1136,277,57.1,5708
277,297,24.4,2443
297,277,75.6,7557
277,4913,28.6,2857
4913,277,71.4,7143
277,4607,16.2,1624
4607,277,83.8,8376
277,1044,14.4,1445
1044,277,85.5,8555
277,2799,30.3,3033
2799,277,69.7,6967
277,179,11.9,1192
179,277,88.1,8808
277,1075,24.4,2438
1075,277,75.6,7562
277,4538,54.1,5406
4538,277,45.9,4594
277,4258,28.4,2842
4258,277,71.6,7158
277,4906,32.5,3251
4906,277,67.5,6749
277,1019,31.1,3114
1019,277,68.9,6886
277,4597,32.6,3260
4597,277,67.4,6740
277,217,10.7,1066
217,277,89.3,8934
277,261,28.1,2811
261,277,71.9,7189
277,1520,20.4,2038
1520,277,79.6,7962
277,1292,37.4,3742
1292,277,62.6,6258
277,269,33.3,3333
269,277,66.7,6667
277,1148,37.4,3737
1148,277,62.6,6263
277,223,30.9,3086
223,277,69.1,6914
277,1072,30.5,3054
1072,277,69.5,6946
277,4728,24.2,2418
4728,277,75.8,7582
277,1037,25.8,2581
1037,277,74.2,7419
277,4363,32.0,3199
4363,277,68.0,6801
277,4916,32.4,3241
4916,277,67.6,6759
277,1690,23.4,2335
1690,277,76.6,7665
277,4909,34.1,3413
4909,277,65.9,6587
277,285,23.2,2322
285,277,76.8,7678
277,211,31.8,3175
211,277,68.2,6825
277,1719,23.8,2376
1719,277,76.2,7624
277,4546,46.2,4616
4546,277,53.8,5384
277,2043,31.9,3186
2043,277,68.1,6814
277,4541,71.9,7190
4541,277,28.1,2810
277,4603,25.3,2532
4603,277,74.7,7468
277,4914,52.3,5230
4914,277,47.7,4770
277,2037,34.2,3415
2037,277,65.8,6585
277,194,13.7,1368
194,277,86.3,8632
277,3712,26.6,2656
3712,277,73.4,7344
277,1722,27.9,2786
1722,277,72.1,7214
277,77,26.4,2642
77,277,73.6,7358
277,1687,32.5,3245
1687,277,67.5,6755
277,4256,29.6,2960
4256,277,70.4,7040
277,4528,39.4,3937
4528,277,60.6,6063
277,4923,40.3,4034
4923,277,59.7,5966
277,942,28.7,2867
942,277,71.3,7133
277,1016,46.4,4643
1016,277,53.6,5357
277,253,23.4,2342
253,277,76.6,7658
277,1693,9.8,978
1693,277,90.2,9022
277,1728,20.9,2092
1728,277,79.1,7908
277,1535,23.2,2322
1535,277,76.8,7678
277,4522,60.5,6047
4522,277,39.5,3953
277,287,24.3,2430
287,277,75.7,7570
277,1172,26.8,2683
1172,277,73.2,7317
277,4912,53.9,5386
4912,277,46.1,4614
277,1696,5.1,511
1696,277,94.9,9489
277,283,35.4,3544
283,277,64.6,6456
277,1563,18.5,1853
1563,277,81.5,8147
277,4531,33.2,3321
4531,277,66.8,6679
277,245,16.9,1689
245,277,83.1,8311
277,4800,28.6,2864
4800,277,71.4,7136
277,241,26.7,2671
241,277,73.3,7329
277,1084,24.4,2445
1084,277,75.5,7555
277,2046,33.3,3329
2046,277,66.7,6671
277,1557,44.0,4397
1557,277,56.0,5603
277,1041,20.9,2092
1041,277,79.1,7908
277,4255,26.9,2694
4255,277,73.1,7306
277,1684,14.8,1477
1684,277,85.2,8523
277,4864,12.4,1240
4864,277,87.6,8760
277,1487,19.7,1967
1487,277,80.3,8033
277,239,17.2,1723
239,277,82.8,8277
277,196,8.6,857
196,277,91.4,9143
277,279,15.9,1594
279,277,84.1,8406
277,4919,47.6,4764
4919,277,52.4,5236
277,4524,44.6,4464
4524,277,55.4,5536
277,4788,26.2,2617
4788,277,73.8,7383
972,4504,73.5,7347
4504,972,26.5,2653
972,4529,82.1,8210
4529,972,17.9,1790
972,198,48.0,4802
198,972,52.0,5198
972,4489,64.3,6433
4489,972,35.7,3567
972,4246,50.0,5005
4246,972,50.0,4995
972,4910,60.1,6008
4910,972,39.9,3992
972,1485,80.0,8005
1485,972,20.0,1995
972,4922,77.1,7710
4922,972,22.9,2290
972,4423,69.2,6925
4423,972,30.8,3075
972,4517,72.3,7234
4517,972,27.7,2766
972,4426,71.6,7163
4426,972,28.4,2837
972,4527,68.8,6878
4527,972,31.2,3122
972,961,51.8,5180
961,972,48.2,4820
972,227,65.4,6541
227,972,34.6,3459
972,4908,72.6,7261
4908,972,27.4,2739
972,1169,42.7,4272
1169,972,57.3,5728
972,4422,81.7,8171
4422,972,18.3,1829
972,251,59.0,5901
251,972,41.0,4099
972,4921,72.5,7247
4921,972,27.5,2753
972,1183,65.7,6573
1183,972,34.3,3427
972,4424,77.8,7782
4424,972,22.2,2218
972,996,80.1,8008
996,972,19.9,1992
972,4545,91.1,9115
4545,972,8.8,885
972,4257,64.5,6449
4257,972,35.5,3551
972,4254,60.8,6084
4254,972,39.2,3916
972,3709,40.5,4053
3709,972,59.5,5947
972,4917,75.7,7573
4917,972,24.3,2427
972,4519,77.3,7735
4519,972,22.7,2265
972,4431,64.8,6480
4431,972,35.2,3520
972,4518,76.0,7602
4518,972,24.0,2398
972,4915,84.5,8452
4915,972,15.5,1548
972,289,44.4,4441
289,972,55.6,5559
972,2521,72.7,7272
2521,972,27.3,2728
972,4530,58.4,5835
4530,972,41.6,4165
972,1136,76.7,7669
1136,972,23.3,2331
972,297,57.3,5731
297,972,42.7,4269
972,4913,62.5,6245
4913,972,37.5,3755
972,4607,45.0,4499
4607,972,55.0,5501
972,1044,44.3,4428
1044,972,55.7,5572
972,2799,64.3,6427
2799,972,35.7,3573
972,179,39.2,3924
179,972,60.8,6076
972,1075,57.2,5717
1075,972,42.8,4283
972,4538,84.2,8415
4538,972,15.8,1585
972,4258,62.2,6219
4258,972,37.8,3781
972,4906,67.1,6714
4906,972,32.9,3286
972,1019,64.3,6430
1019,972,35.7,3570
972,4597,66.7,6672
4597,972,33.3,3328
972,217,36.3,3630
217,972,63.7,6370
972,261,62.8,6283
261,972,37.2,3717
972,1520,52.6,5262
1520,972,47.4,4738
972,1292,71.9,7185
1292,972,28.1,2815
972,269,67.3,6733
269,972,32.7,3267
972,1148,72.5,7250
1148,972,27.5,2750
972,223,64.1,6410
223,972,35.9,3590
972,1072,64.8,6481
1072,972,35.2,3519
972,4728,57.7,5771
4728,972,42.3,4229
972,1037,59.6,5963
1037,972,40.4,4037
972,4363,65.9,6592
4363,972,34.1,3408
972,4916,67.8,6775
4916,972,32.2,3225
972,1690,57.9,5791
1690,972,42.1,4209
972,4909,68.9,6890
4909,972,31.1,3110
972,285,55.1,5515
285,972,44.9,4485
972,211,66.4,6643
211,972,33.6,3357
972,1719,56.4,5639
1719,972,43.6,4361
972,4546,78.7,7873
4546,972,21.3,2127
972,2043,65.3,6534
2043,972,34.7,3466
972,4541,92.9,9293
4541,972,7.1,707
972,4603,58.4,5837
4603,972,41.6,4163
972,4914,82.3,8230
4914,972,17.7,1770
972,2037,69.0,6895
2037,972,31.1,3105
972,194,41.2,4124
194,972,58.8,5876
972,3712,61.9,6189
3712,972,38.1,3811
972,1722,62.7,6267
1722,972,37.3,3733
972,77,60.7,6068
77,972,39.3,3932
972,1687,66.0,6601
1687,972,34.0,3399
972,4256,63.2,6325
4256,972,36.8,3675
972,4528,72.6,7263
4528,972,27.4,2737
972,4923,74.0,7399
4923,972,26.0,2601
972,942,63.8,6384
942,972,36.2,3616
972,1016,78.5,7845
1016,972,21.6,2155
972,253,56.0,5598
253,972,44.0,4402
972,1693,33.8,3379
1693,972,66.2,6621
972,1728,52.5,5251
1728,972,47.5,4749
972,1535,56.8,5683
1535,972,43.2,4317
972,4522,87.8,8778
4522,972,12.2,1222
972,287,57.4,5744
287,972,42.6,4256
972,1172,61.2,6118
1172,972,38.8,3882
972,4912,83.0,8300
4912,972,17.0,1700
972,1696,22.4,2245
1696,972,77.5,7755
972,283,69.9,6988
283,972,30.1,3012
972,1563,49.6,4958
1563,972,50.4,5042
972,4531,66.8,6677
4531,972,33.2,3323
972,245,47.0,4705
245,972,52.9,5295
972,4800,62.2,6222
4800,972,37.8,3778
972,241,60.6,6063
241,972,39.4,3937
972,1084,57.9,5785
1084,972,42.1,4215
972,2046,68.7,6873
2046,972,31.3,3127
972,1557,76.9,7686
1557,972,23.1,2314
972,1041,53.2,5321
1041,972,46.8,4679
972,4255,60.5,6053
4255,972,39.5,3947
972,1684,42.6,4263
1684,972,57.4,5737
972,4864,39.4,3937
4864,972,60.6,6063
972,1487,51.1,5109
1487,972,48.9,4891
972,239,47.2,4721
239,972,52.8,5279
972,196,31.4,3137
196,972,68.6,6863
972,279,45.9,4585
279,972,54.1,5415
972,4919,79.6,7962
4919,972,20.4,2038
972,4524,77.6,7756
4524,972,22.4,2244
972,4788,60.2,6017
4788,972,39.8,3983
4504,4529,61.6,6157
4529,4504,38.4,3843
4504,198,25.2,2525
198,4504,74.8,7475
4504,4489,38.8,3878
4489,4504,61.2,6122
4504,4246,25.9,2589
4246,4504,74.1,7411
4504,4910,34.5,3449
4910,4504,65.5,6551
4504,1485,59.1,5907
1485,4504,40.9,4093
4504,4922,54.4,5444
4922,4504,45.6,4556
4504,4423,44.9,4490
4423,4504,55.1,5510
4504,4517,47.8,4784
4517,4504,52.2,5216
4504,4426,47.6,4765
4426,4504,52.3,5235
4504,4527,44.6,4459
4527,4504,55.4,5541
4504,961,28.2,2816
961,4504,71.8,7184
4504,227,41.9,4187
227,4504,58.1,5813
4504,4908,47.2,4717
4908,4504,52.8,5283
4504,1169,20.6,2063
1169,4504,79.4,7937
4504,4422,59.4,5942
4422,4504,40.6,4058
4504,251,35.1,3510
251,4504,64.9,6490
4504,4921,47.9,4795
4921,4504,52.0,5205
4504,1183,40.5,4052
1183,4504,59.5,5948
4504,4424,54.9,5495
4424,4504,45.1,4505
4504,996,58.1,5810
996,4504,41.9,4190
4504,4545,75.6,7559
4545,4504,24.4,2441
4504,4257,39.2,3922
4257,4504,60.8,6078
4504,4254,36.1,3614
4254,4504,63.9,6386
4504,3709,18.2,1818
3709,4504,81.8,8182
4504,4917,52.7,5269
4917,4504,47.3,4731
4504,4519,55.3,5528
4519,4504,44.7,4472
4504,4431,41.1,4109
4431,4504,58.9,5891
4504,4518,51.4,5142
4518,4504,48.6,4858
4504,4915,64.9,6494
4915,4504,35.1,3506
4504,289,20.6,2064
289,4504,79.4,7936
4504,2521,47.5,4749
2521,4504,52.5,5251
4504,4530,33.0,3300
4530,4504,67.0,6700
4504,1136,52.8,5277
1136,4504,47.2,4723
4504,297,31.5,3147
297,4504,68.5,6853
4504,4913,37.1,3711
4913,4504,62.9,6289
4504,4607,22.0,2204
4607,4504,78.0,7796
4504,1044,21.5,2150
1044,4504,78.5,7850
4504,2799,39.8,3981
2799,4504,60.2,6019
4504,179,17.8,1783
179,4504,82.2,8217
4504,1075,33.2,3316
1075,4504,66.8,6684
4504,4538,64.4,6441
4538,4504,35.6,3559
4504,4258,36.5,3650
4258,4504,63.5,6350
4504,4906,42.4,4239
4906,4504,57.6,5761
4504,1019,39.9,3993
1019,4504,60.1,6007
4504,4597,41.2,4124
4597,4504,58.8,5876
4504,217,15.8,1579
217,4504,84.2,8421
4504,261,37.6,3764
261,4504,62.4,6236
4504,1520,28.0,2802
1520,4504,72.0,7198
4504,1292,46.5,4652
1292,4504,53.5,5348
4504,269,42.5,4254
269,4504,57.5,5746
4504,1148,48.2,4818
1148,4504,51.8,5182
4504,223,39.5,3948
223,4504,60.5,6052
4504,1072,39.8,3975
1072,4504,60.2,6025
4504,4728,33.1,3311
4728,4504,66.9,6689
4504,1037,33.7,3368
1037,4504,66.3,6632
4504,4363,42.0,4196
4363,4504,58.0,5804
4504,4916,43.4,4335
4916,4504,56.6,5665
4504,1690,32.3,3227
1690,4504,67.7,6773
4504,4909,43.8,4378
4909,4504,56.2,5622
4504,285,30.8,3078
285,4504,69.2,6922
4504,211,39.5,3948
211,4504,60.5,6052
4504,1719,31.5,3154
1719,4504,68.5,6846
4504,4546,57.0,5697
4546,4504,43.0,4303
4504,2043,40.4,4044
2043,4504,59.6,5956
4504,4541,80.1,8011
4541,4504,19.9,1989
4504,4603,33.6,3358
4603,4504,66.4,6642
4504,4914,61.0,6096
4914,4504,39.0,3904
4504,2037,44.0,4401
2037,4504,56.0,5599
4504,194,19.4,1944
194,4504,80.6,8056
4504,3712,36.1,3608
3712,4504,63.9,6392
4504,1722,37.6,3763
1722,4504,62.4,6237
4504,77,36.0,3605
77,4504,63.9,6395
4504,1687,40.8,4083
1687,4504,59.2,5917
4504,4256,38.8,3882
4256,4504,61.2,6118
4504,4528,48.6,4859
4528,4504,51.4,5141
4504,4923,49.7,4968
4923,4504,50.3,5032
4504,942,38.6,3858
942,4504,61.4,6142
4504,1016,55.8,5580
1016,4504,44.2,4420
4504,253,32.2,3220
253,4504,67.8,6780
4504,1693,14.4,1442
1693,4504,85.6,8558
4504,1728,28.3,2833
1728,4504,71.7,7167
4504,1535,30.9,3085
1535,4504,69.2,6915
4504,4522,69.5,6945
4522,4504,30.6,3055
4504,287,32.0,3203
287,4504,68.0,6797
4504,1172,36.5,3650
1172,4504,63.5,6350
4504,4912,63.3,6326
4912,4504,36.7,3674
4504,1696,7.9,791
1696,4504,92.1,9209
4504,283,45.1,4511
283,4504,54.9,5489
4504,1563,25.5,2551
1563,4504,74.5,7449
4504,4531,42.0,4202
4531,4504,58.0,5798
4504,245,22.5,2249
245,4504,77.5,7751
4504,4800,37.4,3742
4800,4504,62.6,6258
4504,241,34.8,3485
241,4504,65.1,6515
4504,1084,32.0,3202
1084,4504,68.0,6798
4504,2046,43.5,4350
2046,4504,56.5,5650
4504,1557,54.2,5417
1557,4504,45.8,4583
4504,1041,27.6,2762
1041,4504,72.4,7238
4504,4255,35.2,3519
4255,4504,64.8,6481
4504,1684,20.5,2052
1684,4504,79.5,7948
4504,4864,17.7,1770
4864,4504,82.3,8230
4504,1487,27.1,2712
1487,4504,72.9,7288
4504,239,23.6,2364
239,4504,76.4,7636
4504,196,12.8,1279
196,4504,87.2,8721
4504,279,22.4,2243
279,4504,77.6,7757
4504,4919,56.5,5651
4919,4504,43.5,4349
4504,4524,54.5,5454
4524,4504,45.5,4546
4504,4788,34.2,3416
4788,4504,65.8,6584
4529,198,17.0,1698
198,4529,83.0,8302
4529,4489,29.3,2934
4489,4529,70.7,7066
4529,4246,17.1,1709
4246,4529,82.9,8291
4529,4910,25.6,2564
4910,4529,74.4,7436
4529,1485,47.3,4731
1485,4529,52.7,5269
4529,4922,42.9,4294
4922,4529,57.1,5706
4529,4423,34.4,3435
4423,4529,65.6,6565
4529,4517,36.6,3656
4517,4529,63.4,6344
4529,4426,36.8,3677
4426,4529,63.2,6323
4529,4527,33.7,3374
4527,4529,66.3,6626
4529,961,19.2,1921
961,4529,80.8,8079
4529,227,30.3,3032
227,4529,69.7,6968
4529,4908,36.8,3675
4908,4529,63.2,6325
4529,1169,13.8,1378
1169,4529,86.2,8622
4529,4422,49.2,4919
4422,4529,50.8,5081
4529,251,25.7,2572
251,4529,74.3,7428
4529,4921,36.8,3682
4921,4529,63.2,6318
4529,1183,29.5,2949
1183,4529,70.5,7051
4529,4424,42.1,4207
4424,4529,57.9,5793
4529,996,46.7,4670
996,4529,53.3,5330
4529,4545,67.2,6722
4545,4529,32.8,3278
4529,4257,29.3,2926
4257,4529,70.7,7074
4529,4254,27.1,2708
4254,4529,72.9,7292
4529,3709,11.7,1168
3709,4529,88.3,8832
4529,4917,41.1,4115
4917,4529,58.9,5885
4529,4519,42.8,4283
4519,4529,57.2,5717
4529,4431,30.0,3002
4431,4529,70.0,6998
4529,4518,40.7,4066
4518,4529,59.3,5934
4529,4915,53.9,5389
4915,4529,46.1,4611
4529,289,14.4,1441
289,4529,85.6,8559
4529,2521,37.2,3723
2521,4529,62.8,6277
4529,4530,23.2,2315
4530,4529,76.8,7685
4529,1136,41.5,4150
1136,4529,58.5,5850
4529,297,22.6,2264
297,4529,77.4,7736
4529,4913,26.1,2614
4913,4529,73.9,7386
4529,4607,15.2,1519
4607,4529,84.8,8481
4529,1044,13.6,1360
1044,4529,86.4,8640
4529,2799,29.4,2944
2799,4529,70.6,7056
4529,179,11.9,1188
179,4529,88.1,8812
4529,1075,24.0,2396
1075,4529,76.0,7604
4529,4538,52.6,5263
4538,4529,47.4,4737
4529,4258,26.7,2672
4258,4529,73.3,7328
4529,4906,31.6,3156
4906,4529,68.4,6844
4529,1019,30.0,3002
1019,4529,70.0,6998
4529,4597,30.8,3079
4597,4529,69.2,6921
4529,217,10.2,1021
217,4529,89.8,8979
4529,261,27.5,2749
261,4529,72.5,7251
4529,1520,19.6,1963
1520,4529,80.4,8037
4529,1292,35.6,3556
1292,4529,64.4,6444
4529,269,32.6,3255
269,4529,67.5,6745
4529,1148,37.3,3728
1148,4529,62.7,6272
4529,223,28.8,2878
223,4529,71.2,7122
4529,1072,29.2,2918
1072,4529,70.8,7082
4529,4728,23.8,2382
4728,4529,76.2,7618
4529,1037,24.2,2424
1037,4529,75.8,7576
4529,4363,31.1,3113
4363,4529,68.9,6887
4529,4916,31.6,3156
4916,4529,68.4,6844
4529,1690,23.2,2324
1690,4529,76.8,7676
4529,4909,33.4,3343
4909,4529,66.6,6657
4529,285,22.1,2212
285,4529,77.9,7788
4529,211,30.4,3042
211,4529,69.6,6958
4529,1719,22.6,2263
1719,4529,77.4,7737
4529,4546,45.2,4522
4546,4529,54.8,5478
4529,2043,30.1,3012
2043,4529,69.9,6988
4529,4541,71.4,7136
4541,4529,28.6,2864
4529,4603,23.9,2388
4603,4529,76.1,7612
4529,4914,49.7,4966
4914,4529,50.3,5034
4529,2037,33.7,3370
2037,4529,66.3,6630
4529,194,13.3,1333
194,4529,86.7,8667
4529,3712,25.9,2594
3712,4529,74.1,7406
4529,1722,27.0,2704
1722,4529,73.0,7296
4529,77,26.0,2600
77,4529,74.0,7400
4529,1687,31.0,3097
1687,4529,69.0,6903
4529,4256,28.3,2828
4256,4529,71.7,7172
4529,4528,37.3,3728
4528,4529,62.7,6272
4529,4923,39.4,3937
4923,4529,60.6,6063
4529,942,28.8,2880
942,4529,71.2,7120
4529,1016,45.5,4553
1016,4529,54.5,5447
4529,253,22.5,2250
253,4529,77.5,7750
4529,1693,8.8,876
1693,4529,91.2,9124
4529,1728,19.9,1989
1728,4529,80.1,8011
4529,1535,22.3,2226
1535,4529,77.7,7774
4529,4522,57.5,5753
4522,4529,42.5,4247
4529,287,22.7,2269
287,4529,77.3,7731
4529,1172,25.9,2589
1172,4529,74.1,7411
4529,4912,51.7,5170
4912,4529,48.3,4830
4529,1696,4.6,457
1696,4529,95.4,9543
4529,283,33.6,3361
283,4529,66.4,6639
4529,1563,16.8,1683
1563,4529,83.2,8317
4529,4531,31.9,3191
4531,4529,68.1,6809
4529,245,15.6,1560
245,4529,84.4,8440
4529,4800,27.1,2705
4800,4529,73.0,7295
4529,241,25.3,2533
241,4529,74.7,7467
4529,1084,23.4,2335
1084,4529,76.6,7665
4529,2046,32.5,3248
2046,4529,67.5,6752
4529,1557,42.9,4292
1557,4529,57.1,5708
4529,1041,18.9,1887
1041,4529,81.1,8113
4529,4255,26.4,2644
4255,4529,73.6,7356
4529,1684,13.4,1340
1684,4529,86.6,8660
4529,4864,11.7,1167
4864,4529,88.3,8833
4529,1487,18.9,1895
1487,4529,81.0,8105
4529,239,16.6,1664
239,4529,83.4,8336
4529,196,8.0,802
196,4529,92.0,9198
4529,279,15.4,1541
279,4529,84.6,8459
4529,4919,45.1,4511
4919,4529,54.9,5489
4529,4524,43.6,4360
4524,4529,56.4,5640
4529,4788,25.2,2525
4788,4529,74.8,7475
198,4489,64.6,6464
4489,198,35.4,3536
198,4246,50.7,5066
4246,198,49.3,4934
198,4910,61.6,6155
4910,198,38.5,3845
198,1485,81.2,8120
1485,198,18.8,1880
198,4922,78.1,7809
4922,198,21.9,2191
198,4423,70.9,7094
4423,198,29.1,2906
198,4517,72.2,7216
4517,198,27.8,2784
198,4426,72.1,7207
4426,198,27.9,2793
198,4527,69.5,6948
4527,198,30.5,3052
198,961,53.4,5337
961,198,46.6,4663
198,227,66.5,6646
227,198,33.5,3354
198,4908,72.0,7196
4908,198,28.0,2804
198,1169,43.5,4351
1169,198,56.5,5649
198,4422,81.7,8165
4422,198,18.4,1835
198,251,60.6,6059
251,198,39.4,3941
198,4921,72.7,7269
4921,198,27.3,2731
198,1183,66.6,6660
1183,198,33.4,3340
198,4424,78.5,7852
4424,198,21.5,2148
198,996,80.6,8060
996,198,19.4,1940
198,4545,91.7,9167
4545,198,8.3,833
198,4257,65.0,6495
4257,198,35.0,3505
198,4254,62.9,6292
4254,198,37.1,3708
198,3709,40.6,4059
3709,198,59.4,5941
198,4917,76.1,7610
4917,198,23.9,2390
198,4519,78.1,7807
4519,198,21.9,2193
198,4431,66.0,6598
4431,198,34.0,3402
198,4518,75.9,7586
4518,198,24.1,2414
198,4915,84.6,8462
4915,198,15.4,1538
198,289,44.2,4422
289,198,55.8,5578
198,2521,74.1,7405
2521,198,25.9,2595
198,4530,58.5,5854
4530,198,41.5,4146
198,1136,76.5,7646
1136,198,23.5,2354
198,297,57.6,5758
297,198,42.4,4242
198,4913,62.0,6202
4913,198,38.0,3798
198,4607,46.0,4601
4607,198,54.0,5399
198,1044,44.6,4456
1044,198,55.4,5544
198,2799,65.0,6495
2799,198,35.0,3505
198,179,39.9,3986
179,198,60.1,6014
198,1075,58.7,5874
1075,198,41.3,4126
198,4538,84.6,8459
4538,198,15.4,1541
198,4258,62.1,6213
4258,198,37.9,3787
198,4906,68.6,6856
4906,198,31.4,3144
198,1019,65.8,6577
1019,198,34.2,3423
198,4597,66.4,6638
4597,198,33.6,3362
198,217,37.5,3750
217,198,62.5,6250
198,261,63.0,6303
261,198,37.0,3697
198,1520,53.1,5313
1520,198,46.9,4687
198,1292,71.8,7175
1292,198,28.2,2825
198,269,68.5,6846
269,198,31.5,3154
198,1148,73.1,7307
1148,198,26.9,2693
198,223,65.5,6545
223,198,34.5,3455
198,1072,64.9,6488
1072,198,35.1,3512
198,4728,57.9,5793
4728,198,42.1,4207
198,1037,59.4,5940
1037,198,40.6,4060
198,4363,67.2,6725
4363,198,32.8,3275
198,4916,67.9,6787
4916,198,32.1,3213
198,1690,58.3,5833
1690,198,41.7,4167
198,4909,68.8,6881
4909,198,31.2,3119
198,285,56.0,5599
285,198,44.0,4401
198,211,66.9,6690
211,198,33.1,3310
198,1719,56.5,5652
1719,198,43.5,4348
198,4546,79.2,7922
4546,198,20.8,2078
198,2043,65.9,6592
2043,198,34.1,3408
198,4541,93.6,9358
4541,198,6.4,642
198,4603,59.4,5944
4603,198,40.6,4056
198,4914,82.4,8243
4914,198,17.6,1757
198,2037,69.7,6969
2037,198,30.3,3031
198,194,42.5,4246
194,198,57.5,5754
198,3712,62.1,6214
3712,198,37.9,3786
198,1722,62.4,6239
1722,198,37.6,3761
198,77,61.4,6140
77,198,38.6,3860
198,1687,67.2,6715
1687,198,32.9,3285
198,4256,64.4,6443
4256,198,35.6,3557
198,4528,74.1,7412
4528,198,25.9,2588
198,4923,74.2,7421
4923,198,25.8,2579
198,942,64.5,6451
942,198,35.5,3549
198,1016,78.8,7880
1016,198,21.2,2120
198,253,56.7,5673
253,198,43.3,4327
198,1693,35.1,3507
1693,198,64.9,6493
198,1728,53.1,5311
1728,198,46.9,4689
198,1535,57.4,5739
1535,198,42.6,4261
198,4522,87.8,8780
4522,198,12.2,1220
198,287,58.1,5810
287,198,41.9,4190
198,1172,63.0,6299
1172,198,37.0,3701
198,4912,83.6,8362
4912,198,16.4,1638
198,1696,23.5,2346
1696,198,76.5,7654
198,283,70.0,7001
283,198,30.0,2999
198,1563,50.1,5008
1563,198,49.9,4992
198,4531,67.6,6757
4531,198,32.4,3243
198,245,47.7,4766
245,198,52.3,5234
198,4800,63.0,6305
4800,198,37.0,3695
198,241,61.1,6114
241,198,38.9,3886
198,1084,59.0,5896
1084,198,41.0,4104
198,2046,69.0,6896
2046,198,31.0,3104
198,1557,78.2,7819
1557,198,21.8,2181
198,1041,53.2,5325
1041,198,46.8,4675
198,4255,61.8,6181
4255,198,38.2,3819
198,1684,43.9,4387
1684,198,56.1,5613
198,4864,39.4,3942
4864,198,60.6,6058
198,1487,52.2,5222
1487,198,47.8,4778
198,239,48.3,4833
239,198,51.7,5167
198,196,33.0,3298
196,198,67.0,6702
198,279,46.3,4630
279,198,53.7,5370
198,4919,79.5,7945
4919,198,20.5,2055
198,4524,78.4,7836
4524,198,21.6,2164
198,4788,59.4,5942
4788,198,40.6,4058
4489,4246,35.7,3571
4246,4489,64.3,6429
4489,4910,46.0,4604
4910,4489,54.0,5396
4489,1485,68.4,6838
1485,4489,31.6,3162
4489,4922,65.1,6511
4922,4489,34.9,3489
4489,4423,56.2,5622
4423,4489,43.8,4378
4489,4517,59.0,5897
4517,4489,41.0,4103
4489,4426,58.7,5872
4426,4489,41.3,4128
4489,4527,55.3,5528
4527,4489,44.7,4472
4489,961,37.2,3718
961,4489,62.8,6282
4489,227,53.0,5302
227,4489,47.0,4698
4489,4908,58.4,5837
4908,4489,41.6,4163
4489,1169,29.3,2930
1169,4489,70.7,7070
4489,4422,70.3,7029
4422,4489,29.7,2971
4489,251,46.2,4618
251,4489,53.8,5382
4489,4921,59.0,5904
4921,4489,41.0,4096
4489,1183,50.4,5038
1183,4489,49.6,4962
4489,4424,64.3,6434
4424,4489,35.7,3566
4489,996,69.1,6912
996,4489,30.9,3088
4489,4545,83.6,8362
4545,4489,16.4,1638
4489,4257,49.7,4974
4257,4489,50.3,5026
4489,4254,47.9,4794
4254,4489,52.1,5206
4489,3709,26.4,2638
3709,4489,73.6,7362
4489,4917,63.0,6301
4917,4489,37.0,3699
4489,4519,65.7,6574
4519,4489,34.3,3426
4489,4431,52.2,5223
4431,4489,47.8,4777
4489,4518,62.8,6276
4518,4489,37.2,3724
4489,4915,74.6,7462
4915,4489,25.4,2538
4489,289,30.9,3086
289,4489,69.1,6914
4489,2521,60.2,6017
2521,4489,39.8,3983
4489,4530,43.6,4361
4530,4489,56.4,5639
4489,1136,62.8,6276
1136,4489,37.2,3724
4489,297,42.8,4281
297,4489,57.2,5719
4489,4913,48.2,4822
4913,4489,51.8,5178
4489,4607,31.5,3152
4607,4489,68.5,6848
4489,1044,30.2,3020
1044,4489,69.8,6980
4489,2799,50.9,5092
2799,4489,49.1,4908
4489,179,26.9,2685
179,4489,73.2,7315
4489,1075,44.0,4398
1075,4489,56.0,5602
4489,4538,75.7,7571
4538,4489,24.3,2429
4489,4258,47.9,4794
4258,4489,52.1,5206
4489,4906,52.5,5248
4906,4489,47.5,4752
4489,1019,50.2,5023
1019,4489,49.8,4977
4489,4597,52.2,5222
4597,4489,47.8,4778
4489,217,24.1,2411
217,4489,75.9,7589
4489,261,49.0,4897
261,4489,51.0,5103
4489,1520,38.6,3860
1520,4489,61.4,6140
4489,1292,57.2,5725
1292,4489,42.8,4275
4489,269,53.8,5377
269,4489,46.2,4623
4489,1148,58.1,5805
1148,4489,41.9,4195
4489,223,52.1,5206
223,4489,47.9,4794
4489,1072,50.5,5047
1072,4489,49.5,4953
4489,4728,42.3,4234
4728,4489,57.7,5766
4489,1037,44.6,4463
1037,4489,55.4,5537
4489,4363,52.4,5242
4363,4489,47.6,4758
4489,4916,53.8,5380
4916,4489,46.2,4620
4489,1690,42.5,4254
1690,4489,57.5,5746
4489,4909,54.4,5442
4909,4489,45.6,4558
4489,285,40.7,4073
285,4489,59.3,5927
4489,211,53.1,5314
211,4489,46.9,4686
4489,1719,42.5,4255
1719,4489,57.5,5745
4489,4546,67.2,6718
4546,4489,32.8,3282
4489,2043,50.6,5057
2043,4489,49.4,4943
4489,4541,86.5,8653
4541,4489,13.5,1347
4489,4603,44.5,4445
4603,4489,55.5,5555
4489,4914,71.6,7162
4914,4489,28.4,2838
4489,2037,54.7,5472
2037,4489,45.3,4528
4489,194,28.4,2841
194,4489,71.6,7159
4489,3712,46.8,4677
3712,4489,53.2,5323
4489,1722,47.2,4721
1722,4489,52.8,5279
4489,77,47.0,4700
77,4489,53.0,5300
4489,1687,53.0,5296
1687,4489,47.0,4704
4489,4256,49.6,4961
4256,4489,50.4,5039
4489,4528,59.6,5955
4528,4489,40.5,4045
4489,4923,60.6,6063
4923,4489,39.4,3937
4489,942,49.1,4913
942,4489,50.9,5087
4489,1016,67.1,6713
1016,4489,32.9,3287
4489,253,42.5,4246
253,4489,57.5,5754
4489,1693,20.8,2076
1693,4489,79.2,7924
4489,1728,39.1,3908
1728,4489,60.9,6092
4489,1535,42.2,4221
1535,4489,57.8,5779
4489,4522,78.0,7801
4522,4489,22.0,2199
4489,287,43.0,4299
287,4489,57.0,5701
4489,1172,47.1,4707
1172,4489,52.9,5293
4489,4912,72.9,7285
4912,4489,27.2,2715
4489,1696,13.2,1323
1696,4489,86.8,8677
4489,283,56.1,5606
283,4489,43.9,4394
4489,1563,35.8,3581
1563,4489,64.2,6419
4489,4531,53.5,5346
4531,4489,46.5,4654
4489,245,32.9,3287
245,4489,67.1,6713
4489,4800,46.9,4694
4800,4489,53.1,5306
4489,241,47.1,4713
241,4489,52.9,5287
4489,1084,43.7,4372
1084,4489,56.3,5628
4489,2046,54.1,5415
2046,4489,45.9,4585
4489,1557,65.6,6558
1557,4489,34.4,3442
4489,1041,38.3,3831
1041,4489,61.7,6169
4489,4255,47.4,4743
4255,4489,52.6,5257
4489,1684,29.3,2930
1684,4489,70.7,7070
4489,4864,26.1,2608
4864,4489,73.9,7392
4489,1487,37.2,3716
1487,4489,62.8,6284
4489,239,34.3,3428
239,4489,65.7,6572
4489,196,20.0,2001
196,4489,80.0,7999
4489,279,31.9,3186
279,4489,68.1,6814
4489,4919,67.7,6771
4919,4489,32.3,3229
4489,4524,64.9,6487
4524,4489,35.1,3513
4489,4788,44.8,4477
4788,4489,55.2,5523
4246,4910,60.4,6042
4910,4246,39.6,3958
4246,1485,79.7,7967
1485,4246,20.3,2033
4246,4922,77.3,7734
4922,4246,22.7,2266
4246,4423,69.2,6921
4423,4246,30.8,3079
4246,4517,72.0,7201
4517,4246,28.0,2799
4246,4426,72.0,7201
4426,4246,28.0,2799
4246,4527,69.3,6935
4527,4246,30.6,3065
4246,961,51.5,5149
961,4246,48.5,4851
4246,227,65.2,6520
227,4246,34.8,3480
4246,4908,72.2,7223
4908,4246,27.8,2777
4246,1169,42.3,4227
1169,4246,57.7,5773
4246,4422,81.5,8153
4422,4246,18.5,1847
4246,251,60.8,6079
251,4246,39.2,3921
4246,4921,72.6,7256
4921,4246,27.4,2744
4246,1183,65.1,6515
1183,4246,34.8,3485
4246,4424,77.3,7728
4424,4246,22.7,2272
4246,996,80.5,8051
996,4246,19.5,1949
4246,4545,91.5,9150
4545,4246,8.5,850
4246,4257,65.1,6510
4257,4246,34.9,3490
4246,4254,62.0,6200
4254,4246,38.0,3800
4246,3709,39.6,3963
3709,4246,60.4,6037
4246,4917,76.2,7621
4917,4246,23.8,2379
4246,4519,77.4,7740
4519,4246,22.6,2260
4246,4431,66.4,6638
4431,4246,33.6,3362
4246,4518,75.4,7538
4518,4246,24.6,2462
4246,4915,84.5,8449
4915,4246,15.5,1551
4246,289,44.0,4397
289,4246,56.0,5603
4246,2521,72.6,7263
2521,4246,27.4,2737
4246,4530,58.6,5860
4530,4246,41.4,4140
4246,1136,75.4,7544
1136,4246,24.6,2456
4246,297,56.2,5617
297,4246,43.8,4383
4246,4913,61.5,6151
4913,4246,38.5,3849
4246,4607,45.4,4539
4607,4246,54.6,5461
4246,1044,43.5,4348
1044,4246,56.5,5652
4246,2799,64.6,6465
2799,4246,35.4,3535
4246,179,39.4,3943
179,4246,60.6,6057
4246,1075,58.2,5820
1075,4246,41.8,4180
4246,4538,83.9,8389
4538,4246,16.1,1611
4246,4258,61.8,6175
4258,4246,38.2,3825
4246,4906,66.8,6676
4906,4246,33.2,3324
4246,1019,64.7,6468
1019,4246,35.3,3532
4246,4597,66.0,6602
4597,4246,34.0,3398
4246,217,36.3,3629
217,4246,63.7,6371
4246,261,63.1,6312
261,4246,36.9,3688
4246,1520,52.3,5235
1520,4246,47.6,4765
4246,1292,70.2,7024
1292,4246,29.8,2976
4246,269,66.8,6681
269,4246,33.2,3319
4246,1148,72.5,7252
1148,4246,27.5,2748
4246,223,65.8,6576
223,4246,34.2,3424
4246,1072,63.9,6388
1072,4246,36.1,3612
4246,4728,57.3,5734
4728,4246,42.7,4266
4246,1037,58.2,5824
1037,4246,41.8,4176
4246,4363,66.0,6596
4363,4246,34.0,3404
4246,4916,67.9,6789
4916,4246,32.1,3211
4246,1690,57.7,5770
1690,4246,42.3,4230
4246,4909,68.6,6863
4909,4246,31.4,3137
4246,285,54.8,5478
285,4246,45.2,4522
4246,211,64.0,6399
211,4246,36.0,3601
4246,1719,57.6,5762
1719,4246,42.4,4238
4246,4546,78.1,7806
4546,4246,21.9,2194
4246,2043,66.6,6663
2043,4246,33.4,3337
4246,4541,92.7,9267
4541,4246,7.3,733
4246,4603,58.9,5886
4603,4246,41.1,4114
4246,4914,82.1,8208
4914,4246,17.9,1792
4246,2037,68.5,6855
2037,4246,31.4,3145
4246,194,41.5,4149
194,4246,58.5,5851
4246,3712,61.5,6150
3712,4246,38.5,3850
4246,1722,61.9,6189
1722,4246,38.1,3811
4246,77,60.7,6067
77,4246,39.3,3933
4246,1687,66.6,6659
1687,4246,33.4,3341
4246,4256,64.2,6421
4256,4246,35.8,3579
4246,4528,71.8,7180
4528,4246,28.2,2820
4246,4923,73.9,7389
4923,4246,26.1,2611
4246,942,63.2,6317
942,4246,36.8,3683
4246,1016,77.4,7744
1016,4246,22.6,2256
4246,253,57.0,5701
253,4246,43.0,4299
4246,1693,34.4,3439
1693,4246,65.6,6561
4246,1728,53.1,5309
1728,4246,46.9,4691
4246,1535,56.5,5648
1535,4246,43.5,4352
4246,4522,87.7,8767
4522,4246,12.3,1233
4246,287,57.5,5746
287,4246,42.5,4254
4246,1172,61.8,6184
1172,4246,38.2,3816
4246,4912,83.3,8328
4912,4246,16.7,1672
4246,1696,21.8,2178
1696,4246,78.2,7822
4246,283,69.8,6976
283,4246,30.2,3024
4246,1563,49.0,4901
1563,4246,51.0,5099
4246,4531,67.8,6776
4531,4246,32.2,3224
4246,245,46.7,4665
245,4246,53.3,5335
4246,4800,63.0,6304
4800,4246,37.0,3696
4246,241,61.4,6135
241,4246,38.6,3865
4246,1084,57.8,5784
1084,4246,42.2,4216
4246,2046,67.8,6777
2046,4246,32.2,3223
4246,1557,77.2,7720
1557,4246,22.8,2280
4246,1041,52.0,5197
1041,4246,48.0,4803
4246,4255,60.4,6038
4255,4246,39.6,3962
4246,1684,42.8,4277
1684,4246,57.2,5723
4246,4864,39.3,3926
4864,4246,60.7,6074
4246,1487,50.9,5088
1487,4246,49.1,4912
4246,239,47.3,4732
239,4246,52.7,5268
4246,196,31.3,3134
196,4246,68.7,6866
4246,279,45.6,4564
279,4246,54.4,5436
4246,4919,79.1,7906
4919,4246,20.9,2094
4246,4524,77.9,7786
4524,4246,22.1,2214
4246,4788,59.9,5986
4788,4246,40.1,4014
4910,1485,71.9,7191
1485,4910,28.1,2809
4910,4922,69.0,6898
4922,4910,31.0,3102
4910,4423,60.4,6044
4423,4910,39.6,3956
4910,4517,62.9,6287
4517,4910,37.1,3713
4910,4426,62.7,6266
4426,4910,37.3,3734
4910,4527,58.6,5857
4527,4910,41.4,4143
4910,961,42.1,4214
961,4910,57.9,5786
4910,227,56.1,5608
227,4910,43.9,4392
4910,4908,62.0,6202
4908,4910,38.0,3798
4910,1169,32.3,3232
1169,4910,67.7,6768
4910,4422,73.7,7367
4422,4910,26.3,2633
4910,251,50.2,5022
251,4910,49.8,4978
4910,4921,62.7,6269
4921,4910,37.3,3731
4910,1183,56.4,5640
1183,4910,43.6,4360
4910,4424,67.6,6758
4424,4910,32.4,3242
4910,996,72.9,7293
996,4910,27.1,2707
4910,4545,86.0,8598
4545,4910,14.0,1402
4910,4257,54.7,5467
4257,4910,45.3,4533
4910,4254,51.5,5152
4254,4910,48.5,4848
4910,3709,30.8,3083
3709,4910,69.2,6917
4910,4917,67.2,6723
4917,4910,32.8,3277
4910,4519,68.9,6888
4519,4910,31.1,3112
4910,4431,56.2,5624
4431,4910,43.8,4376
4910,4518,67.0,6697
4518,4910,33.0,3303
4910,4915,77.8,7785
4915,4910,22.1,2215
4910,289,34.3,3427
289,4910,65.7,6573
4910,2521,64.3,6434
2521,4910,35.7,3566
4910,4530,48.5,4854
4530,4910,51.5,5146
4910,1136,67.8,6782
1136,4910,32.2,3218
4910,297,47.1,4713
297,4910,52.9,5287
4910,4913,51.1,5111
4913,4910,48.9,4889
4910,4607,35.2,3517
4607,4910,64.8,6483
4910,1044,33.3,3326
1044,4910,66.7,6674
4910,2799,54.2,5422
2799,4910,45.8,4578
4910,179,30.1,3013
179,4910,69.9,6987
4910,1075,47.5,4748
1075,4910,52.5,5252
4910,4538,76.9,7686
4538,4910,23.1,2314
4910,4258,51.7,5174
4258,4910,48.3,4826
4910,4906,57.4,5738
4906,4910,42.6,4262
4910,1019,54.5,5446
1019,4910,45.5,4554
4910,4597,56.6,5664
4597,4910,43.4,4336
4910,217,26.8,2682
217,4910,73.2,7318
4910,261,52.5,5247
261,4910,47.5,4753
4910,1520,42.5,4250
1520,4910,57.5,5750
4910,1292,61.4,6136
1292,4910,38.6,3864
4910,269,58.1,5811
269,4910,41.9,4189
4910,1148,61.6,6161
1148,4910,38.4,3839
4910,223,54.0,5401
223,4910,46.0,4599
4910,1072,54.8,5482
1072,4910,45.2,4518
4910,4728,48.0,4802
4728,4910,52.0,5198
4910,1037,49.6,4959
1037,4910,50.4,5041
4910,4363,56.8,5681
4363,4910,43.2,4319
4910,4916,57.4,5738
4916,4910,42.6,4262
4910,1690,47.6,4759
1690,4910,52.4,5241
4910,4909,58.6,5855
4909,4910,41.4,4145
4910,285,46.4,4639
285,4910,53.6,5361
4910,211,57.0,5697
211,4910,43.0,4303
4910,1719,46.1,4610
1719,4910,53.9,5390
4910,4546,70.9,7087
4546,4910,29.1,2913
4910,2043,56.1,5607
2043,4910,43.9,4393
4910,4541,89.2,8920
4541,4910,10.8,1080
4910,4603,47.8,4782
4603,4910,52.2,5218
4910,4914,74.4,7437
4914,4910,25.6,2563
4910,2037,59.7,5971
2037,4910,40.3,4029
4910,194,31.3,3132
194,4910,68.7,6868
4910,3712,51.3,5128
3712,4910,48.7,4872
4910,1722,52.6,5258
1722,4910,47.4,4742
4910,77,50.3,5027
77,4910,49.7,4973
4910,1687,56.8,5679
1687,4910,43.2,4321
4910,4256,53.5,5348
4256,4910,46.5,4652
4910,4528,63.9,6395
4528,4910,36.0,3605
4910,4923,65.3,6533
4923,4910,34.7,3467
4910,942,53.6,5359
942,4910,46.4,4641
4910,1016,69.8,6979
1016,4910,30.2,3021
4910,253,45.9,4588
253,4910,54.1,5412
4910,1693,25.1,2505
1693,4910,75.0,7495
4910,1728,42.2,4219
1728,4910,57.8,5781
4910,1535,47.1,4709
1535,4910,52.9,5291
4910,4522,80.7,8073
4522,4910,19.3,1927
4910,287,47.3,4730
287,4910,52.7,5270
4910,1172,52.1,5211
1172,4910,47.9,4789
4910,4912,75.6,7562
4912,4910,24.4,2438
4910,1696,15.0,1505
1696,4910,85.0,8495
4910,283,61.2,6118
283,4910,38.8,3882
4910,1563,39.4,3939
1563,4910,60.6,6061
4910,4531,57.8,5776
4531,4910,42.2,4224
4910,245,37.0,3696
245,4910,63.0,6304
4910,4800,52.0,5204
4800,4910,48.0,4796
4910,241,50.3,5031
241,4910,49.7,4969
4910,1084,48.1,4813
1084,4910,51.9,5187
4910,2046,57.7,5770
2046,4910,42.3,4230
4910,1557,68.7,6874
1557,4910,31.3,3126
4910,1041,41.7,4169
1041,4910,58.3,5831
4910,4255,50.9,5089
4255,4910,49.1,4911
4910,1684,33.1,3311
1684,4910,66.9,6689
4910,4864,29.6,2958
4864,4910,70.4,7042
4910,1487,40.4,4035
1487,4910,59.7,5965
4910,239,37.3,3734
239,4910,62.7,6266
4910,196,22.9,2292
196,4910,77.1,7708
4910,279,36.6,3665
279,4910,63.3,6335
4910,4919,70.4,7043
4919,4910,29.6,2957
4910,4524,69.6,6964
4524,4910,30.4,3036
4910,4788,48.7,4874
4788,4910,51.3,5126
1485,4922,45.6,4561
4922,1485,54.4,5439
1485,4423,37.4,3744
4423,1485,62.6,6256
1485,4517,40.4,4038
4517,1485,59.6,5962
1485,4426,40.1,4007
4426,1485,59.9,5993
1485,4527,35.5,3551
4527,1485,64.5,6449
1485,961,21.7,2167
961,1485,78.3,7833
1485,227,31.9,3185
227,1485,68.2,6815
1485,4908,39.2,3919
4908,1485,60.8,6081
1485,1169,15.0,1498
1169,1485,85.0,8502
1485,4422,51.9,5188
4422,1485,48.1,4812
1485,251,27.5,2746
251,1485,72.5,7254
1485,4921,40.4,4040
4921,1485,59.6,5960
1485,1183,32.6,3256
1183,1485,67.4,6744
1485,4424,46.0,4599
4424,1485,54.0,5401
1485,996,49.9,4986
996,1485,50.1,5014
1485,4545,69.7,6968
4545,1485,30.3,3032
1485,4257,31.3,3126
4257,1485,68.7,6874
1485,4254,29.1,2911
4254,1485,70.9,7089
1485,3709,13.2,1322
3709,1485,86.8,8678
1485,4917,44.0,4399
4917,1485,56.0,5601
1485,4519,46.5,4649
4519,1485,53.5,5351
1485,4431,32.6,3264
4431,1485,67.4,6736
1485,4518,43.5,4352
4518,1485,56.5,5648
1485,4915,55.2,5516
4915,1485,44.8,4484
1485,289,15.9,1586
289,1485,84.1,8414
1485,2521,41.1,4108
2521,1485,58.9,5892
1485,4530,26.2,2624
4530,1485,73.8,7376
1485,1136,44.8,4477
1136,1485,55.2,5523
1485,297,24.7,2469
297,1485,75.3,7531
1485,4913,28.5,2849
4913,1485,71.5,7151
1485,4607,16.4,1635
4607,1485,83.7,8365
1485,1044,15.1,1511
1044,1485,84.9,8489
1485,2799,31.7,3171
2799,1485,68.3,6829
1485,179,13.4,1335
179,1485,86.7,8665
1485,1075,25.6,2563
1075,1485,74.4,7437
1485,4538,55.5,5551
4538,1485,44.5,4449
1485,4258,29.4,2943
4258,1485,70.6,7057
1485,4906,33.8,3376
4906,1485,66.2,6624
1485,1019,31.9,3187
1019,1485,68.1,6813
1485,4597,33.0,3295
4597,1485,67.0,6705
1485,217,11.2,1124
217,1485,88.8,8876
1485,261,28.6,2861
261,1485,71.4,7139
1485,1520,22.1,2215
1520,1485,77.8,7785
1485,1292,38.4,3843
1292,1485,61.6,6157
1485,269,35.1,3512
269,1485,64.9,6488
1485,1148,39.8,3975
1148,1485,60.2,6025
1485,223,31.6,3157
223,1485,68.4,6843
1485,1072,30.8,3079
1072,1485,69.2,6921
1485,4728,25.3,2526
4728,1485,74.7,7474
1485,1037,27.0,2696
1037,1485,73.0,7304
1485,4363,33.4,3341
4363,1485,66.6,6659
1485,4916,34.0,3396
4916,1485,66.0,6604
1485,1690,25.6,2562
1690,1485,74.4,7438
1485,4909,35.8,3584
4909,1485,64.2,6416
1485,285,23.9,2394
285,1485,76.1,7606
1485,211,32.7,3266
211,1485,67.3,6734
1485,1719,24.1,2405
1719,1485,75.9,7595
1485,4546,47.2,4725
4546,1485,52.8,5275
1485,2043,32.9,3288
2043,1485,67.1,6712
1485,4541,72.4,7243
4541,1485,27.6,2757
1485,4603,26.1,2608
4603,1485,73.9,7392
1485,4914,52.7,5266
4914,1485,47.3,4734
1485,2037,36.6,3662
2037,1485,63.4,6338
1485,194,13.9,1392
194,1485,86.1,8608
1485,3712,29.4,2941
3712,1485,70.6,7059
1485,1722,28.9,2887
1722,1485,71.1,7113
1485,77,27.4,2736
77,1485,72.6,7264
1485,1687,31.9,3187
1687,1485,68.1,6813
1485,4256,31.3,3129
4256,1485,68.7,6871
1485,4528,39.6,3956
4528,1485,60.4,6044
1485,4923,41.3,4132
4923,1485,58.7,5868
1485,942,31.0,3098
942,1485,69.0,6902
1485,1016,47.6,4764
1016,1485,52.4,5236
1485,253,25.1,2510
253,1485,74.9,7490
1485,1693,10.5,1051
1693,1485,89.5,8949
1485,1728,21.8,2183
1728,1485,78.2,7817
1485,1535,24.0,2403
1535,1485,76.0,7597
1485,4522,62.0,6196
4522,1485,38.0,3804
1485,287,25.2,2518
287,1485,74.8,7482
1485,1172,29.0,2904
1172,1485,71.0,7096
1485,4912,54.4,5440
4912,1485,45.6,4560
1485,1696,5.2,521
1696,1485,94.8,9479
1485,283,36.7,3674
283,1485,63.3,6326
1485,1563,19.0,1896
1563,1485,81.0,8104
1485,4531,33.8,3375
4531,1485,66.2,6625
1485,245,17.4,1737
245,1485,82.6,8263
1485,4800,28.5,2855
4800,1485,71.5,7145
1485,241,28.3,2832
241,1485,71.7,7168
1485,1084,25.8,2577
1084,1485,74.2,7423
1485,2046,34.9,3492
2046,1485,65.1,6508
1485,1557,45.0,4502
1557,1485,55.0,5498
1485,1041,20.9,2090
1041,1485,79.1,7910
1485,4255,28.0,2796
4255,1485,72.0,7204
1485,1684,15.8,1582
1684,1485,84.2,8418
1485,4864,12.4,1242
4864,1485,87.6,8758
1485,1487,20.7,2072
1487,1485,79.3,7928
1485,239,19.0,1897
239,1485,81.0,8103
1485,196,8.8,884
196,1485,91.2,9116
1485,279,17.1,1711
279,1485,82.9,8289
1485,4919,48.7,4871
4919,1485,51.3,5129
1485,4524,46.6,4660
4524,1485,53.4,5340
1485,4788,27.5,2752
4788,1485,72.5,7248
4922,4423,40.6,4056
4423,4922,59.4,5944
4922,4517,42.9,4288
4517,4922,57.1,5712
4922,4426,43.8,4382
4426,4922,56.2,5618
4922,4527,38.6,3863
4527,4922,61.4,6137
4922,961,23.9,2395
961,4922,76.0,7605
4922,227,36.5,3646
227,4922,63.5,6354
4922,4908,43.7,4372
4908,4922,56.3,5628
4922,1169,17.6,1765
1169,4922,82.3,8235
4922,4422,55.8,5584
4422,4922,44.2,4416
4922,251,29.9,2988
251,4922,70.1,7012
4922,4921,44.4,4444
4921,4922,55.6,5556
4922,1183,35.8,3582
1183,4922,64.2,6418
4922,4424,49.0,4902
4424,4922,51.0,5098
4922,996,54.5,5451
996,4922,45.5,4549
4922,4545,73.1,7307
4545,4922,26.9,2693
4922,4257,35.7,3568
4257,4922,64.3,6432
4922,4254,32.2,3219
4254,4922,67.8,6781
4922,3709,15.2,1516
3709,4922,84.8,8484
4922,4917,47.6,4760
4917,4922,52.4,5240
4922,4519,50.9,5095
4519,4922,49.0,4905
4922,4431,36.6,3665
4431,4922,63.3,6335
4922,4518,47.9,4793
4518,4922,52.1,5207
4922,4915,60.4,6035
4915,4922,39.6,3965
4922,289,17.6,1761
289,4922,82.4,8239
4922,2521,44.5,4450
2521,4922,55.5,5550
4922,4530,29.6,2957
4530,4922,70.4,7043
4922,1136,48.5,4846
1136,4922,51.5,5154
4922,297,29.4,2944
297,4922,70.6,7056
4922,4913,31.5,3150
4913,4922,68.5,6850
4922,4607,19.8,1978
4607,4922,80.2,8022
4922,1044,18.7,1868
1044,4922,81.3,8132
4922,2799,35.4,3535
2799,4922,64.6,6465
4922,179,15.5,1551
179,4922,84.5,8449
4922,1075,29.3,2933
1075,4922,70.7,7067
4922,4538,60.3,6034
4538,4922,39.7,3966
4922,4258,33.2,3317
4258,4922,66.8,6683
4922,4906,38.0,3799
4906,4922,62.0,6201
4922,1019,35.5,3553
1019,4922,64.5,6447
4922,4597,36.7,3674
4597,4922,63.3,6326
4922,217,13.6,1360
217,4922,86.4,8640
4922,261,33.2,3325
261,4922,66.8,6675
4922,1520,23.7,2373
1520,4922,76.3,7627
4922,1292,41.9,4190
1292,4922,58.1,5810
4922,269,37.9,3791
269,4922,62.1,6209
4922,1148,43.5,4346
1148,4922,56.5,5654
4922,223,36.4,3643
223,4922,63.6,6357
4922,1072,34.1,3410
1072,4922,65.9,6590
4922,4728,28.3,2835
4728,4922,71.7,7165
4922,1037,30.0,3005
1037,4922,70.0,6995
4922,4363,36.7,3667
4363,4922,63.3,6333
4922,4916,38.0,3803
4916,4922,62.0,6197
4922,1690,28.1,2811
1690,4922,71.9,7189
4922,4909,38.6,3860
4909,4922,61.4,6140
4922,285,26.6,2663
285,4922,73.4,7337
4922,211,37.1,3713
211,4922,62.9,6287
4922,1719,27.8,2777
1719,4922,72.2,7223
4922,4546,52.0,5203
4546,4922,48.0,4797
4922,2043,36.5,3649
2043,4922,63.5,6351
4922,4541,76.5,7648
4541,4922,23.5,2352
4922,4603,29.0,2904
4603,4922,71.0,7096
4922,4914,56.5,5648
4914,4922,43.5,4352
4922,2037,40.1,4007
2037,4922,59.9,5993
4922,194,15.9,1588
194,4922,84.1,8412
4922,3712,32.2,3224
3712,4922,67.8,6776
4922,1722,32.3,3229
1722,4922,67.7,6771
4922,77,31.8,3180
77,4922,68.2,6820
4922,1687,37.3,3727
1687,4922,62.7,6273
4922,4256,33.5,3352
4256,4922,66.5,6648
4922,4528,43.5,4347
4528,4922,56.5,5653
4922,4923,45.5,4551
4923,4922,54.5,5449
4922,942,34.6,3456
942,4922,65.4,6544
4922,1016,52.0,5203
1016,4922,48.0,4797
4922,253,28.4,2842
253,4922,71.6,7158
4922,1693,11.8,1185
1693,4922,88.1,8815
4922,1728,23.7,2369
1728,4922,76.3,7631
4922,1535,28.4,2842
1535,4922,71.6,7158
4922,4522,64.4,6436
4522,4922,35.6,3564
4922,287,28.2,2822
287,4922,71.8,7178
4922,1172,32.2,3222
1172,4922,67.8,6778
4922,4912,59.5,5952
4912,4922,40.5,4048
4922,1696,6.9,694
1696,4922,93.1,9306
4922,283,40.9,4086
283,4922,59.1,5914
4922,1563,22.4,2243
1563,4922,77.6,7757
4922,4531,37.5,3747
4531,4922,62.5,6253
4922,245,19.7,1972
245,4922,80.3,8028
4922,4800,32.3,3228
4800,4922,67.7,6772
4922,241,31.3,3129
241,4922,68.7,6871
4922,1084,28.9,2890
1084,4922,71.1,7110
4922,2046,38.0,3798
2046,4922,62.0,6202
4922,1557,49.1,4912
1557,4922,50.9,5088
4922,1041,25.5,2546
1041,4922,74.5,7454
4922,4255,31.4,3145
4255,4922,68.5,6855
4922,1684,18.2,1821
1684,4922,81.8,8179
4922,4864,14.9,1490
4864,4922,85.1,8510
4922,1487,23.5,2355
1487,4922,76.4,7645
4922,239,21.3,2128
239,4922,78.7,7872
4922,196,10.5,1047
196,4922,89.5,8953
4922,279,18.9,1889
279,4922,81.1,8111
4922,4919,53.0,5296
4919,4922,47.0,4704
4922,4524,51.2,5120
4524,4922,48.8,4880
4922,4788,30.7,3066
4788,4922,69.3,6934
4423,4517,52.3,5231
4517,4423,47.7,4769
4423,4426,52.9,5293
4426,4423,47.1,4707
4423,4527,48.2,4818
4527,4423,51.8,5182
4423,961,32.5,3250
961,4423,67.5,6750
4423,227,45.3,4529
227,4423,54.7,5471
4423,4908,51.8,5185
4908,4423,48.1,4815
4423,1169,24.6,2463
1169,4423,75.4,7537
4423,4422,65.2,6516
4422,4423,34.8,3484
4423,251,39.6,3955
251,4423,60.5,6045
4423,4921,52.2,5224
4921,4423,47.8,4776
4423,1183,44.9,4487
1183,4423,55.1,5513
4423,4424,59.1,5908
4424,4423,40.9,4092
4423,996,63.3,6326
996,4423,36.7,3674
4423,4545,80.0,7999
4545,4423,20.0,2001
4423,4257,43.8,4384
4257,4423,56.2,5616
4423,4254,42.0,4201
4254,4423,58.0,5799
4423,3709,22.1,2208
3709,4423,77.9,7792
4423,4917,58.2,5818
4917,4423,41.8,4182
4423,4519,60.0,5996
4519,4423,40.0,4004
4423,4431,44.9,4486
4431,4423,55.1,5514
4423,4518,56.5,5655
4518,4423,43.5,4345
4423,4915,68.9,6886
4915,4423,31.1,3114
4423,289,26.2,2617
289,4423,73.8,7383
4423,2521,53.4,5340
2521,4423,46.6,4660
4423,4530,37.9,3787
4530,4423,62.1,6213
4423,1136,57.6,5758
1136,4423,42.4,4242
4423,297,37.0,3698
297,4423,63.0,6302
4423,4913,41.5,4149
4913,4423,58.5,5851
4423,4607,27.3,2726
4607,4423,72.7,7274
4423,1044,24.7,2471
1044,4423,75.3,7529
4423,2799,43.5,4347
2799,4423,56.5,5653
4423,179,21.6,2159
179,4423,78.4,7841
4423,1075,37.9,3790
1075,4423,62.1,6210
4423,4538,68.8,6882
4538,4423,31.2,3118
4423,4258,41.3,4130
4258,4423,58.7,5870
4423,4906,47.7,4768
4906,4423,52.3,5232
4423,1019,44.0,4404
1019,4423,56.0,5596
4423,4597,45.6,4560
4597,4423,54.4,5440
4423,217,19.4,1937
217,4423,80.6,8063
4423,261,42.2,4222
261,4423,57.8,5778
4423,1520,32.1,3211
1520,4423,67.9,6789
4423,1292,50.6,5060
1292,4423,49.4,4940
4423,269,47.7,4772
269,4423,52.3,5228
4423,1148,53.2,5318
1148,4423,46.8,4682
4423,223,44.5,4445
223,4423,55.5,5555
4423,1072,44.5,4446
1072,4423,55.5,5554
4423,4728,37.1,3709
4728,4423,62.9,6291
4423,1037,38.7,3871
1037,4423,61.3,6129
4423,4363,46.7,4666
4363,4423,53.3,5334
4423,4916,46.6,4663
4916,4423,53.4,5337
4423,1690,37.4,3737
1690,4423,62.6,6263
4423,4909,49.0,4897
4909,4423,51.0,5103
4423,285,35.4,3545
285,4423,64.5,6455
4423,211,46.2,4619
211,4423,53.8,5381
4423,1719,35.6,3559
1719,4423,64.4,6441
4423,4546,61.4,6136
4546,4423,38.6,3864
4423,2043,46.4,4640
2043,4423,53.6,5360
4423,4541,83.2,8323
4541,4423,16.8,1677
4423,4603,38.0,3800
4603,4423,62.0,6200
4423,4914,65.8,6585
4914,4423,34.2,3415
4423,2037,48.8,4877
2037,4423,51.2,5123
4423,194,23.6,2361
194,4423,76.4,7639
4423,3712,41.7,4172
3712,4423,58.3,5828
4423,1722,41.7,4170
1722,4423,58.3,5830
4423,77,40.4,4043
77,4423,59.6,5957
4423,1687,46.4,4641
1687,4423,53.6,5359
4423,4256,44.5,4455
4256,4423,55.5,5545
4423,4528,54.0,5401
4528,4423,46.0,4599
4423,4923,55.1,5511
4923,4423,44.9,4489
4423,942,43.3,4330
942,4423,56.7,5670
4423,1016,61.1,6105
1016,4423,39.0,3895
4423,253,35.5,3550
253,4423,64.5,6450
4423,1693,17.6,1759
1693,4423,82.4,8241
4423,1728,31.6,3161
1728,4423,68.4,6839
4423,1535,35.7,3568
1535,4423,64.3,6432
4423,4522,72.9,7294
4522,4423,27.1,2706
4423,287,37.0,3697
287,4423,63.0,6303
4423,1172,42.1,4207
1172,4423,57.9,5793
4423,4912,67.8,6782
4912,4423,32.2,3218
4423,1696,9.8,977
1696,4423,90.2,9023
4423,283,50.9,5089
283,4423,49.1,4911
4423,1563,30.0,2996
1563,4423,70.0,7004
4423,4531,47.1,4712
4531,4423,52.9,5288
4423,245,26.8,2677
245,4423,73.2,7323
4423,4800,41.3,4128
4800,4423,58.7,5872
4423,241,41.3,4132
241,4423,58.7,5868
4423,1084,37.8,3784
1084,4423,62.2,6216
4423,2046,48.0,4800
2046,4423,52.0,5200
4423,1557,58.7,5873
1557,4423,41.3,4127
4423,1041,32.6,3260
1041,4423,67.4,6740
4423,4255,40.7,4071
4255,4423,59.3,5929
4423,1684,24.2,2419
1684,4423,75.8,7581
4423,4864,21.8,2182
4864,4423,78.2,7818
4423,1487,31.5,3149
1487,4423,68.5,6851
4423,239,27.9,2790
239,4423,72.1,7210
4423,196,15.5,1547
196,4423,84.5,8453
4423,279,26.2,2620
279,4423,73.8,7380
4423,4919,60.9,6093
4919,4423,39.1,3907
4423,4524,60.0,5997
4524,4423,40.0,4003
4423,4788,38.5,3846
4788,4423,61.5,6154
4517,4426,50.2,5021
4426,4517,49.8,4979
4517,4527,46.2,4616
4527,4517,53.8,5384
4517,961,29.7,2971
961,4517,70.3,7029
4517,227,43.1,4308
227,4517,56.9,5692
4517,4908,49.4,4944
4908,4517,50.6,5056
4517,1169,22.5,2253
1169,4517,77.5,7747
4517,4422,62.6,6258
4422,4517,37.4,3742
4517,251,36.0,3602
251,4517,64.0,6398
4517,4921,50.2,5018
4921,4517,49.8,4982
4517,1183,42.7,4273
1183,4517,57.3,5727
4517,4424,56.0,5595
4424,4517,44.0,4405
4517,996,60.8,6084
996,4517,39.2,3916
4517,4545,78.5,7851
4545,4517,21.5,2149
4517,4257,41.2,4125
4257,4517,58.8,5875
4517,4254,39.8,3976
4254,4517,60.2,6024
4517,3709,19.7,1965
3709,4517,80.3,8035
4517,4917,54.6,5461
4917,4517,45.4,4539
4517,4519,57.3,5727
4519,4517,42.7,4273
4517,4431,42.3,4228
4431,4517,57.7,5772
4517,4518,54.7,5472
4518,4517,45.3,4528
4517,4915,65.9,6592
4915,4517,34.1,3408
4517,289,22.8,2277
289,4517,77.2,7723
4517,2521,50.9,5086
2521,4517,49.1,4914
4517,4530,33.8,3377
4530,4517,66.2,6623
4517,1136,54.9,5487
1136,4517,45.1,4513
4517,297,34.5,3446
297,4517,65.5,6554
4517,4913,38.0,3801
4913,4517,62.0,6199
4517,4607,24.4,2445
4607,4517,75.5,7555
4517,1044,22.9,2285
1044,4517,77.1,7715
4517,2799,41.4,4138
2799,4517,58.6,5862
4517,179,19.4,1941
179,4517,80.6,8059
4517,1075,35.9,3585
1075,4517,64.1,6415
4517,4538,66.4,6639
4538,4517,33.6,3361
4517,4258,39.8,3976
4258,4517,60.2,6024
4517,4906,44.5,4454
4906,4517,55.5,5546
4517,1019,41.7,4166
1019,4517,58.3,5834
4517,4597,42.8,4280
4597,4517,57.2,5720
4517,217,17.9,1787
217,4517,82.1,8213
4517,261,40.0,3997
261,4517,60.0,6003
4517,1520,29.6,2964
1520,4517,70.4,7036
4517,1292,48.4,4841
1292,4517,51.6,5159
4517,269,45.1,4505
269,4517,54.9,5495
4517,1148,49.7,4968
1148,4517,50.3,5032
4517,223,41.5,4149
223,4517,58.5,5851
4517,1072,42.1,4212
1072,4517,57.9,5788
4517,4728,34.6,3461
4728,4517,65.4,6539
4517,1037,36.0,3603
1037,4517,64.0,6397
4517,4363,45.0,4500
4363,4517,55.0,5500
4517,4916,45.1,4506
4916,4517,54.9,5494
4517,1690,34.5,3455
1690,4517,65.5,6545
4517,4909,45.6,4565
4909,4517,54.4,5435
4517,285,32.8,3281
285,4517,67.2,6719
4517,211,44.1,4406
211,4517,55.9,5594
4517,1719,34.0,3402
1719,4517,66.0,6598
4517,4546,58.2,5817
4546,4517,41.8,4183
4517,2043,42.4,4237
2043,4517,57.6,5763
4517,4541,81.2,8120
4541,4517,18.8,1880
4517,4603,35.9,3585
4603,4517,64.1,6415
4517,4914,63.4,6343
4914,4517,36.6,3657
4517,2037,47.1,4711
2037,4517,52.9,5289
4517,194,21.6,2157
194,4517,78.4,7843
4517,3712,38.6,3860
3712,4517,61.4,6140
4517,1722,38.8,3884
1722,4517,61.2,6116
4517,77,36.9,3692
77,4517,63.1,6308
4517,1687,42.9,4288
1687,4517,57.1,5712
4517,4256,40.0,4002
4256,4517,60.0,5998
4517,4528,50.2,5018
4528,4517,49.8,4982
4517,4923,52.2,5224
4923,4517,47.8,4776
4517,942,40.3,4028
942,4517,59.7,5972
4517,1016,57.6,5759
1016,4517,42.4,4241
4517,253,33.9,3391
253,4517,66.1,6609
4517,1693,16.6,1658
1693,4517,83.4,8342
4517,1728,30.1,3009
1728,4517,69.9,6991
4517,1535,33.9,3394
1535,4517,66.1,6606
4517,4522,70.5,7053
4522,4517,29.5,2947
4517,287,33.9,3389
287,4517,66.1,6611
4517,1172,38.5,3848
1172,4517,61.5,6152
4517,4912,65.3,6534
4912,4517,34.7,3466
4517,1696,9.0,897
1696,4517,91.0,9103
4517,283,47.1,4707
283,4517,52.9,5293
4517,1563,28.4,2845
1563,4517,71.5,7155
4517,4531,43.8,4383
4531,4517,56.2,5617
4517,245,25.5,2554
245,4517,74.5,7446
4517,4800,39.8,3983
4800,4517,60.2,6017
4517,241,37.6,3763
241,4517,62.4,6237
4517,1084,34.7,3467
1084,4517,65.3,6533
4517,2046,45.7,4566
2046,4517,54.3,5434
4517,1557,56.6,5665
1557,4517,43.4,4335
4517,1041,29.8,2976
1041,4517,70.2,7024
4517,4255,37.9,3790
4255,4517,62.1,6210
4517,1684,22.8,2283
1684,4517,77.2,7717
4517,4864,19.4,1937
4864,4517,80.6,8063
4517,1487,28.6,2865
1487,4517,71.4,7135
4517,239,26.4,2635
239,4517,73.7,7365
4517,196,14.1,1406
196,4517,85.9,8594
4517,279,23.8,2381
279,4517,76.2,7619
4517,4919,59.7,5972
4919,4517,40.3,4028
4517,4524,57.1,5708
4524,4517,42.9,4292
4517,4788,36.9,3686
4788,4517,63.1,6314
4426,4527,45.3,4532
4527,4426,54.7,5468
4426,961,29.6,2964
961,4426,70.4,7036
4426,227,43.3,4326
227,4426,56.7,5674
4426,4908,49.5,4949
4908,4426,50.5,5051
4426,1169,22.6,2261
1169,4426,77.4,7739
4426,4422,62.2,6222
4422,4426,37.8,3778
4426,251,36.4,3638
251,4426,63.6,6362
4426,4921,50.7,5071
4921,4426,49.3,4929
4426,1183,41.9,4188
1183,4426,58.1,5812
4426,4424,55.9,5588
4424,4426,44.1,4412
4426,996,60.5,6050
996,4426,39.5,3950
4426,4545,77.9,7793
4545,4426,22.1,2207
4426,4257,41.6,4159
4257,4426,58.4,5841
4426,4254,38.7,3873
4254,4426,61.3,6127
4426,3709,20.5,2047
3709,4426,79.5,7953
4426,4917,54.5,5447
4917,4426,45.5,4553
4426,4519,55.8,5578
4519,4426,44.2,4422
4426,4431,42.0,4204
4431,4426,58.0,5796
4426,4518,54.4,5438
4518,4426,45.6,4562
4426,4915,66.3,6630
4915,4426,33.7,3370
4426,289,22.7,2267
289,4426,77.3,7733
4426,2521,50.6,5060
2521,4426,49.4,4940
4426,4530,34.8,3484
4530,4426,65.2,6516
4426,1136,55.1,5507
1136,4426,44.9,4493
4426,297,35.1,3510
297,4426,64.9,6490
4426,4913,38.3,3827
4913,4426,61.7,6173
4426,4607,24.7,2466
4607,4426,75.3,7534
4426,1044,22.9,2291
1044,4426,77.1,7709
4426,2799,41.6,4158
2799,4426,58.4,5842
4426,179,20.2,2017
179,4426,79.8,7983
4426,1075,35.4,3536
1075,4426,64.6,6464
4426,4538,65.6,6561
4538,4426,34.4,3439
4426,4258,39.3,3928
4258,4426,60.7,6072
4426,4906,44.2,4425
4906,4426,55.8,5575
4426,1019,42.1,4213
1019,4426,57.9,5787
4426,4597,42.7,4272
4597,4426,57.3,5728
4426,217,17.5,1748
217,4426,82.5,8252
4426,261,39.7,3972
261,4426,60.3,6028
4426,1520,29.6,2957
1520,4426,70.4,7043
4426,1292,48.0,4796
1292,4426,52.0,5204
4426,269,45.4,4538
269,4426,54.6,5462
4426,1148,50.5,5050
1148,4426,49.5,4950
4426,223,41.8,4181
223,4426,58.2,5819
4426,1072,41.8,4179
1072,4426,58.2,5821
4426,4728,34.1,3412
4728,4426,65.9,6588
4426,1037,37.0,3703
1037,4426,63.0,6297
4426,4363,43.2,4320
4363,4426,56.8,5680
4426,4916,44.6,4458
4916,4426,55.4,5542
4426,1690,34.5,3447
1690,4426,65.5,6553
4426,4909,45.5,4545
4909,4426,54.5,5455
4426,285,33.8,3376
285,4426,66.2,6624
4426,211,43.5,4355
211,4426,56.5,5645
4426,1719,34.1,3412
1719,4426,65.9,6588
4426,4546,59.1,5907
4546,4426,40.9,4093
4426,2043,43.0,4297
2043,4426,57.0,5703
4426,4541,81.3,8134
4541,4426,18.7,1866
4426,4603,35.7,3566
4603,4426,64.3,6434
4426,4914,63.5,6346
4914,4426,36.5,3654
4426,2037,46.8,4680
2037,4426,53.2,5320
4426,194,22.0,2203
194,4426,78.0,7797
4426,3712,37.6,3756
3712,4426,62.4,6244
4426,1722,40.0,3995
1722,4426,60.1,6005
4426,77,38.2,3816
77,4426,61.8,6184
4426,1687,43.0,4302
1687,4426,57.0,5698
4426,4256,40.6,4060
4256,4426,59.4,5940
4426,4528,51.5,5147
4528,4426,48.5,4853
4426,4923,52.8,5276
4923,4426,47.2,4724
4426,942,41.0,4100
942,4426,59.0,5900
4426,1016,58.2,5818
1016,4426,41.8,4182
4426,253,33.7,3372
253,4426,66.3,6628
4426,1693,15.6,1562
1693,4426,84.4,8438
4426,1728,30.5,3050
1728,4426,69.5,6950
4426,1535,33.7,3368
1535,4426,66.3,6632
4426,4522,70.7,7073
4522,4426,29.3,2927
4426,287,34.2,3416
287,4426,65.8,6584
4426,1172,38.9,3887
1172,4426,61.1,6113
4426,4912,65.5,6553
4912,4426,34.5,3447
4426,1696,9.4,937
1696,4426,90.6,9063
4426,283,46.0,4603
283,4426,54.0,5397
4426,1563,27.9,2786
1563,4426,72.1,7214
4426,4531,43.8,4379
4531,4426,56.2,5621
4426,245,25.4,2539
245,4426,74.6,7461
4426,4800,39.4,3942
4800,4426,60.6,6058
4426,241,37.6,3762
241,4426,62.4,6238
4426,1084,34.0,3397
1084,4426,66.0,6603
4426,2046,45.4,4541
2046,4426,54.6,5459
4426,1557,55.7,5572
1557,4426,44.3,4428
4426,1041,30.5,3046
1041,4426,69.5,6954
4426,4255,38.8,3879
4255,4426,61.2,6121
4426,1684,22.4,2235
1684,4426,77.6,7765
4426,4864,19.2,1923
4864,4426,80.8,8077
4426,1487,29.2,2922
1487,4426,70.8,7078
4426,239,25.3,2529
239,4426,74.7,7471
4426,196,14.1,1405
196,4426,86.0,8595
4426,279,23.6,2363
279,4426,76.4,7637
4426,4919,60.2,6024
4919,4426,39.8,3976
4426,4524,57.2,5718
4524,4426,42.8,4282
4426,4788,36.4,3642
4788,4426,63.6,6358
4527,961,33.1,3305
961,4527,67.0,6695
4527,227,47.2,4721
227,4527,52.8,5279
4527,4908,54.5,5447
4908,4527,45.5,4553
4527,1169,25.1,2508
1169,4527,74.9,7492
4527,4422,65.8,6581
4422,4527,34.2,3419
4527,251,41.2,4118
251,4527,58.8,5882
4527,4921,54.0,5398
4921,4527,46.0,4602
4527,1183,46.7,4673
1183,4527,53.3,5327
4527,4424,59.7,5966
4424,4527,40.3,4034
4527,996,63.4,6341
996,4527,36.6,3659
4527,4545,80.9,8093
4545,4527,19.1,1907
4527,4257,46.6,4662
4257,4527,53.4,5338
4527,4254,43.1,4310
4254,4527,56.9,5690
4527,3709,23.0,2296
3709,4527,77.0,7704
4527,4917,57.9,5793
4917,4527,42.1,4207
4527,4519,61.1,6113
4519,4527,38.9,3887
4527,4431,46.2,4624
4431,4527,53.8,5376
4527,4518,57.4,5741
4518,4527,42.6,4259
4527,4915,70.5,7047
4915,4527,29.5,2953
4527,289,26.0,2602
289,4527,74.0,7398
4527,2521,54.8,5475
2521,4527,45.2,4525
4527,4530,38.4,3844
4530,4527,61.6,6156
4527,1136,58.5,5852
1136,4527,41.5,4148
4527,297,37.9,3786
297,4527,62.1,6214
4527,4913,42.8,4279
4913,4527,57.2,5721
4527,4607,27.5,2750
4607,4527,72.5,7250
4527,1044,25.5,2552
1044,4527,74.5,7448
4527,2799,45.1,4511
2799,4527,54.9,5489
4527,179,22.3,2227
179,4527,77.7,7773
4527,1075,39.0,3901
1075,4527,61.0,6099
4527,4538,69.6,6956
4538,4527,30.4,3044
4527,4258,43.5,4349
4258,4527,56.5,5651
4527,4906,48.5,4851
4906,4527,51.5,5149
4527,1019,45.5,4550
1019,4527,54.5,5450
4527,4597,47.6,4762
4597,4527,52.4,5238
4527,217,20.4,2045
217,4527,79.5,7955
4527,261,43.6,4364
261,4527,56.4,5636
4527,1520,33.0,3302
1520,4527,67.0,6698
4527,1292,52.2,5221
1292,4527,47.8,4779
4527,269,48.8,4879
269,4527,51.2,5121
4527,1148,54.0,5400
1148,4527,46.0,4600
4527,223,45.9,4594
223,4527,54.1,5406
4527,1072,46.5,4653
1072,4527,53.5,5347
4527,4728,38.2,3819
4728,4527,61.8,6181
4527,1037,40.0,3999
1037,4527,60.0,6001
4527,4363,47.2,4724
4363,4527,52.8,5276
4527,4916,48.6,4860
4916,4527,51.4,5140
4527,1690,37.1,3712
1690,4527,62.9,6288
4527,4909,49.1,4908
4909,4527,50.9,5092
4527,285,36.9,3693
285,4527,63.1,6307
4527,211,47.8,4775
211,4527,52.2,5225
4527,1719,37.5,3752
1719,4527,62.5,6248
4527,4546,63.3,6334
4546,4527,36.7,3666
4527,2043,45.6,4561
2043,4527,54.4,5439
4527,4541,84.1,8412
4541,4527,15.9,1588
4527,4603,40.5,4045
4603,4527,59.6,5955
4527,4914,66.2,6616
4914,4527,33.8,3384
4527,2037,50.5,5048
2037,4527,49.5,4952
4527,194,24.5,2454
194,4527,75.5,7546
4527,3712,41.4,4143
3712,4527,58.6,5857
4527,1722,43.3,4330
1722,4527,56.7,5670
4527,77,41.0,4103
77,4527,59.0,5897
4527,1687,47.3,4734
1687,4527,52.7,5266
4527,4256,44.5,4455
4256,4527,55.5,5545
4527,4528,55.2,5518
4528,4527,44.8,4482
4527,4923,55.3,5526
4923,4527,44.7,4474
4527,942,44.7,4472
942,4527,55.3,5528
4527,1016,61.1,6107
1016,4527,38.9,3893
4527,253,37.3,3732
253,4527,62.7,6268
4527,1693,18.4,1843
1693,4527,81.6,8157
4527,1728,33.4,3341
1728,4527,66.6,6659
4527,1535,36.6,3656
1535,4527,63.4,6344
4527,4522,74.0,7396
4522,4527,26.0,2604
4527,287,38.2,3817
287,4527,61.8,6183
4527,1172,43.2,4322
1172,4527,56.8,5678
4527,4912,68.1,6814
4912,4527,31.9,3186
4527,1696,10.5,1054
1696,4527,89.5,8946
4527,283,51.5,5147
283,4527,48.5,4853
4527,1563,31.4,3140
1563,4527,68.6,6860
4527,4531,48.7,4872
4531,4527,51.3,5128
4527,245,27.9,2788
245,4527,72.1,7212
4527,4800,42.9,4292
4800,4527,57.1,5708
4527,241,41.3,4131
241,4527,58.7,5869
4527,1084,38.5,3849
1084,4527,61.5,6151
4527,2046,49.3,4928
2046,4527,50.7,5072
4527,1557,60.1,6014
1557,4527,39.9,3986
4527,1041,33.7,3365
1041,4527,66.3,6635
4527,4255,41.4,4145
4255,4527,58.6,5855
4527,1684,25.8,2577
1684,4527,74.2,7423
4527,4864,22.0,2204
4864,4527,78.0,7796
4527,1487,32.0,3202
1487,4527,68.0,6798
4527,239,29.3,2926
239,4527,70.7,7074
4527,196,16.6,1664
196,4527,83.4,8336
4527,279,27.8,2780
279,4527,72.2,7220
4527,4919,62.7,6275
4919,4527,37.2,3725
4527,4524,60.9,6087
4524,4527,39.1,3913
4527,4788,40.1,4005
4788,4527,60.0,5995
961,227,65.0,6504
227,961,35.0,3496
961,4908,69.6,6961
4908,961,30.4,3039
961,1169,41.4,4141
1169,961,58.6,5859
961,4422,80.1,8008
4422,961,19.9,1992
961,251,58.0,5799
251,961,42.0,4201
961,4921,71.5,7154
4921,961,28.5,2846
961,1183,64.4,6443
1183,961,35.6,3557
961,4424,75.2,7524
4424,961,24.8,2476
961,996,79.1,7910
996,961,20.9,2090
961,4545,90.6,9061
4545,961,9.4,939
961,4257,63.3,6329
4257,961,36.7,3671
961,4254,60.8,6082
4254,961,39.2,3918
961,3709,37.4,3738
3709,961,62.6,6262
961,4917,74.2,7417
4917,961,25.8,2583
961,4519,76.4,7642
4519,961,23.6,2358
961,4431,62.6,6261
4431,961,37.4,3739
961,4518,74.0,7397
4518,961,26.0,2603
961,4915,83.2,8323
4915,961,16.8,1677
961,289,41.7,4173
289,961,58.3,5827
961,2521,71.3,7128
2521,961,28.7,2872
961,4530,56.8,5682
4530,961,43.2,4318
961,1136,74.6,7464
1136,961,25.4,2536
961,297,54.1,5414
297,961,45.9,4586
961,4913,59.0,5899
4913,961,41.0,4101
961,4607,44.5,4453
4607,961,55.5,5547
961,1044,42.1,4208
1044,961,57.9,5792
961,2799,62.4,6237
2799,961,37.6,3763
961,179,37.6,3763
179,961,62.4,6237
961,1075,55.9,5591
1075,961,44.1,4409
961,4538,82.6,8260
4538,961,17.4,1740
961,4258,60.6,6060
4258,961,39.4,3940
961,4906,65.4,6542
4906,961,34.6,3458
961,1019,62.7,6270
1019,961,37.3,3730
961,4597,63.7,6370
4597,961,36.3,3630
961,217,34.8,3478
217,961,65.2,6522
961,261,62.0,6201
261,961,38.0,3799
961,1520,50.5,5054
1520,961,49.5,4946
961,1292,68.9,6892
1292,961,31.1,3108
961,269,65.9,6593
269,961,34.1,3407
961,1148,68.8,6884
1148,961,31.2,3116
961,223,63.2,6324
223,961,36.8,3676
961,1072,62.8,6277
1072,961,37.2,3723
961,4728,55.7,5569
4728,961,44.3,4431
961,1037,57.0,5695
1037,961,43.0,4305
961,4363,64.6,6456
4363,961,35.4,3544
961,4916,65.8,6578
4916,961,34.2,3422
961,1690,56.4,5635
1690,961,43.6,4365
961,4909,66.7,6666
4909,961,33.3,3334
961,285,54.8,5476
285,961,45.2,4524
961,211,64.5,6449
211,961,35.5,3551
961,1719,55.1,5513
1719,961,44.9,4487
961,4546,77.2,7717
4546,961,22.8,2283
961,2043,63.9,6387
2043,961,36.1,3613
961,4541,92.8,9285
4541,961,7.1,715
961,4603,55.8,5576
4603,961,44.2,4424
961,4914,80.9,8092
4914,961,19.1,1908
961,2037,67.3,6735
2037,961,32.6,3265
961,194,40.6,4065
194,961,59.4,5935
961,3712,58.5,5847
3712,961,41.5,4153
961,1722,59.4,5935
1722,961,40.6,4065
961,77,58.9,5892
77,961,41.1,4108
961,1687,64.3,6426
1687,961,35.7,3574
961,4256,61.4,6141
4256,961,38.6,3859
961,4528,71.2,7121
4528,961,28.8,2879
961,4923,72.2,7215
4923,961,27.9,2785
961,942,61.4,6141
942,961,38.6,3859
961,1016,77.3,7735
1016,961,22.7,2265
961,253,54.2,5421
253,961,45.8,4579
961,1693,32.2,3222
1693,961,67.8,6778
961,1728,51.4,5136
1728,961,48.6,4864
961,1535,54.5,5447
1535,961,45.5,4553
961,4522,86.4,8644
4522,961,13.6,1356
961,287,55.8,5580
287,961,44.2,4420
961,1172,60.4,6035
1172,961,39.6,3965
961,4912,82.2,8218
4912,961,17.8,1782
961,1696,20.8,2081
1696,961,79.2,7919
961,283,68.8,6882
283,961,31.2,3118
961,1563,47.1,4713
1563,961,52.9,5287
961,4531,65.0,6497
4531,961,35.0,3503
961,245,44.4,4438
245,961,55.6,5562
961,4800,60.0,5996
4800,961,40.0,4004
961,241,59.1,5909
241,961,40.9,4091
961,1084,56.2,5624
1084,961,43.8,4376
961,2046,66.5,6653
2046,961,33.5,3347
961,1557,75.3,7527
1557,961,24.7,2473
961,1041,50.5,5053
1041,961,49.5,4947
961,4255,59.7,5966
4255,961,40.3,4034
961,1684,40.1,4009
1684,961,59.9,5991
961,4864,37.0,3701
4864,961,63.0,6299
961,1487,49.4,4936
1487,961,50.6,5064
961,239,45.6,4557
239,961,54.4,5443
961,196,29.4,2943
196,961,70.6,7057
961,279,42.7,4268
279,961,57.3,5732
961,4919,77.0,7696
4919,961,23.0,2304
961,4524,76.4,7638
4524,961,23.6,2362
961,4788,57.6,5763
4788,961,42.4,4237
227,4908,56.0,5597
4908,227,44.0,4403
227,1169,27.6,2762
1169,227,72.4,7238
227,4422,68.4,6838
4422,227,31.6,3162
227,251,44.6,4465
251,227,55.4,5535
227,4921,57.7,5766
4921,227,42.3,4234
227,1183,49.4,4943
1183,227,50.6,5057
227,4424,62.5,6252
4424,227,37.5,3748
227,996,67.1,6707
996,227,32.9,3293
227,4545,82.6,8263
4545,227,17.4,1737
227,4257,47.3,4726
4257,227,52.7,5274
227,4254,45.6,4559
4254,227,54.4,5441
227,3709,25.1,2512
3709,227,74.9,7488
227,4917,60.6,6057
4917,227,39.4,3943
227,4519,63.6,6363
4519,227,36.4,3637
227,4431,49.6,4965
4431,227,50.3,5035
227,4518,60.6,6058
4518,227,39.4,3942
227,4915,72.5,7255
4915,227,27.5,2745
227,289,28.7,2871
289,227,71.3,7129
227,2521,58.2,5816
2521,227,41.8,4184
227,4530,41.9,4192
4530,227,58.1,5808
227,1136,61.6,6162
1136,227,38.4,3838
227,297,41.5,4151
297,227,58.5,5849
227,4913,45.8,4580
4913,227,54.2,5420
227,4607,29.9,2986
4607,227,70.1,7014
227,1044,28.3,2830
1044,227,71.7,7170
227,2799,47.7,4772
2799,227,52.3,5228
227,179,25.0,2500
179,227,75.0,7500
227,1075,41.9,4190
1075,227,58.1,5810
227,4538,71.5,7155
4538,227,28.4,2845
227,4258,46.1,4608
4258,227,53.9,5392
227,4906,51.5,5149
4906,227,48.5,4851
227,1019,48.4,4837
1019,227,51.6,5163
227,4597,49.5,4951
4597,227,50.5,5049
227,217,22.4,2245
217,227,77.5,7755
227,261,46.6,4663
261,227,53.4,5337
227,1520,36.5,3655
1520,227,63.4,6345
227,1292,55.8,5583
1292,227,44.2,4417
227,269,52.2,5225
269,227,47.8,4775
227,1148,56.1,5606
1148,227,43.9,4394
227,223,48.1,4814
223,227,51.9,5186
227,1072,48.6,4861
1072,227,51.4,5139
227,4728,40.8,4079
4728,227,59.2,5921
227,1037,42.0,4200
1037,227,58.0,5800
227,4363,49.6,4965
4363,227,50.3,5035
227,4916,52.0,5203
4916,227,48.0,4797
227,1690,41.4,4136
1690,227,58.6,5864
227,4909,52.1,5213
4909,227,47.9,4787
227,285,39.9,3986
285,227,60.1,6014
227,211,51.2,5124
211,227,48.8,4876
227,1719,39.4,3944
1719,227,60.6,6056
227,4546,64.9,6493
4546,227,35.1,3507
227,2043,49.7,4972
2043,227,50.3,5028
227,4541,86.5,8651
4541,227,13.5,1349
227,4603,42.6,4257
4603,227,57.4,5743
227,4914,69.0,6899
4914,227,31.0,3101
227,2037,53.0,5305
2037,227,46.9,4695
227,194,25.6,2558
194,227,74.4,7442
227,3712,44.7,4466
3712,227,55.3,5534
227,1722,45.9,4588
1722,227,54.1,5412
227,77,43.6,4364
77,227,56.4,5636
227,1687,50.9,5092
1687,227,49.1,4908
227,4256,47.9,4785
4256,227,52.1,5215
227,4528,57.9,5787
4528,227,42.1,4213
227,4923,58.6,5859
4923,227,41.4,4141
227,942,47.2,4725
942,227,52.8,5275
227,1016,64.5,6447
1016,227,35.5,3553
227,253,40.6,4055
253,227,59.5,5945
227,1693,20.2,2020
1693,227,79.8,7980
227,1728,36.6,3664
1728,227,63.4,6336
227,1535,39.2,3918
1535,227,60.8,6082
227,4522,76.6,7663
4522,227,23.4,2337
227,287,41.1,4106
287,227,58.9,5894
227,1172,45.3,4528
1172,227,54.7,5472
227,4912,71.3,7129
4912,227,28.7,2871
227,1696,12.1,1208
1696,227,87.9,8792
227,283,53.8,5385
283,227,46.2,4615
227,1563,33.9,3388
1563,227,66.1,6612
227,4531,50.8,5084
4531,227,49.2,4916
227,245,30.0,3005
245,227,70.0,6995
227,4800,46.1,4614
4800,227,53.9,5386
227,241,44.4,4436
241,227,55.6,5564
227,1084,41.9,4194
1084,227,58.1,5806
227,2046,52.4,5236
2046,227,47.6,4764
227,1557,63.3,6330
1557,227,36.7,3670
227,1041,36.1,3607
1041,227,63.9,6393
227,4255,44.3,4430
4255,227,55.7,5570
227,1684,28.5,2846
1684,227,71.5,7154
227,4864,24.0,2396
4864,227,76.0,7604
227,1487,34.7,3466
1487,227,65.3,6534
227,239,31.4,3142
239,227,68.6,6858
227,196,17.5,1755
196,227,82.5,8245
227,279,29.4,2938
279,227,70.6,7062
227,4919,65.6,6564
4919,227,34.4,3436
227,4524,64.3,6426
4524,227,35.7,3574
227,4788,42.3,4230
4788,227,57.7,5770
4908,1169,22.5,2250
1169,4908,77.5,7750
4908,4422,63.3,6327
4422,4908,36.7,3673
4908,251,37.3,3730
251,4908,62.7,6270
4908,4921,51.0,5100
4921,4908,49.0,4900
4908,1183,43.4,4337
1183,4908,56.6,5663
4908,4424,57.1,5712
4424,4908,42.9,4288
4908,996,61.1,6109
996,4908,38.9,3891
4908,4545,78.4,7843
4545,4908,21.6,2157
4908,4257,41.9,4186
4257,4908,58.1,5814
4908,4254,39.3,3931
4254,4908,60.7,6069
4908,3709,20.5,2046
3709,4908,79.5,7954
4908,4917,54.6,5458
4917,4908,45.4,4542
4908,4519,57.5,5749
4519,4908,42.5,4251
4908,4431,42.8,4280
4431,4908,57.2,5720
4908,4518,54.6,5458
4518,4908,45.4,4542
4908,4915,67.7,6766
4915,4908,32.3,3234
4908,289,24.2,2420
289,4908,75.8,7580
4908,2521,51.6,5162
2521,4908,48.4,4838
4908,4530,35.0,3500
4530,4908,65.0,6500
4908,1136,55.2,5520
1136,4908,44.8,4480
4908,297,34.0,3400
297,4908,66.0,6600
4908,4913,39.7,3966
4913,4908,60.3,6034
4908,4607,25.4,2538
4607,4908,74.6,7462
4908,1044,22.7,2265
1044,4908,77.3,7735
4908,2799,41.9,4187
2799,4908,58.1,5813
4908,179,19.4,1941
179,4908,80.6,8059
4908,1075,34.8,3475
1075,4908,65.2,6525
4908,4538,66.0,6603
4538,4908,34.0,3397
4908,4258,40.2,4016
4258,4908,59.8,5984
4908,4906,44.2,4418
4906,4908,55.8,5582
4908,1019,41.9,4195
1019,4908,58.1,5805
4908,4597,43.4,4336
4597,4908,56.6,5664
4908,217,18.0,1801
217,4908,82.0,8199
4908,261,40.5,4050
261,4908,59.5,5950
4908,1520,30.3,3033
1520,4908,69.7,6967
4908,1292,49.1,4911
1292,4908,50.9,5089
4908,269,45.7,4572
269,4908,54.3,5428
4908,1148,51.6,5156
1148,4908,48.4,4844
4908,223,43.2,4324
223,4908,56.8,5676
4908,1072,41.9,4191
1072,4908,58.1,5809
4908,4728,35.8,3583
4728,4908,64.2,6417
4908,1037,37.3,3733
1037,4908,62.7,6267
4908,4363,43.9,4394
4363,4908,56.1,5606
4908,4916,46.2,4617
4916,4908,53.8,5383
4908,1690,35.3,3529
1690,4908,64.7,6471
4908,4909,46.5,4646
4909,4908,53.5,5354
4908,285,33.9,3388
285,4908,66.1,6612
4908,211,43.7,4368
211,4908,56.3,5632
4908,1719,33.9,3387
1719,4908,66.1,6613
4908,4546,59.0,5902
4546,4908,41.0,4098
4908,2043,43.1,4313
2043,4908,56.9,5687
4908,4541,82.0,8195
4541,4908,18.1,1805
4908,4603,35.9,3588
4603,4908,64.1,6412
4908,4914,63.7,6372
4914,4908,36.3,3628
4908,2037,47.0,4704
2037,4908,53.0,5296
4908,194,22.0,2199
194,4908,78.0,7801
4908,3712,39.1,3905
3712,4908,61.0,6095
4908,1722,39.5,3951
1722,4908,60.5,6049
4908,77,37.0,3697
77,4908,63.0,6303
4908,1687,43.8,4383
1687,4908,56.2,5617
4908,4256,40.4,4044
4256,4908,59.6,5956
4908,4528,51.1,5113
4528,4908,48.9,4887
4908,4923,51.9,5191
4923,4908,48.1,4809
4908,942,41.7,4171
942,4908,58.3,5829
4908,1016,59.0,5904
1016,4908,41.0,4096
4908,253,34.5,3449
253,4908,65.5,6551
4908,1693,16.7,1665
1693,4908,83.4,8335
4908,1728,30.0,2996
1728,4908,70.0,7004
4908,1535,34.4,3441
1535,4908,65.6,6559
4908,4522,71.5,7147
4522,4908,28.5,2853
4908,287,34.7,3469
287,4908,65.3,6531
4908,1172,38.3,3828
1172,4908,61.7,6172
4908,4912,65.4,6541
4912,4908,34.6,3459
4908,1696,8.7,870
1696,4908,91.3,9130
4908,283,47.6,4762
283,4908,52.4,5238
4908,1563,28.5,2846
1563,4908,71.5,7154
4908,4531,44.7,4468
4531,4908,55.3,5532
4908,245,25.9,2589
245,4908,74.1,7411
4908,4800,39.2,3918
4800,4908,60.8,6082
4908,241,37.8,3784
241,4908,62.2,6216
4908,1084,35.7,3574
1084,4908,64.3,6426
4908,2046,45.2,4516
2046,4908,54.8,5484
4908,1557,57.4,5738
1557,4908,42.6,4262
4908,1041,30.3,3028
1041,4908,69.7,6972
4908,4255,38.1,3814
4255,4908,61.9,6186
4908,1684,22.5,2247
1684,4908,77.5,7753
4908,4864,19.9,1992
4864,4908,80.1,8008
4908,1487,29.5,2946
1487,4908,70.5,7054
4908,239,26.2,2621
239,4908,73.8,7379
4908,196,14.3,1427
196,4908,85.7,8573
4908,279,25.0,2496
279,4908,75.0,7504
4908,4919,59.2,5918
4919,4908,40.8,4082
4908,4524,58.7,5869
4524,4908,41.3,4131
4908,4788,36.8,3679
4788,4908,63.2,6321
1169,4422,85.8,8584
4422,1169,14.2,1416
1169,251,66.6,6660
251,1169,33.4,3340
1169,4921,78.5,7853
4921,1169,21.5,2147
1169,1183,72.4,7243
1183,1169,27.6,2757
1169,4424,82.1,8206
4424,1169,17.9,1794
1169,996,84.9,8493
996,1169,15.1,1507
1169,4545,93.8,9376
4545,1169,6.2,624
1169,4257,71.2,7125
4257,1169,28.7,2875
1169,4254,67.8,6785
4254,1169,32.1,3215
1169,3709,46.5,4653
3709,1169,53.5,5347
1169,4917,80.4,8038
4917,1169,19.6,1962
1169,4519,82.7,8273
4519,1169,17.3,1727
1169,4431,71.7,7167
4431,1169,28.3,2833
1169,4518,81.0,8101
4518,1169,19.0,1899
1169,4915,87.1,8709
4915,1169,12.9,1291
1169,289,50.8,5080
289,1169,49.2,4920
1169,2521,79.0,7901
2521,1169,21.0,2099
1169,4530,65.6,6559
4530,1169,34.4,3441
1169,1136,80.8,8080
1136,1169,19.2,1920
1169,297,64.1,6406
297,1169,35.9,3594
1169,4913,68.5,6855
4913,1169,31.4,3145
1169,4607,53.1,5314
4607,1169,46.9,4686
1169,1044,50.5,5051
1044,1169,49.5,4949
1169,2799,71.2,7117
2799,1169,28.8,2883
1169,179,46.9,4694
179,1169,53.1,5306
1169,1075,65.2,6523
1075,1169,34.8,3477
1169,4538,88.3,8835
4538,1169,11.7,1165
1169,4258,68.7,6869
4258,1169,31.3,3131
1169,4906,72.8,7281
4906,1169,27.2,2719
1169,1019,70.4,7038
1019,1169,29.6,2962
1169,4597,72.8,7281
4597,1169,27.2,2719
1169,217,43.6,4360
217,1169,56.4,5640
1169,261,70.1,7014
261,1169,29.9,2986
1169,1520,60.0,6004
1520,1169,40.0,3996
1169,1292,77.4,7742
1292,1169,22.6,2258
1169,269,74.1,7405
269,1169,25.9,2595
1169,1148,77.5,7752
1148,1169,22.5,2248
1169,223,71.6,7157
223,1169,28.4,2843
1169,1072,71.3,7129
1072,1169,28.7,2871
1169,4728,65.1,6512
4728,1169,34.9,3488
1169,1037,65.5,6555
1037,1169,34.4,3445
1169,4363,72.6,7261
4363,1169,27.4,2739
1169,4916,73.2,7317
4916,1169,26.8,2683
1169,1690,64.2,6417
1690,1169,35.8,3583
1169,4909,74.9,7494
4909,1169,25.1,2506
1169,285,63.2,6321
285,1169,36.8,3679
1169,211,72.3,7227
211,1169,27.7,2773
1169,1719,63.7,6375
1719,1169,36.2,3625
1169,4546,84.0,8405
4546,1169,16.0,1595
1169,2043,71.1,7114
2043,1169,28.9,2886
1169,4541,95.4,9537
4541,1169,4.6,463
1169,4603,65.2,6525
4603,1169,34.8,3475
1169,4914,87.3,8734
4914,1169,12.7,1266
1169,2037,74.8,7481
2037,1169,25.2,2519
1169,194,49.4,4937
194,1169,50.6,5063
1169,3712,67.9,6794
3712,1169,32.1,3206
1169,1722,68.4,6842
1722,1169,31.6,3158
1169,77,67.2,6725
77,1169,32.8,3275
1169,1687,72.4,7244
1687,1169,27.6,2756
1169,4256,70.4,7041
4256,1169,29.6,2959
1169,4528,77.8,7783
4528,1169,22.2,2217
1169,4923,79.1,7913
4923,1169,20.9,2087
1169,942,69.6,6962
942,1169,30.4,3038
1169,1016,83.5,8352
1016,1169,16.5,1648
1169,253,64.1,6413
253,1169,35.9,3587
1169,1693,40.8,4085
1693,1169,59.2,5915
1169,1728,60.2,6023
1728,1169,39.8,3977
1169,1535,63.6,6356
1535,1169,36.4,3644
1169,4522,90.8,9085
4522,1169,9.2,915
1169,287,64.5,6445
287,1169,35.5,3555
1169,1172,68.5,6845
1172,1169,31.6,3155
1169,4912,88.0,8805
4912,1169,11.9,1195
1169,1696,28.8,2882
1696,1169,71.2,7118
1169,283,75.0,7500
283,1169,25.0,2500
1169,1563,57.3,5726
1563,1169,42.7,4274
1169,4531,73.1,7308
4531,1169,26.9,2692
1169,245,53.5,5355
245,1169,46.5,4645
1169,4800,68.6,6861
4800,1169,31.4,3139
1169,241,67.6,6760
241,1169,32.4,3240
1169,1084,65.4,6538
1084,1169,34.6,3462
1169,2046,74.2,7423
2046,1169,25.8,2577
1169,1557,82.1,8212
1557,1169,17.9,1788
1169,1041,59.9,5991
1041,1169,40.1,4009
1169,4255,66.2,6617
4255,1169,33.8,3383
1169,1684,50.7,5071
1684,1169,49.3,4929
1169,4864,46.7,4668
4864,1169,53.3,5332
1169,1487,58.3,5830
1487,1169,41.7,4170
1169,239,55.2,5520
239,1169,44.8,4480
1169,196,37.8,3777
196,1169,62.2,6223
1169,279,52.1,5210
279,1169,47.9,4790
1169,4919,84.0,8400
4919,1169,16.0,1600
1169,4524,82.2,8225
4524,1169,17.8,1775
1169,4788,67.0,6696
4788,1169,33.0,3304
4422,251,26.0,2596
251,4422,74.0,7404
4422,4921,38.2,3824
4921,4422,61.8,6176
4422,1183,31.5,3148
1183,4422,68.5,6852
4422,4424,43.8,4376
4424,4422,56.2,5624
4422,996,48.6,4857
996,4422,51.4,5143
4422,4545,67.5,6745
4545,4422,32.6,3255
4422,4257,30.4,3040
4257,4422,69.6,6960
4422,4254,26.8,2678
4254,4422,73.2,7322
4422,3709,12.4,1239
3709,4422,87.6,8761
4422,4917,42.9,4287
4917,4422,57.1,5713
4422,4519,43.8,4382
4519,4422,56.2,5618
4422,4431,29.7,2971
4431,4422,70.3,7029
4422,4518,41.2,4125
4518,4422,58.8,5875
4422,4915,54.3,5431
4915,4422,45.7,4569
4422,289,14.7,1466
289,4422,85.3,8534
4422,2521,38.6,3859
2521,4422,61.4,6141
4422,4530,24.5,2450
4530,4422,75.5,7550
4422,1136,42.1,4214
1136,4422,57.9,5786
4422,297,23.9,2387
297,4422,76.1,7613
4422,4913,28.0,2796
4913,4422,72.0,7204
4422,4607,16.0,1598
4607,4422,84.0,8402
4422,1044,15.4,1544
1044,4422,84.6,8456
4422,2799,29.8,2975
2799,4422,70.2,7025
4422,179,12.5,1247
179,4422,87.5,8753
4422,1075,23.3,2332
1075,4422,76.7,7668
4422,4538,54.1,5411
4538,4422,45.9,4589
4422,4258,27.9,2788
4258,4422,72.1,7212
4422,4906,32.0,3203
4906,4422,68.0,6797
4422,1019,29.4,2941
1019,4422,70.6,7059
4422,4597,31.3,3132
4597,4422,68.7,6868
4422,217,10.6,1057
217,4422,89.4,8943
4422,261,28.8,2883
261,4422,71.2,7117
4422,1520,20.5,2054
1520,4422,79.5,7946
4422,1292,36.1,3609
1292,4422,63.9,6391
4422,269,33.6,3359
269,4422,66.4,6641
4422,1148,38.4,3844
1148,4422,61.6,6156
4422,223,30.7,3066
223,4422,69.3,6934
4422,1072,29.6,2964
1072,4422,70.4,7036
4422,4728,22.9,2293
4728,4422,77.1,7707
4422,1037,25.4,2537
1037,4422,74.6,7463
4422,4363,31.4,3136
4363,4422,68.6,6864
4422,4916,32.4,3241
4916,4422,67.6,6759
4422,1690,23.9,2392
1690,4422,76.1,7608
4422,4909,33.9,3388
4909,4422,66.1,6612
4422,285,22.8,2275
285,4422,77.2,7725
4422,211,32.0,3196
211,4422,68.0,6804
4422,1719,22.8,2279
1719,4422,77.2,7721
4422,4546,46.2,4615
4546,4422,53.8,5385
4422,2043,31.8,3177
2043,4422,68.2,6823
4422,4541,71.7,7170
4541,4422,28.3,2830
4422,4603,25.1,2514
4603,4422,74.9,7486
4422,4914,51.2,5118
4914,4422,48.8,4882
4422,2037,34.2,3421
2037,4422,65.8,6579
4422,194,14.0,1399
194,4422,86.0,8601
4422,3712,26.9,2692
3712,4422,73.1,7308
4422,1722,28.0,2800
1722,4422,72.0,7200
4422,77,27.6,2756
77,4422,72.4,7244
4422,1687,31.3,3132
1687,4422,68.7,6868
4422,4256,29.3,2929
4256,4422,70.7,7071
4422,4528,39.4,3935
4528,4422,60.7,6065
4422,4923,39.8,3976
4923,4422,60.2,6024
4422,942,28.9,2886
942,4422,71.1,7114
4422,1016,45.6,4563
1016,4422,54.4,5437
4422,253,23.2,2322
253,4422,76.8,7678
4422,1693,9.4,938
1693,4422,90.6,9062
4422,1728,20.8,2082
1728,4422,79.2,7918
4422,1535,23.1,2307
1535,4422,76.9,7693
4422,4522,59.3,5930
4522,4422,40.7,4070
4422,287,24.2,2422
287,4422,75.8,7578
4422,1172,27.2,2723
1172,4422,72.8,7277
4422,4912,52.3,5231
4912,4422,47.7,4769
4422,1696,4.9,494
1696,4422,95.1,9506
4422,283,36.2,3621
283,4422,63.8,6379
4422,1563,18.1,1808
1563,4422,81.9,8192
4422,4531,32.3,3230
4531,4422,67.7,6770
4422,245,16.3,1628
245,4422,83.7,8372
4422,4800,28.9,2893
4800,4422,71.1,7107
4422,241,26.6,2657
241,4422,73.4,7343
4422,1084,23.5,2351
1084,4422,76.5,7649
4422,2046,34.3,3427
2046,4422,65.7,6573
4422,1557,43.4,4340
1557,4422,56.6,5660
4422,1041,19.8,1976
1041,4422,80.2,8024
4422,4255,27.2,2719
4255,4422,72.8,7281
4422,1684,14.1,1409
1684,4422,85.9,8591
4422,4864,12.3,1233
4864,4422,87.7,8767
4422,1487,19.1,1906
1487,4422,80.9,8094
4422,239,16.4,1637
239,4422,83.6,8363
4422,196,8.2,825
196,4422,91.8,9175
4422,279,15.3,1535
279,4422,84.7,8465
4422,4919,45.5,4547
4919,4422,54.5,5453
4422,4524,45.2,4518
4524,4422,54.8,5482
4422,4788,26.4,2642
4788,4422,73.6,7358
251,4921,63.8,6384
4921,251,36.2,3616
251,1183,56.0,5595
1183,251,44.0,4405
251,4424,68.4,6839
4424,251,31.6,3161
251,996,72.9,7293
996,251,27.1,2707
251,4545,86.2,8617
4545,251,13.8,1383
251,4257,54.5,5455
4257,251,45.5,4545
251,4254,52.0,5197
4254,251,48.0,4803
251,3709,30.5,3052
3709,251,69.5,6948
251,4917,67.0,6701
4917,251,33.0,3299
251,4519,69.3,6932
4519,251,30.7,3068
251,4431,55.3,5531
4431,251,44.7,4469
251,4518,67.1,6713
4518,251,32.9,3287
251,4915,77.5,7755
4915,251,22.4,2245
251,289,34.3,3427
289,251,65.7,6573
251,2521,64.1,6415
2521,251,35.9,3585
251,4530,47.9,4794
4530,251,52.1,5206
251,1136,67.5,6750
1136,251,32.5,3250
251,297,47.5,4749
297,251,52.5,5251
251,4913,51.5,5155
4913,251,48.4,4845
251,4607,35.7,3574
4607,251,64.3,6426
251,1044,33.2,3322
1044,251,66.8,6678
251,2799,54.5,5446
2799,251,45.5,4554
251,179,29.4,2945
179,251,70.5,7055
251,1075,47.8,4775
1075,251,52.2,5225
251,4538,77.4,7736
4538,251,22.6,2264
251,4258,51.5,5152
4258,251,48.5,4848
251,4906,58.0,5799
4906,251,42.0,4201
251,1019,55.0,5498
1019,251,45.0,4502
251,4597,56.6,5664
4597,251,43.4,4336
251,217,26.7,2673
217,251,73.3,7327
251,261,53.6,5356
261,251,46.4,4644
251,1520,42.9,4292
1520,251,57.1,5708
251,1292,61.8,6182
1292,251,38.2,3818
251,269,58.3,5828
269,251,41.7,4172
251,1148,63.2,6317
1148,251,36.8,3683
251,223,54.8,5475
223,251,45.2,4525
251,1072,55.5,5555
1072,251,44.5,4445
251,4728,46.7,4668
4728,251,53.3,5332
251,1037,49.1,4915
1037,251,50.8,5085
251,4363,56.7,5666
4363,251,43.3,4334
251,4916,57.5,5753
4916,251,42.5,4247
251,1690,47.8,4783
1690,251,52.2,5217
251,4909,58.6,5857
4909,251,41.4,4143
251,285,45.6,4565
285,251,54.4,5435
251,211,57.2,5716
211,251,42.8,4284
251,1719,46.2,4618
1719,251,53.8,5382
251,4546,71.1,7110
4546,251,28.9,2890
251,2043,56.0,5599
2043,251,44.0,4401
251,4541,89.5,8953
4541,251,10.5,1047
251,4603,49.2,4918
4603,251,50.8,5082
251,4914,75.1,7514
4914,251,24.9,2486
251,2037,59.9,5989
2037,251,40.1,4011
251,194,32.2,3220
194,251,67.8,6780
251,3712,51.5,5148
3712,251,48.5,4852
251,1722,51.7,5173
1722,251,48.3,4827
251,77,51.1,5114
77,251,48.9,4886
251,1687,57.1,5709
1687,251,42.9,4291
251,4256,54.0,5398
4256,251,46.0,4602
251,4528,63.8,6379
4528,251,36.2,3621
251,4923,65.3,6527
4923,251,34.7,3473
251,942,54.1,5406
942,251,45.9,4594
251,1016,71.1,7114
1016,251,28.9,2886
251,253,46.8,4682
253,251,53.2,5318
251,1693,24.6,2457
1693,251,75.4,7543
251,1728,42.6,4257
1728,251,57.4,5743
251,1535,47.0,4702
1535,251,53.0,5298
251,4522,81.1,8111
4522,251,18.9,1889
251,287,47.4,4739
287,251,52.6,5261
251,1172,52.0,5202
1172,251,48.0,4798
251,4912,77.4,7736
4912,251,22.6,2264
251,1696,15.4,1544
1696,251,84.6,8456
251,283,60.2,6024
283,251,39.8,3976
251,1563,40.1,4006
1563,251,59.9,5994
251,4531,58.1,5809
4531,251,41.9,4191
251,245,36.9,3686
245,251,63.1,6314
251,4800,52.8,5281
4800,251,47.2,4719
251,241,51.3,5129
241,251,48.7,4871
251,1084,48.2,4818
1084,251,51.8,5182
251,2046,59.0,5899
2046,251,41.0,4101
251,1557,68.3,6835
1557,251,31.6,3165
251,1041,42.9,4288
1041,251,57.1,5712
251,4255,51.6,5164
4255,251,48.4,4836
251,1684,33.5,3348
1684,251,66.5,6652
251,4864,30.7,3066
4864,251,69.3,6934
251,1487,40.5,4049
1487,251,59.5,5951
251,239,38.1,3807
239,251,61.9,6193
251,196,23.1,2312
196,251,76.9,7688
251,279,35.7,3569
279,251,64.3,6431
251,4919,72.1,7210
4919,251,27.9,2790
251,4524,69.7,6972
4524,251,30.3,3028
251,4788,50.7,5070
4788,251,49.3,4930
4921,1183,42.0,4205
1183,4921,58.0,5795
4921,4424,54.8,5477
4424,4921,45.2,4523
4921,996,60.7,6068
996,4921,39.3,3932
4921,4545,78.0,7798
4545,4921,22.0,2202
4921,4257,41.3,4127
4257,4921,58.7,5873
4921,4254,38.0,3798
4254,4921,62.0,6202
4921,3709,19.6,1964
3709,4921,80.4,8036
4921,4917,54.2,5425
4917,4921,45.8,4575
4921,4519,56.2,5617
4519,4921,43.8,4383
4921,4431,41.8,4177
4431,4921,58.2,5823
4921,4518,53.6,5362
4518,4921,46.4,4638
4921,4915,66.1,6612
4915,4921,33.9,3388
4921,289,22.5,2248
289,4921,77.5,7752
4921,2521,50.3,5033
2521,4921,49.7,4967
4921,4530,34.3,3433
4530,4921,65.7,6567
4921,1136,53.6,5359
1136,4921,46.4,4641
4921,297,33.6,3356
297,4921,66.4,6644
4921,4913,38.9,3891
4913,4921,61.1,6109
4921,4607,23.8,2382
4607,4921,76.2,7618
4921,1044,22.6,2262
1044,4921,77.4,7738
4921,2799,40.9,4087
2799,4921,59.1,5913
4921,179,19.4,1945
179,4921,80.5,8055
4921,1075,34.3,3428
1075,4921,65.7,6572
4921,4538,65.9,6593
4538,4921,34.1,3407
4921,4258,38.9,3893
4258,4921,61.1,6107
4921,4906,43.7,4371
4906,4921,56.3,5629
4921,1019,40.2,4022
1019,4921,59.8,5978
4921,4597,42.9,4290
4597,4921,57.1,5710
4921,217,17.3,1731
217,4921,82.7,8269
4921,261,39.2,3923
261,4921,60.8,6077
4921,1520,29.5,2951
1520,4921,70.5,7049
4921,1292,48.5,4846
1292,4921,51.5,5154
4921,269,43.9,4385
269,4921,56.1,5615
4921,1148,49.5,4948
1148,4921,50.5,5052
4921,223,41.5,4149
223,4921,58.5,5851
4921,1072,40.2,4016
1072,4921,59.8,5984
4921,4728,33.1,3305
4728,4921,67.0,6695
4921,1037,35.9,3585
1037,4921,64.1,6415
4921,4363,42.4,4240
4363,4921,57.6,5760
4921,4916,44.4,4437
4916,4921,55.6,5563
4921,1690,32.9,3285
1690,4921,67.2,6715
4921,4909,45.2,4523
4909,4921,54.8,5477
4921,285,31.7,3171
285,4921,68.3,6829
4921,211,42.9,4294
211,4921,57.1,5706
4921,1719,32.6,3264
1719,4921,67.4,6736
4921,4546,58.1,5811
4546,4921,41.9,4189
4921,2043,43.0,4296
2043,4921,57.0,5704
4921,4541,81.0,8104
4541,4921,19.0,1896
4921,4603,35.8,3576
4603,4921,64.2,6424
4921,4914,63.9,6387
4914,4921,36.1,3613
4921,2037,45.2,4525
2037,4921,54.8,5475
4921,194,21.0,2099
194,4921,79.0,7901
4921,3712,38.2,3819
3712,4921,61.8,6181
4921,1722,38.2,3816
1722,4921,61.8,6184
4921,77,36.6,3664
77,4921,63.4,6336
4921,1687,43.5,4354
1687,4921,56.5,5646
4921,4256,39.8,3976
4256,4921,60.2,6024
4921,4528,50.4,5042
4528,4921,49.6,4958
4921,4923,51.4,5142
4923,4921,48.6,4858
4921,942,40.2,4022
942,4921,59.8,5978
4921,1016,57.9,5791
1016,4921,42.1,4209
4921,253,33.2,3324
253,4921,66.8,6676
4921,1693,15.7,1569
1693,4921,84.3,8431
4921,1728,29.6,2965
1728,4921,70.3,7035
4921,1535,33.2,3323
1535,4921,66.8,6677
4921,4522,70.5,7054
4522,4921,29.5,2946
4921,287,33.3,3329
287,4921,66.7,6671
4921,1172,38.5,3849
1172,4921,61.5,6151
4921,4912,64.8,6482
4912,4921,35.2,3518
4921,1696,8.8,876
1696,4921,91.2,9124
4921,283,46.3,4634
283,4921,53.7,5366
4921,1563,27.5,2746
1563,4921,72.5,7254
4921,4531,44.1,4412
4531,4921,55.9,5588
4921,245,24.0,2396
245,4921,76.0,7604
4921,4800,38.5,3845
4800,4921,61.6,6155
4921,241,36.8,3680
241,4921,63.2,6320
4921,1084,34.1,3409
1084,4921,65.9,6591
4921,2046,44.0,4401
2046,4921,56.0,5599
4921,1557,55.8,5578
1557,4921,44.2,4422
4921,1041,29.7,2971
1041,4921,70.3,7029
4921,4255,36.4,3643
4255,4921,63.6,6357
4921,1684,21.5,2149
1684,4921,78.5,7851
4921,4864,18.6,1855
4864,4921,81.5,8145
4921,1487,28.6,2861
1487,4921,71.4,7139
4921,239,25.6,2564
239,4921,74.4,7436
4921,196,14.3,1435
196,4921,85.7,8565
4921,279,23.9,2388
279,4921,76.1,7612
4921,4919,58.7,5873
4919,4921,41.3,4127
4921,4524,56.5,5652
4524,4921,43.5,4348
4921,4788,35.8,3584
4788,4921,64.2,6416
1183,4424,63.3,6331
4424,1183,36.7,3669
1183,996,67.6,6762
996,1183,32.4,3238
1183,4545,82.5,8253
4545,1183,17.5,1747
1183,4257,48.8,4882
4257,1183,51.2,5118
1183,4254,46.6,4655
4254,1183,53.4,5345
1183,3709,25.8,2577
3709,1183,74.2,7423
1183,4917,60.5,6047
4917,1183,39.5,3953
1183,4519,64.1,6406
4519,1183,35.9,3594
1183,4431,49.9,4994
4431,1183,50.1,5006
1183,4518,60.8,6080
4518,1183,39.2,3920
1183,4915,73.3,7330
4915,1183,26.7,2670
1183,289,28.4,2837
289,1183,71.6,7163
1183,2521,57.7,5769
2521,1183,42.3,4231
1183,4530,42.4,4241
4530,1183,57.6,5759
1183,1136,62.7,6269
1136,1183,37.3,3731
1183,297,40.4,4039
297,1183,59.6,5961
1183,4913,45.6,4564
4913,1183,54.4,5436
1183,4607,30.6,3059
4607,1183,69.4,6941
1183,1044,28.3,2832
1044,1183,71.7,7168
1183,2799,49.3,4933
2799,1183,50.7,5067
1183,179,25.2,2523
179,1183,74.8,7477
1183,1075,41.9,4188
1075,1183,58.1,5812
1183,4538,72.4,7244
4538,1183,27.6,2756
1183,4258,46.4,4644
4258,1183,53.6,5356
1183,4906,50.9,5086
4906,1183,49.1,4914
1183,1019,49.0,4905
1019,1183,50.9,5095
1183,4597,51.6,5163
4597,1183,48.4,4837
1183,217,22.5,2250
217,1183,77.5,7750
1183,261,47.4,4740
261,1183,52.6,5260
1183,1520,37.5,3746
1520,1183,62.5,6254
1183,1292,56.3,5631
1292,1183,43.7,4369
1183,269,51.8,5181
269,1183,48.2,4819
1183,1148,57.8,5781
1148,1183,42.2,4219
1183,223,49.4,4942
223,1183,50.6,5058
1183,1072,48.1,4814
1072,1183,51.9,5186
1183,4728,41.1,4115
4728,1183,58.9,5885
1183,1037,43.1,4311
1037,1183,56.9,5689
1183,4363,51.2,5119
4363,1183,48.8,4881
1183,4916,51.6,5159
4916,1183,48.4,4841
1183,1690,40.6,4056
1690,1183,59.4,5944
1183,4909,52.7,5272
4909,1183,47.3,4728
1183,285,39.4,3941
285,1183,60.6,6059
1183,211,50.5,5051
211,1183,49.5,4949
1183,1719,40.8,4077
1719,1183,59.2,5923
1183,4546,66.1,6612
4546,1183,33.9,3388
1183,2043,50.4,5038
2043,1183,49.6,4962
1183,4541,86.5,8650
4541,1183,13.5,1350
1183,4603,42.8,4283
4603,1183,57.2,5717
1183,4914,70.1,7010
4914,1183,29.9,2990
1183,2037,53.4,5345
2037,1183,46.6,4655
1183,194,26.4,2639
194,1183,73.6,7361
1183,3712,45.2,4525
3712,1183,54.8,5475
1183,1722,45.4,4542
1722,1183,54.6,5458
1183,77,44.2,4421
77,1183,55.8,5579
1183,1687,50.2,5023
1687,1183,49.8,4977
1183,4256,47.4,4739
4256,1183,52.6,5261
1183,4528,58.3,5832
4528,1183,41.7,4168
1183,4923,59.7,5968
4923,1183,40.3,4032
1183,942,48.2,4819
942,1183,51.8,5181
1183,1016,65.4,6541
1016,1183,34.6,3459
1183,253,40.7,4068
253,1183,59.3,5932
1183,1693,20.7,2072
1693,1183,79.3,7928
1183,1728,36.6,3662
1728,1183,63.4,6338
1183,1535,41.2,4122
1535,1183,58.8,5878
1183,4522,75.9,7590
4522,1183,24.1,2410
1183,287,41.5,4153
287,1183,58.5,5847
1183,1172,46.0,4599
1172,1183,54.0,5401
1183,4912,71.6,7159
4912,1183,28.4,2841
1183,1696,13.0,1301
1696,1183,87.0,8699
1183,283,55.3,5530
283,1183,44.7,4470
1183,1563,33.9,3388
1563,1183,66.1,6612
1183,4531,51.9,5188
4531,1183,48.1,4812
1183,245,30.1,3008
245,1183,69.9,6992
1183,4800,46.1,4609
4800,1183,53.9,5391
1183,241,45.1,4514
241,1183,54.9,5486
1183,1084,42.4,4241
1084,1183,57.6,5759
1183,2046,52.4,5245
2046,1183,47.5,4755
1183,1557,64.6,6458
1557,1183,35.4,3542
1183,1041,36.1,3613
1041,1183,63.9,6387
1183,4255,44.4,4440
4255,1183,55.6,5560
1183,1684,28.9,2890
1684,1183,71.1,7110
1183,4864,24.6,2464
4864,1183,75.4,7536
1183,1487,34.7,3473
1487,1183,65.3,6527
1183,239,32.4,3236
239,1183,67.6,6764
1183,196,19.2,1916
196,1183,80.8,8084
1183,279,29.5,2952
279,1183,70.5,7048
1183,4919,66.3,6635
4919,1183,33.7,3365
1183,4524,64.3,6426
4524,1183,35.7,3574
1183,4788,43.8,4378
4788,1183,56.2,5622
4424,996,54.7,5474
996,4424,45.3,4526
4424,4545,73.2,7325
4545,4424,26.8,2675
4424,4257,36.8,3679
4257,4424,63.2,6321
4424,4254,33.9,3392
4254,4424,66.1,6608
4424,3709,15.9,1591
3709,4424,84.1,8409
4424,4917,48.2,4823
4917,4424,51.8,5177
4424,4519,50.3,5034
4519,4424,49.7,4966
4424,4431,36.4,3642
4431,4424,63.6,6358
4424,4518,48.6,4859
4518,4424,51.4,5141
4424,4915,60.7,6069
4915,4424,39.3,3931
4424,289,18.2,1822
289,4424,81.8,8178
4424,2521,45.8,4576
2521,4424,54.2,5424
4424,4530,29.0,2898
4530,4424,71.0,7102
4424,1136,49.0,4898
1136,4424,51.0,5102
4424,297,28.5,2854
297,4424,71.5,7146
4424,4913,32.4,3238
4913,4424,67.6,6762
4424,4607,19.2,1916
4607,4424,80.8,8084
4424,1044,18.2,1818
1044,4424,81.8,8182
4424,2799,35.5,3549
2799,4424,64.5,6451
4424,179,15.8,1582
179,4424,84.2,8418
4424,1075,29.1,2912
1075,4424,70.9,7088
4424,4538,60.9,6093
4538,4424,39.1,3907
4424,4258,33.7,3368
4258,4424,66.3,6632
4424,4906,38.5,3849
4906,4424,61.5,6151
4424,1019,36.2,3623
1019,4424,63.8,6377
4424,4597,36.6,3661
4597,4424,63.4,6339
4424,217,13.8,1380
217,4424,86.2,8620
4424,261,33.7,3368
261,4424,66.3,6632
4424,1520,25.3,2533
1520,4424,74.7,7467
4424,1292,42.3,4233
1292,4424,57.7,5767
4424,269,39.6,3964
269,4424,60.4,6036
4424,1148,43.8,4375
1148,4424,56.2,5625
4424,223,36.4,3642
223,4424,63.6,6358
4424,1072,35.7,3566
1072,4424,64.3,6434
4424,4728,28.6,2865
4728,4424,71.4,7135
4424,1037,31.1,3108
1037,4424,68.9,6892
4424,4363,37.7,3768
4363,4424,62.3,6232
4424,4916,39.2,3921
4916,4424,60.8,6079
4424,1690,29.3,2929
1690,4424,70.7,7071
4424,4909,39.4,3941
4909,4424,60.6,6059
4424,285,27.9,2788
285,4424,72.1,7212
4424,211,37.2,3719
211,4424,62.8,6281
4424,1719,29.3,2935
1719,4424,70.7,7065
4424,4546,52.7,5273
4546,4424,47.3,4727
4424,2043,36.5,3652
2043,4424,63.5,6348
4424,4541,77.1,7707
4541,4424,22.9,2293
4424,4603,29.6,2961
4603,4424,70.4,7039
4424,4914,56.6,5661
4914,4424,43.4,4339
4424,2037,40.2,4017
2037,4424,59.8,5983
4424,194,17.1,1706
194,4424,82.9,8294
4424,3712,32.8,3283
3712,4424,67.2,6717
4424,1722,33.5,3349
1722,4424,66.5,6651
4424,77,31.8,3175
77,4424,68.2,6825
4424,1687,37.9,3787
1687,4424,62.1,6213
4424,4256,34.6,3458
4256,4424,65.4,6542
4424,4528,45.1,4513
4528,4424,54.9,5487
4424,4923,46.2,4623
4923,4424,53.8,5377
4424,942,35.6,3560
942,4424,64.4,6440
4424,1016,52.7,5273
1016,4424,47.3,4727
4424,253,28.9,2895
253,4424,71.0,7105
4424,1693,12.5,1252
1693,4424,87.5,8748
4424,1728,24.4,2442
1728,4424,75.6,7558
4424,1535,29.2,2917
1535,4424,70.8,7083
4424,4522,65.4,6540
4522,4424,34.6,3460
4424,287,29.0,2900
287,4424,71.0,7100
4424,1172,32.5,3253
1172,4424,67.5,6747
4424,4912,59.9,5985
4912,4424,40.2,4015
4424,1696,6.6,656
1696,4424,93.4,9344
4424,283,41.8,4178
283,4424,58.2,5822
4424,1563,22.4,2240
1563,4424,77.6,7760
4424,4531,38.6,3857
4531,4424,61.4,6143
4424,245,20.6,2062
245,4424,79.4,7938
4424,4800,33.3,3330
4800,4424,66.7,6670
4424,241,31.8,3176
241,4424,68.2,6824
4424,1084,29.5,2949
1084,4424,70.5,7051
4424,2046,39.2,3916
2046,4424,60.8,6084
4424,1557,51.2,5121
1557,4424,48.8,4879
4424,1041,24.6,2465
1041,4424,75.3,7535
4424,4255,31.7,3170
4255,4424,68.3,6830
4424,1684,18.0,1797
1684,4424,82.0,8203
4424,4864,15.8,1577
4864,4424,84.2,8423
4424,1487,23.7,2369
1487,4424,76.3,7631
4424,239,20.6,2058
239,4424,79.4,7942
4424,196,10.6,1057
196,4424,89.4,8943
4424,279,20.2,2018
279,4424,79.8,7982
4424,4919,52.3,5229
4919,4424,47.7,4771
4424,4524,50.7,5069
4524,4424,49.3,4931
4424,4788,31.6,3160
4788,4424,68.4,6840
996,4545,68.9,6889
4545,996,31.1,3111
996,4257,31.1,3113
4257,996,68.9,6887
996,4254,28.5,2848
4254,996,71.5,7152
996,3709,14.3,1431
3709,996,85.7,8569
996,4917,44.3,4434
4917,996,55.7,5566
996,4519,45.4,4544
4519,996,54.6,5456
996,4431,31.7,3170
4431,996,68.3,6830
996,4518,43.7,4372
4518,996,56.3,5628
996,4915,55.7,5574
4915,996,44.3,4426
996,289,16.1,1611
289,996,83.9,8389
996,2521,41.2,4123
2521,996,58.8,5877
996,4530,25.1,2513
4530,996,74.9,7487
996,1136,43.7,4366
1136,996,56.3,5634
996,297,25.0,2503
297,996,75.0,7497
996,4913,28.7,2872
4913,996,71.3,7128
996,4607,16.3,1634
4607,996,83.7,8366
996,1044,15.5,1547
1044,996,84.5,8453
996,2799,31.2,3123
2799,996,68.8,6877
996,179,13.1,1309
179,996,86.9,8691
996,1075,25.9,2592
1075,996,74.1,7408
996,4538,55.3,5530
4538,996,44.7,4470
996,4258,29.1,2909
4258,996,70.9,7091
996,4906,33.6,3362
4906,996,66.4,6638
996,1019,32.4,3237
1019,996,67.6,6763
996,4597,33.0,3296
4597,996,67.0,6704
996,217,11.2,1117
217,996,88.8,8883
996,261,30.0,3002
261,996,70.0,6998
996,1520,21.6,2161
1520,996,78.4,7839
996,1292,38.6,3856
1292,996,61.4,6144
996,269,35.3,3533
269,996,64.7,6467
996,1148,39.3,3930
1148,996,60.7,6070
996,223,30.9,3091
223,996,69.1,6909
996,1072,31.7,3166
1072,996,68.3,6834
996,4728,25.4,2542
4728,996,74.6,7458
996,1037,26.4,2639
1037,996,73.6,7361
996,4363,33.5,3346
4363,996,66.5,6654
996,4916,34.2,3419
4916,996,65.8,6581
996,1690,24.6,2464
1690,996,75.4,7536
996,4909,35.2,3520
4909,996,64.8,6480
996,285,23.8,2382
285,996,76.2,7618
996,211,33.4,3344
211,996,66.6,6656
996,1719,24.8,2483
1719,996,75.2,7517
996,4546,47.7,4774
4546,996,52.3,5226
996,2043,33.4,3338
2043,996,66.6,6662
996,4541,73.5,7352
4541,996,26.5,2648
996,4603,26.1,2607
4603,996,73.9,7393
996,4914,52.6,5265
4914,996,47.3,4735
996,2037,35.5,3548
2037,996,64.5,6452
996,194,13.5,1354
194,996,86.5,8646
996,3712,29.1,2910
3712,996,70.9,7090
996,1722,30.3,3030
1722,996,69.7,6970
996,77,27.9,2790
77,996,72.1,7210
996,1687,33.2,3320
1687,996,66.8,6680
996,4256,31.2,3116
4256,996,68.8,6884
996,4528,39.9,3986
4528,996,60.1,6014
996,4923,42.3,4226
4923,996,57.7,5774
996,942,30.7,3074
942,996,69.3,6926
996,1016,47.7,4774
1016,996,52.3,5226
996,253,24.6,2462
253,996,75.4,7538
996,1693,10.4,1042
1693,996,89.6,8958
996,1728,21.2,2116
1728,996,78.8,7884
996,1535,24.7,2467
1535,996,75.3,7533
996,4522,60.3,6031
4522,996,39.7,3969
996,287,24.6,2461
287,996,75.4,7539
996,1172,29.1,2907
1172,996,70.9,7093
996,4912,53.9,5394
4912,996,46.1,4606
996,1696,5.1,507
1696,996,94.9,9493
996,283,37.5,3748
283,996,62.5,6252
996,1563,20.0,1996
1563,996,80.0,8004
996,4531,34.4,3445
4531,996,65.5,6555
996,245,17.2,1717
245,996,82.8,8283
996,4800,28.9,2895
4800,996,71.0,7105
996,241,28.1,2814
241,996,71.9,7186
996,1084,26.0,2598
1084,996,74.0,7402
996,2046,34.7,3467
2046,996,65.3,6533
996,1557,46.0,4595
1557,996,54.0,5405
996,1041,22.1,2211
1041,996,77.9,7789
996,4255,28.1,2808
4255,996,71.9,7192
996,1684,14.9,1493
1684,996,85.1,8507
996,4864,12.6,1263
4864,996,87.4,8737
996,1487,20.5,2050
1487,996,79.5,7950
996,239,18.0,1804
239,996,82.0,8196
996,196,8.6,856
196,996,91.4,9144
996,279,16.5,1646
279,996,83.5,8354
996,4919,48.9,4888
4919,996,51.1,5112
996,4524,46.2,4616
4524,996,53.8,5384
996,4788,27.3,2731
4788,996,72.7,7269
4545,4257,16.2,1619
4257,4545,83.8,8381
4545,4254,14.0,1399
4254,4545,86.0,8601
4545,3709,5.3,535
3709,4545,94.7,9465
4545,4917,25.6,2559
4917,4545,74.4,7441
4545,4519,27.0,2702
4519,4545,73.0,7298
4545,4431,16.6,1659
4431,4545,83.4,8341
4545,4518,24.9,2490
4518,4545,75.1,7510
4545,4915,35.9,3595
4915,4545,64.0,6405
4545,289,5.9,595
289,4545,94.0,9405
4545,2521,22.8,2278
2521,4545,77.2,7722
4545,4530,12.1,1206
4530,4545,87.9,8794
4545,1136,26.2,2622
1136,4545,73.8,7378
4545,297,12.0,1204
297,4545,88.0,8796
4545,4913,14.5,1450
4913,4545,85.5,8550
4545,4607,7.5,755
4607,4545,92.5,9245
4545,1044,6.2,624
1044,4545,93.8,9376
4545,2799,16.3,1629
2799,4545,83.7,8371
4545,179,5.6,557
179,4545,94.4,9443
4545,1075,12.3,1226
1075,4545,87.7,8774
4545,4538,35.3,3527
4538,4545,64.7,6473
4545,4258,14.8,1483
4258,4545,85.2,8517
4545,4906,18.6,1860
4906,4545,81.4,8140
4545,1019,16.9,1692
1019,4545,83.1,8308
4545,4597,17.0,1696
4597,4545,83.0,8304
4545,217,4.4,441
217,4545,95.6,9559
4545,261,14.4,1445
261,4545,85.5,8555
4545,1520,9.6,958
1520,4545,90.4,9042
4545,1292,20.1,2008
1292,4545,79.9,7992
4545,269,18.0,1799
269,4545,82.0,8201
4545,1148,22.0,2200
1148,4545,78.0,7800
4545,223,16.4,1645
223,4545,83.5,8355
4545,1072,16.6,1661
1072,4545,83.4,8339
4545,4728,12.3,1231
4728,4545,87.7,8769
4545,1037,12.9,1287
1037,4545,87.1,8713
4545,4363,17.7,1770
4363,4545,82.3,8230
4545,4916,17.4,1745
4916,4545,82.5,8255
4545,1690,12.0,1199
1690,4545,88.0,8801
4545,4909,19.1,1912
4909,4545,80.9,8088
4545,285,11.2,1120
285,4545,88.8,8880
4545,211,17.3,1731
211,4545,82.7,8269
4545,1719,11.7,1166
1719,4545,88.3,8834
4545,4546,29.0,2905
4546,4545,71.0,7095
4545,2043,16.9,1692
2043,4545,83.1,8308
4545,4541,55.2,5523
4541,4545,44.8,4477
4545,4603,12.4,1241
4603,4545,87.6,8759
4545,4914,33.5,3350
4914,4545,66.5,6650
4545,2037,19.3,1933
2037,4545,80.7,8067
4545,194,5.6,559
194,4545,94.4,9441
4545,3712,14.0,1404
3712,4545,86.0,8596
4545,1722,14.4,1436
1722,4545,85.6,8564
4545,77,13.9,1389
77,4545,86.1,8611
4545,1687,17.1,1711
1687,4545,82.9,8289
4545,4256,14.8,1482
4256,4545,85.2,8518
4545,4528,22.6,2264
4528,4545,77.4,7736
4545,4923,24.2,2417
4923,4545,75.8,7583
4545,942,15.6,1564
942,4545,84.4,8436
4545,1016,29.1,2912
1016,4545,70.9,7088
4545,253,12.3,1231
253,4545,87.7,8769
4545,1693,3.7,368
1693,4545,96.3,9632
4545,1728,10.0,997
1728,4545,90.0,9003
4545,1535,11.5,1153
1535,4545,88.5,8847
4545,4522,41.5,4148
4522,4545,58.5,5852
4545,287,12.0,1202
287,4545,88.0,8798
4545,1172,15.1,1507
1172,4545,84.9,8493
4545,4912,35.3,3530
4912,4545,64.7,6470
4545,1696,1.7,169
1696,4545,98.3,9831
4545,283,20.1,2012
283,4545,79.9,7988
4545,1563,8.5,845
1563,4545,91.5,9155
4545,4531,18.3,1831
4531,4545,81.7,8169
4545,245,7.5,751
245,4545,92.5,9249
4545,4800,14.7,1472
4800,4545,85.3,8528
4545,241,13.6,1360
241,4545,86.4,8640
4545,1084,12.5,1246
1084,4545,87.5,8754
4545,2046,18.8,1882
2046,4545,81.2,8118
4545,1557,26.6,2660
1557,4545,73.4,7340
4545,1041,9.2,924
1041,4545,90.8,9076
4545,4255,14.0,1398
4255,4545,86.0,8602
4545,1684,6.3,629
1684,4545,93.7,9371
4545,4864,4.9,492
4864,4545,95.1,9508
4545,1487,8.9,889
1487,4545,91.1,9111
4545,239,7.7,769
239,4545,92.3,9231
4545,196,3.4,344
196,4545,96.6,9656
4545,279,7.1,710
279,4545,92.9,9290
4545,4919,29.1,2913
4919,4545,70.9,7087
4545,4524,27.3,2725
4524,4545,72.8,7275
4545,4788,13.4,1335
4788,4545,86.7,8665
4257,4254,47.0,4705
4254,4257,52.9,5295
4257,3709,26.5,2651
3709,4257,73.5,7349
4257,4917,62.9,6291
4917,4257,37.1,3709
4257,4519,65.0,6503
4519,4257,35.0,3497
4257,4431,50.6,5058
4431,4257,49.4,4942
4257,4518,62.2,6223
4518,4257,37.8,3777
4257,4915,73.5,7352
4915,4257,26.5,2648
4257,289,29.2,2921
289,4257,70.8,7079
4257,2521,59.1,5909
2521,4257,40.9,4091
4257,4530,43.1,4314
4530,4257,56.9,5686
4257,1136,62.6,6260
1136,4257,37.4,3740
4257,297,41.6,4162
297,4257,58.4,5838
4257,4913,46.4,4639
4913,4257,53.6,5361
4257,4607,31.2,3117
4607,4257,68.8,6883
4257,1044,29.3,2930
1044,4257,70.7,7070
4257,2799,50.0,4998
2799,4257,50.0,5002
4257,179,25.1,2512
179,4257,74.9,7488
4257,1075,43.5,4346
1075,4257,56.5,5654
4257,4538,73.5,7349
4538,4257,26.5,2651
4257,4258,46.9,4693
4258,4257,53.1,5307
4257,4906,53.0,5297
4906,4257,47.0,4703
4257,1019,50.4,5042
1019,4257,49.6,4958
4257,4597,50.9,5087
4597,4257,49.1,4913
4257,217,23.2,2315
217,4257,76.8,7685
4257,261,48.7,4874
261,4257,51.3,5126
4257,1520,36.6,3656
1520,4257,63.4,6344
4257,1292,57.1,5706
1292,4257,42.9,4294
4257,269,53.5,5348
269,4257,46.5,4652
4257,1148,58.2,5816
1148,4257,41.8,4184
4257,223,50.2,5019
223,4257,49.8,4981
4257,1072,50.1,5010
1072,4257,49.9,4990
4257,4728,42.2,4217
4728,4257,57.8,5783
4257,1037,44.4,4436
1037,4257,55.6,5564
4257,4363,51.9,5192
4363,4257,48.1,4808
4257,4916,52.4,5241
4916,4257,47.6,4759
4257,1690,42.4,4244
1690,4257,57.6,5756
4257,4909,54.0,5397
4909,4257,46.0,4603
4257,285,40.9,4087
285,4257,59.1,5913
4257,211,51.4,5142
211,4257,48.6,4858
4257,1719,41.9,4193
1719,4257,58.1,5807
4257,4546,66.7,6669
4546,4257,33.3,3331
4257,2043,52.1,5207
2043,4257,47.9,4793
4257,4541,86.2,8625
4541,4257,13.8,1375
4257,4603,43.8,4378
4603,4257,56.2,5622
4257,4914,70.8,7078
4914,4257,29.2,2922
4257,2037,54.9,5488
2037,4257,45.1,4512
4257,194,28.0,2804
194,4257,72.0,7196
4257,3712,45.9,4589
3712,4257,54.1,5411
4257,1722,47.4,4739
1722,4257,52.6,5261
4257,77,46.2,4625
77,4257,53.8,5375
4257,1687,52.0,5202
1687,4257,48.0,4798
4257,4256,49.3,4927
4256,4257,50.7,5073
4257,4528,59.8,5978
4528,4257,40.2,4022
4257,4923,61.0,6100
4923,4257,39.0,3900
4257,942,49.2,4921
942,4257,50.8,5079
4257,1016,66.0,6601
1016,4257,34.0,3399
4257,253,41.6,4161
253,4257,58.4,5839
4257,1693,22.0,2202
1693,4257,78.0,7798
4257,1728,37.1,3707
1728,4257,62.9,6293
4257,1535,40.6,4055
1535,4257,59.5,5945
4257,4522,76.9,7687
4522,4257,23.1,2313
4257,287,43.0,4301
287,4257,57.0,5699
4257,1172,47.2,4725
1172,4257,52.8,5275
4257,4912,72.6,7262
4912,4257,27.4,2738
4257,1696,12.7,1265
1696,4257,87.4,8735
4257,283,55.7,5573
283,4257,44.3,4427
4257,1563,35.1,3515
1563,4257,64.8,6485
4257,4531,53.9,5390
4531,4257,46.1,4610
4257,245,32.2,3217
245,4257,67.8,6783
4257,4800,47.4,4745
4800,4257,52.5,5255
4257,241,46.0,4603
241,4257,54.0,5397
4257,1084,43.4,4339
1084,4257,56.6,5661
4257,2046,53.6,5356
2046,4257,46.4,4644
4257,1557,64.5,6455
1557,4257,35.4,3545
4257,1041,37.7,3768
1041,4257,62.3,6232
4257,4255,46.3,4630
4255,4257,53.7,5370
4257,1684,28.5,2853
1684,4257,71.5,7147
4257,4864,25.3,2530
4864,4257,74.7,7470
4257,1487,36.2,3616
1487,4257,63.8,6384
4257,239,33.0,3300
239,4257,67.0,6700
4257,196,19.3,1929
196,4257,80.7,8071
4257,279,30.9,3094
279,4257,69.1,6906
4257,4919,67.3,6727
4919,4257,32.7,3273
4257,4524,65.8,6578
4524,4257,34.2,3422
4257,4788,44.5,4449
4788,4257,55.5,5551
4254,3709,28.6,2860
3709,4254,71.4,7140
4254,4917,65.6,6560
4917,4254,34.4,3440
4254,4519,68.2,6819
4519,4254,31.8,3181
4254,4431,53.9,5390
4431,4254,46.1,4610
4254,4518,66.3,6632
4518,4254,33.7,3368
4254,4915,75.8,7583
4915,4254,24.2,2417
4254,289,32.5,3252
289,4254,67.5,6748
4254,2521,61.4,6141
2521,4254,38.6,3859
4254,4530,46.3,4630
4530,4254,53.7,5370
4254,1136,65.5,6549
1136,4254,34.5,3451
4254,297,44.8,4483
297,4254,55.2,5517
4254,4913,49.5,4955
4913,4254,50.4,5045
4254,4607,33.6,3356
4607,4254,66.4,6644
4254,1044,31.9,3192
1044,4254,68.1,6808
4254,2799,53.3,5327
2799,4254,46.7,4673
4254,179,28.6,2865
179,4254,71.4,7135
4254,1075,46.2,4618
1075,4254,53.8,5382
4254,4538,76.3,7629
4538,4254,23.7,2371
4254,4258,49.9,4986
4258,4254,50.1,5014
4254,4906,55.4,5541
4906,4254,44.6,4459
4254,1019,52.5,5253
1019,4254,47.5,4747
4254,4597,54.9,5485
4597,4254,45.1,4515
4254,217,26.6,2659
217,4254,73.4,7341
4254,261,51.3,5131
261,4254,48.7,4869
4254,1520,40.5,4047
1520,4254,59.5,5953
4254,1292,59.7,5971
1292,4254,40.3,4029
4254,269,56.3,5632
269,4254,43.7,4368
4254,1148,61.8,6178
1148,4254,38.2,3822
4254,223,53.3,5332
223,4254,46.7,4668
4254,1072,52.5,5254
1072,4254,47.5,4746
4254,4728,45.8,4581
4728,4254,54.2,5419
4254,1037,47.8,4775
1037,4254,52.2,5225
4254,4363,54.2,5421
4363,4254,45.8,4579
4254,4916,55.5,5554
4916,4254,44.5,4446
4254,1690,44.6,4459
1690,4254,55.4,5541
4254,4909,57.3,5728
4909,4254,42.7,4272
4254,285,43.5,4353
285,4254,56.5,5647
4254,211,54.4,5439
211,4254,45.6,4561
4254,1719,44.5,4451
1719,4254,55.5,5549
4254,4546,69.6,6961
4546,4254,30.4,3039
4254,2043,54.2,5421
2043,4254,45.8,4579
4254,4541,87.8,8784
4541,4254,12.2,1216
4254,4603,47.5,4753
4603,4254,52.5,5247
4254,4914,73.5,7353
4914,4254,26.5,2647
4254,2037,57.2,5723
2037,4254,42.8,4277
4254,194,30.3,3027
194,4254,69.7,6973
4254,3712,50.3,5030
3712,4254,49.7,4970
4254,1722,50.8,5077
1722,4254,49.2,4923
4254,77,48.4,4835
77,4254,51.6,5165
4254,1687,54.6,5456
1687,4254,45.4,4544
4254,4256,51.9,5195
4256,4254,48.0,4805
4254,4528,63.1,6313
4528,4254,36.9,3687
4254,4923,62.7,6273
4923,4254,37.3,3727
4254,942,52.2,5217
942,4254,47.8,4783
4254,1016,69.0,6900
1016,4254,31.0,3100
4254,253,45.3,4533
253,4254,54.7,5467
4254,1693,24.3,2426
1693,4254,75.7,7574
4254,1728,41.0,4097
1728,4254,59.0,5903
4254,1535,44.3,4429
1535,4254,55.7,5571
4254,4522,80.7,8065
4522,4254,19.4,1935
4254,287,45.7,4570
287,4254,54.3,5430
4254,1172,50.6,5062
1172,4254,49.4,4938
4254,4912,74.6,7457
4912,4254,25.4,2543
4254,1696,14.7,1473
1696,4254,85.3,8527
4254,283,59.1,5908
283,4254,40.9,4092
4254,1563,37.6,3762
1563,4254,62.4,6238
4254,4531,55.7,5572
4531,4254,44.3,4428
4254,245,34.8,3482
245,4254,65.2,6518
4254,4800,50.3,5031
4800,4254,49.7,4969
4254,241,50.3,5027
241,4254,49.7,4973
4254,1084,44.9,4488
1084,4254,55.1,5512
4254,2046,56.5,5646
2046,4254,43.5,4354
4254,1557,67.4,6738
1557,4254,32.6,3262
4254,1041,40.7,4072
1041,4254,59.3,5928
4254,4255,48.8,4880
4255,4254,51.2,5120
4254,1684,31.6,3160
1684,4254,68.4,6840
4254,4864,28.2,2822
4864,4254,71.8,7178
4254,1487,39.3,3926
1487,4254,60.7,6074
4254,239,35.8,3579
239,4254,64.2,6421
4254,196,21.9,2191
196,4254,78.1,7809
4254,279,33.6,3355
279,4254,66.5,6645
4254,4919,69.5,6945
4919,4254,30.6,3055
4254,4524,68.5,6851
4524,4254,31.5,3149
4254,4788,47.3,4732
4788,4254,52.7,5268
3709,4917,83.2,8320
4917,3709,16.8,1680
3709,4519,84.0,8404
4519,3709,16.0,1596
3709,4431,74.1,7411
4431,3709,25.9,2589
3709,4518,82.5,8254
4518,3709,17.5,1746
3709,4915,90.2,9018
4915,3709,9.8,982
3709,289,54.1,5412
289,3709,45.9,4588
3709,2521,80.5,8055
2521,3709,19.4,1945
3709,4530,68.1,6814
4530,3709,31.9,3186
3709,1136,83.5,8345
1136,3709,16.6,1655
3709,297,66.8,6682
297,3709,33.2,3318
3709,4913,71.7,7170
4913,3709,28.3,2830
3709,4607,56.2,5618
4607,3709,43.8,4382
3709,1044,53.0,5305
1044,3709,46.9,4695
3709,2799,73.6,7357
2799,3709,26.4,2643
3709,179,50.1,5013
179,3709,49.9,4987
3709,1075,67.8,6785
1075,3709,32.1,3215
3709,4538,89.8,8985
4538,3709,10.2,1015
3709,4258,70.4,7039
4258,3709,29.6,2961
3709,4906,75.6,7560
4906,3709,24.4,2440
3709,1019,74.0,7400
1019,3709,26.0,2600
3709,4597,74.7,7465
4597,3709,25.4,2535
3709,217,46.8,4681
217,3709,53.2,5319
3709,261,72.1,7209
261,3709,27.9,2791
3709,1520,62.9,6289
1520,3709,37.1,3711
3709,1292,79.2,7921
1292,3709,20.8,2079
3709,269,75.8,7585
269,3709,24.1,2415
3709,1148,80.1,8009
1148,3709,19.9,1991
3709,223,74.4,7435
223,3709,25.7,2565
3709,1072,73.9,7388
1072,3709,26.1,2612
3709,4728,67.0,6702
4728,3709,33.0,3298
3709,1037,69.5,6950
1037,3709,30.5,3050
3709,4363,74.5,7446
4363,3709,25.5,2554
3709,4916,75.9,7588
4916,3709,24.1,2412
3709,1690,67.5,6750
1690,3709,32.5,3250
3709,4909,77.5,7755
4909,3709,22.4,2245
3709,285,66.0,6600
285,3709,34.0,3400
3709,211,76.2,7621
211,3709,23.8,2379
3709,1719,66.3,6632
1719,3709,33.7,3368
3709,4546,86.1,8614
4546,3709,13.9,1386
3709,2043,73.9,7385
2043,3709,26.2,2615
3709,4541,96.1,9614
4541,3709,3.9,386
3709,4603,68.5,6853
4603,3709,31.5,3147
3709,4914,88.2,8823
4914,3709,11.8,1177
3709,2037,77.5,7746
2037,3709,22.5,2254
3709,194,51.6,5161
194,3709,48.4,4839
3709,3712,70.8,7084
3712,3709,29.2,2916
3709,1722,71.4,7139
1722,3709,28.6,2861
3709,77,69.8,6981
77,3709,30.2,3019
3709,1687,75.2,7518
1687,3709,24.8,2482
3709,4256,73.6,7361
4256,3709,26.4,2639
3709,4528,80.7,8071
4528,3709,19.3,1929
3709,4923,81.2,8121
4923,3709,18.8,1879
3709,942,73.3,7333
942,3709,26.7,2667
3709,1016,85.5,8548
1016,3709,14.5,1452
3709,253,66.4,6636
253,3709,33.6,3364
3709,1693,43.4,4342
1693,3709,56.6,5658
3709,1728,62.4,6244
1728,3709,37.6,3756
3709,1535,65.8,6585
1535,3709,34.2,3415
3709,4522,91.9,9189
4522,3709,8.1,811
3709,287,67.0,6703
287,3709,33.0,3297
3709,1172,71.1,7112
1172,3709,28.9,2888
3709,4912,89.0,8900
4912,3709,11.0,1100
3709,1696,30.9,3085
1696,3709,69.2,6915
3709,283,78.2,7824
283,3709,21.8,2176
3709,1563,59.1,5908
1563,3709,40.9,4092
3709,4531,75.3,7526
4531,3709,24.7,2474
3709,245,56.6,5659
245,3709,43.4,4341
3709,4800,71.5,7150
4800,3709,28.5,2850
3709,241,70.5,7045
241,3709,29.5,2955
3709,1084,68.5,6851
1084,3709,31.5,3149
3709,2046,77.1,7709
2046,3709,22.9,2291
3709,1557,84.0,8399
1557,3709,16.0,1601
3709,1041,61.8,6180
1041,3709,38.2,3820
3709,4255,69.2,6923
4255,3709,30.8,3077
3709,1684,53.3,5329
1684,3709,46.7,4671
3709,4864,49.7,4972
4864,3709,50.3,5028
3709,1487,61.1,6111
1487,3709,38.9,3889
3709,239,57.9,5788
239,3709,42.1,4212
3709,196,41.3,4127
196,3709,58.7,5873
3709,279,55.9,5590
279,3709,44.1,4410
3709,4919,86.5,8649
4919,3709,13.5,1351
3709,4524,84.8,8476
4524,3709,15.2,1524
3709,4788,69.0,6904
4788,3709,31.0,3096
4917,4519,52.5,5249
4519,4917,47.5,4751
4917,4431,37.3,3727
4431,4917,62.7,6273
4917,4518,49.8,4975
4518,4917,50.2,5025
4917,4915,62.5,6254
4915,4917,37.5,3746
4917,289,19.5,1954
289,4917,80.5,8046
4917,2521,46.7,4674
2521,4917,53.3,5326
4917,4530,30.8,3081
4530,4917,69.2,6919
4917,1136,50.3,5035
1136,4917,49.6,4965
4917,297,29.6,2960
297,4917,70.4,7040
4917,4913,34.8,3475
4913,4917,65.2,6525
4917,4607,21.3,2128
4607,4917,78.7,7872
4917,1044,20.0,1995
1044,4917,80.0,8005
4917,2799,37.3,3727
2799,4917,62.7,6273
4917,179,16.9,1694
179,4917,83.1,8306
4917,1075,30.5,3050
1075,4917,69.5,6950
4917,4538,61.2,6122
4538,4917,38.8,3878
4917,4258,36.1,3608
4258,4917,63.9,6392
4917,4906,40.6,4058
4906,4917,59.4,5942
4917,1019,36.2,3618
1019,4917,63.8,6382
4917,4597,38.9,3893
4597,4917,61.1,6107
4917,217,15.2,1522
217,4917,84.8,8478
4917,261,35.3,3527
261,4917,64.7,6473
4917,1520,26.7,2671
1520,4917,73.3,7329
4917,1292,44.1,4408
1292,4917,55.9,5592
4917,269,40.3,4034
269,4917,59.7,5966
4917,1148,45.8,4583
1148,4917,54.2,5417
4917,223,37.5,3746
223,4917,62.5,6254
4917,1072,38.0,3802
1072,4917,62.0,6198
4917,4728,30.4,3042
4728,4917,69.6,6958
4917,1037,31.8,3184
1037,4917,68.2,6816
4917,4363,39.4,3938
4363,4917,60.6,6062
4917,4916,40.7,4067
4916,4917,59.3,5933
4917,1690,29.8,2981
1690,4917,70.2,7019
4917,4909,40.4,4035
4909,4917,59.7,5965
4917,285,29.8,2982
285,4917,70.2,7018
4917,211,38.3,3831
211,4917,61.7,6169
4917,1719,29.8,2975
1719,4917,70.2,7025
4917,4546,53.7,5367
4546,4917,46.3,4633
4917,2043,37.6,3756
2043,4917,62.4,6244
4917,4541,77.6,7757
4541,4917,22.4,2243
4917,4603,31.5,3146
4603,4917,68.5,6854
4917,4914,58.7,5866
4914,4917,41.3,4134
4917,2037,41.6,4158
2037,4917,58.4,5842
4917,194,17.9,1794
194,4917,82.1,8206
4917,3712,33.5,3346
3712,4917,66.5,6654
4917,1722,34.8,3476
1722,4917,65.2,6524
4917,77,33.2,3320
77,4917,66.8,6680
4917,1687,39.5,3952
1687,4917,60.5,6048
4917,4256,36.2,3622
4256,4917,63.8,6378
4917,4528,47.4,4744
4528,4917,52.6,5256
4917,4923,47.4,4743
4923,4917,52.6,5257
4917,942,36.9,3688
942,4917,63.1,6312
4917,1016,53.9,5387
1016,4917,46.1,4613
4917,253,29.6,2958
253,4917,70.4,7042
4917,1693,12.9,1291
1693,4917,87.1,8709
4917,1728,25.3,2532
1728,4917,74.7,7468
4917,1535,29.2,2920
1535,4917,70.8,7080
4917,4522,67.1,6708
4522,4917,32.9,3292
4917,287,29.8,2979
287,4917,70.2,7021
4917,1172,35.3,3528
1172,4917,64.7,6472
4917,4912,60.8,6084
4912,4917,39.2,3916
4917,1696,7.2,721
1696,4917,92.8,9279
4917,283,42.7,4272
283,4917,57.3,5728
4917,1563,23.5,2346
1563,4917,76.5,7654
4917,4531,39.5,3948
4531,4917,60.5,6052
4917,245,22.0,2204
245,4917,78.0,7796
4917,4800,35.1,3515
4800,4917,64.8,6485
4917,241,33.7,3374
241,4917,66.3,6626
4917,1084,30.3,3032
1084,4917,69.7,6968
4917,2046,42.0,4204
2046,4917,58.0,5796
4917,1557,51.8,5177
1557,4917,48.2,4823
4917,1041,26.2,2625
1041,4917,73.8,7375
4917,4255,32.8,3281
4255,4917,67.2,6719
4917,1684,18.5,1853
1684,4917,81.5,8147
4917,4864,16.6,1661
4864,4917,83.4,8339
4917,1487,25.1,2513
1487,4917,74.9,7487
4917,239,22.4,2245
239,4917,77.5,7755
4917,196,11.7,1173
196,4917,88.3,8827
4917,279,21.1,2109
279,4917,78.9,7891
4917,4919,54.3,5428
4919,4917,45.7,4572
4917,4524,53.0,5299
4524,4917,47.0,4701
4917,4788,32.8,3276
4788,4917,67.2,6724
4519,4431,35.1,3506
4431,4519,64.9,6494
4519,4518,47.0,4698
4518,4519,53.0,5302
4519,4915,58.9,5889
4915,4519,41.1,4111
4519,289,17.8,1780
289,4519,82.2,8220
4519,2521,45.1,4511
2521,4519,54.9,5489
4519,4530,28.7,2870
4530,4519,71.3,7130
4519,1136,47.1,4715
1136,4519,52.8,5285
4519,297,28.5,2855
297,4519,71.5,7145
4519,4913,31.7,3172
4913,4519,68.3,6828
4519,4607,19.3,1934
4607,4519,80.7,8066
4519,1044,17.9,1794
1044,4519,82.1,8206
4519,2799,34.6,3460
2799,4519,65.4,6540
4519,179,14.8,1475
179,4519,85.2,8525
4519,1075,29.2,2916
1075,4519,70.8,7084
4519,4538,59.5,5954
4538,4519,40.5,4046
4519,4258,33.3,3326
4258,4519,66.7,6674
4519,4906,36.5,3652
4906,4519,63.5,6348
4519,1019,35.0,3500
1019,4519,65.0,6500
4519,4597,36.7,3667
4597,4519,63.3,6333
4519,217,13.5,1346
217,4519,86.5,8654
4519,261,34.1,3411
261,4519,65.9,6589
4519,1520,24.6,2457
1520,4519,75.4,7543
4519,1292,41.7,4170
1292,4519,58.3,5830
4519,269,38.0,3805
269,4519,62.0,6195
4519,1148,43.4,4338
1148,4519,56.6,5662
4519,223,35.0,3500
223,4519,65.0,6500
4519,1072,34.4,3439
1072,4519,65.6,6561
4519,4728,28.8,2877
4728,4519,71.2,7123
4519,1037,29.9,2993
1037,4519,70.1,7007
4519,4363,36.4,3637
4363,4519,63.6,6363
4519,4916,38.0,3797
4916,4519,62.0,6203
4519,1690,27.9,2794
1690,4519,72.1,7206
4519,4909,38.5,3849
4909,4519,61.5,6151
4519,285,26.7,2670
285,4519,73.3,7330
4519,211,36.9,3685
211,4519,63.1,6315
4519,1719,27.2,2716
1719,4519,72.8,7284
4519,4546,52.4,5240
4546,4519,47.6,4760
4519,2043,36.4,3643
2043,4519,63.6,6357
4519,4541,75.8,7580
4541,4519,24.2,2420
4519,4603,29.5,2953
4603,4519,70.5,7047
4519,4914,57.2,5718
4914,4519,42.8,4282
4519,2037,38.1,3808
2037,4519,61.9,6192
4519,194,16.4,1644
194,4519,83.6,8356
4519,3712,32.5,3250
3712,4519,67.5,6750
4519,1722,32.5,3252
1722,4519,67.5,6748
4519,77,31.2,3124
77,4519,68.8,6876
4519,1687,37.4,3739
1687,4519,62.6,6261
4519,4256,35.1,3513
4256,4519,64.9,6487
4519,4528,44.6,4465
4528,4519,55.4,5535
4519,4923,45.6,4558
4923,4519,54.4,5442
4519,942,34.1,3408
942,4519,65.9,6592
4519,1016,50.7,5071
1016,4519,49.3,4929
4519,253,27.4,2742
253,4519,72.6,7258
4519,1693,11.6,1162
1693,4519,88.4,8838
4519,1728,24.7,2471
1728,4519,75.3,7529
4519,1535,27.6,2762
1535,4519,72.4,7238
4519,4522,64.4,6437
4522,4519,35.6,3563
4519,287,27.5,2746
287,4519,72.5,7254
4519,1172,31.7,3166
1172,4519,68.3,6834
4519,4912,58.4,5838
4912,4519,41.6,4162
4519,1696,6.7,667
1696,4519,93.3,9333
4519,283,40.4,4039
283,4519,59.6,5961
4519,1563,22.4,2236
1563,4519,77.6,7764
4519,4531,38.0,3803
4531,4519,62.0,6197
4519,245,20.2,2019
245,4519,79.8,7981
4519,4800,32.8,3276
4800,4519,67.2,6724
4519,241,32.6,3261
241,4519,67.4,6739
4519,1084,28.9,2887
1084,4519,71.1,7113
4519,2046,38.2,3822
2046,4519,61.8,6178
4519,1557,49.5,4946
1557,4519,50.5,5054
4519,1041,23.7,2366
1041,4519,76.3,7634
4519,4255,31.1,3105
4255,4519,69.0,6895
4519,1684,17.1,1713
1684,4519,82.9,8287
4519,4864,14.6,1458
4864,4519,85.4,8542
4519,1487,22.9,2293
1487,4519,77.1,7707
4519,239,21.4,2137
239,4519,78.6,7863
4519,196,10.4,1040
196,4519,89.6,8960
4519,279,18.8,1880
279,4519,81.2,8120
4519,4919,52.5,5255
4919,4519,47.4,4745
4519,4524,50.3,5035
4524,4519,49.6,4965
4519,4788,30.3,3035
4788,4519,69.7,6965
4431,4518,62.0,6204
4518,4431,38.0,3796
4431,4915,73.1,7307
4915,4431,26.9,2693
4431,289,29.0,2902
289,4431,71.0,7098
4431,2521,58.5,5854
2521,4431,41.5,4146
4431,4530,42.5,4250
4530,4431,57.5,5750
4431,1136,62.7,6273
1136,4431,37.3,3727
4431,297,41.3,4126
297,4431,58.7,5874
4431,4913,46.6,4657
4913,4431,53.4,5343
4431,4607,30.5,3054
4607,4431,69.5,6946
4431,1044,28.8,2876
1044,4431,71.2,7124
4431,2799,49.1,4913
2799,4431,50.9,5087
4431,179,25.9,2589
179,4431,74.1,7411
4431,1075,42.0,4197
1075,4431,58.0,5803
4431,4538,73.1,7312
4538,4431,26.9,2688
4431,4258,47.2,4716
4258,4431,52.8,5284
4431,4906,51.5,5155
4906,4431,48.4,4845
4431,1019,49.6,4956
1019,4431,50.4,5044
4431,4597,51.9,5188
4597,4431,48.1,4812
4431,217,23.6,2356
217,4431,76.4,7644
4431,261,47.0,4703
261,4431,53.0,5297
4431,1520,37.2,3718
1520,4431,62.8,6282
4431,1292,56.4,5638
1292,4431,43.6,4362
4431,269,52.6,5261
269,4431,47.4,4739
4431,1148,58.7,5873
1148,4431,41.3,4127
4431,223,50.4,5040
223,4431,49.6,4960
4431,1072,49.7,4969
1072,4431,50.3,5031
4431,4728,42.3,4228
4728,4431,57.7,5772
4431,1037,43.6,4360
1037,4431,56.4,5640
4431,4363,51.1,5113
4363,4431,48.9,4887
4431,4916,53.4,5337
4916,4431,46.6,4663
4431,1690,41.8,4176
1690,4431,58.2,5824
4431,4909,52.9,5294
4909,4431,47.1,4706
4431,285,40.6,4057
285,4431,59.4,5943
4431,211,51.3,5132
211,4431,48.7,4868
4431,1719,41.6,4156
1719,4431,58.4,5844
4431,4546,66.2,6621
4546,4431,33.8,3379
4431,2043,50.4,5039
2043,4431,49.6,4961
4431,4541,86.6,8661
4541,4431,13.4,1339
4431,4603,43.8,4377
4603,4431,56.2,5623
4431,4914,69.3,6935
4914,4431,30.6,3065
4431,2037,53.4,5336
2037,4431,46.6,4664
4431,194,27.9,2792
194,4431,72.1,7208
4431,3712,45.5,4552
3712,4431,54.5,5448
4431,1722,46.7,4671
1722,4431,53.3,5329
4431,77,43.9,4390
77,4431,56.1,5610
4431,1687,51.5,5148
1687,4431,48.5,4852
4431,4256,47.5,4746
4256,4431,52.5,5254
4431,4528,58.6,5859
4528,4431,41.4,4141
4431,4923,59.9,5988
4923,4431,40.1,4012
4431,942,48.0,4799
942,4431,52.0,5201
4431,1016,65.3,6535
1016,4431,34.6,3465
4431,253,40.0,4003
253,4431,60.0,5997
4431,1693,21.1,2112
1693,4431,78.9,7888
4431,1728,37.8,3783
1728,4431,62.2,6217
4431,1535,40.1,4009
1535,4431,59.9,5991
4431,4522,76.3,7634
4522,4431,23.7,2366
4431,287,41.4,4139
287,4431,58.6,5861
4431,1172,46.8,4680
1172,4431,53.2,5320
4431,4912,72.5,7245
4912,4431,27.6,2755
4431,1696,12.2,1221
1696,4431,87.8,8779
4431,283,55.0,5504
283,4431,45.0,4496
4431,1563,34.7,3471
1563,4431,65.3,6529
4431,4531,52.1,5211
4531,4431,47.9,4789
4431,245,31.5,3153
245,4431,68.5,6847
4431,4800,47.0,4702
4800,4431,53.0,5298
4431,241,46.1,4613
241,4431,53.9,5387
4431,1084,42.4,4236
1084,4431,57.6,5764
4431,2046,52.6,5256
2046,4431,47.4,4744
4431,1557,63.5,6354
1557,4431,36.5,3646
4431,1041,36.8,3683
1041,4431,63.2,6317
4431,4255,45.6,4558
4255,4431,54.4,5442
4431,1684,29.1,2915
1684,4431,70.9,7085
4431,4864,24.9,2493
4864,4431,75.1,7507
4431,1487,35.6,3560
1487,4431,64.4,6440
4431,239,32.2,3218
239,4431,67.8,6782
4431,196,19.4,1936
196,4431,80.6,8064
4431,279,30.8,3076
279,4431,69.2,6924
4431,4919,65.8,6581
4919,4431,34.2,3419
4431,4524,64.9,6491
4524,4431,35.1,3509
4431,4788,44.5,4454
4788,4431,55.5,5546
4518,4915,63.0,6303
4915,4518,37.0,3697
4518,289,19.1,1906
289,4518,80.9,8094
4518,2521,47.6,4763
2521,4518,52.4,5237
4518,4530,31.2,3125
4530,4518,68.8,6875
4518,1136,50.7,5074
1136,4518,49.3,4926
4518,297,29.8,2985
297,4518,70.2,7015
4518,4913,34.5,3450
4913,4518,65.5,6550
4518,4607,20.8,2082
4607,4518,79.2,7918
4518,1044,19.7,1968
1044,4518,80.3,8032
4518,2799,37.9,3791
2799,4518,62.1,6209
4518,179,17.1,1712
179,4518,82.9,8288
4518,1075,30.9,3090
1075,4518,69.1,6910
4518,4538,62.6,6257
4538,4518,37.4,3743
4518,4258,35.2,3521
4258,4518,64.8,6479
4518,4906,41.4,4138
4906,4518,58.6,5862
4518,1019,37.7,3766
1019,4518,62.3,6234
4518,4597,39.4,3937
4597,4518,60.6,6063
4518,217,15.6,1561
217,4518,84.4,8439
4518,261,36.9,3693
261,4518,63.1,6307
4518,1520,26.8,2679
1520,4518,73.2,7321
4518,1292,44.7,4472
1292,4518,55.3,5528
4518,269,40.6,4064
269,4518,59.4,5936
4518,1148,45.7,4572
1148,4518,54.3,5428
4518,223,38.4,3842
223,4518,61.6,6158
4518,1072,38.2,3817
1072,4518,61.8,6183
4518,4728,30.8,3081
4728,4518,69.2,6919
4518,1037,32.6,3259
1037,4518,67.4,6741
4518,4363,38.9,3886
4363,4518,61.1,6114
4518,4916,40.6,4061
4916,4518,59.4,5939
4518,1690,30.3,3034
1690,4518,69.7,6966
4518,4909,42.1,4214
4909,4518,57.9,5786
4518,285,29.8,2977
285,4518,70.2,7023
4518,211,39.6,3956
211,4518,60.4,6044
4518,1719,29.9,2991
1719,4518,70.1,7009
4518,4546,54.3,5430
4546,4518,45.7,4570
4518,2043,39.0,3899
2043,4518,61.0,6101
4518,4541,79.0,7899
4541,4518,21.0,2101
4518,4603,31.6,3163
4603,4518,68.4,6837
4518,4914,58.8,5884
4914,4518,41.2,4116
4518,2037,42.1,4212
2037,4518,57.9,5788
4518,194,17.8,1783
194,4518,82.2,8217
4518,3712,34.5,3448
3712,4518,65.5,6552
4518,1722,35.3,3531
1722,4518,64.7,6469
4518,77,33.6,3357
77,4518,66.4,6643
4518,1687,39.9,3985
1687,4518,60.2,6015
4518,4256,35.9,3589
4256,4518,64.1,6411
4518,4528,47.3,4732
4528,4518,52.7,5268
4518,4923,48.0,4800
4923,4518,52.0,5200
4518,942,37.0,3701
942,4518,63.0,6299
4518,1016,53.9,5387
1016,4518,46.1,4613
4518,253,30.5,3047
253,4518,69.5,6953
4518,1693,13.9,1392
1693,4518,86.1,8608
4518,1728,26.2,2620
1728,4518,73.8,7380
4518,1535,29.4,2942
1535,4518,70.6,7058
4518,4522,67.6,6760
4522,4518,32.4,3240
4518,287,30.0,3005
287,4518,70.0,6995
4518,1172,35.1,3506
1172,4518,64.9,6494
4518,4912,61.4,6136
4912,4518,38.6,3864
4518,1696,7.6,765
1696,4518,92.3,9235
4518,283,43.4,4343
283,4518,56.6,5657
4518,1563,23.4,2345
1563,4518,76.5,7655
4518,4531,40.7,4072
4531,4518,59.3,5928
4518,245,22.2,2225
245,4518,77.8,7775
4518,4800,35.2,3522
4800,4518,64.8,6478
4518,241,33.8,3382
241,4518,66.2,6618
4518,1084,30.9,3088
1084,4518,69.1,6912
4518,2046,41.2,4123
2046,4518,58.8,5877
4518,1557,52.1,5215
1557,4518,47.9,4785
4518,1041,26.0,2601
1041,4518,74.0,7399
4518,4255,35.0,3501
4255,4518,65.0,6499
4518,1684,19.7,1970
1684,4518,80.3,8030
4518,4864,17.8,1775
4864,4518,82.2,8225
4518,1487,25.4,2538
1487,4518,74.6,7462
4518,239,22.7,2269
239,4518,77.3,7731
4518,196,12.1,1213
196,4518,87.9,8787
4518,279,20.5,2046
279,4518,79.5,7954
4518,4919,54.9,5490
4919,4518,45.1,4510
4518,4524,52.6,5265
4524,4518,47.3,4735
4518,4788,32.8,3277
4788,4518,67.2,6723
4915,289,11.6,1160
289,4915,88.4,8840
4915,2521,34.8,3483
2521,4915,65.2,6517
4915,4530,21.6,2158
4530,4915,78.4,7842
4915,1136,37.7,3767
1136,4915,62.3,6233
4915,297,19.8,1984
297,4915,80.2,8016
4915,4913,22.1,2215
4913,4915,77.8,7785
4915,4607,12.6,1263
4607,4915,87.4,8737
4915,1044,11.6,1162
1044,4915,88.4,8838
4915,2799,25.4,2535
2799,4915,74.7,7465
4915,179,10.5,1051
179,4915,89.5,8949
4915,1075,20.6,2064
1075,4915,79.4,7936
4915,4538,48.9,4889
4538,4915,51.1,5111
4915,4258,23.9,2391
4258,4915,76.1,7609
4915,4906,28.5,2853
4906,4915,71.5,7147
4915,1019,26.6,2660
1019,4915,73.4,7340
4915,4597,27.0,2695
4597,4915,73.0,7305
4915,217,8.3,834
217,4915,91.7,9166
4915,261,24.8,2479
261,4915,75.2,7521
4915,1520,17.0,1696
1520,4915,83.0,8304
4915,1292,33.0,3295
1292,4915,67.0,6705
4915,269,28.7,2868
269,4915,71.3,7132
4915,1148,33.7,3366
1148,4915,66.3,6634
4915,223,25.9,2595
223,4915,74.1,7405
4915,1072,25.8,2583
1072,4915,74.2,7417
4915,4728,20.9,2088
4728,4915,79.1,7912
4915,1037,21.9,2190
1037,4915,78.1,7810
4915,4363,28.0,2797
4363,4915,72.0,7203
4915,4916,28.4,2845
4916,4915,71.5,7155
4915,1690,20.8,2079
1690,4915,79.2,7921
4915,4909,29.0,2905
4909,4915,71.0,7095
4915,285,19.4,1945
285,4915,80.5,8055
4915,211,27.6,2762
211,4915,72.4,7238
4915,1719,19.6,1958
1719,4915,80.4,8042
4915,4546,42.1,4213
4546,4915,57.9,5787
4915,2043,27.4,2743
2043,4915,72.6,7257
4915,4541,67.6,6761
4541,4915,32.4,3239
4915,4603,22.7,2267
4603,4915,77.3,7733
4915,4914,45.5,4551
4914,4915,54.5,5449
4915,2037,30.6,3058
2037,4915,69.4,6942
4915,194,10.6,1061
194,4915,89.4,8939
4915,3712,23.4,2340
3712,4915,76.6,7660
4915,1722,24.1,2410
1722,4915,75.9,7590
4915,77,22.1,2206
77,4915,77.9,7794
4915,1687,27.2,2719
1687,4915,72.8,7281
4915,4256,24.3,2430
4256,4915,75.7,7570
4915,4528,34.6,3460
4528,4915,65.4,6540
4915,4923,34.7,3472
4923,4915,65.3,6528
4915,942,24.9,2494
942,4915,75.1,7506
4915,1016,41.8,4175
1016,4915,58.2,5825
4915,253,20.3,2028
253,4915,79.7,7972
4915,1693,7.9,794
1693,4915,92.1,9206
4915,1728,16.7,1672
1728,4915,83.3,8328
4915,1535,20.0,1995
1535,4915,80.0,8005
4915,4522,55.4,5542
4522,4915,44.6,4458
4915,287,20.5,2051
287,4915,79.5,7949
4915,1172,23.5,2347
1172,4915,76.5,7653
4915,4912,49.3,4934
4912,4915,50.7,5066
4915,1696,3.9,388
1696,4915,96.1,9612
4915,283,30.8,3076
283,4915,69.2,6924
4915,1563,15.0,1498
1563,4915,85.0,8502
4915,4531,28.0,2796
4531,4915,72.0,7204
4915,245,13.3,1328
245,4915,86.7,8672
4915,4800,23.1,2305
4800,4915,77.0,7695
4915,241,23.0,2297
241,4915,77.0,7703
4915,1084,20.3,2035
1084,4915,79.7,7965
4915,2046,29.7,2974
2046,4915,70.3,7026
4915,1557,38.9,3887
1557,4915,61.1,6113
4915,1041,17.0,1702
1041,4915,83.0,8298
4915,4255,22.5,2250
4255,4915,77.5,7750
4915,1684,11.9,1195
1684,4915,88.0,8805
4915,4864,9.3,930
4864,4915,90.7,9070
4915,1487,16.5,1647
1487,4915,83.5,8353
4915,239,14.3,1430
239,4915,85.7,8570
4915,196,6.5,652
196,4915,93.5,9348
4915,279,12.7,1270
279,4915,87.3,8730
4915,4919,42.5,4253
4919,4915,57.5,5747
4915,4524,40.0,4003
4524,4915,60.0,5997
4915,4788,22.8,2275
4788,4915,77.2,7725
289,2521,77.2,7725
2521,289,22.8,2275
289,4530,64.5,6454
4530,289,35.5,3546
289,1136,80.5,8048
1136,289,19.5,1952
289,297,62.1,6208
297,289,37.9,3792
289,4913,68.5,6855
4913,289,31.4,3145
289,4607,52.1,5211
4607,289,47.9,4789
289,1044,49.6,4965
1044,289,50.3,5035
289,2799,70.3,7027
2799,289,29.7,2973
289,179,45.4,4540
179,289,54.6,5460
289,1075,64.5,6445
1075,289,35.5,3555
289,4538,87.2,8715
4538,289,12.8,1285
289,4258,67.6,6757
4258,289,32.4,3243
289,4906,72.6,7258
4906,289,27.4,2742
289,1019,70.2,7022
1019,289,29.8,2978
289,4597,72.5,7252
4597,289,27.5,2748
289,217,41.8,4175
217,289,58.2,5825
289,261,68.3,6827
261,289,31.7,3173
289,1520,59.0,5901
1520,289,41.0,4099
289,1292,76.4,7637
1292,289,23.6,2363
289,269,72.9,7294
269,289,27.1,2706
289,1148,77.6,7763
1148,289,22.4,2237
289,223,70.5,7045
223,289,29.5,2955
289,1072,70.8,7081
1072,289,29.2,2919
289,4728,63.4,6343
4728,289,36.6,3657
289,1037,64.9,6492
1037,289,35.1,3508
289,4363,71.5,7147
4363,289,28.5,2853
289,4916,72.7,7266
4916,289,27.3,2734
289,1690,62.6,6261
1690,289,37.4,3739
289,4909,73.2,7321
4909,289,26.8,2679
289,285,61.9,6194
285,289,38.1,3806
289,211,71.5,7155
211,289,28.4,2845
289,1719,64.0,6397
1719,289,36.0,3603
289,4546,83.9,8385
4546,289,16.2,1615
289,2043,70.9,7090
2043,289,29.1,2910
289,4541,95.4,9540
4541,289,4.6,460
289,4603,65.3,6526
4603,289,34.7,3474
289,4914,86.2,8621
4914,289,13.8,1379
289,2037,74.1,7410
2037,289,25.9,2590
289,194,48.0,4796
194,289,52.0,5204
289,3712,68.0,6804
3712,289,32.0,3196
289,1722,68.3,6829
1722,289,31.7,3171
289,77,65.5,6549
77,289,34.5,3451
289,1687,72.2,7222
1687,289,27.8,2778
289,4256,69.0,6902
4256,289,31.0,3098
289,4528,78.0,7797
4528,289,22.0,2203
289,4923,79.4,7938
4923,289,20.6,2062
289,942,69.1,6908
942,289,30.9,3092
289,1016,83.5,8352
1016,289,16.5,1648
289,253,63.2,6317
253,289,36.8,3683
289,1693,40.0,4004
1693,289,60.0,5996
289,1728,59.6,5963
1728,289,40.4,4037
289,1535,63.2,6322
1535,289,36.8,3678
289,4522,90.0,8999
4522,289,10.0,1001
289,287,62.7,6275
287,289,37.2,3725
289,1172,67.5,6748
1172,289,32.5,3252
289,4912,87.4,8736
4912,289,12.6,1264
289,1696,27.3,2730
1696,289,72.7,7270
289,283,75.1,7511
283,289,24.9,2489
289,1563,55.8,5580
1563,289,44.2,4420
289,4531,72.4,7243
4531,289,27.6,2757
289,245,52.9,5294
245,289,47.1,4706
289,4800,68.2,6819
4800,289,31.8,3181
289,241,65.9,6591
241,289,34.1,3409
289,1084,64.4,6443
1084,289,35.6,3557
289,2046,73.4,7339
2046,289,26.6,2661
289,1557,82.5,8246
1557,289,17.5,1754
289,1041,57.5,5750
1041,289,42.5,4250
289,4255,66.6,6658
4255,289,33.4,3342
289,1684,50.1,5010
1684,289,49.9,4990
289,4864,44.6,4456
4864,289,55.4,5544
289,1487,57.3,5728
1487,289,42.7,4272
289,239,54.5,5446
239,289,45.5,4554
289,196,36.8,3677
196,289,63.2,6323
289,279,51.3,5131
279,289,48.7,4869
289,4919,83.0,8301
4919,289,17.0,1699
289,4524,82.6,8260
4524,289,17.4,1740
289,4788,65.6,6560
4788,289,34.4,3440
2521,4530,33.6,3357
4530,2521,66.4,6643
2521,1136,53.6,5360
1136,2521,46.4,4640
2521,297,33.5,3350
297,2521,66.5,6650
2521,4913,37.5,3747
4913,2521,62.5,6253
2521,4607,23.4,2342
4607,2521,76.6,7658
2521,1044,21.7,2172
1044,2521,78.3,7828
2521,2799,40.7,4066
2799,2521,59.3,5934
2521,179,19.1,1909
179,2521,80.9,8091
2521,1075,34.9,3490
1075,2521,65.1,6510
2521,4538,64.2,6424
4538,2521,35.8,3576
2521,4258,39.1,3906
4258,2521,60.9,6094
2521,4906,44.0,4398
4906,2521,56.0,5602
2521,1019,40.8,4079
1019,2521,59.2,5921
2521,4597,42.0,4197
4597,2521,58.0,5803
2521,217,16.7,1668
217,2521,83.3,8332
2521,261,39.2,3917
261,2521,60.8,6083
2521,1520,29.0,2903
1520,2521,71.0,7097
2521,1292,48.0,4799
1292,2521,52.0,5201
2521,269,43.3,4331
269,2521,56.7,5669
2521,1148,49.2,4919
1148,2521,50.8,5081
2521,223,41.5,4146
223,2521,58.5,5854
2521,1072,39.9,3988
1072,2521,60.1,6012
2521,4728,33.2,3317
4728,2521,66.8,6683
2521,1037,35.1,3510
1037,2521,64.9,6490
2521,4363,41.3,4126
4363,2521,58.7,5874
2521,4916,43.2,4325
4916,2521,56.8,5675
2521,1690,32.9,3294
1690,2521,67.1,6706
2521,4909,44.2,4422
4909,2521,55.8,5578
2521,285,31.9,3190
285,2521,68.1,6810
2521,211,41.9,4191
211,2521,58.1,5809
2521,1719,32.9,3287
1719,2521,67.1,6713
2521,4546,58.7,5866
4546,2521,41.3,4134
2521,2043,42.2,4225
2043,2521,57.8,5775
2521,4541,80.9,8087
4541,2521,19.1,1913
2521,4603,34.5,3447
4603,2521,65.5,6553
2521,4914,61.3,6130
4914,2521,38.7,3870
2521,2037,45.1,4510
2037,2521,54.9,5490
2521,194,20.6,2064
194,2521,79.4,7936
2521,3712,37.3,3730
3712,2521,62.7,6270
2521,1722,38.2,3824
1722,2521,61.8,6176
2521,77,36.6,3663
77,2521,63.4,6337
2521,1687,42.0,4199
1687,2521,58.0,5801
2521,4256,39.6,3955
4256,2521,60.5,6045
2521,4528,50.1,5007
4528,2521,49.9,4993
2521,4923,51.1,5110
4923,2521,48.9,4890
2521,942,39.7,3972
942,2521,60.3,6028
2521,1016,57.2,5720
1016,2521,42.8,4280
2521,253,33.0,3302
253,2521,67.0,6698
2521,1693,15.6,1556
1693,2521,84.4,8444
2521,1728,28.4,2840
1728,2521,71.6,7160
2521,1535,33.0,3303
1535,2521,67.0,6697
2521,4522,70.6,7063
4522,2521,29.4,2937
2521,287,33.4,3339
287,2521,66.6,6661
2521,1172,38.5,3850
1172,2521,61.5,6150
2521,4912,64.3,6426
4912,2521,35.7,3574
2521,1696,8.6,860
1696,2521,91.4,9140
2521,283,46.6,4656
283,2521,53.4,5344
2521,1563,26.1,2614
1563,2521,73.9,7386
2521,4531,43.2,4317
4531,2521,56.8,5683
2521,245,24.2,2417
245,2521,75.8,7583
2521,4800,38.6,3856
4800,2521,61.4,6144
2521,241,36.9,3688
241,2521,63.1,6312
2521,1084,34.3,3426
1084,2521,65.7,6574
2521,2046,44.1,4411
2046,2521,55.9,5589
2521,1557,55.4,5536
1557,2521,44.6,4464
2521,1041,28.8,2882
1041,2521,71.2,7118
2521,4255,37.1,3708
4255,2521,62.9,6292
2521,1684,21.5,2151
1684,2521,78.5,7849
2521,4864,18.6,1855
4864,2521,81.5,8145
2521,1487,26.9,2690
1487,2521,73.1,7310
2521,239,24.8,2482
239,2521,75.2,7518
2521,196,13.4,1339
196,2521,86.6,8661
2521,279,23.6,2360
279,2521,76.4,7640
2521,4919,58.4,5838
4919,2521,41.6,4162
2521,4524,55.2,5523
4524,2521,44.8,4477
2521,4788,35.7,3566
4788,2521,64.3,6434
4530,1136,69.5,6949
1136,4530,30.5,3051
4530,297,49.4,4939
297,4530,50.6,5061
4530,4913,53.5,5353
4913,4530,46.5,4647
4530,4607,37.8,3778
4607,4530,62.2,6222
4530,1044,35.0,3505
1044,4530,65.0,6495
4530,2799,56.9,5690
2799,4530,43.1,4310
4530,179,31.6,3159
179,4530,68.4,6841
4530,1075,50.6,5057
1075,4530,49.4,4943
4530,4538,78.3,7835
4538,4530,21.6,2165
4530,4258,53.9,5389
4258,4530,46.1,4611
4530,4906,59.2,5922
4906,4530,40.8,4078
4530,1019,56.4,5640
1019,4530,43.6,4360
4530,4597,58.1,5805
4597,4530,41.9,4195
4530,217,28.9,2892
217,4530,71.1,7108
4530,261,54.5,5448
261,4530,45.5,4552
4530,1520,44.4,4438
1520,4530,55.6,5562
4530,1292,63.1,6315
1292,4530,36.9,3685
4530,269,60.0,6003
269,4530,40.0,3997
4530,1148,66.1,6612
1148,4530,33.9,3388
4530,223,56.8,5676
223,4530,43.2,4324
4530,1072,57.4,5737
1072,4530,42.6,4263
4530,4728,49.6,4959
4728,4530,50.4,5041
4530,1037,51.5,5152
1037,4530,48.5,4848
4530,4363,58.9,5888
4363,4530,41.1,4112
4530,4916,59.7,5973
4916,4530,40.3,4027
4530,1690,49.7,4968
1690,4530,50.3,5032
4530,4909,61.0,6102
4909,4530,39.0,3898
4530,285,47.5,4752
285,4530,52.5,5248
4530,211,58.6,5857
211,4530,41.4,4143
4530,1719,48.4,4845
1719,4530,51.5,5155
4530,4546,72.2,7216
4546,4530,27.8,2784
4530,2043,57.9,5793
2043,4530,42.1,4207
4530,4541,90.1,9013
4541,4530,9.9,987
4530,4603,50.3,5032
4603,4530,49.7,4968
4530,4914,76.7,7666
4914,4530,23.3,2334
4530,2037,61.0,6100
2037,4530,39.0,3900
4530,194,33.9,3393
194,4530,66.1,6607
4530,3712,53.5,5348
3712,4530,46.5,4652
4530,1722,54.0,5397
1722,4530,46.0,4603
4530,77,52.3,5226
77,4530,47.7,4774
4530,1687,58.9,5894
1687,4530,41.1,4106
4530,4256,55.6,5561
4256,4530,44.4,4439
4530,4528,65.4,6538
4528,4530,34.6,3462
4530,4923,67.4,6739
4923,4530,32.6,3261
4530,942,55.7,5566
942,4530,44.3,4434
4530,1016,71.7,7170
1016,4530,28.3,2830
4530,253,47.9,4788
253,4530,52.1,5212
4530,1693,26.8,2681
1693,4530,73.2,7319
4530,1728,44.2,4423
1728,4530,55.8,5577
4530,1535,48.7,4873
1535,4530,51.3,5127
4530,4522,82.2,8218
4522,4530,17.8,1782
4530,287,49.5,4952
287,4530,50.5,5048
4530,1172,53.5,5348
1172,4530,46.5,4652
4530,4912,78.2,7818
4912,4530,21.8,2182
4530,1696,16.2,1621
1696,4530,83.8,8379
4530,283,61.9,6185
283,4530,38.1,3815
4530,1563,41.5,4150
1563,4530,58.5,5850
4530,4531,58.8,5884
4531,4530,41.2,4116
4530,245,38.1,3812
245,4530,61.9,6188
4530,4800,54.5,5450
4800,4530,45.5,4550
4530,241,53.3,5329
241,4530,46.7,4671
4530,1084,49.8,4978
1084,4530,50.2,5022
4530,2046,59.6,5958
2046,4530,40.4,4042
4530,1557,70.1,7007
1557,4530,29.9,2993
4530,1041,44.0,4401
1041,4530,56.0,5599
4530,4255,52.7,5270
4255,4530,47.3,4730
4530,1684,35.5,3548
1684,4530,64.5,6452
4530,4864,31.3,3128
4864,4530,68.7,6872
4530,1487,43.2,4324
1487,4530,56.8,5676
4530,239,39.3,3926
239,4530,60.7,6074
4530,196,25.0,2499
196,4530,75.0,7501
4530,279,37.3,3729
279,4530,62.7,6271
4530,4919,72.2,7225
4919,4530,27.8,2775
4530,4524,70.8,7083
4524,4530,29.2,2917
4530,4788,51.5,5148
4788,4530,48.5,4852
1136,297,29.6,2963
297,1136,70.4,7037
1136,4913,33.8,3380
4913,1136,66.2,6620
1136,4607,20.6,2060
4607,1136,79.4,7940
1136,1044,19.3,1928
1044,1136,80.7,8072
1136,2799,36.7,3669
2799,1136,63.3,6331
1136,179,16.9,1686
179,1136,83.1,8314
1136,1075,31.2,3123
1075,1136,68.8,6877
1136,4538,61.6,6160
4538,1136,38.4,3840
1136,4258,34.6,3463
4258,1136,65.4,6537
1136,4906,39.8,3979
4906,1136,60.2,6021
1136,1019,38.0,3801
1019,1136,62.0,6199
1136,4597,38.2,3817
4597,1136,61.8,6183
1136,217,14.7,1474
217,1136,85.3,8526
1136,261,35.6,3563
261,1136,64.4,6437
1136,1520,25.7,2571
1520,1136,74.3,7429
1136,1292,44.7,4467
1292,1136,55.3,5533
1136,269,40.5,4054
269,1136,59.5,5946
1136,1148,44.4,4438
1148,1136,55.6,5562
1136,223,36.9,3689
223,1136,63.1,6311
1136,1072,37.1,3710
1072,1136,62.9,6290
1136,4728,31.5,3153
4728,1136,68.5,6847
1136,1037,31.5,3149
1037,1136,68.5,6851
1136,4363,38.6,3865
4363,1136,61.4,6135
1136,4916,40.0,3998
4916,1136,60.0,6002
1136,1690,29.9,2990
1690,1136,70.1,7010
1136,4909,41.0,4105
4909,1136,59.0,5895
1136,285,28.3,2829
285,1136,71.7,7171
1136,211,39.2,3922
211,1136,60.8,6078
1136,1719,29.0,2902
1719,1136,71.0,7098
1136,4546,53.3,5332
4546,1136,46.7,4668
1136,2043,38.6,3863
2043,1136,61.4,6137
1136,4541,78.2,7820
4541,1136,21.8,2180
1136,4603,30.9,3090
4603,1136,69.1,6910
1136,4914,58.8,5883
4914,1136,41.2,4117
1136,2037,41.6,4156
2037,1136,58.4,5844
1136,194,17.7,1768
194,1136,82.3,8232
1136,3712,34.3,3433
3712,1136,65.7,6567
1136,1722,34.9,3493
1722,1136,65.1,6507
1136,77,32.9,3290
77,1136,67.1,6710
1136,1687,39.4,3937
1687,1136,60.6,6063
1136,4256,35.9,3595
4256,1136,64.0,6405
1136,4528,45.9,4593
4528,1136,54.1,5407
1136,4923,45.9,4594
4923,1136,54.1,5406
1136,942,35.3,3528
942,1136,64.7,6472
1136,1016,53.6,5356
1016,1136,46.4,4644
1136,253,29.2,2923
253,1136,70.8,7077
1136,1693,13.2,1320
1693,1136,86.8,8680
1136,1728,25.6,2558
1728,1136,74.4,7442
1136,1535,29.0,2905
1535,1136,71.0,7095
1136,4522,66.8,6678
4522,1136,33.2,3322
1136,287,30.4,3036
287,1136,69.6,6964
1136,1172,34.2,3424
1172,1136,65.8,6576
1136,4912,61.1,6106
4912,1136,38.9,3894
1136,1696,7.1,708
1696,1136,92.9,9292
1136,283,43.5,4346
283,1136,56.5,5654
1136,1563,23.7,2366
1563,1136,76.3,7634
1136,4531,39.2,3918
4531,1136,60.8,6082
1136,245,21.6,2160
245,1136,78.4,7840
1136,4800,34.2,3422
4800,1136,65.8,6578
1136,241,34.7,3468
241,1136,65.3,6532
1136,1084,30.9,3095
1084,1136,69.0,6905
1136,2046,40.6,4058
2046,1136,59.4,5942
1136,1557,50.9,5090
1557,1136,49.1,4910
1136,1041,25.5,2552
1041,1136,74.5,7448
1136,4255,33.1,3310
4255,1136,66.9,6690
1136,1684,18.9,1892
1684,1136,81.1,8108
1136,4864,16.3,1626
4864,1136,83.7,8374
1136,1487,25.9,2587
1487,1136,74.1,7413
1136,239,22.1,2209
239,1136,77.9,7791
1136,196,12.2,1215
196,1136,87.8,8785
1136,279,20.1,2009
279,1136,79.9,7991
1136,4919,54.8,5482
4919,1136,45.2,4518
1136,4524,52.3,5226
4524,1136,47.7,4774
1136,4788,32.7,3274
4788,1136,67.3,6726
297,4913,54.5,5446
4913,297,45.5,4554
297,4607,38.9,3894
4607,297,61.1,6106
297,1044,36.1,3608
1044,297,63.9,6392
297,2799,58.8,5875
2799,297,41.2,4125
297,179,33.0,3299
179,297,67.0,6701
297,1075,50.6,5057
1075,297,49.4,4943
297,4538,78.9,7889
4538,297,21.1,2111
297,4258,55.2,5525
4258,297,44.8,4475
297,4906,60.4,6043
4906,297,39.6,3957
297,1019,57.9,5789
1019,297,42.1,4211
297,4597,59.0,5904
4597,297,41.0,4096
297,217,30.4,3043
217,297,69.6,6957
297,261,56.2,5623
261,297,43.8,4377
297,1520,46.4,4637
1520,297,53.6,5363
297,1292,64.4,6442
1292,297,35.6,3558
297,269,61.4,6138
269,297,38.6,3862
297,1148,65.6,6562
1148,297,34.4,3438
297,223,57.3,5731
223,297,42.7,4269
297,1072,58.2,5823
1072,297,41.8,4177
297,4728,50.4,5037
4728,297,49.6,4963
297,1037,51.3,5134
1037,297,48.7,4866
297,4363,59.3,5932
4363,297,40.7,4068
297,4916,60.7,6072
4916,297,39.3,3928
297,1690,51.3,5129
1690,297,48.7,4871
297,4909,61.7,6170
4909,297,38.3,3830
297,285,48.3,4827
285,297,51.7,5173
297,211,58.5,5854
211,297,41.5,4146
297,1719,49.2,4920
1719,297,50.8,5080
297,4546,73.3,7332
4546,297,26.7,2668
297,2043,59.4,5942
2043,297,40.6,4058
297,4541,90.5,9050
4541,297,9.5,950
297,4603,51.9,5194
4603,297,48.1,4806
297,4914,77.1,7713
4914,297,22.9,2287
297,2037,62.4,6240
2037,297,37.6,3760
297,194,34.6,3459
194,297,65.4,6541
297,3712,54.0,5399
3712,297,46.0,4601
297,1722,55.4,5542
1722,297,44.6,4458
297,77,54.0,5396
77,297,46.0,4604
297,1687,59.7,5974
1687,297,40.3,4026
297,4256,57.6,5758
4256,297,42.4,4242
297,4528,67.0,6700
4528,297,33.0,3300
297,4923,68.3,6834
4923,297,31.7,3166
297,942,57.5,5746
942,297,42.5,4254
297,1016,73.2,7317
1016,297,26.8,2683
297,253,49.8,4975
253,297,50.2,5025
297,1693,28.6,2862
1693,297,71.4,7138
297,1728,45.7,4573
1728,297,54.3,5427
297,1535,49.1,4909
1535,297,50.9,5091
297,4522,82.5,8246
4522,297,17.5,1754
297,287,51.1,5109
287,297,48.9,4891
297,1172,54.7,5472
1172,297,45.3,4528
297,4912,78.0,7798
4912,297,22.0,2202
297,1696,18.3,1832
1696,297,81.7,8168
297,283,62.4,6239
283,297,37.6,3761
297,1563,42.2,4225
1563,297,57.8,5775
297,4531,60.7,6074
4531,297,39.3,3926
297,245,39.3,3933
245,297,60.7,6067
297,4800,55.4,5540
4800,297,44.6,4460
297,241,53.8,5384
241,297,46.2,4616
297,1084,50.3,5027
1084,297,49.7,4973
297,2046,61.0,6103
2046,297,39.0,3897
297,1557,71.5,7145
1557,297,28.5,2855
297,1041,45.4,4544
1041,297,54.6,5456
297,4255,53.2,5317
4255,297,46.8,4683
297,1684,36.1,3610
1684,297,63.9,6390
297,4864,32.0,3205
4864,297,68.0,6795
297,1487,44.7,4470
1487,297,55.3,5530
297,239,39.9,3988
239,297,60.1,6012
297,196,25.5,2552
196,297,74.5,7448
297,279,38.3,3827
279,297,61.7,6173
297,4919,74.4,7442
4919,297,25.6,2558
297,4524,71.5,7146
4524,297,28.5,2854
297,4788,51.8,5185
4788,297,48.1,4815
4913,4607,34.1,3412
4607,4913,65.9,6588
4913,1044,32.3,3227
1044,4913,67.7,6773
4913,2799,53.4,5344
2799,4913,46.6,4656
4913,179,29.4,2941
179,4913,70.6,7059
4913,1075,46.2,4616
1075,4913,53.8,5384
4913,4538,76.2,7623
4538,4913,23.8,2377
4913,4258,50.3,5030
4258,4913,49.7,4970
4913,4906,56.8,5683
4906,4913,43.2,4317
4913,1019,54.2,5418
1019,4913,45.8,4582
4913,4597,55.7,5568
4597,4913,44.3,4432
4913,217,25.8,2577
217,4913,74.2,7423
4913,261,51.5,5150
261,4913,48.5,4850
4913,1520,39.9,3990
1520,4913,60.1,6010
4913,1292,60.2,6023
1292,4913,39.8,3977
4913,269,57.0,5705
269,4913,43.0,4295
4913,1148,60.4,6043
1148,4913,39.6,3957
4913,223,54.1,5408
223,4913,45.9,4592
4913,1072,52.5,5246
1072,4913,47.5,4754
4913,4728,46.2,4621
4728,4913,53.8,5379
4913,1037,47.4,4740
1037,4913,52.6,5260
4913,4363,55.5,5551
4363,4913,44.5,4449
4913,4916,55.7,5570
4916,4913,44.3,4430
4913,1690,45.0,4504
1690,4913,55.0,5496
4913,4909,57.2,5720
4909,4913,42.8,4280
4913,285,43.7,4373
285,4913,56.3,5627
4913,211,54.4,5442
211,4913,45.6,4558
4913,1719,45.2,4522
1719,4913,54.8,5478
4913,4546,69.5,6949
4546,4913,30.5,3051
4913,2043,54.7,5469
2043,4913,45.3,4531
4913,4541,88.2,8820
4541,4913,11.8,1180
4913,4603,46.1,4609
4603,4913,53.9,5391
4913,4914,73.7,7365
4914,4913,26.4,2635
4913,2037,57.3,5732
2037,4913,42.7,4268
4913,194,31.0,3104
194,4913,69.0,6896
4913,3712,49.8,4977
3712,4913,50.2,5023
4913,1722,50.8,5085
1722,4913,49.1,4915
4913,77,48.5,4846
77,4913,51.5,5154
4913,1687,55.2,5519
1687,4913,44.8,4481
4913,4256,52.2,5225
4256,4913,47.8,4775
4913,4528,61.5,6145
4528,4913,38.6,3855
4913,4923,64.0,6404
4923,4913,36.0,3596
4913,942,51.9,5186
942,4913,48.1,4814
4913,1016,69.3,6932
1016,4913,30.7,3068
4913,253,45.0,4504
253,4913,55.0,5496
4913,1693,23.1,2313
1693,4913,76.9,7687
4913,1728,41.0,4096
1728,4913,59.0,5904
4913,1535,44.5,4448
1535,4913,55.5,5552
4913,4522,79.6,7958
4522,4913,20.4,2042
4913,287,45.7,4574
287,4913,54.3,5426
4913,1172,50.2,5024
1172,4913,49.8,4976
4913,4912,75.0,7499
4912,4913,25.0,2501
4913,1696,15.0,1497
1696,4913,85.0,8503
4913,283,58.8,5879
283,4913,41.2,4121
4913,1563,37.8,3778
1563,4913,62.2,6222
4913,4531,55.6,5565
4531,4913,44.4,4435
4913,245,34.7,3469
245,4913,65.3,6531
4913,4800,50.1,5008
4800,4913,49.9,4992
4913,241,49.0,4901
241,4913,51.0,5099
4913,1084,46.1,4613
1084,4913,53.9,5387
4913,2046,57.0,5704
2046,4913,43.0,4296
4913,1557,67.0,6701
1557,4913,33.0,3299
4913,1041,39.8,3976
1041,4913,60.2,6024
4913,4255,49.4,4936
4255,4913,50.6,5064
4913,1684,32.4,3244
1684,4913,67.6,6756
4913,4864,28.1,2805
4864,4913,72.0,7195
4913,1487,40.3,4031
1487,4913,59.7,5969
4913,239,36.1,3611
239,4913,63.9,6389
4913,196,21.7,2166
196,4913,78.3,7834
4913,279,34.9,3492
279,4913,65.1,6508
4913,4919,70.4,7044
4919,4913,29.6,2956
4913,4524,67.8,6785
4524,4913,32.1,3215
4913,4788,47.5,4751
4788,4913,52.5,5249
4607,1044,47.8,4776
1044,4607,52.2,5224
4607,2799,68.5,6851
2799,4607,31.5,3149
4607,179,43.1,4313
179,4607,56.9,5687
4607,1075,62.4,6243
1075,4607,37.6,3757
4607,4538,86.4,8643
4538,4607,13.6,1357
4607,4258,66.9,6691
4258,4607,33.1,3309
4607,4906,70.5,7052
4906,4607,29.5,2948
4607,1019,67.7,6773
1019,4607,32.3,3227
4607,4597,70.5,7055
4597,4607,29.4,2945
4607,217,40.5,4049
217,4607,59.5,5951
4607,261,67.1,6707
261,4607,32.9,3293
4607,1520,56.6,5662
1520,4607,43.4,4338
4607,1292,74.9,7491
1292,4607,25.1,2509
4607,269,71.8,7179
269,4607,28.2,2821
4607,1148,74.9,7492
1148,4607,25.1,2508
4607,223,69.3,6932
223,4607,30.7,3068
4607,1072,68.0,6805
1072,4607,31.9,3195
4607,4728,61.2,6120
4728,4607,38.8,3880
4607,1037,63.3,6329
1037,4607,36.7,3671
4607,4363,69.9,6986
4363,4607,30.1,3014
4607,4916,71.8,7184
4916,4607,28.2,2816
4607,1690,61.7,6173
1690,4607,38.3,3827
4607,4909,72.2,7224
4909,4607,27.8,2776
4607,285,60.3,6030
285,4607,39.7,3970
4607,211,69.9,6988
211,4607,30.1,3012
4607,1719,59.7,5969
1719,4607,40.3,4031
4607,4546,82.3,8230
4546,4607,17.7,1770
4607,2043,70.1,7009
2043,4607,29.9,2991
4607,4541,94.2,9418
4541,4607,5.8,582
4607,4603,63.0,6301
4603,4607,37.0,3699
4607,4914,85.7,8565
4914,4607,14.3,1435
4607,2037,72.5,7255
2037,4607,27.5,2745
4607,194,45.6,4557
194,4607,54.4,5443
4607,3712,65.6,6563
3712,4607,34.4,3437
4607,1722,65.5,6551
1722,4607,34.5,3449
4607,77,64.6,6465
77,4607,35.4,3535
4607,1687,69.5,6949
1687,4607,30.5,3051
4607,4256,67.0,6698
4256,4607,33.0,3302
4607,4528,76.5,7652
4528,4607,23.5,2348
4607,4923,77.2,7717
4923,4607,22.8,2283
4607,942,68.0,6798
942,4607,32.0,3202
4607,1016,81.1,8113
1016,4607,18.9,1887
4607,253,61.4,6141
253,4607,38.6,3859
4607,1693,38.7,3868
1693,4607,61.3,6132
4607,1728,56.7,5670
1728,4607,43.3,4330
4607,1535,60.4,6039
1535,4607,39.6,3961
4607,4522,89.1,8906
4522,4607,10.9,1094
4607,287,60.7,6073
287,4607,39.3,3927
4607,1172,66.0,6597
1172,4607,34.0,3403
4607,4912,86.5,8649
4912,4607,13.5,1351
4607,1696,25.1,2511
1696,4607,74.9,7489
4607,283,73.5,7354
283,4607,26.5,2646
4607,1563,54.3,5431
1563,4607,45.7,4569
4607,4531,70.5,7046
4531,4607,29.5,2954
4607,245,51.2,5123
245,4607,48.8,4877
4607,4800,66.2,6616
4800,4607,33.8,3384
4607,241,64.2,6416
241,4607,35.8,3584
4607,1084,62.6,6257
1084,4607,37.4,3743
4607,2046,71.8,7180
2046,4607,28.2,2820
4607,1557,80.7,8072
1557,4607,19.3,1928
4607,1041,56.5,5654
1041,4607,43.5,4346
4607,4255,65.0,6505
4255,4607,34.9,3495
4607,1684,47.0,4705
1684,4607,52.9,5295
4607,4864,42.8,4275
4864,4607,57.2,5725
4607,1487,55.6,5559
1487,4607,44.4,4441
4607,239,51.7,5172
239,4607,48.3,4828
4607,196,34.8,3477
196,4607,65.2,6523
4607,279,50.4,5042
279,4607,49.6,4958
4607,4919,82.0,8201
4919,4607,18.0,1799
4607,4524,81.2,8118
4524,4607,18.8,1882
4607,4788,64.1,6409
4788,4607,35.9,3591
1044,2799,70.5,7049
2799,1044,29.5,2951
1044,179,45.1,4506
179,1044,54.9,5494
1044,1075,64.8,6476
1075,1044,35.2,3524
1044,4538,87.7,8767
4538,1044,12.3,1233
1044,4258,67.9,6792
4258,1044,32.1,3208
1044,4906,72.9,7293
4906,1044,27.1,2707
1044,1019,69.3,6931
1019,1044,30.7,3069
1044,4597,72.5,7248
4597,1044,27.5,2752
1044,217,43.1,4312
217,1044,56.9,5688
1044,261,68.5,6849
261,1044,31.5,3151
1044,1520,58.5,5854
1520,1044,41.5,4146
1044,1292,75.4,7543
1292,1044,24.6,2457
1044,269,72.2,7221
269,1044,27.8,2779
1044,1148,77.2,7723
1148,1044,22.8,2277
1044,223,71.0,7105
223,1044,28.9,2895
1044,1072,70.2,7023
1072,1044,29.8,2977
1044,4728,63.5,6353
4728,1044,36.5,3647
1044,1037,65.5,6553
1037,1044,34.5,3447
1044,4363,72.3,7234
4363,1044,27.7,2766
1044,4916,73.2,7316
4916,1044,26.8,2684
1044,1690,64.2,6419
1690,1044,35.8,3581
1044,4909,73.9,7389
4909,1044,26.1,2611
1044,285,62.9,6290
285,1044,37.1,3710
1044,211,71.2,7119
211,1044,28.8,2881
1044,1719,62.0,6203
1719,1044,38.0,3797
1044,4546,83.3,8326
4546,1044,16.7,1674
1044,2043,71.1,7108
2043,1044,28.9,2892
1044,4541,94.7,9468
4541,1044,5.3,532
1044,4603,65.7,6570
4603,1044,34.3,3430
1044,4914,86.3,8633
4914,1044,13.7,1367
1044,2037,74.2,7415
2037,1044,25.9,2585
1044,194,48.8,4880
194,1044,51.2,5120
1044,3712,68.0,6801
3712,1044,32.0,3199
1044,1722,68.6,6860
1722,1044,31.4,3140
1044,77,67.5,6748
77,1044,32.5,3252
1044,1687,72.5,7248
1687,1044,27.5,2752
1044,4256,69.2,6918
4256,1044,30.8,3082
1044,4528,77.5,7754
4528,1044,22.5,2246
1044,4923,79.0,7896
4923,1044,21.0,2104
1044,942,69.7,6971
942,1044,30.3,3029
1044,1016,83.8,8382
1016,1044,16.2,1618
1044,253,63.2,6323
253,1044,36.8,3677
1044,1693,40.2,4022
1693,1044,59.8,5978
1044,1728,59.4,5935
1728,1044,40.6,4065
1044,1535,62.5,6255
1535,1044,37.5,3745
1044,4522,90.4,9042
4522,1044,9.6,958
1044,287,63.2,6320
287,1044,36.8,3680
1044,1172,68.0,6802
1172,1044,32.0,3198
1044,4912,88.2,8816
4912,1044,11.8,1184
1044,1696,27.4,2738
1696,1044,72.6,7262
1044,283,75.5,7549
283,1044,24.5,2451
1044,1563,56.8,5676
1563,1044,43.2,4324
1044,4531,72.5,7255
4531,1044,27.5,2745
1044,245,52.3,5226
245,1044,47.7,4774
1044,4800,68.7,6866
4800,1044,31.3,3134
1044,241,67.7,6773
241,1044,32.3,3227
1044,1084,63.1,6313
1084,1044,36.9,3687
1044,2046,74.0,7400
2046,1044,26.0,2600
1044,1557,82.2,8221
1557,1044,17.8,1779
1044,1041,57.7,5767
1041,1044,42.3,4233
1044,4255,67.0,6701
4255,1044,33.0,3299
1044,1684,49.2,4922
1684,1044,50.8,5078
1044,4864,44.4,4435
4864,1044,55.6,5565
1044,1487,57.6,5760
1487,1044,42.4,4240
1044,239,53.5,5353
239,1044,46.5,4647
1044,196,37.1,3714
196,1044,62.9,6286
1044,279,51.6,5160
279,1044,48.4,4840
1044,4919,84.0,8401
4919,1044,16.0,1599
1044,4524,82.8,8278
4524,1044,17.2,1722
1044,4788,66.3,6635
4788,1044,33.7,3365
2799,179,25.0,2503
179,2799,75.0,7497
2799,1075,43.1,4307
1075,2799,56.9,5693
2799,4538,73.1,7308
4538,2799,26.9,2692
2799,4258,47.3,4730
4258,2799,52.7,5270
2799,4906,52.4,5239
4906,2799,47.6,4761
2799,1019,50.9,5091
1019,2799,49.1,4909
2799,4597,51.6,5164
4597,2799,48.4,4836
2799,217,23.9,2393
217,2799,76.1,7607
2799,261,47.7,4769
261,2799,52.3,5231
2799,1520,38.4,3837
1520,2799,61.6,6163
2799,1292,57.0,5705
1292,2799,43.0,4295
2799,269,52.4,5242
269,2799,47.6,4758
2799,1148,57.7,5770
1148,2799,42.3,4230
2799,223,51.0,5101
223,2799,49.0,4899
2799,1072,49.4,4935
1072,2799,50.6,5065
2799,4728,42.8,4275
4728,2799,57.2,5725
2799,1037,43.9,4390
1037,2799,56.1,5610
2799,4363,51.5,5155
4363,2799,48.4,4845
2799,4916,53.9,5395
4916,2799,46.1,4605
2799,1690,42.3,4232
1690,2799,57.7,5768
2799,4909,54.8,5482
4909,2799,45.2,4518
2799,285,41.5,4155
285,2799,58.5,5845
2799,211,52.1,5210
211,2799,47.9,4790
2799,1719,41.4,4137
1719,2799,58.6,5863
2799,4546,66.9,6690
4546,2799,33.1,3310
2799,2043,51.3,5130
2043,2799,48.7,4870
2799,4541,87.2,8720
4541,2799,12.8,1280
2799,4603,44.9,4485
4603,2799,55.1,5515
2799,4914,71.5,7154
4914,2799,28.5,2846
2799,2037,54.8,5475
2037,2799,45.2,4525
2799,194,27.3,2728
194,2799,72.7,7272
2799,3712,46.4,4639
3712,2799,53.6,5361
2799,1722,47.3,4730
1722,2799,52.7,5270
2799,77,46.9,4692
77,2799,53.1,5308
2799,1687,52.6,5265
1687,2799,47.3,4735
2799,4256,48.4,4835
4256,2799,51.6,5165
2799,4528,59.2,5922
4528,2799,40.8,4078
2799,4923,60.4,6036
4923,2799,39.6,3964
2799,942,49.1,4913
942,2799,50.9,5087
2799,1016,65.7,6574
1016,2799,34.3,3426
2799,253,42.1,4206
253,2799,57.9,5794
2799,1693,21.1,2109
1693,2799,78.9,7891
2799,1728,37.9,3793
1728,2799,62.1,6207
2799,1535,41.2,4124
1535,2799,58.8,5876
2799,4522,77.8,7785
4522,2799,22.1,2215
2799,287,42.2,4219
287,2799,57.8,5781
2799,1172,48.5,4846
1172,2799,51.5,5154
2799,4912,72.8,7279
4912,2799,27.2,2721
2799,1696,12.8,1281
1696,2799,87.2,8719
2799,283,56.0,5600
283,2799,44.0,4400
2799,1563,34.6,3456
1563,2799,65.4,6544
2799,4531,53.7,5366
4531,2799,46.3,4634
2799,245,32.4,3235
245,2799,67.7,6765
2799,4800,47.7,4770
4800,2799,52.3,5230
2799,241,46.1,4609
241,2799,53.9,5391
2799,1084,44.0,4397
1084,2799,56.0,5603
2799,2046,53.0,5300
2046,2799,47.0,4700
2799,1557,65.1,6515
1557,2799,34.8,3485
2799,1041,37.3,3734
1041,2799,62.7,6266
2799,4255,46.1,4614
4255,2799,53.9,5386
2799,1684,28.7,2871
1684,2799,71.3,7129
2799,4864,25.2,2520
4864,2799,74.8,7480
2799,1487,36.7,3670
1487,2799,63.3,6330
2799,239,33.6,3361
239,2799,66.4,6639
2799,196,19.4,1936
196,2799,80.6,8064
2799,279,30.3,3029
279,2799,69.7,6971
2799,4919,68.1,6811
4919,2799,31.9,3189
2799,4524,65.3,6534
4524,2799,34.7,3466
2799,4788,45.1,4513
4788,2799,54.9,5487
179,1075,68.2,6815
1075,179,31.9,3185
179,4538,89.3,8934
4538,179,10.7,1066
179,4258,72.2,7219
4258,179,27.8,2781
179,4906,76.2,7616
4906,179,23.8,2384
179,1019,74.1,7406
1019,179,25.9,2594
179,4597,74.5,7446
4597,179,25.5,2554
179,217,46.8,4678
217,179,53.2,5322
179,261,72.8,7276
261,179,27.2,2724
179,1520,63.5,6352
1520,179,36.5,3648
179,1292,79.6,7964
1292,179,20.4,2036
179,269,76.8,7682
269,179,23.2,2318
179,1148,80.8,8081
1148,179,19.2,1919
179,223,74.1,7413
223,179,25.9,2587
179,1072,74.1,7410
1072,179,25.9,2590
179,4728,68.2,6820
4728,179,31.8,3180
179,1037,70.2,7021
1037,179,29.8,2979
179,4363,75.8,7582
4363,179,24.2,2418
179,4916,76.8,7680
4916,179,23.2,2320
179,1690,68.5,6855
1690,179,31.4,3145
179,4909,77.9,7790
4909,179,22.1,2210
179,285,65.1,6510
285,179,34.9,3490
179,211,75.6,7563
211,179,24.4,2437
179,1719,67.2,6718
1719,179,32.8,3282
179,4546,85.5,8555
4546,179,14.4,1445
179,2043,74.9,7493
2043,179,25.1,2507
179,4541,96.2,9619
4541,179,3.8,381
179,4603,68.8,6884
4603,179,31.2,3116
179,4914,88.8,8876
4914,179,11.2,1124
179,2037,77.4,7741
2037,179,22.6,2259
179,194,52.2,5219
194,179,47.8,4781
179,3712,71.6,7163
3712,179,28.4,2837
179,1722,71.0,7095
1722,179,29.0,2905
179,77,70.2,7020
77,179,29.8,2980
179,1687,75.7,7569
1687,179,24.3,2431
179,4256,73.0,7300
4256,179,27.0,2700
179,4528,81.1,8107
4528,179,18.9,1893
179,4923,81.5,8152
4923,179,18.5,1848
179,942,74.2,7421
942,179,25.8,2579
179,1016,85.5,8551
1016,179,14.5,1449
179,253,66.7,6668
253,179,33.3,3332
179,1693,44.0,4399
1693,179,56.0,5601
179,1728,62.7,6274
1728,179,37.3,3726
179,1535,67.3,6726
1535,179,32.7,3274
179,4522,91.6,9161
4522,179,8.4,839
179,287,67.8,6775
287,179,32.2,3225
179,1172,71.2,7124
1172,179,28.8,2876
179,4912,89.7,8970
4912,179,10.3,1030
179,1696,31.4,3140
1696,179,68.6,6860
179,283,78.7,7870
283,179,21.3,2130
179,1563,60.0,5996
1563,179,40.0,4004
179,4531,77.0,7696
4531,179,23.0,2304
179,245,56.8,5676
245,179,43.2,4324
179,4800,71.4,7139
4800,179,28.6,2861
179,241,70.6,7058
241,179,29.4,2942
179,1084,68.1,6814
1084,179,31.9,3186
179,2046,77.5,7754
2046,179,22.5,2246
179,1557,85.0,8499
1557,179,15.0,1501
179,1041,62.7,6266
1041,179,37.3,3734
179,4255,70.9,7092
4255,179,29.1,2908
179,1684,54.1,5408
1684,179,45.9,4592
179,4864,50.0,4999
4864,179,50.0,5001
179,1487,61.2,6119
1487,179,38.8,3881
179,239,58.0,5804
239,179,42.0,4196
179,196,42.3,4233
196,179,57.7,5767
179,279,56.4,5641
279,179,43.6,4359
179,4919,86.2,8617
4919,179,13.8,1383
179,4524,85.2,8525
4524,179,14.8,1475
179,4788,68.7,6866
4788,179,31.3,3134
1075,4538,78.7,7871
4538,1075,21.3,2129
1075,4258,54.0,5402
4258,1075,46.0,4598
1075,4906,60.0,5996
4906,1075,40.0,4004
1075,1019,56.2,5617
1019,1075,43.8,4383
1075,4597,58.6,5862
4597,1075,41.4,4138
1075,217,29.3,2934
217,1075,70.7,7066
1075,261,54.6,5463
261,1075,45.4,4537
1075,1520,44.2,4422
1520,1075,55.8,5578
1075,1292,63.4,6338
1292,1075,36.6,3662
1075,269,60.0,5997
269,1075,40.0,4003
1075,1148,65.1,6513
1148,1075,34.9,3487
1075,223,57.6,5761
223,1075,42.4,4239
1075,1072,56.6,5660
1072,1075,43.4,4340
1075,4728,49.3,4930
4728,1075,50.7,5070
1075,1037,51.2,5124
1037,1075,48.8,4876
1075,4363,58.5,5852
4363,1075,41.5,4148
1075,4916,58.6,5859
4916,1075,41.4,4141
1075,1690,49.5,4948
1690,1075,50.5,5052
1075,4909,61.2,6124
4909,1075,38.8,3876
1075,285,47.8,4782
285,1075,52.2,5218
1075,211,58.3,5828
211,1075,41.7,4172
1075,1719,49.2,4917
1719,1075,50.8,5083
1075,4546,72.2,7218
4546,1075,27.8,2782
1075,2043,58.7,5870
2043,1075,41.3,4130
1075,4541,90.1,9008
4541,1075,9.9,992
1075,4603,50.5,5046
4603,1075,49.5,4954
1075,4914,76.8,7682
4914,1075,23.2,2318
1075,2037,61.4,6135
2037,1075,38.6,3865
1075,194,34.3,3434
194,1075,65.7,6566
1075,3712,53.3,5329
3712,1075,46.7,4671
1075,1722,53.9,5389
1722,1075,46.1,4611
1075,77,52.7,5268
77,1075,47.3,4732
1075,1687,58.5,5849
1687,1075,41.5,4151
1075,4256,55.8,5581
4256,1075,44.2,4419
1075,4528,66.1,6610
4528,1075,33.9,3390
1075,4923,66.9,6693
4923,1075,33.1,3307
1075,942,55.9,5588
942,1075,44.1,4412
1075,1016,73.0,7297
1016,1075,27.0,2703
1075,253,48.9,4886
253,1075,51.1,5114
1075,1693,26.6,2662
1693,1075,73.4,7338
1075,1728,44.7,4471
1728,1075,55.3,5529
1075,1535,48.2,4825
1535,1075,51.7,5175
1075,4522,82.2,8224
4522,1075,17.8,1776
1075,287,49.7,4968
287,1075,50.3,5032
1075,1172,54.8,5480
1172,1075,45.2,4520
1075,4912,77.7,7772
4912,1075,22.3,2228
1075,1696,15.9,1594
1696,1075,84.1,8406
1075,283,61.8,6179
283,1075,38.2,3821
1075,1563,41.3,4133
1563,1075,58.7,5867
1075,4531,59.2,5918
4531,1075,40.8,4082
1075,245,38.5,3850
245,1075,61.5,6150
1075,4800,54.2,5419
4800,1075,45.8,4581
1075,241,53.1,5314
241,1075,46.9,4686
1075,1084,49.6,4965
1084,1075,50.3,5035
1075,2046,60.4,6038
2046,1075,39.6,3962
1075,1557,70.1,7013
1557,1075,29.9,2987
1075,1041,43.6,4363
1041,1075,56.4,5637
1075,4255,52.6,5261
4255,1075,47.4,4739
1075,1684,35.6,3561
1684,1075,64.4,6439
1075,4864,32.0,3198
4864,1075,68.0,6802
1075,1487,42.9,4291
1487,1075,57.1,5709
1075,239,40.1,4006
239,1075,59.9,5994
1075,196,25.2,2518
196,1075,74.8,7482
1075,279,37.6,3765
279,1075,62.4,6235
1075,4919,72.6,7263
4919,1075,27.4,2737
1075,4524,71.4,7135
4524,1075,28.6,2865
1075,4788,51.6,5163
4788,1075,48.4,4837
4538,4258,24.1,2408
4258,4538,75.9,7592
4538,4906,28.9,2893
4906,4538,71.1,7107
4538,1019,25.8,2576
1019,4538,74.2,7424
4538,4597,27.9,2786
4597,4538,72.1,7214
4538,217,8.8,884
217,4538,91.2,9116
4538,261,25.2,2524
261,4538,74.8,7476
4538,1520,17.0,1703
1520,4538,83.0,8297
4538,1292,32.6,3260
1292,4538,67.4,6740
4538,269,29.4,2942
269,4538,70.6,7058
4538,1148,34.0,3404
1148,4538,66.0,6596
4538,223,26.3,2626
223,4538,73.7,7374
4538,1072,26.2,2625
1072,4538,73.8,7375
4538,4728,21.5,2148
4728,4538,78.5,7852
4538,1037,21.4,2137
1037,4538,78.6,7863
4538,4363,28.3,2830
4363,4538,71.7,7170
4538,4916,29.4,2936
4916,4538,70.6,7064
4538,1690,20.3,2032
1690,4538,79.7,7968
4538,4909,30.3,3026
4909,4538,69.7,6974
4538,285,19.8,1982
285,4538,80.2,8018
4538,211,28.3,2827
211,4538,71.7,7173
4538,1719,20.7,2074
1719,4538,79.3,7926
4538,4546,42.9,4288
4546,4538,57.1,5712
4538,2043,28.0,2797
2043,4538,72.0,7203
4538,4541,69.0,6902
4541,4538,31.0,3098
4538,4603,21.6,2165
4603,4538,78.3,7835
4538,4914,47.2,4723
4914,4538,52.8,5277
4538,2037,29.9,2988
2037,4538,70.1,7012
4538,194,11.7,1173
194,4538,88.3,8827
4538,3712,23.2,2323
3712,4538,76.8,7677
4538,1722,24.4,2440
1722,4538,75.6,7560
4538,77,23.4,2343
77,4538,76.6,7657
4538,1687,28.4,2837
1687,4538,71.6,7163
4538,4256,25.5,2551
4256,4538,74.5,7449
4538,4528,35.2,3523
4528,4538,64.8,6477
4538,4923,35.6,3559
4923,4538,64.4,6441
4538,942,25.3,2530
942,4538,74.7,7470
4538,1016,42.1,4206
1016,4538,57.9,5794
4538,253,20.1,2012
253,4538,79.9,7988
4538,1693,7.7,771
1693,4538,92.3,9229
4538,1728,17.3,1734
1728,4538,82.7,8266
4538,1535,19.6,1964
1535,4538,80.4,8036
4538,4522,56.0,5599
4522,4538,44.0,4401
4538,287,21.6,2156
287,4538,78.4,7844
4538,1172,24.3,2433
1172,4538,75.7,7567
4538,4912,50.2,5016
4912,4538,49.8,4984
4538,1696,4.0,401
1696,4538,96.0,9599
4538,283,31.8,3178
283,4538,68.2,6822
4538,1563,15.8,1581
1563,4538,84.2,8419
4538,4531,28.5,2853
4531,4538,71.5,7147
4538,245,14.5,1449
245,4538,85.5,8551
4538,4800,24.8,2478
4800,4538,75.2,7522
4538,241,23.2,2318
241,4538,76.8,7682
4538,1084,21.1,2114
1084,4538,78.9,7886
4538,2046,29.5,2952
2046,4538,70.5,7048
4538,1557,39.2,3916
1557,4538,60.8,6084
4538,1041,17.1,1707
1041,4538,82.9,8293
4538,4255,23.3,2334
4255,4538,76.7,7666
4538,1684,12.4,1237
1684,4538,87.6,8763
4538,4864,10.6,1060
4864,4538,89.4,8940
4538,1487,16.7,1665
1487,4538,83.4,8335
4538,239,14.3,1433
239,4538,85.7,8567
4538,196,6.8,681
196,4538,93.2,9319
4538,279,13.2,1322
279,4538,86.8,8678
4538,4919,42.8,4281
4919,4538,57.2,5719
4538,4524,40.8,4084
4524,4538,59.2,5916
4538,4788,22.2,2217
4788,4538,77.8,7783
4258,4906,56.3,5629
4906,4258,43.7,4371
4258,1019,52.6,5259
1019,4258,47.4,4741
4258,4597,54.3,5434
4597,4258,45.7,4566
4258,217,25.1,2511
217,4258,74.9,7489
4258,261,49.9,4986
261,4258,50.1,5014
4258,1520,40.4,4036
1520,4258,59.6,5964
4258,1292,59.3,5926
1292,4258,40.7,4074
4258,269,55.4,5544
269,4258,44.6,4456
4258,1148,60.7,6074
1148,4258,39.3,3926
4258,223,52.8,5278
223,4258,47.2,4722
4258,1072,53.9,5388
1072,4258,46.1,4612
4258,4728,45.1,4505
4728,4258,54.9,5495
4258,1037,46.6,4664
1037,4258,53.4,5336
4258,4363,54.4,5443
4363,4258,45.6,4557
4258,4916,54.9,5489
4916,4258,45.1,4511
4258,1690,45.0,4497
1690,4258,55.0,5503
4258,4909,57.0,5703
4909,4258,43.0,4297
4258,285,44.0,4397
285,4258,56.0,5603
4258,211,55.8,5579
211,4258,44.2,4421
4258,1719,44.1,4412
1719,4258,55.9,5588
4258,4546,68.5,6855
4546,4258,31.4,3145
4258,2043,53.6,5365
2043,4258,46.4,4635
4258,4541,87.4,8740
4541,4258,12.6,1260
4258,4603,46.2,4620
4603,4258,53.8,5380
4258,4914,73.8,7379
4914,4258,26.2,2621
4258,2037,57.3,5731
2037,4258,42.7,4269
4258,194,29.8,2983
194,4258,70.2,7017
4258,3712,48.4,4844
3712,4258,51.6,5156
4258,1722,49.2,4922
1722,4258,50.8,5078
4258,77,47.9,4791
77,4258,52.1,5209
4258,1687,54.4,5444
1687,4258,45.6,4556
4258,4256,51.2,5121
4256,4258,48.8,4879
4258,4528,62.0,6204
4528,4258,38.0,3796
4258,4923,62.8,6276
4923,4258,37.2,3724
4258,942,50.9,5095
942,4258,49.0,4905
4258,1016,68.6,6860
1016,4258,31.4,3140
4258,253,43.8,4382
253,4258,56.2,5618
4258,1693,23.5,2347
1693,4258,76.5,7653
4258,1728,39.6,3965
1728,4258,60.4,6035
4258,1535,43.3,4332
1535,4258,56.7,5668
4258,4522,79.4,7944
4522,4258,20.6,2056
4258,287,45.4,4538
287,4258,54.6,5462
4258,1172,49.5,4955
1172,4258,50.4,5045
4258,4912,75.5,7553
4912,4258,24.5,2447
4258,1696,14.4,1441
1696,4258,85.6,8559
4258,283,58.7,5872
283,4258,41.3,4128
4258,1563,37.3,3727
1563,4258,62.7,6273
4258,4531,55.2,5521
4531,4258,44.8,4479
4258,245,34.2,3425
245,4258,65.8,6575
4258,4800,49.8,4982
4800,4258,50.2,5018
4258,241,48.8,4875
241,4258,51.2,5125
4258,1084,45.2,4520
1084,4258,54.8,5480
4258,2046,56.6,5661
2046,4258,43.4,4339
4258,1557,67.6,6757
1557,4258,32.4,3243
4258,1041,39.8,3981
1041,4258,60.2,6019
4258,4255,47.8,4784
4255,4258,52.2,5216
4258,1684,31.0,3101
1684,4258,69.0,6899
4258,4864,27.1,2710
4864,4258,72.9,7290
4258,1487,39.0,3899
1487,4258,61.0,6101
4258,239,36.1,3607
239,4258,63.9,6393
4258,196,20.9,2090
196,4258,79.1,7910
4258,279,33.4,3337
279,4258,66.6,6663
4258,4919,69.8,6981
4919,4258,30.2,3019
4258,4524,68.4,6838
4524,4258,31.6,3162
4258,4788,48.1,4813
4788,4258,51.9,5187
4906,1019,46.3,4629
1019,4906,53.7,5371
4906,4597,49.5,4955
4597,4906,50.4,5045
4906,217,21.9,2187
217,4906,78.1,7813
4906,261,45.7,4567
261,4906,54.3,5433
4906,1520,35.4,3541
1520,4906,64.6,6459
4906,1292,54.5,5453
1292,4906,45.5,4547
4906,269,50.7,5073
269,4906,49.3,4927
4906,1148,55.6,5563
1148,4906,44.4,4437
4906,223,47.2,4725
223,4906,52.8,5275
4906,1072,46.8,4675
1072,4906,53.2,5325
4906,4728,41.4,4138
4728,4906,58.6,5862
4906,1037,42.5,4248
1037,4906,57.5,5752
4906,4363,48.2,4819
4363,4906,51.8,5181
4906,4916,50.5,5053
4916,4906,49.5,4947
4906,1690,39.9,3989
1690,4906,60.1,6011
4906,4909,52.4,5237
4909,4906,47.6,4763
4906,285,38.4,3843
285,4906,61.6,6157
4906,211,48.8,4883
211,4906,51.2,5117
4906,1719,39.0,3903
1719,4906,61.0,6097
4906,4546,64.0,6400
4546,4906,36.0,3600
4906,2043,49.0,4897
2043,4906,51.0,5103
4906,4541,84.8,8480
4541,4906,15.2,1520
4906,4603,41.5,4150
4603,4906,58.5,5850
4906,4914,69.1,6911
4914,4906,30.9,3089
4906,2037,51.9,5186
2037,4906,48.1,4814
4906,194,25.7,2569
194,4906,74.3,7431
4906,3712,44.9,4485
3712,4906,55.1,5515
4906,1722,45.0,4496
1722,4906,55.0,5504
4906,77,44.1,4412
77,4906,55.9,5588
4906,1687,49.2,4924
1687,4906,50.8,5076
4906,4256,46.4,4638
4256,4906,53.6,5362
4906,4528,56.3,5627
4528,4906,43.7,4373
4906,4923,57.0,5702
4923,4906,43.0,4298
4906,942,46.5,4651
942,4906,53.5,5349
4906,1016,64.2,6421
1016,4906,35.8,3579
4906,253,39.1,3914
253,4906,60.9,6086
4906,1693,19.4,1941
1693,4906,80.6,8059
4906,1728,34.9,3488
1728,4906,65.1,6512
4906,1535,38.5,3852
1535,4906,61.5,6148
4906,4522,75.3,7533
4522,4906,24.7,2467
4906,287,40.4,4035
287,4906,59.7,5965
4906,1172,44.1,4413
1172,4906,55.9,5587
4906,4912,70.5,7046
4912,4906,29.5,2954
4906,1696,11.3,1132
1696,4906,88.7,8868
4906,283,53.4,5341
283,4906,46.6,4659
4906,1563,32.2,3216
1563,4906,67.8,6784
4906,4531,49.7,4967
4531,4906,50.3,5033
4906,245,29.9,2988
245,4906,70.1,7012
4906,4800,44.0,4395
4800,4906,56.0,5605
4906,241,43.9,4390
241,4906,56.1,5610
4906,1084,40.5,4047
1084,4906,59.5,5953
4906,2046,50.0,4996
2046,4906,50.0,5004
4906,1557,62.0,6195
1557,4906,38.0,3805
4906,1041,34.8,3478
1041,4906,65.2,6522
4906,4255,42.8,4283
4255,4906,57.2,5717
4906,1684,27.1,2714
1684,4906,72.9,7286
4906,4864,23.2,2320
4864,4906,76.8,7680
4906,1487,34.2,3423
1487,4906,65.8,6577
4906,239,30.5,3050
239,4906,69.5,6950
4906,196,17.8,1785
196,4906,82.2,8215
4906,279,29.0,2901
279,4906,71.0,7099
4906,4919,64.9,6492
4919,4906,35.1,3508
4906,4524,62.7,6273
4524,4906,37.3,3727
4906,4788,42.3,4231
4788,4906,57.7,5769
1019,4597,51.1,5109
4597,1019,48.9,4891
1019,217,23.4,2337
217,1019,76.6,7663
1019,261,47.6,4765
261,1019,52.3,5235
1019,1520,38.4,3836
1520,1019,61.6,6164
1019,1292,57.0,5705
1292,1019,43.0,4295
1019,269,52.4,5243
269,1019,47.6,4757
1019,1148,57.5,5748
1148,1019,42.5,4252
1019,223,50.0,5001
223,1019,50.0,4999
1019,1072,50.0,4996
1072,1019,50.0,5004
1019,4728,42.5,4255
4728,1019,57.5,5745
1019,1037,44.6,4461
1037,1019,55.4,5539
1019,4363,51.6,5159
4363,1019,48.4,4841
1019,4916,52.9,5286
4916,1019,47.1,4714
1019,1690,42.3,4229
1690,1019,57.7,5771
1019,4909,54.0,5401
4909,1019,46.0,4599
1019,285,40.2,4024
285,1019,59.8,5976
1019,211,51.5,5150
211,1019,48.5,4850
1019,1719,41.7,4166
1719,1019,58.3,5834
1019,4546,66.3,6635
4546,1019,33.7,3365
1019,2043,50.4,5040
2043,1019,49.6,4960
1019,4541,86.2,8621
4541,1019,13.8,1379
1019,4603,43.7,4367
4603,1019,56.3,5633
1019,4914,71.1,7106
4914,1019,28.9,2894
1019,2037,55.4,5539
2037,1019,44.6,4461
1019,194,28.0,2797
194,1019,72.0,7203
1019,3712,47.2,4720
3712,1019,52.8,5280
1019,1722,47.2,4724
1722,1019,52.8,5276
1019,77,46.7,4670
77,1019,53.3,5330
1019,1687,52.1,5210
1687,1019,47.9,4790
1019,4256,49.5,4949
4256,1019,50.5,5051
1019,4528,59.3,5930
4528,1019,40.7,4070
1019,4923,59.8,5981
4923,1019,40.2,4019
1019,942,49.3,4926
942,1019,50.7,5074
1019,1016,66.4,6640
1016,1019,33.6,3360
1019,253,41.4,4137
253,1019,58.6,5863
1019,1693,21.1,2106
1693,1019,78.9,7894
1019,1728,37.7,3771
1728,1019,62.3,6229
1019,1535,41.8,4183
1535,1019,58.2,5817
1019,4522,77.4,7738
4522,1019,22.6,2262
1019,287,42.7,4273
287,1019,57.3,5727
1019,1172,46.1,4606
1172,1019,53.9,5394
1019,4912,73.0,7303
4912,1019,27.0,2697
1019,1696,12.7,1268
1696,1019,87.3,8732
1019,283,55.6,5556
283,1019,44.4,4444
1019,1563,34.9,3495
1563,1019,65.0,6505
1019,4531,53.6,5356
4531,1019,46.4,4644
1019,245,32.6,3255
245,1019,67.5,6745
1019,4800,47.8,4783
4800,1019,52.2,5217
1019,241,47.3,4729
241,1019,52.7,5271
1019,1084,43.2,4324
1084,1019,56.8,5676
1019,2046,53.0,5305
2046,1019,46.9,4695
1019,1557,64.3,6435
1557,1019,35.6,3565
1019,1041,38.2,3816
1041,1019,61.8,6184
1019,4255,46.4,4644
4255,1019,53.6,5356
1019,1684,29.4,2940
1684,1019,70.6,7060
1019,4864,25.7,2572
4864,1019,74.3,7428
1019,1487,35.9,3586
1487,1019,64.1,6414
1019,239,33.4,3344
239,1019,66.6,6656
1019,196,19.7,1972
196,1019,80.3,8028
1019,279,31.0,3103
279,1019,69.0,6897
1019,4919,68.3,6831
4919,1019,31.7,3169
1019,4524,65.5,6549
4524,1019,34.5,3451
1019,4788,44.8,4482
4788,1019,55.2,5518
4597,217,22.0,2196
217,4597,78.0,7804
4597,261,46.0,4601
261,4597,54.0,5399
4597,1520,36.0,3596
1520,4597,64.0,6404
4597,1292,55.8,5583
1292,4597,44.2,4417
4597,269,50.7,5075
269,4597,49.2,4925
4597,1148,56.6,5662
1148,4597,43.4,4338
4597,223,48.8,4882
223,4597,51.2,5118
4597,1072,48.8,4879
1072,4597,51.2,5121
4597,4728,42.1,4207
4728,4597,57.9,5793
4597,1037,41.8,4178
1037,4597,58.2,5822
4597,4363,50.3,5034
4363,4597,49.7,4966
4597,4916,51.6,5163
4916,4597,48.4,4837
4597,1690,41.0,4100
1690,4597,59.0,5900
4597,4909,52.3,5228
4909,4597,47.7,4772
4597,285,39.2,3919
285,4597,60.8,6081
4597,211,49.2,4924
211,4597,50.8,5076
4597,1719,40.3,4028
1719,4597,59.7,5972
4597,4546,66.1,6615
4546,4597,33.9,3385
4597,2043,48.9,4894
2043,4597,51.1,5106
4597,4541,85.4,8537
4541,4597,14.6,1463
4597,4603,42.7,4274
4603,4597,57.3,5726
4597,4914,69.1,6912
4914,4597,30.9,3088
4597,2037,53.2,5317
2037,4597,46.8,4683
4597,194,27.5,2748
194,4597,72.5,7252
4597,3712,44.9,4488
3712,4597,55.1,5512
4597,1722,46.4,4642
1722,4597,53.6,5358
4597,77,44.1,4406
77,4597,55.9,5594
4597,1687,50.1,5011
1687,4597,49.9,4989
4597,4256,47.5,4755
4256,4597,52.4,5245
4597,4528,58.0,5796
4528,4597,42.0,4204
4597,4923,58.6,5855
4923,4597,41.4,4145
4597,942,48.8,4883
942,4597,51.2,5117
4597,1016,65.1,6508
1016,4597,34.9,3492
4597,253,40.4,4039
253,4597,59.6,5961
4597,1693,20.6,2056
1693,4597,79.4,7944
4597,1728,35.6,3557
1728,4597,64.4,6443
4597,1535,40.9,4095
1535,4597,59.1,5905
4597,4522,76.3,7632
4522,4597,23.7,2368
4597,287,40.5,4046
287,4597,59.5,5954
4597,1172,45.6,4555
1172,4597,54.4,5445
4597,4912,71.9,7188
4912,4597,28.1,2812
4597,1696,11.9,1195
1696,4597,88.0,8805
4597,283,54.8,5480
283,4597,45.2,4520
4597,1563,33.4,3343
1563,4597,66.6,6657
4597,4531,50.5,5050
4531,4597,49.5,4950
4597,245,30.5,3048
245,4597,69.5,6952
4597,4800,45.2,4517
4800,4597,54.8,5483
4597,241,44.5,4446
241,4597,55.5,5554
4597,1084,41.3,4132
1084,4597,58.7,5868
4597,2046,52.8,5280
2046,4597,47.2,4720
4597,1557,63.3,6329
1557,4597,36.7,3671
4597,1041,35.7,3574
1041,4597,64.3,6426
4597,4255,44.8,4481
4255,4597,55.2,5519
4597,1684,27.8,2784
1684,4597,72.2,7216
4597,4864,24.0,2403
4864,4597,76.0,7597
4597,1487,35.3,3531
1487,4597,64.7,6469
4597,239,31.0,3097
239,4597,69.0,6903
4597,196,18.4,1840
196,4597,81.6,8160
4597,279,29.2,2918
279,4597,70.8,7082
4597,4919,64.7,6471
4919,4597,35.3,3529
4597,4524,63.1,6311
4524,4597,36.9,3689
4597,4788,41.9,4185
4788,4597,58.1,5815
217,261,75.1,7509
261,217,24.9,2491
217,1520,65.8,6582
1520,217,34.2,3418
217,1292,81.6,8159
1292,217,18.4,1841
217,269,78.4,7837
269,217,21.6,2163
217,1148,82.7,8273
1148,217,17.3,1727
217,223,76.9,7688
223,217,23.1,2312
217,1072,76.0,7604
1072,217,24.0,2396
217,4728,70.6,7056
4728,217,29.4,2944
217,1037,71.0,7098
1037,217,29.0,2902
217,4363,78.4,7838
4363,217,21.6,2162
217,4916,79.0,7898
4916,217,21.0,2102
217,1690,69.6,6963
1690,217,30.4,3037
217,4909,78.9,7887
4909,217,21.1,2113
217,285,68.4,6838
285,217,31.6,3162
217,211,77.0,7703
211,217,23.0,2297
217,1719,69.8,6983
1719,217,30.2,3017
217,4546,88.0,8801
4546,217,12.0,1199
217,2043,77.8,7779
2043,217,22.2,2221
217,4541,96.7,9674
4541,217,3.3,326
217,4603,71.1,7108
4603,217,28.9,2892
217,4914,89.6,8965
4914,217,10.3,1035
217,2037,79.9,7992
2037,217,20.1,2008
217,194,55.4,5536
194,217,44.6,4464
217,3712,73.9,7389
3712,217,26.1,2611
217,1722,74.3,7434
1722,217,25.7,2566
217,77,72.9,7289
77,217,27.1,2711
217,1687,78.0,7805
1687,217,21.9,2195
217,4256,75.9,7590
4256,217,24.1,2410
217,4528,82.8,8277
4528,217,17.2,1723
217,4923,83.7,8368
4923,217,16.3,1632
217,942,75.8,7583
942,217,24.2,2417
217,1016,87.6,8762
1016,217,12.4,1238
217,253,70.0,7000
253,217,30.0,3000
217,1693,46.9,4691
1693,217,53.1,5309
217,1728,64.9,6487
1728,217,35.1,3513
217,1535,69.8,6979
1535,217,30.2,3021
217,4522,93.2,9323
4522,217,6.8,677
217,287,71.4,7136
287,217,28.6,2864
217,1172,74.7,7470
1172,217,25.3,2530
217,4912,90.8,9079
4912,217,9.2,921
217,1696,33.4,3344
1696,217,66.6,6656
217,283,80.7,8069
283,217,19.3,1931
217,1563,63.7,6374
1563,217,36.3,3626
217,4531,78.6,7861
4531,217,21.4,2139
217,245,60.4,6038
245,217,39.6,3962
217,4800,74.0,7400
4800,217,26.0,2600
217,241,74.0,7397
241,217,26.0,2603
217,1084,70.6,7058
1084,217,29.4,2942
217,2046,80.1,8010
2046,217,19.9,1990
217,1557,86.0,8602
1557,217,14.0,1398
217,1041,65.3,6535
1041,217,34.6,3465
217,4255,73.3,7331
4255,217,26.7,2669
217,1684,57.5,5753
1684,217,42.5,4247
217,4864,52.4,5241
4864,217,47.6,4759
217,1487,65.2,6524
1487,217,34.8,3476
217,239,61.2,6115
239,217,38.9,3885
217,196,43.6,4365
196,217,56.4,5635
217,279,60.4,6042
279,217,39.6,3958
217,4919,87.4,8737
4919,217,12.6,1263
217,4524,86.1,8610
4524,217,13.9,1390
217,4788,72.1,7213
4788,217,27.9,2787
261,1520,39.9,3994
1520,261,60.1,6006
261,1292,59.8,5981
1292,261,40.2,4019
261,269,54.0,5403
269,261,46.0,4597
261,1148,60.2,6024
1148,261,39.8,3976
261,223,51.8,5179
223,261,48.2,4821
261,1072,53.2,5317
1072,261,46.8,4683
261,4728,44.0,4400
4728,261,56.0,5600
261,1037,45.8,4575
1037,261,54.2,5425
261,4363,53.7,5367
4363,261,46.3,4633
261,4916,54.7,5469
4916,261,45.3,4531
261,1690,45.4,4540
1690,261,54.6,5460
261,4909,56.3,5630
4909,261,43.7,4370
261,285,43.1,4312
285,261,56.9,5688
261,211,53.3,5329
211,261,46.7,4671
261,1719,43.5,4354
1719,261,56.5,5646
261,4546,68.6,6857
4546,261,31.4,3143
261,2043,53.4,5342
2043,261,46.6,4658
261,4541,87.5,8748
4541,261,12.5,1252
261,4603,45.9,4594
4603,261,54.1,5406
261,4914,73.3,7328
4914,261,26.7,2672
261,2037,57.7,5774
2037,261,42.3,4226
261,194,29.9,2986
194,261,70.1,7014
261,3712,49.1,4910
3712,261,50.9,5090
261,1722,48.9,4892
1722,261,51.1,5108
261,77,47.3,4730
77,261,52.7,5270
261,1687,53.6,5358
1687,261,46.4,4642
261,4256,50.2,5017
4256,261,49.8,4983
261,4528,61.0,6101
4528,261,39.0,3899
261,4923,62.7,6267
4923,261,37.3,3733
261,942,51.1,5109
942,261,48.9,4891
261,1016,66.6,6665
1016,261,33.4,3335
261,253,43.0,4301
253,261,57.0,5699
261,1693,22.8,2280
1693,261,77.2,7720
261,1728,39.7,3966
1728,261,60.3,6034
261,1535,43.3,4327
1535,261,56.7,5673
261,4522,78.8,7882
4522,261,21.2,2118
261,287,43.3,4333
287,261,56.7,5667
261,1172,49.3,4933
1172,261,50.7,5067
261,4912,74.0,7404
4912,261,26.0,2596
261,1696,13.5,1346
1696,261,86.5,8654
261,283,57.0,5700
283,261,43.0,4300
261,1563,36.4,3641
1563,261,63.6,6359
261,4531,53.8,5385
4531,261,46.2,4615
261,245,33.7,3372
245,261,66.3,6628
261,4800,49.1,4915
4800,261,50.8,5085
261,241,47.3,4727
241,261,52.7,5273
261,1084,45.1,4507
1084,261,54.9,5493
261,2046,54.3,5431
2046,261,45.7,4569
261,1557,66.5,6648
1557,261,33.5,3352
261,1041,39.7,3971
1041,261,60.3,6029
261,4255,47.5,4752
4255,261,52.5,5248
261,1684,31.6,3159
1684,261,68.4,6841
261,4864,27.2,2716
4864,261,72.8,7284
261,1487,38.2,3818
1487,261,61.8,6182
261,239,34.0,3402
239,261,66.0,6598
261,196,21.3,2128
196,261,78.7,7872
261,279,33.0,3299
279,261,67.0,6701
261,4919,68.8,6880
4919,261,31.2,3120
261,4524,67.4,6736
4524,261,32.6,3264
261,4788,46.6,4655
4788,261,53.4,5345
1520,1292,68.7,6868
1292,1520,31.3,3132
1520,269,64.5,6445
269,1520,35.5,3555
1520,1148,70.1,7012
1148,1520,29.9,2988
1520,223,64.0,6405
223,1520,35.9,3595
1520,1072,62.1,6212
1072,1520,37.9,3788
1520,4728,55.0,5499
4728,1520,45.0,4501
1520,1037,57.0,5704
1037,1520,43.0,4296
1520,4363,63.5,6346
4363,1520,36.5,3654
1520,4916,65.0,6501
4916,1520,35.0,3499
1520,1690,54.6,5462
1690,1520,45.4,4538
1520,4909,65.7,6570
4909,1520,34.3,3430
1520,285,54.3,5426
285,1520,45.7,4574
1520,211,64.1,6412
211,1520,35.9,3588
1520,1719,53.3,5335
1719,1520,46.7,4665
1520,4546,77.1,7712
4546,1520,22.9,2288
1520,2043,63.3,6327
2043,1520,36.7,3673
1520,4541,92.1,9213
4541,1520,7.9,787
1520,4603,55.6,5564
4603,1520,44.4,4436
1520,4914,80.4,8040
4914,1520,19.6,1960
1520,2037,66.9,6691
2037,1520,33.1,3309
1520,194,39.2,3925
194,1520,60.8,6075
1520,3712,58.4,5837
3712,1520,41.6,4163
1520,1722,60.4,6041
1722,1520,39.6,3959
1520,77,58.6,5859
77,1520,41.4,4141
1520,1687,64.3,6434
1687,1520,35.7,3566
1520,4256,61.2,6115
4256,1520,38.9,3885
1520,4528,70.7,7069
4528,1520,29.3,2931
1520,4923,71.8,7179
4923,1520,28.2,2821
1520,942,62.0,6200
942,1520,38.0,3800
1520,1016,77.2,7718
1016,1520,22.8,2282
1520,253,53.9,5389
253,1520,46.1,4611
1520,1693,31.8,3175
1693,1520,68.2,6825
1520,1728,50.2,5022
1728,1520,49.8,4978
1520,1535,53.7,5372
1535,1520,46.3,4628
1520,4522,86.0,8601
4522,1520,14.0,1399
1520,287,55.1,5506
287,1520,44.9,4494
1520,1172,59.3,5932
1172,1520,40.7,4068
1520,4912,82.6,8261
4912,1520,17.4,1739
1520,1696,20.4,2039
1696,1520,79.6,7961
1520,283,67.4,6737
283,1520,32.6,3263
1520,1563,46.9,4685
1563,1520,53.1,5315
1520,4531,64.8,6480
4531,1520,35.2,3520
1520,245,44.4,4435
245,1520,55.6,5565
1520,4800,59.4,5943
4800,1520,40.6,4057
1520,241,58.2,5825
241,1520,41.8,4175
1520,1084,55.4,5536
1084,1520,44.6,4464
1520,2046,65.5,6548
2046,1520,34.5,3452
1520,1557,74.6,7461
1557,1520,25.4,2539
1520,1041,49.7,4973
1041,1520,50.3,5027
1520,4255,57.4,5741
4255,1520,42.6,4259
1520,1684,40.9,4089
1684,1520,59.1,5911
1520,4864,36.9,3686
4864,1520,63.1,6314
1520,1487,48.8,4875
1487,1520,51.2,5125
1520,239,44.0,4402
239,1520,56.0,5598
1520,196,29.5,2949
196,1520,70.5,7051
1520,279,43.7,4369
279,1520,56.3,5631
1520,4919,77.3,7731
4919,1520,22.7,2269
1520,4524,76.3,7631
4524,1520,23.7,2369
1520,4788,56.3,5626
4788,1520,43.7,4374
1292,269,46.1,4606
269,1292,53.9,5394
1292,1148,50.8,5076
1148,1292,49.2,4924
1292,223,44.1,4406
223,1292,55.9,5594
1292,1072,43.2,4322
1072,1292,56.8,5678
1292,4728,35.4,3543
4728,1292,64.6,6457
1292,1037,38.4,3838
1037,1292,61.6,6162
1292,4363,45.2,4521
4363,1292,54.8,5479
1292,4916,45.3,4532
4916,1292,54.7,5468
1292,1690,35.1,3507
1690,1292,64.9,6493
1292,4909,46.5,4650
4909,1292,53.5,5350
1292,285,34.4,3439
285,1292,65.6,6561
1292,211,43.9,4385
211,1292,56.1,5615
1292,1719,34.2,3417
1719,1292,65.8,6583
1292,4546,59.1,5914
4546,1292,40.9,4086
1292,2043,44.0,4402
2043,1292,56.0,5598
1292,4541,81.7,8166
4541,1292,18.3,1834
1292,4603,35.9,3591
4603,1292,64.1,6409
1292,4914,63.8,6378
4914,1292,36.2,3622
1292,2037,48.7,4867
2037,1292,51.3,5133
1292,194,22.7,2269
194,1292,77.3,7731
1292,3712,40.1,4012
3712,1292,59.9,5988
1292,1722,40.3,4034
1722,1292,59.7,5966
1292,77,38.2,3824
77,1292,61.8,6176
1292,1687,44.8,4480
1687,1292,55.2,5520
1292,4256,42.2,4216
4256,1292,57.8,5784
1292,4528,52.3,5232
4528,1292,47.7,4768
1292,4923,53.3,5332
4923,1292,46.7,4668
1292,942,42.5,4252
942,1292,57.5,5748
1292,1016,59.2,5915
1016,1292,40.8,4085
1292,253,34.7,3466
253,1292,65.3,6534
1292,1693,16.3,1629
1693,1292,83.7,8371
1292,1728,31.1,3108
1728,1292,68.9,6892
1292,1535,35.3,3528
1535,1292,64.7,6472
1292,4522,72.3,7234
4522,1292,27.7,2766
1292,287,34.8,3485
287,1292,65.1,6515
1292,1172,39.9,3985
1172,1292,60.2,6015
1292,4912,66.5,6654
4912,1292,33.5,3346
1292,1696,9.6,958
1696,1292,90.4,9042
1292,283,49.1,4908
283,1292,50.9,5092
1292,1563,28.8,2885
1563,1292,71.2,7115
1292,4531,46.0,4596
4531,1292,54.0,5404
1292,245,26.5,2648
245,1292,73.5,7352
1292,4800,40.4,4039
4800,1292,59.6,5961
1292,241,38.6,3864
241,1292,61.4,6136
1292,1084,36.0,3604
1084,1292,64.0,6396
1292,2046,47.2,4717
2046,1292,52.8,5283
1292,1557,57.2,5717
1557,1292,42.8,4283
1292,1041,31.4,3144
1041,1292,68.6,6856
1292,4255,39.4,3937
4255,1292,60.6,6063
1292,1684,23.2,2321
1684,1292,76.8,7679
1292,4864,19.9,1990
4864,1292,80.1,8010
1292,1487,30.2,3018
1487,1292,69.8,6982
1292,239,27.4,2736
239,1292,72.6,7264
1292,196,15.1,1514
196,1292,84.9,8486
1292,279,24.9,2486
279,1292,75.1,7514
1292,4919,61.0,6100
4919,1292,39.0,3900
1292,4524,58.1,5810
4524,1292,41.9,4190
1292,4788,37.5,3750
4788,1292,62.5,6250
269,1148,55.4,5536
1148,269,44.6,4464
269,223,46.7,4667
223,269,53.3,5333
269,1072,46.8,4679
1072,269,53.2,5321
269,4728,39.5,3951
4728,269,60.5,6049
269,1037,40.3,4027
1037,269,59.7,5973
269,4363,48.4,4836
4363,269,51.6,5164
269,4916,50.0,4999
4916,269,50.0,5001
269,1690,39.1,3911
1690,269,60.9,6089
269,4909,50.8,5082
4909,269,49.2,4918
269,285,36.7,3671
285,269,63.3,6329
269,211,48.8,4880
211,269,51.2,5120
269,1719,38.3,3829
1719,269,61.7,6171
269,4546,63.9,6390
4546,269,36.1,3610
269,2043,47.9,4792
2043,269,52.1,5208
269,4541,85.0,8505
4541,269,14.9,1495
269,4603,41.4,4143
4603,269,58.6,5857
269,4914,66.6,6662
4914,269,33.4,3338
269,2037,51.7,5175
2037,269,48.2,4825
269,194,24.2,2421
194,269,75.8,7579
269,3712,42.9,4293
3712,269,57.1,5707
269,1722,43.8,4380
1722,269,56.2,5620
269,77,41.9,4195
77,269,58.1,5805
269,1687,48.3,4828
1687,269,51.7,5172
269,4256,46.2,4615
4256,269,53.8,5385
269,4528,56.6,5661
4528,269,43.4,4339
269,4923,57.5,5750
4923,269,42.5,4250
269,942,45.6,4564
942,269,54.4,5436
269,1016,63.8,6379
1016,269,36.2,3621
269,253,38.4,3838
253,269,61.6,6162
269,1693,19.1,1905
1693,269,81.0,8095
269,1728,33.3,3326
1728,269,66.7,6674
269,1535,37.9,3787
1535,269,62.1,6213
269,4522,74.9,7492
4522,269,25.1,2508
269,287,39.1,3913
287,269,60.9,6087
269,1172,43.0,4303
1172,269,57.0,5697
269,4912,70.2,7020
4912,269,29.8,2980
269,1696,10.5,1050
1696,269,89.5,8950
269,283,53.4,5340
283,269,46.6,4660
269,1563,31.6,3165
1563,269,68.3,6835
269,4531,49.8,4981
4531,269,50.2,5019
269,245,29.5,2955
245,269,70.5,7045
269,4800,44.2,4416
4800,269,55.8,5584
269,241,43.1,4307
241,269,56.9,5693
269,1084,39.7,3967
1084,269,60.3,6033
269,2046,50.1,5013
2046,269,49.9,4987
269,1557,62.0,6197
1557,269,38.0,3803
269,1041,34.4,3439
1041,269,65.6,6561
269,4255,43.2,4316
4255,269,56.8,5684
269,1684,27.1,2706
1684,269,72.9,7294
269,4864,23.0,2302
4864,269,77.0,7698
269,1487,34.1,3408
1487,269,65.9,6592
269,239,30.2,3018
239,269,69.8,6982
269,196,17.0,1695
196,269,83.0,8305
269,279,28.0,2801
279,269,72.0,7199
269,4919,63.6,6364
4919,269,36.4,3636
269,4524,63.4,6339
4524,269,36.6,3661
269,4788,42.0,4201
4788,269,58.0,5799
1148,223,41.8,4180
223,1148,58.2,5820
1148,1072,41.3,4128
1072,1148,58.7,5872
1148,4728,33.9,3394
4728,1148,66.1,6606
1148,1037,35.7,3574
1037,1148,64.3,6426
1148,4363,43.5,4346
4363,1148,56.5,5654
1148,4916,44.1,4411
4916,1148,55.9,5589
1148,1690,33.9,3386
1690,1148,66.1,6614
1148,4909,45.0,4497
4909,1148,55.0,5503
1148,285,33.0,3297
285,1148,67.0,6703
1148,211,42.8,4275
211,1148,57.2,5725
1148,1719,33.7,3365
1719,1148,66.3,6635
1148,4546,58.7,5872
4546,1148,41.3,4128
1148,2043,43.2,4317
2043,1148,56.8,5683
1148,4541,81.2,8125
4541,1148,18.8,1875
1148,4603,34.7,3466
4603,1148,65.3,6534
1148,4914,63.6,6360
4914,1148,36.4,3640
1148,2037,45.6,4565
2037,1148,54.4,5435
1148,194,21.5,2149
194,1148,78.5,7851
1148,3712,37.9,3786
3712,1148,62.1,6214
1148,1722,38.8,3877
1722,1148,61.2,6123
1148,77,37.0,3701
77,1148,63.0,6299
1148,1687,43.2,4316
1687,1148,56.8,5684
1148,4256,39.7,3972
4256,1148,60.3,6028
1148,4528,50.9,5087
4528,1148,49.1,4913
1148,4923,51.6,5164
4923,1148,48.4,4836
1148,942,40.8,4080
942,1148,59.2,5920
1148,1016,58.2,5823
1016,1148,41.8,4177
1148,253,33.7,3365
253,1148,66.3,6635
1148,1693,15.2,1524
1693,1148,84.8,8476
1148,1728,29.7,2967
1728,1148,70.3,7033
1148,1535,33.8,3376
1535,1148,66.2,6624
1148,4522,71.3,7133
4522,1148,28.7,2867
1148,287,34.7,3467
287,1148,65.3,6533
1148,1172,38.7,3872
1172,1148,61.3,6128
1148,4912,65.1,6513
4912,1148,34.9,3487
1148,1696,8.6,863
1696,1148,91.4,9137
1148,283,46.4,4643
283,1148,53.6,5357
1148,1563,27.3,2732
1563,1148,72.7,7268
1148,4531,44.4,4435
4531,1148,55.6,5565
1148,245,25.1,2505
245,1148,75.0,7495
1148,4800,38.8,3880
4800,1148,61.2,6120
1148,241,36.6,3664
241,1148,63.4,6336
1148,1084,35.3,3528
1084,1148,64.7,6472
1148,2046,44.8,4481
2046,1148,55.2,5519
1148,1557,56.1,5615
1557,1148,43.9,4385
1148,1041,29.9,2988
1041,1148,70.1,7012
1148,4255,37.6,3758
4255,1148,62.4,6242
1148,1684,22.0,2203
1684,1148,78.0,7797
1148,4864,19.1,1908
4864,1148,80.9,8092
1148,1487,28.7,2874
1487,1148,71.3,7126
1148,239,24.2,2419
239,1148,75.8,7581
1148,196,13.4,1338
196,1148,86.6,8662
1148,279,23.8,2384
279,1148,76.2,7616
1148,4919,59.4,5937
4919,1148,40.6,4063
1148,4524,56.8,5684
4524,1148,43.2,4316
1148,4788,36.2,3617
4788,1148,63.8,6383
223,1072,49.5,4955
1072,223,50.4,5045
223,4728,42.6,4264
4728,223,57.4,5736
223,1037,44.1,4412
1037,223,55.9,5588
223,4363,51.3,5135
4363,223,48.6,4865
223,4916,52.6,5260
4916,223,47.4,4740
223,1690,41.9,4190
1690,223,58.1,5810
223,4909,53.5,5350
4909,223,46.5,4650
223,285,41.3,4135
285,223,58.7,5865
223,211,51.4,5138
211,223,48.6,4862
223,1719,41.1,4106
1719,223,58.9,5894
223,4546,66.6,6662
4546,223,33.4,3338
223,2043,50.3,5034
2043,223,49.7,4966
223,4541,86.3,8630
4541,223,13.7,1370
223,4603,43.1,4309
4603,223,56.9,5691
223,4914,70.6,7061
4914,223,29.4,2939
223,2037,54.2,5425
2037,223,45.8,4575
223,194,26.6,2658
194,223,73.4,7342
223,3712,46.1,4609
3712,223,53.9,5391
223,1722,46.2,4622
1722,223,53.8,5378
223,77,45.9,4588
77,223,54.1,5412
223,1687,51.4,5141
1687,223,48.6,4859
223,4256,48.7,4866
4256,223,51.3,5134
223,4528,58.7,5867
4528,223,41.3,4133
223,4923,60.3,6029
4923,223,39.7,3971
223,942,50.0,5002
942,223,50.0,4998
223,1016,65.8,6577
1016,223,34.2,3423
223,253,41.0,4097
253,223,59.0,5903
223,1693,21.2,2125
1693,223,78.8,7875
223,1728,37.0,3704
1728,223,63.0,6296
223,1535,41.1,4107
1535,223,58.9,5893
223,4522,77.9,7790
4522,223,22.1,2210
223,287,41.0,4097
287,223,59.0,5903
223,1172,46.6,4664
1172,223,53.4,5336
223,4912,72.1,7209
4912,223,27.9,2791
223,1696,12.7,1266
1696,223,87.3,8734
223,283,55.3,5529
283,223,44.7,4471
223,1563,35.1,3515
1563,223,64.8,6485
223,4531,52.6,5256
4531,223,47.4,4744
223,245,31.2,3118
245,223,68.8,6882
223,4800,46.8,4681
4800,223,53.2,5319
223,241,44.5,4452
241,223,55.5,5548
223,1084,41.5,4153
1084,223,58.5,5847
223,2046,53.1,5311
2046,223,46.9,4689
223,1557,64.1,6411
1557,223,35.9,3589
223,1041,37.3,3728
1041,223,62.7,6272
223,4255,45.4,4536
4255,223,54.6,5464
223,1684,29.0,2900
1684,223,71.0,7100
223,4864,25.2,2525
4864,223,74.8,7475
223,1487,36.2,3620
1487,223,63.8,6380
223,239,32.3,3232
239,223,67.7,6768
223,196,18.9,1885
196,223,81.2,8115
223,279,31.5,3153
279,223,68.5,6847
223,4919,66.2,6622
4919,223,33.8,3378
223,4524,64.9,6493
4524,223,35.1,3507
223,4788,44.0,4396
4788,223,56.0,5604
1072,4728,42.0,4199
4728,1072,58.0,5801
1072,1037,44.0,4402
1037,1072,56.0,5598
1072,4363,51.9,5190
4363,1072,48.1,4810
1072,4916,53.3,5334
4916,1072,46.7,4666
1072,1690,42.9,4288
1690,1072,57.1,5712
1072,4909,54.4,5440
4909,1072,45.6,4560
1072,285,41.4,4140
285,1072,58.6,5860
1072,211,51.0,5102
211,1072,49.0,4898
1072,1719,42.2,4225
1719,1072,57.8,5775
1072,4546,67.3,6727
4546,1072,32.7,3273
1072,2043,50.4,5045
2043,1072,49.5,4955
1072,4541,86.6,8658
4541,1072,13.4,1342
1072,4603,44.3,4426
4603,1072,55.7,5574
1072,4914,70.9,7091
4914,1072,29.1,2909
1072,2037,53.6,5361
2037,1072,46.4,4639
1072,194,27.3,2733
194,1072,72.7,7267
1072,3712,47.4,4744
3712,1072,52.6,5256
1072,1722,46.7,4668
1722,1072,53.3,5332
1072,77,45.4,4537
77,1072,54.6,5463
1072,1687,52.4,5242
1687,1072,47.6,4758
1072,4256,49.3,4934
4256,1072,50.7,5066
1072,4528,59.0,5896
4528,1072,41.0,4104
1072,4923,60.4,6038
4923,1072,39.6,3962
1072,942,48.2,4825
942,1072,51.7,5175
1072,1016,65.2,6525
1016,1072,34.8,3475
1072,253,41.5,4146
253,1072,58.5,5854
1072,1693,21.5,2152
1693,1072,78.5,7848
1072,1728,36.8,3682
1728,1072,63.2,6318
1072,1535,42.2,4222
1535,1072,57.8,5778
1072,4522,77.8,7778
4522,1072,22.2,2222
1072,287,42.4,4240
287,1072,57.6,5760
1072,1172,46.8,4682
1172,1072,53.2,5318
1072,4912,72.9,7291
4912,1072,27.1,2709
1072,1696,13.0,1298
1696,1072,87.0,8702
1072,283,56.4,5640
283,1072,43.6,4360
1072,1563,34.7,3473
1563,1072,65.3,6527
1072,4531,53.0,5297
4531,1072,47.0,4703
1072,245,31.8,3179
245,1072,68.2,6821
1072,4800,47.9,4785
4800,1072,52.1,5215
1072,241,46.4,4643
241,1072,53.6,5357
1072,1084,42.9,4291
1084,1072,57.1,5709
1072,2046,54.0,5405
2046,1072,46.0,4595
1072,1557,63.6,6358
1557,1072,36.4,3642
1072,1041,37.7,3771
1041,1072,62.3,6229
1072,4255,45.7,4568
4255,1072,54.3,5432
1072,1684,28.9,2894
1684,1072,71.1,7106
1072,4864,26.0,2598
4864,1072,74.0,7402
1072,1487,35.6,3561
1487,1072,64.4,6439
1072,239,33.8,3380
239,1072,66.2,6620
1072,196,20.3,2026
196,1072,79.7,7974
1072,279,32.0,3196
279,1072,68.0,6804
1072,4919,66.8,6680
4919,1072,33.2,3320
1072,4524,65.5,6549
4524,1072,34.5,3451
1072,4788,44.2,4423
4788,1072,55.8,5577
4728,1037,52.3,5232
1037,4728,47.7,4768
4728,4363,59.2,5919
4363,4728,40.8,4081
4728,4916,61.2,6120
4916,4728,38.8,3880
4728,1690,50.0,5001
1690,4728,50.0,4999
4728,4909,61.2,6117
4909,4728,38.8,3883
4728,285,48.4,4840
285,4728,51.6,5160
4728,211,59.8,5975
211,4728,40.2,4025
4728,1719,48.6,4860
1719,4728,51.4,5140
4728,4546,72.3,7232
4546,4728,27.7,2768
4728,2043,59.1,5909
2043,4728,40.9,4091
4728,4541,90.5,9050
4541,4728,9.5,950
4728,4603,52.3,5228
4603,4728,47.7,4772
4728,4914,76.3,7635
4914,4728,23.6,2365
4728,2037,61.3,6126
2037,4728,38.7,3874
4728,194,34.4,3442
194,4728,65.6,6558
4728,3712,54.2,5417
3712,4728,45.8,4583
4728,1722,53.8,5376
1722,4728,46.2,4624
4728,77,52.8,5285
77,4728,47.1,4715
4728,1687,59.2,5920
1687,4728,40.8,4080
4728,4256,56.5,5652
4256,4728,43.5,4348
4728,4528,65.9,6589
4528,4728,34.1,3411
4728,4923,66.7,6668
4923,4728,33.3,3332
4728,942,56.5,5653
942,4728,43.5,4347
4728,1016,73.2,7316
1016,4728,26.8,2684
4728,253,49.8,4980
253,4728,50.2,5020
4728,1693,27.9,2793
1693,4728,72.1,7207
4728,1728,45.3,4530
1728,4728,54.7,5470
4728,1535,48.3,4832
1535,4728,51.7,5168
4728,4522,82.8,8278
4522,4728,17.2,1722
4728,287,50.0,5003
287,4728,50.0,4997
4728,1172,53.8,5376
1172,4728,46.2,4624
4728,4912,78.2,7816
4912,4728,21.8,2184
4728,1696,17.1,1714
1696,4728,82.9,8286
4728,283,63.1,6314
283,4728,36.9,3686
4728,1563,42.3,4226
1563,4728,57.7,5774
4728,4531,60.0,5998
4531,4728,40.0,4002
4728,245,39.3,3934
245,4728,60.7,6066
4728,4800,54.7,5471
4800,4728,45.3,4529
4728,241,52.9,5293
241,4728,47.1,4707
4728,1084,49.9,4993
1084,4728,50.1,5007
4728,2046,61.7,6171
2046,4728,38.3,3829
4728,1557,71.6,7158
1557,4728,28.4,2842
4728,1041,44.7,4473
1041,4728,55.3,5527
4728,4255,54.0,5403
4255,4728,46.0,4597
4728,1684,35.2,3521
1684,4728,64.8,6479
4728,4864,31.8,3183
4864,4728,68.2,6817
4728,1487,44.4,4435
1487,4728,55.6,5565
4728,239,39.7,3973
239,4728,60.3,6027
4728,196,25.0,2501
196,4728,75.0,7499
4728,279,38.2,3822
279,4728,61.8,6178
4728,4919,73.5,7349
4919,4728,26.5,2651
4728,4524,72.0,7204
4524,4728,28.0,2796
4728,4788,51.5,5146
4788,4728,48.5,4854
1037,4363,57.3,5734
4363,1037,42.7,4266
1037,4916,59.2,5924
4916,1037,40.8,4076
1037,1690,48.4,4843
1690,1037,51.6,5157
1037,4909,60.1,6010
4909,1037,39.9,3990
1037,285,47.2,4716
285,1037,52.8,5284
1037,211,56.4,5642
211,1037,43.6,4358
1037,1719,47.3,4731
1719,1037,52.7,5269
1037,4546,72.0,7205
4546,1037,28.0,2795
1037,2043,56.7,5669
2043,1037,43.3,4331
1037,4541,89.8,8977
4541,1037,10.2,1023
1037,4603,49.1,4912
4603,1037,50.9,5088
1037,4914,75.8,7582
4914,1037,24.2,2418
1037,2037,60.0,6002
2037,1037,40.0,3998
1037,194,32.9,3287
194,1037,67.1,6713
1037,3712,52.2,5216
3712,1037,47.8,4784
1037,1722,53.3,5327
1722,1037,46.7,4673
1037,77,52.1,5214
77,1037,47.9,4786
1037,1687,57.4,5737
1687,1037,42.6,4263
1037,4256,55.0,5496
4256,1037,45.0,4504
1037,4528,63.6,6364
4528,1037,36.4,3636
1037,4923,65.6,6562
4923,1037,34.4,3438
1037,942,55.5,5547
942,1037,44.5,4453
1037,1016,71.2,7115
1016,1037,28.8,2885
1037,253,48.2,4823
253,1037,51.8,5177
1037,1693,25.6,2560
1693,1037,74.4,7440
1037,1728,43.5,4350
1728,1037,56.5,5650
1037,1535,47.0,4699
1535,1037,53.0,5301
1037,4522,81.7,8171
4522,1037,18.3,1829
1037,287,48.5,4852
287,1037,51.5,5148
1037,1172,52.1,5214
1172,1037,47.9,4786
1037,4912,76.8,7677
4912,1037,23.2,2323
1037,1696,15.9,1587
1696,1037,84.1,8413
1037,283,61.7,6167
283,1037,38.3,3833
1037,1563,40.7,4067
1563,1037,59.3,5933
1037,4531,58.4,5837
4531,1037,41.6,4163
1037,245,36.8,3680
245,1037,63.2,6320
1037,4800,53.8,5377
4800,1037,46.2,4623
1037,241,52.4,5236
241,1037,47.6,4764
1037,1084,47.7,4769
1084,1037,52.3,5231
1037,2046,59.5,5950
2046,1037,40.5,4050
1037,1557,68.8,6885
1557,1037,31.1,3115
1037,1041,42.5,4251
1041,1037,57.5,5749
1037,4255,51.9,5191
4255,1037,48.1,4809
1037,1684,35.0,3496
1684,1037,65.0,6504
1037,4864,31.3,3133
4864,1037,68.7,6867
1037,1487,42.0,4203
1487,1037,58.0,5797
1037,239,38.1,3811
239,1037,61.9,6189
1037,196,23.7,2367
196,1037,76.3,7633
1037,279,35.9,3595
279,1037,64.0,6405
1037,4919,72.7,7273
4919,1037,27.3,2727
1037,4524,70.5,7046
4524,1037,29.5,2954
1037,4788,51.0,5105
4788,1037,48.9,4895
4363,4916,50.7,5066
4916,4363,49.3,4934
4363,1690,40.6,4056
1690,4363,59.4,5944
4363,4909,52.4,5243
4909,4363,47.6,4757
4363,285,38.8,3878
285,4363,61.2,6122
4363,211,49.7,4974
211,4363,50.3,5026
4363,1719,39.4,3940
1719,4363,60.6,6060
4363,4546,64.6,6458
4546,4363,35.4,3542
4363,2043,49.5,4950
2043,4363,50.5,5050
4363,4541,85.4,8538
4541,4363,14.6,1462
4363,4603,40.9,4095
4603,4363,59.1,5905
4363,4914,69.1,6908
4914,4363,30.9,3092
4363,2037,53.4,5345
2037,4363,46.6,4655
4363,194,25.9,2591
194,4363,74.1,7409
4363,3712,45.1,4513
3712,4363,54.9,5487
4363,1722,44.7,4466
1722,4363,55.3,5534
4363,77,43.5,4355
77,4363,56.5,5645
4363,1687,50.0,5004
1687,4363,50.0,4996
4363,4256,47.7,4771
4256,4363,52.3,5229
4363,4528,57.8,5777
4528,4363,42.2,4223
4363,4923,59.0,5903
4923,4363,41.0,4097
4363,942,47.9,4790
942,4363,52.1,5210
4363,1016,64.8,6475
1016,4363,35.2,3525
4363,253,39.2,3920
253,4363,60.8,6080
4363,1693,20.5,2047
1693,4363,79.5,7953
4363,1728,36.4,3644
1728,4363,63.6,6356
4363,1535,39.7,3971
1535,4363,60.3,6029
4363,4522,75.8,7576
4522,4363,24.2,2424
4363,287,40.6,4063
287,4363,59.4,5937
4363,1172,45.0,4495
1172,4363,55.0,5505
4363,4912,71.9,7192
4912,4363,28.1,2808
4363,1696,11.9,1189
1696,4363,88.1,8811
4363,283,54.7,5466
283,4363,45.3,4534
4363,1563,33.2,3324
1563,4363,66.8,6676
4363,4531,50.7,5074
4531,4363,49.3,4926
4363,245,30.3,3034
245,4363,69.7,6966
4363,4800,44.9,4491
4800,4363,55.1,5509
4363,241,44.9,4490
241,4363,55.1,5510
4363,1084,41.7,4167
1084,4363,58.3,5833
4363,2046,52.2,5222
2046,4363,47.8,4778
4363,1557,62.6,6256
1557,4363,37.4,3744
4363,1041,35.9,3586
1041,4363,64.1,6414
4363,4255,44.0,4398
4255,4363,56.0,5602
4363,1684,27.1,2709
1684,4363,72.9,7291
4363,4864,23.6,2363
4864,4363,76.4,7637
4363,1487,35.0,3502
1487,4363,65.0,6498
4363,239,30.9,3092
239,4363,69.1,6908
4363,196,17.8,1776
196,4363,82.2,8224
4363,279,28.7,2871
279,4363,71.3,7129
4363,4919,65.0,6498
4919,4363,35.0,3502
4363,4524,63.2,6317
4524,4363,36.8,3683
4363,4788,42.6,4262
4788,4363,57.4,5738
4916,1690,39.9,3988
1690,4916,60.1,6012
4916,4909,51.1,5110
4909,4916,48.9,4890
4916,285,37.8,3776
285,4916,62.2,6224
4916,211,49.1,4906
211,4916,50.9,5094
4916,1719,38.9,3891
1719,4916,61.1,6109
4916,4546,63.1,6313
4546,4916,36.9,3687
4916,2043,49.0,4900
2043,4916,51.0,5100
4916,4541,84.6,8462
4541,4916,15.4,1538
4916,4603,40.6,4056
4603,4916,59.4,5944
4916,4914,68.2,6822
4914,4916,31.8,3178
4916,2037,52.2,5221
2037,4916,47.8,4779
4916,194,25.1,2513
194,4916,74.9,7487
4916,3712,43.1,4306
3712,4916,56.9,5694
4916,1722,43.9,4387
1722,4916,56.1,5613
4916,77,42.7,4274
77,4916,57.3,5726
4916,1687,47.6,4763
1687,4916,52.4,5237
4916,4256,46.4,4636
4256,4916,53.6,5364
4916,4528,56.2,5618
4528,4916,43.8,4382
4916,4923,58.3,5829
4923,4916,41.7,4171
4916,942,45.6,4558
942,4916,54.4,5442
4916,1016,64.3,6429
1016,4916,35.7,3571
4916,253,39.6,3962
253,4916,60.4,6038
4916,1693,18.8,1880
1693,4916,81.2,8120
4916,1728,35.1,3514
1728,4916,64.9,6486
4916,1535,38.8,3877
1535,4916,61.2,6123
4916,4522,74.9,7493
4522,4916,25.1,2507
4916,287,40.4,4044
287,4916,59.6,5956
4916,1172,44.0,4405
1172,4916,56.0,5595
4916,4912,70.1,7008
4912,4916,29.9,2992
4916,1696,11.2,1119
1696,4916,88.8,8881
4916,283,53.2,5324
283,4916,46.8,4676
4916,1563,32.9,3294
1563,4916,67.1,6706
4916,4531,49.1,4910
4531,4916,50.9,5090
4916,245,30.0,3003
245,4916,70.0,6997
4916,4800,44.8,4475
4800,4916,55.2,5525
4916,241,42.9,4287
241,4916,57.1,5713
4916,1084,41.0,4104
1084,4916,59.0,5896
4916,2046,50.5,5053
2046,4916,49.5,4947
4916,1557,61.6,6156
1557,4916,38.4,3844
4916,1041,34.2,3423
1041,4916,65.8,6577
4916,4255,43.5,4355
4255,4916,56.5,5645
4916,1684,26.8,2684
1684,4916,73.2,7316
4916,4864,22.7,2267
4864,4916,77.3,7733
4916,1487,34.6,3457
1487,4916,65.4,6543
4916,239,30.4,3039
239,4916,69.6,6961
4916,196,17.4,1742
196,4916,82.6,8258
4916,279,28.4,2837
279,4916,71.6,7163
4916,4919,64.3,6433
4919,4916,35.7,3567
4916,4524,62.0,6200
4524,4916,38.0,3800
4916,4788,41.4,4137
4788,4916,58.6,5863
1690,4909,62.0,6198
4909,1690,38.0,3802
1690,285,48.8,4882
285,1690,51.2,5118
1690,211,59.7,5971
211,1690,40.3,4029
1690,1719,48.8,4884
1719,1690,51.2,5116
1690,4546,73.5,7352
4546,1690,26.5,2648
1690,2043,59.4,5942
2043,1690,40.6,4058
1690,4541,90.6,9061
4541,1690,9.4,939
1690,4603,51.0,5097
4603,1690,49.0,4903
1690,4914,77.4,7742
4914,1690,22.6,2258
1690,2037,62.4,6241
2037,1690,37.6,3759
1690,194,34.5,3448
194,1690,65.5,6552
1690,3712,53.5,5352
3712,1690,46.5,4648
1690,1722,54.8,5475
1722,1690,45.2,4525
1690,77,52.9,5291
77,1690,47.1,4709
1690,1687,59.0,5903
1687,1690,41.0,4097
1690,4256,56.4,5637
4256,1690,43.6,4363
1690,4528,66.2,6619
4528,1690,33.8,3381
1690,4923,67.0,6704
4923,1690,33.0,3296
1690,942,56.4,5642
942,1690,43.6,4358
1690,1016,73.1,7312
1016,1690,26.9,2688
1690,253,49.8,4978
253,1690,50.2,5022
1690,1693,27.0,2702
1693,1690,73.0,7298
1690,1728,44.7,4467
1728,1690,55.3,5533
1690,1535,49.0,4904
1535,1690,51.0,5096
1690,4522,83.3,8333
4522,1690,16.7,1667
1690,287,50.6,5063
287,1690,49.4,4937
1690,1172,54.4,5440
1172,1690,45.6,4560
1690,4912,78.5,7849
4912,1690,21.5,2151
1690,1696,17.3,1733
1696,1690,82.7,8267
1690,283,63.1,6314
283,1690,36.9,3686
1690,1563,42.0,4205
1563,1690,58.0,5795
1690,4531,60.6,6064
4531,1690,39.4,3936
1690,245,38.5,3846
245,1690,61.5,6154
1690,4800,54.6,5456
4800,1690,45.4,4544
1690,241,54.0,5399
241,1690,46.0,4601
1690,1084,50.8,5078
1084,1690,49.2,4922
1690,2046,60.6,6058
2046,1690,39.4,3942
1690,1557,71.3,7126
1557,1690,28.7,2874
1690,1041,45.2,4516
1041,1690,54.8,5484
1690,4255,53.2,5324
4255,1690,46.8,4676
1690,1684,35.8,3584
1684,1690,64.2,6416
1690,4864,32.0,3199
4864,1690,68.0,6801
1690,1487,44.8,4477
1487,1690,55.2,5523
1690,239,40.6,4056
239,1690,59.4,5944
1690,196,25.3,2531
196,1690,74.7,7469
1690,279,38.8,3877
279,1690,61.2,6123
1690,4919,73.8,7379
4919,1690,26.2,2621
1690,4524,72.4,7237
4524,1690,27.6,2763
1690,4788,52.7,5267
4788,1690,47.3,4733
4909,285,37.8,3784
285,4909,62.2,6216
4909,211,48.0,4801
211,4909,52.0,5199
4909,1719,38.0,3796
1719,4909,62.0,6204
4909,4546,62.4,6244
4546,4909,37.6,3756
4909,2043,46.7,4665
2043,4909,53.3,5335
4909,4541,84.8,8481
4541,4909,15.2,1519
4909,4603,40.1,4013
4603,4909,59.9,5987
4909,4914,67.3,6735
4914,4909,32.6,3265
4909,2037,50.4,5042
2037,4909,49.6,4958
4909,194,24.8,2477
194,4909,75.2,7523
4909,3712,42.6,4265
3712,4909,57.4,5735
4909,1722,43.8,4376
1722,4909,56.2,5624
4909,77,41.3,4133
77,4909,58.7,5867
4909,1687,47.9,4794
1687,4909,52.1,5206
4909,4256,44.8,4477
4256,4909,55.2,5523
4909,4528,54.5,5448
4528,4909,45.5,4552
4909,4923,56.5,5653
4923,4909,43.5,4347
4909,942,45.1,4514
942,4909,54.9,5486
4909,1016,63.0,6300
1016,4909,37.0,3700
4909,253,38.1,3815
253,4909,61.9,6185
4909,1693,18.3,1832
1693,4909,81.7,8168
4909,1728,34.3,3434
1728,4909,65.7,6566
4909,1535,37.9,3789
1535,4909,62.1,6211
4909,4522,74.7,7472
4522,4909,25.3,2528
4909,287,38.6,3856
287,4909,61.4,6144
4909,1172,42.2,4221
1172,4909,57.8,5779
4909,4912,69.9,6989
4912,4909,30.1,3011
4909,1696,10.8,1079
1696,4909,89.2,8921
4909,283,51.4,5145
283,4909,48.5,4855
4909,1563,31.6,3163
1563,4909,68.4,6837
4909,4531,49.5,4948
4531,4909,50.5,5052
4909,245,28.5,2853
245,4909,71.5,7147
4909,4800,43.8,4378
4800,4909,56.2,5622
4909,241,42.0,4199
241,4909,58.0,5801
4909,1084,38.9,3889
1084,4909,61.1,6111
4909,2046,49.0,4901
2046,4909,51.0,5099
4909,1557,60.1,6013
1557,4909,39.9,3987
4909,1041,34.1,3405
1041,4909,66.0,6595
4909,4255,41.9,4185
4255,4909,58.1,5815
4909,1684,25.5,2547
1684,4909,74.5,7453
4909,4864,21.8,2177
4864,4909,78.2,7823
4909,1487,31.8,3184
1487,4909,68.2,6816
4909,239,29.4,2937
239,4909,70.6,7063
4909,196,16.5,1646
196,4909,83.5,8354
4909,279,27.9,2792
279,4909,72.1,7208
4909,4919,63.4,6336
4919,4909,36.6,3664
4909,4524,62.0,6197
4524,4909,38.0,3803
4909,4788,40.1,4006
4788,4909,59.9,5994
285,211,60.8,6083
211,285,39.2,3917
285,1719,50.2,5020
1719,285,49.8,4980
285,4546,73.9,7385
4546,285,26.2,2615
285,2043,59.9,5992
2043,285,40.1,4008
285,4541,91.0,9103
4541,285,9.0,897
285,4603,52.7,5270
4603,285,47.3,4730
285,4914,78.7,7867
4914,285,21.3,2133
285,2037,64.0,6400
2037,285,36.0,3600
285,194,35.6,3557
194,285,64.4,6443
285,3712,56.1,5612
3712,285,43.9,4388
285,1722,57.5,5746
1722,285,42.5,4254
285,77,55.0,5497
77,285,45.0,4503
285,1687,60.8,6076
1687,285,39.2,3924
285,4256,57.5,5752
4256,285,42.5,4248
285,4528,67.2,6720
4528,285,32.8,3280
285,4923,68.6,6860
4923,285,31.4,3140
285,942,58.1,5812
942,285,41.9,4188
285,1016,73.7,7367
1016,285,26.3,2633
285,253,50.2,5019
253,285,49.8,4981
285,1693,28.6,2859
1693,285,71.4,7141
285,1728,47.6,4760
1728,285,52.4,5240
285,1535,50.5,5048
1535,285,49.5,4952
285,4522,83.5,8352
4522,285,16.5,1648
285,287,51.4,5139
287,285,48.6,4861
285,1172,57.2,5725
1172,285,42.8,4275
285,4912,80.2,8023
4912,285,19.8,1977
285,1696,18.0,1802
1696,285,82.0,8198
285,283,64.9,6488
283,285,35.1,3512
285,1563,43.4,4338
1563,285,56.6,5662
285,4531,63.1,6314
4531,285,36.9,3686
285,245,40.4,4039
245,285,59.6,5961
285,4800,56.4,5641
4800,285,43.6,4359
285,241,55.2,5516
241,285,44.8,4484
285,1084,52.5,5248
1084,285,47.5,4752
285,2046,62.5,6247
2046,285,37.5,3753
285,1557,72.8,7281
1557,285,27.2,2719
285,1041,46.6,4655
1041,285,53.4,5345
285,4255,55.4,5544
4255,285,44.6,4456
285,1684,37.7,3774
1684,285,62.3,6226
285,4864,33.4,3337
4864,285,66.6,6663
285,1487,44.2,4423
1487,285,55.8,5577
285,239,42.4,4240
239,285,57.6,5760
285,196,25.7,2565
196,285,74.4,7435
285,279,40.7,4072
279,285,59.3,5928
285,4919,74.9,7494
4919,285,25.1,2506
285,4524,73.2,7319
4524,285,26.8,2681
285,4788,53.7,5373
4788,285,46.3,4627
211,1719,39.9,3987
1719,211,60.1,6013
211,4546,65.1,6511
4546,211,34.9,3489
211,2043,50.0,4999
2043,211,50.0,5001
211,4541,85.9,8586
4541,211,14.1,1414
211,4603,42.6,4258
4603,211,57.4,5742
211,4914,70.3,7030
4914,211,29.7,2970
211,2037,52.3,5235
2037,211,47.6,4765
211,194,26.4,2635
194,211,73.7,7365
211,3712,45.3,4527
3712,211,54.7,5473
211,1722,44.6,4462
1722,211,55.4,5538
211,77,44.4,4437
77,211,55.6,5563
211,1687,49.6,4959
1687,211,50.4,5041
211,4256,46.8,4677
4256,211,53.2,5323
211,4528,58.2,5818
4528,211,41.8,4182
211,4923,58.9,5889
4923,211,41.1,4111
211,942,47.4,4745
942,211,52.5,5255
211,1016,64.7,6468
1016,211,35.3,3532
211,253,40.9,4092
253,211,59.1,5908
211,1693,20.3,2027
1693,211,79.7,7973
211,1728,35.9,3591
1728,211,64.1,6409
211,1535,39.9,3986
1535,211,60.1,6014
211,4522,75.9,7591
4522,211,24.1,2409
211,287,39.8,3981
287,211,60.2,6019
211,1172,45.3,4533
1172,211,54.7,5467
211,4912,71.9,7188
4912,211,28.1,2812
211,1696,11.9,1195
1696,211,88.0,8805
211,283,54.1,5414
283,211,45.9,4586
211,1563,32.4,3244
1563,211,67.6,6756
211,4531,51.2,5122
4531,211,48.8,4878
211,245,30.2,3020
245,211,69.8,6980
211,4800,45.3,4531
4800,211,54.7,5469
211,241,44.1,4410
241,211,55.9,5590
211,1084,40.1,4008
1084,211,59.9,5992
211,2046,52.5,5254
2046,211,47.5,4746
211,1557,62.4,6241
1557,211,37.6,3759
211,1041,36.3,3629
1041,211,63.7,6371
211,4255,44.2,4425
4255,211,55.8,5575
211,1684,27.4,2738
1684,211,72.6,7262
211,4864,23.8,2379
4864,211,76.2,7621
211,1487,35.6,3557
1487,211,64.4,6443
211,239,31.4,3144
239,211,68.6,6856
211,196,18.0,1797
196,211,82.0,8203
211,279,29.8,2979
279,211,70.2,7021
211,4919,64.9,6492
4919,211,35.1,3508
211,4524,63.8,6382
4524,211,36.2,3618
211,4788,43.5,4346
4788,211,56.5,5654
1719,4546,73.9,7389
4546,1719,26.1,2611
1719,2043,59.1,5906
2043,1719,40.9,4094
1719,4541,90.4,9044
4541,1719,9.6,956
1719,4603,51.6,5165
4603,1719,48.4,4835
1719,4914,77.3,7733
4914,1719,22.7,2267
1719,2037,62.9,6290
2037,1719,37.1,3710
1719,194,35.3,3527
194,1719,64.7,6473
1719,3712,54.5,5453
3712,1719,45.5,4547
1719,1722,55.9,5587
1722,1719,44.1,4413
1719,77,53.2,5317
77,1719,46.8,4683
1719,1687,59.4,5938
1687,1719,40.6,4062
1719,4256,56.8,5683
4256,1719,43.2,4317
1719,4528,67.0,6704
4528,1719,33.0,3296
1719,4923,68.4,6844
4923,1719,31.6,3156
1719,942,57.6,5759
942,1719,42.4,4241
1719,1016,73.5,7352
1016,1719,26.5,2648
1719,253,50.3,5027
253,1719,49.7,4973
1719,1693,27.9,2794
1693,1719,72.1,7206
1719,1728,46.4,4638
1728,1719,53.6,5362
1719,1535,50.0,5000
1535,1719,50.0,5000
1719,4522,83.3,8329
4522,1719,16.7,1671
1719,287,50.3,5028
287,1719,49.7,4972
1719,1172,55.4,5538
1172,1719,44.6,4462
1719,4912,79.1,7907
4912,1719,20.9,2093
1719,1696,17.4,1740
1696,1719,82.6,8260
1719,283,64.2,6418
283,1719,35.8,3582
1719,1563,43.0,4298
1563,1719,57.0,5702
1719,4531,60.0,6004
4531,1719,40.0,3996
1719,245,39.7,3966
245,1719,60.3,6034
1719,4800,56.0,5601
4800,1719,44.0,4399
1719,241,54.9,5487
241,1719,45.1,4513
1719,1084,51.4,5136
1084,1719,48.6,4864
1719,2046,61.9,6194
2046,1719,38.1,3806
1719,1557,72.0,7203
1557,1719,28.0,2797
1719,1041,45.7,4569
1041,1719,54.3,5431
1719,4255,53.9,5395
4255,1719,46.1,4605
1719,1684,37.0,3697
1684,1719,63.0,6303
1719,4864,31.7,3170
4864,1719,68.3,6830
1719,1487,45.5,4550
1487,1719,54.5,5450
1719,239,40.9,4093
239,1719,59.1,5907
1719,196,26.5,2652
196,1719,73.5,7348
1719,279,38.1,3815
279,1719,61.9,6185
1719,4919,75.3,7533
4919,1719,24.7,2467
1719,4524,72.8,7284
4524,1719,27.2,2716
1719,4788,53.4,5339
4788,1719,46.6,4661
4546,2043,34.6,3456
2043,4546,65.4,6544
4546,4541,74.9,7493
4541,4546,25.1,2507
4546,4603,27.0,2698
4603,4546,73.0,7302
4546,4914,54.4,5437
4914,4546,45.6,4563
4546,2037,37.4,3735
2037,4546,62.6,6265
4546,194,16.2,1615
194,4546,83.9,8385
4546,3712,30.8,3081
3712,4546,69.2,6919
4546,1722,30.6,3063
1722,4546,69.4,6937
4546,77,30.3,3032
77,4546,69.7,6968
4546,1687,34.8,3482
1687,4546,65.2,6518
4546,4256,32.2,3220
4256,4546,67.8,6780
4546,4528,41.6,4156
4528,4546,58.4,5844
4546,4923,43.8,4376
4923,4546,56.2,5624
4546,942,32.4,3239
942,4546,67.6,6761
4546,1016,49.6,4956
1016,4546,50.4,5044
4546,253,26.0,2601
253,4546,74.0,7399
4546,1693,11.1,1114
1693,4546,88.9,8886
4546,1728,23.6,2365
1728,4546,76.3,7635
4546,1535,26.0,2602
1535,4546,74.0,7398
4546,4522,63.1,6308
4522,4546,36.9,3692
4546,287,26.5,2654
287,4546,73.5,7346
4546,1172,30.0,2999
1172,4546,70.0,7001
4546,4912,57.0,5701
4912,4546,43.0,4299
4546,1696,5.8,582
1696,4546,94.2,9418
4546,283,38.7,3872
283,4546,61.3,6128
4546,1563,20.1,2012
1563,4546,79.9,7988
4546,4531,35.5,3555
4531,4546,64.5,6445
4546,245,18.8,1881
245,4546,81.2,8119
4546,4800,30.7,3066
4800,4546,69.3,6934
4546,241,29.4,2936
241,4546,70.6,7064
4546,1084,27.3,2728
1084,4546,72.7,7272
4546,2046,36.1,3609
2046,4546,63.9,6391
4546,1557,47.3,4730
1557,4546,52.7,5270
4546,1041,22.3,2229
1041,4546,77.7,7771
4546,4255,30.6,3065
4255,4546,69.3,6935
4546,1684,16.5,1650
1684,4546,83.5,8350
4546,4864,13.8,1377
4864,4546,86.2,8623
4546,1487,21.6,2160
1487,4546,78.4,7840
4546,239,19.5,1952
239,4546,80.5,8048
4546,196,9.9,991
196,4546,90.1,9009
4546,279,17.8,1777
279,4546,82.2,8223
4546,4919,51.1,5106
4919,4546,48.9,4894
4546,4524,49.0,4899
4524,4546,51.0,5101
4546,4788,28.8,2883
4788,4546,71.2,7117
2043,4541,85.5,8551
4541,2043,14.5,1449
2043,4603,43.4,4341
4603,2043,56.6,5659
2043,4914,69.8,6977
4914,2043,30.2,3023
2043,2037,53.1,5310
2037,2043,46.9,4690
2043,194,27.4,2744
194,2043,72.6,7256
2043,3712,45.8,4577
3712,2043,54.2,5423
2043,1722,46.1,4610
1722,2043,53.9,5390
2043,77,44.5,4455
77,2043,55.5,5545
2043,1687,50.4,5044
1687,2043,49.6,4956
2043,4256,47.0,4703
4256,2043,53.0,5297
2043,4528,57.8,5780
4528,2043,42.2,4220
2043,4923,59.3,5928
4923,2043,40.7,4072
2043,942,48.3,4826
942,2043,51.7,5174
2043,1016,65.7,6568
1016,2043,34.3,3432
2043,253,40.2,4025
253,2043,59.8,5975
2043,1693,20.6,2065
1693,2043,79.3,7935
2043,1728,37.2,3718
1728,2043,62.8,6282
2043,1535,40.0,4003
1535,2043,60.0,5997
2043,4522,76.7,7666
4522,2043,23.3,2334
2043,287,41.3,4129
287,2043,58.7,5871
2043,1172,45.6,4555
1172,2043,54.4,5445
2043,4912,71.8,7184
4912,2043,28.2,2816
2043,1696,12.2,1225
1696,2043,87.8,8775
2043,283,53.8,5385
283,2043,46.2,4615
2043,1563,33.7,3371
1563,2043,66.3,6629
2043,4531,51.9,5192
4531,2043,48.1,4808
2043,245,30.4,3039
245,2043,69.6,6961
2043,4800,47.0,4697
4800,2043,53.0,5303
2043,241,44.5,4453
241,2043,55.5,5547
2043,1084,42.1,4209
1084,2043,57.9,5791
2043,2046,52.2,5216
2046,2043,47.8,4784
2043,1557,63.2,6316
1557,2043,36.8,3684
2043,1041,36.3,3627
1041,2043,63.7,6373
2043,4255,44.4,4439
4255,2043,55.6,5561
2043,1684,28.0,2804
1684,2043,72.0,7196
2043,4864,24.6,2459
4864,2043,75.4,7541
2043,1487,34.9,3489
1487,2043,65.1,6511
2043,239,32.3,3231
239,2043,67.7,6769
2043,196,18.5,1852
196,2043,81.5,8148
2043,279,30.0,2996
279,2043,70.0,7004
2043,4919,65.4,6543
4919,2043,34.6,3457
2043,4524,63.9,6394
4524,2043,36.1,3606
2043,4788,44.8,4477
4788,2043,55.2,5523
4541,4603,10.8,1078
4603,4541,89.2,8922
4541,4914,28.3,2833
4914,4541,71.7,7167
4541,2037,15.4,1539
2037,4541,84.6,8461
4541,194,4.2,418
194,4541,95.8,9582
4541,3712,11.8,1179
3712,4541,88.2,8821
4541,1722,12.3,1231
1722,4541,87.7,8769
4541,77,11.0,1104
77,4541,89.0,8896
4541,1687,14.1,1411
1687,4541,85.9,8589
4541,4256,12.8,1277
4256,4541,87.2,8723
4541,4528,18.9,1890
4528,4541,81.1,8110
4541,4923,19.3,1932
4923,4541,80.7,8068
4541,942,13.1,1309
942,4541,86.9,8691
4541,1016,24.4,2441
1016,4541,75.6,7559
4541,253,8.9,886
253,4541,91.1,9114
4541,1693,3.3,333
1693,4541,96.7,9667
4541,1728,7.8,777
1728,4541,92.2,9223
4541,1535,9.5,950
1535,4541,90.5,9050
4541,4522,36.1,3614
4522,4541,63.9,6386
4541,287,9.7,970
287,4541,90.3,9030
4541,1172,12.1,1212
1172,4541,87.9,8788
4541,4912,30.5,3049
4912,4541,69.5,6951
4541,1696,1.1,107
1696,4541,98.9,9893
4541,283,16.8,1682
283,4541,83.2,8318
4541,1563,6.7,673
1563,4541,93.3,9327
4541,4531,15.4,1545
4531,4541,84.5,8455
4541,245,5.8,575
245,4541,94.2,9425
4541,4800,11.4,1136
4800,4541,88.6,8864
4541,241,11.5,1145
241,4541,88.5,8855
4541,1084,9.9,994
1084,4541,90.1,9006
4541,2046,14.7,1474
2046,4541,85.3,8526
4541,1557,23.4,2336
1557,4541,76.6,7664
4541,1041,7.7,767
1041,4541,92.3,9233
4541,4255,11.5,1149
4255,4541,88.5,8851
4541,1684,4.8,484
1684,4541,95.2,9516
4541,4864,4.1,412
4864,4541,95.9,9588
4541,1487,7.4,741
1487,4541,92.6,9259
4541,239,6.1,612
239,4541,93.9,9388
4541,196,2.3,234
196,4541,97.7,9766
4541,279,5.4,541
279,4541,94.6,9459
4541,4919,25.3,2529
4919,4541,74.7,7471
4541,4524,24.0,2396
4524,4541,76.0,7604
4541,4788,10.5,1052
4788,4541,89.5,8948
4603,4914,75.8,7581
4914,4603,24.2,2419
4603,2037,60.5,6047
2037,4603,39.5,3953
4603,194,34.3,3427
194,4603,65.7,6573
4603,3712,52.7,5273
3712,4603,47.3,4727
4603,1722,53.7,5373
1722,4603,46.3,4627
4603,77,51.9,5188
77,4603,48.1,4812
4603,1687,58.4,5837
1687,4603,41.6,4163
4603,4256,55.2,5517
4256,4603,44.8,4483
4603,4528,65.0,6505
4528,4603,34.9,3495
4603,4923,67.4,6740
4923,4603,32.6,3260
4603,942,54.4,5435
942,4603,45.6,4565
4603,1016,71.5,7145
1016,4603,28.5,2855
4603,253,48.6,4862
253,4603,51.4,5138
4603,1693,25.9,2590
1693,4603,74.1,7410
4603,1728,43.3,4332
1728,4603,56.7,5668
4603,1535,47.7,4772
1535,4603,52.3,5228
4603,4522,81.6,8159
4522,4603,18.4,1841
4603,287,48.9,4891
287,4603,51.1,5109
4603,1172,53.4,5343
1172,4603,46.6,4657
4603,4912,76.5,7650
4912,4603,23.5,2350
4603,1696,16.4,1637
1696,4603,83.6,8363
4603,283,61.8,6178
283,4603,38.2,3822
4603,1563,40.5,4045
1563,4603,59.6,5955
4603,4531,59.7,5972
4531,4603,40.3,4028
4603,245,37.7,3769
245,4603,62.3,6231
4603,4800,52.5,5253
4800,4603,47.5,4747
4603,241,52.4,5244
241,4603,47.6,4756
4603,1084,48.7,4866
1084,4603,51.3,5134
4603,2046,59.5,5953
2046,4603,40.5,4047
4603,1557,69.1,6907
1557,4603,30.9,3093
4603,1041,44.3,4429
1041,4603,55.7,5571
4603,4255,52.6,5262
4255,4603,47.4,4738
4603,1684,34.7,3471
1684,4603,65.3,6529
4603,4864,31.0,3097
4864,4603,69.0,6903
4603,1487,42.3,4227
1487,4603,57.7,5773
4603,239,38.9,3887
239,4603,61.1,6113
4603,196,23.6,2361
196,4603,76.4,7639
4603,279,36.8,3676
279,4603,63.2,6324
4603,4919,72.9,7288
4919,4603,27.1,2712
4603,4524,70.3,7027
4524,4603,29.7,2973
4603,4788,51.8,5176
4788,4603,48.2,4824
4914,2037,32.8,3280
2037,4914,67.2,6720
4914,194,12.9,1289
194,4914,87.1,8711
4914,3712,25.9,2594
3712,4914,74.1,7406
4914,1722,27.0,2695
1722,4914,73.0,7305
4914,77,26.1,2611
77,4914,73.9,7389
4914,1687,30.9,3085
1687,4914,69.2,6915
4914,4256,28.0,2803
4256,4914,72.0,7197
4914,4528,37.3,3728
4528,4914,62.7,6272
4914,4923,38.8,3884
4923,4914,61.2,6116
4914,942,28.2,2817
942,4914,71.8,7183
4914,1016,43.8,4384
1016,4914,56.2,5616
4914,253,22.1,2205
253,4914,78.0,7795
4914,1693,8.9,892
1693,4914,91.1,9108
4914,1728,19.6,1958
1728,4914,80.4,8042
4914,1535,22.3,2234
1535,4914,77.7,7766
4914,4522,57.9,5790
4522,4914,42.1,4210
4914,287,22.6,2263
287,4914,77.4,7737
4914,1172,25.6,2558
1172,4914,74.4,7442
4914,4912,51.1,5114
4912,4914,48.9,4886
4914,1696,4.5,450
1696,4914,95.5,9550
4914,283,34.2,3423
283,4914,65.8,6577
4914,1563,17.4,1737
1563,4914,82.6,8263
4914,4531,31.7,3169
4531,4914,68.3,6831
4914,245,15.6,1563
245,4914,84.4,8437
4914,4800,26.6,2661
4800,4914,73.4,7339
4914,241,24.3,2435
241,4914,75.6,7565
4914,1084,23.1,2314
1084,4914,76.9,7686
4914,2046,32.4,3242
2046,4914,67.6,6758
4914,1557,43.1,4315
1557,4914,56.9,5685
4914,1041,19.0,1902
1041,4914,81.0,8098
4914,4255,25.6,2564
4255,4914,74.4,7436
4914,1684,13.9,1391
1684,4914,86.1,8609
4914,4864,10.8,1075
4864,4914,89.2,8925
4914,1487,18.6,1865
1487,4914,81.3,8135
4914,239,17.1,1706
239,4914,82.9,8294
4914,196,8.4,837
196,4914,91.6,9163
4914,279,14.9,1493
279,4914,85.1,8507
4914,4919,45.5,4548
4919,4914,54.5,5452
4914,4524,42.9,4285
4524,4914,57.1,5715
4914,4788,24.5,2453
4788,4914,75.5,7547
2037,194,24.1,2407
194,2037,75.9,7593
2037,3712,41.9,4185
3712,2037,58.1,5815
2037,1722,43.3,4326
1722,2037,56.7,5674
2037,77,40.1,4005
77,2037,60.0,5995
2037,1687,47.3,4728
1687,2037,52.7,5272
2037,4256,44.3,4426
4256,2037,55.7,5574
2037,4528,55.2,5518
4528,2037,44.8,4482
2037,4923,55.0,5505
4923,2037,45.0,4495
2037,942,44.0,4398
942,2037,56.0,5602
2037,1016,62.2,6217
1016,2037,37.8,3783
2037,253,37.0,3704
253,2037,63.0,6296
2037,1693,19.1,1909
1693,2037,80.9,8091
2037,1728,33.3,3332
1728,2037,66.7,6668
2037,1535,37.5,3746
1535,2037,62.5,6254
2037,4522,72.4,7241
4522,2037,27.6,2759
2037,287,37.6,3765
287,2037,62.4,6235
2037,1172,42.0,4199
1172,2037,58.0,5801
2037,4912,68.7,6865
4912,2037,31.4,3135
2037,1696,10.4,1040
1696,2037,89.6,8960
2037,283,52.0,5205
283,2037,47.9,4795
2037,1563,31.9,3192
1563,2037,68.1,6808
2037,4531,48.3,4828
4531,2037,51.7,5172
2037,245,28.0,2799
245,2037,72.0,7201
2037,4800,43.0,4302
4800,2037,57.0,5698
2037,241,42.9,4290
241,2037,57.1,5710
2037,1084,38.3,3833
1084,2037,61.7,6167
2037,2046,49.5,4947
2046,2037,50.5,5053
2037,1557,60.5,6050
1557,2037,39.5,3950
2037,1041,32.8,3284
1041,2037,67.2,6716
2037,4255,41.1,4110
4255,2037,58.9,5890
2037,1684,25.6,2560
1684,2037,74.4,7440
2037,4864,22.0,2203
4864,2037,78.0,7797
2037,1487,32.2,3222
1487,2037,67.8,6778
2037,239,29.0,2896
239,2037,71.0,7104
2037,196,17.1,1709
196,2037,82.9,8291
2037,279,27.9,2790
279,2037,72.1,7210
2037,4919,63.2,6318
4919,2037,36.8,3682
2037,4524,60.5,6054
4524,2037,39.5,3946
2037,4788,39.9,3989
4788,2037,60.1,6011
194,3712,68.5,6850
3712,194,31.5,3150
194,1722,69.4,6944
1722,194,30.6,3056
194,77,68.7,6870
77,194,31.3,3130
194,1687,73.0,7305
1687,194,27.0,2695
194,4256,71.4,7138
4256,194,28.6,2862
194,4528,79.5,7951
4528,194,20.5,2049
194,4923,79.9,7990
4923,194,20.1,2010
194,942,71.8,7175
942,194,28.2,2825
194,1016,83.9,8388
1016,194,16.1,1612
194,253,65.7,6572
253,194,34.3,3428
194,1693,42.3,4226
1693,194,57.7,5774
194,1728,60.9,6085
1728,194,39.1,3915
194,1535,65.0,6502
1535,194,35.0,3498
194,4522,90.7,9073
4522,194,9.3,927
194,287,65.8,6583
287,194,34.2,3417
194,1172,69.5,6947
1172,194,30.5,3053
194,4912,88.2,8820
4912,194,11.8,1180
194,1696,29.0,2899
1696,194,71.0,7101
194,283,76.2,7622
283,194,23.8,2378
194,1563,58.0,5804
1563,194,42.0,4196
194,4531,74.7,7468
4531,194,25.3,2532
194,245,54.9,5487
245,194,45.1,4513
194,4800,69.7,6965
4800,194,30.3,3035
194,241,68.3,6833
241,194,31.7,3167
194,1084,65.8,6578
1084,194,34.2,3422
194,2046,75.4,7541
2046,194,24.6,2459
194,1557,83.2,8321
1557,194,16.8,1679
194,1041,60.9,6086
1041,194,39.1,3914
194,4255,69.0,6897
4255,194,31.0,3103
194,1684,51.7,5166
1684,194,48.3,4834
194,4864,47.2,4723
4864,194,52.8,5277
194,1487,59.2,5924
1487,194,40.8,4076
194,239,55.8,5576
239,194,44.2,4424
194,196,40.2,4016
196,194,59.8,5984
194,279,53.9,5389
279,194,46.1,4611
194,4919,85.0,8495
4919,194,15.0,1505
194,4524,83.5,8354
4524,194,16.5,1646
194,4788,67.4,6739
4788,194,32.6,3261
3712,1722,50.6,5056
1722,3712,49.4,4944
3712,77,49.1,4913
77,3712,50.9,5087
3712,1687,55.6,5565
1687,3712,44.4,4435
3712,4256,52.6,5265
4256,3712,47.3,4735
3712,4528,62.4,6239
4528,3712,37.6,3761
3712,4923,63.8,6380
4923,3712,36.2,3620
3712,942,52.1,5215
942,3712,47.9,4785
3712,1016,68.7,6867
1016,3712,31.3,3133
3712,253,45.1,4514
253,3712,54.9,5486
3712,1693,24.4,2442
1693,3712,75.6,7558
3712,1728,40.9,4086
1728,3712,59.1,5914
3712,1535,43.8,4379
1535,3712,56.2,5621
3712,4522,79.8,7975
4522,3712,20.2,2025
3712,287,46.2,4615
287,3712,53.8,5385
3712,1172,50.2,5019
1172,3712,49.8,4981
3712,4912,75.8,7579
4912,3712,24.2,2421
3712,1696,15.2,1520
1696,3712,84.8,8480
3712,283,58.8,5883
283,3712,41.2,4117
3712,1563,37.6,3757
1563,3712,62.4,6243
3712,4531,56.2,5618
4531,3712,43.8,4382
3712,245,34.8,3481
245,3712,65.2,6519
3712,4800,50.6,5057
4800,3712,49.4,4943
3712,241,49.2,4919
241,3712,50.8,5081
3712,1084,46.8,4678
1084,3712,53.2,5322
3712,2046,56.6,5658
2046,3712,43.4,4342
3712,1557,66.6,6658
1557,3712,33.4,3342
3712,1041,40.7,4074
1041,3712,59.3,5926
3712,4255,49.6,4963
4255,3712,50.4,5037
3712,1684,32.7,3274
1684,3712,67.3,6726
3712,4864,27.9,2787
4864,3712,72.1,7213
3712,1487,39.9,3992
1487,3712,60.1,6008
3712,239,36.2,3620
239,3712,63.8,6380
3712,196,21.5,2149
196,3712,78.5,7851
3712,279,34.9,3491
279,3712,65.1,6509
3712,4919,70.7,7074
4919,3712,29.3,2926
3712,4524,67.9,6788
4524,3712,32.1,3212
3712,4788,48.3,4826
4788,3712,51.7,5174
1722,77,48.9,4895
77,1722,51.0,5105
1722,1687,54.6,5461
1687,1722,45.4,4539
1722,4256,51.2,5122
4256,1722,48.8,4878
1722,4528,62.0,6200
4528,1722,38.0,3800
1722,4923,62.6,6260
4923,1722,37.4,3740
1722,942,51.9,5194
942,1722,48.1,4806
1722,1016,68.8,6877
1016,1722,31.2,3123
1722,253,45.4,4544
253,1722,54.6,5456
1722,1693,23.4,2343
1693,1722,76.6,7657
1722,1728,40.9,4089
1728,1722,59.1,5911
1722,1535,43.9,4389
1535,1722,56.1,5611
1722,4522,80.0,7999
4522,1722,20.0,2001
1722,287,45.1,4509
287,1722,54.9,5491
1722,1172,49.0,4902
1172,1722,51.0,5098
1722,4912,75.3,7533
4912,1722,24.7,2467
1722,1696,13.7,1368
1696,1722,86.3,8632
1722,283,58.5,5849
283,1722,41.5,4151
1722,1563,37.2,3718
1563,1722,62.8,6282
1722,4531,56.4,5636
4531,1722,43.6,4364
1722,245,34.6,3457
245,1722,65.4,6543
1722,4800,50.6,5058
4800,1722,49.4,4942
1722,241,49.0,4896
241,1722,51.0,5104
1722,1084,45.4,4542
1084,1722,54.6,5458
1722,2046,56.8,5678
2046,1722,43.2,4322
1722,1557,67.0,6696
1557,1722,33.0,3304
1722,1041,39.1,3911
1041,1722,60.9,6089
1722,4255,49.2,4916
4255,1722,50.8,5084
1722,1684,30.9,3093
1684,1722,69.1,6907
1722,4864,27.8,2777
4864,1722,72.2,7223
1722,1487,38.6,3860
1487,1722,61.4,6140
1722,239,36.7,3669
239,1722,63.3,6331
1722,196,20.9,2090
196,1722,79.1,7910
1722,279,33.6,3363
279,1722,66.4,6637
1722,4919,68.8,6878
4919,1722,31.2,3122
1722,4524,68.2,6818
4524,1722,31.8,3182
1722,4788,47.9,4792
4788,1722,52.1,5208
77,1687,56.5,5647
1687,77,43.5,4353
77,4256,53.0,5302
4256,77,47.0,4698
77,4528,63.6,6361
4528,77,36.4,3639
77,4923,65.0,6495
4923,77,35.0,3505
77,942,52.9,5287
942,77,47.1,4713
77,1016,70.1,7010
1016,77,29.9,2990
77,253,45.4,4543
253,77,54.6,5457
77,1693,24.0,2402
1693,77,76.0,7598
77,1728,40.7,4068
1728,77,59.3,5932
77,1535,45.6,4560
1535,77,54.4,5440
77,4522,81.1,8110
4522,77,18.9,1890
77,287,47.1,4709
287,77,52.9,5291
77,1172,51.5,5155
1172,77,48.4,4845
77,4912,76.5,7653
4912,77,23.5,2347
77,1696,15.4,1545
1696,77,84.5,8455
77,283,60.5,6046
283,77,39.5,3954
77,1563,40.0,4001
1563,77,60.0,5999
77,4531,57.7,5770
4531,77,42.3,4230
77,245,36.0,3596
245,77,64.0,6404
77,4800,51.0,5100
4800,77,49.0,4900
77,241,51.0,5097
241,77,49.0,4903
77,1084,47.5,4747
1084,77,52.5,5253
77,2046,57.4,5739
2046,77,42.6,4261
77,1557,68.5,6852
1557,77,31.5,3148
77,1041,42.0,4196
1041,77,58.0,5804
77,4255,50.7,5073
4255,77,49.3,4927
77,1684,33.1,3310
1684,77,66.9,6690
77,4864,29.1,2910
4864,77,70.9,7090
77,1487,40.5,4054
1487,77,59.5,5946
77,239,36.8,3675
239,77,63.2,6325
77,196,23.7,2367
196,77,76.3,7633
77,279,35.3,3527
279,77,64.7,6473
77,4919,71.0,7096
4919,77,29.0,2904
77,4524,69.4,6938
4524,77,30.6,3062
77,4788,49.0,4898
4788,77,51.0,5102
1687,4256,47.6,4760
4256,1687,52.4,5240
1687,4528,56.9,5691
4528,1687,43.1,4309
1687,4923,59.1,5909
4923,1687,40.9,4091
1687,942,47.3,4734
942,1687,52.7,5266
1687,1016,64.8,6476
1016,1687,35.2,3524
1687,253,40.5,4049
253,1687,59.5,5951
1687,1693,20.5,2047
1693,1687,79.5,7953
1687,1728,35.4,3542
1728,1687,64.6,6458
1687,1535,38.6,3859
1535,1687,61.4,6141
1687,4522,75.6,7557
4522,1687,24.4,2443
1687,287,40.8,4075
287,1687,59.2,5925
1687,1172,45.9,4591
1172,1687,54.1,5409
1687,4912,71.4,7136
4912,1687,28.6,2864
1687,1696,12.0,1203
1696,1687,88.0,8797
1687,283,54.1,5408
283,1687,45.9,4592
1687,1563,32.9,3294
1563,1687,67.1,6706
1687,4531,51.3,5127
4531,1687,48.7,4873
1687,245,30.7,3067
245,1687,69.3,6933
1687,4800,45.3,4528
4800,1687,54.7,5472
1687,241,43.9,4394
241,1687,56.1,5606
1687,1084,40.1,4009
1084,1687,59.9,5991
1687,2046,51.7,5170
2046,1687,48.3,4830
1687,1557,62.0,6197
1557,1687,38.0,3803
1687,1041,36.1,3615
1041,1687,63.8,6385
1687,4255,43.9,4389
4255,1687,56.1,5611
1687,1684,28.2,2821
1684,1687,71.8,7179
1687,4864,23.5,2348
4864,1687,76.5,7652
1687,1487,35.9,3595
1487,1687,64.0,6405
1687,239,31.5,3147
239,1687,68.5,6853
1687,196,18.2,1820
196,1687,81.8,8180
1687,279,30.1,3006
279,1687,69.9,6994
1687,4919,65.3,6528
4919,1687,34.7,3472
1687,4524,63.7,6372
4524,1687,36.3,3628
1687,4788,42.9,4293
4788,1687,57.1,5707
4256,4528,59.7,5967
4528,4256,40.3,4033
4256,4923,60.6,6062
4923,4256,39.4,3938
4256,942,50.8,5076
942,4256,49.2,4924
4256,1016,67.3,6733
1016,4256,32.7,3267
4256,253,43.7,4372
253,4256,56.3,5628
4256,1693,22.1,2215
1693,4256,77.8,7785
4256,1728,39.1,3910
1728,4256,60.9,6090
4256,1535,42.7,4267
1535,4256,57.3,5733
4256,4522,78.7,7868
4522,4256,21.3,2132
4256,287,44.4,4440
287,4256,55.6,5560
4256,1172,47.9,4790
1172,4256,52.1,5210
4256,4912,73.1,7310
4912,4256,26.9,2690
4256,1696,13.4,1344
1696,4256,86.6,8656
4256,283,57.2,5717
283,4256,42.8,4283
4256,1563,36.1,3615
1563,4256,63.8,6385
4256,4531,54.6,5465
4531,4256,45.4,4535
4256,245,32.8,3279
245,4256,67.2,6721
4256,4800,49.2,4925
4800,4256,50.7,5075
4256,241,47.3,4734
241,4256,52.7,5266
4256,1084,44.1,4408
1084,4256,55.9,5592
4256,2046,54.6,5458
2046,4256,45.4,4542
4256,1557,66.3,6632
1557,4256,33.7,3368
4256,1041,38.4,3838
1041,4256,61.6,6162
4256,4255,47.1,4709
4255,4256,52.9,5291
4256,1684,30.0,3004
1684,4256,70.0,6996
4256,4864,26.3,2633
4864,4256,73.7,7367
4256,1487,37.4,3743
1487,4256,62.6,6257
4256,239,34.8,3480
239,4256,65.2,6520
4256,196,20.0,1998
196,4256,80.0,8002
4256,279,31.8,3177
279,4256,68.2,6823
4256,4919,67.7,6773
4919,4256,32.3,3227
4256,4524,66.0,6601
4524,4256,34.0,3399
4256,4788,46.5,4648
4788,4256,53.5,5352
4528,4923,51.1,5108
4923,4528,48.9,4892
4528,942,39.9,3994
942,4528,60.1,6006
4528,1016,57.0,5701
1016,4528,43.0,4299
4528,253,32.9,3293
253,4528,67.1,6707
4528,1693,15.5,1550
1693,4528,84.5,8450
4528,1728,29.3,2931
1728,4528,70.7,7069
4528,1535,32.2,3216
1535,4528,67.8,6784
4528,4522,69.2,6925
4522,4528,30.8,3075
4528,287,33.8,3379
287,4528,66.2,6621
4528,1172,37.5,3755
1172,4528,62.5,6245
4528,4912,64.5,6455
4912,4528,35.4,3545
4528,1696,8.7,871
1696,4528,91.3,9129
4528,283,45.4,4536
283,4528,54.6,5464
4528,1563,26.7,2665
1563,4528,73.4,7335
4528,4531,42.7,4271
4531,4528,57.3,5729
4528,245,24.5,2447
245,4528,75.5,7553
4528,4800,38.1,3811
4800,4528,61.9,6189
4528,241,37.0,3697
241,4528,63.0,6303
4528,1084,33.7,3373
1084,4528,66.3,6627
4528,2046,44.8,4483
2046,4528,55.2,5517
4528,1557,55.1,5507
1557,4528,44.9,4493
4528,1041,29.7,2970
1041,4528,70.3,7030
4528,4255,36.8,3683
4255,4528,63.2,6317
4528,1684,21.7,2174
1684,4528,78.3,7826
4528,4864,17.9,1791
4864,4528,82.1,8209
4528,1487,28.3,2834
1487,4528,71.7,7166
4528,239,25.1,2505
239,4528,75.0,7495
4528,196,14.1,1408
196,4528,85.9,8592
4528,279,23.4,2336
279,4528,76.6,7664
4528,4919,59.2,5915
4919,4528,40.8,4085
4528,4524,56.2,5619
4524,4528,43.8,4381
4528,4788,36.2,3622
4788,4528,63.8,6378
4923,942,38.9,3885
942,4923,61.2,6115
4923,1016,56.4,5635
1016,4923,43.6,4365
4923,253,32.2,3217
253,4923,67.8,6783
4923,1693,14.7,1473
1693,4923,85.3,8527
4923,1728,27.5,2745
1728,4923,72.5,7255
4923,1535,32.2,3216
1535,4923,67.8,6784
4923,4522,69.4,6940
4522,4923,30.6,3060
4923,287,32.7,3269
287,4923,67.3,6731
4923,1172,37.0,3698
1172,4923,63.0,6302
4923,4912,63.7,6374
4912,4923,36.3,3626
4923,1696,8.2,823
1696,4923,91.8,9177
4923,283,46.2,4615
283,4923,53.8,5385
4923,1563,25.9,2592
1563,4923,74.1,7408
4923,4531,42.4,4243
4531,4923,57.6,5757
4923,245,23.1,2307
245,4923,76.9,7693
4923,4800,37.0,3702
4800,4923,63.0,6298
4923,241,36.0,3599
241,4923,64.0,6401
4923,1084,32.3,3232
1084,4923,67.7,6768
4923,2046,43.6,4365
2046,4923,56.4,5635
4923,1557,53.4,5345
1557,4923,46.6,4655
4923,1041,28.6,2860
1041,4923,71.4,7140
4923,4255,36.0,3599
4255,4923,64.0,6401
4923,1684,21.2,2125
1684,4923,78.8,7875
4923,4864,17.8,1779
4864,4923,82.2,8221
4923,1487,26.4,2644
1487,4923,73.6,7356
4923,239,24.9,2488
239,4923,75.1,7512
4923,196,12.8,1277
196,4923,87.2,8723
4923,279,22.1,2214
279,4923,77.9,7786
4923,4919,57.7,5768
4919,4923,42.3,4232
4923,4524,55.1,5509
4524,4923,44.9,4491
4923,4788,35.5,3547
4788,4923,64.5,6453
942,1016,66.1,6613
1016,942,33.9,3387
942,253,42.7,4273
253,942,57.3,5727
942,1693,22.0,2196
1693,942,78.0,7804
942,1728,38.4,3840
1728,942,61.6,6160
942,1535,44.0,4397
1535,942,56.0,5603
942,4522,78.5,7854
4522,942,21.5,2146
942,287,44.1,4406
287,942,55.9,5594
942,1172,48.5,4847
1172,942,51.5,5153
942,4912,72.9,7286
4912,942,27.1,2714
942,1696,12.7,1273
1696,942,87.3,8727
942,283,56.2,5618
283,942,43.8,4382
942,1563,35.3,3533
1563,942,64.7,6467
942,4531,53.7,5366
4531,942,46.3,4634
942,245,33.3,3334
245,942,66.7,6666
942,4800,47.6,4762
4800,942,52.4,5238
942,241,47.2,4721
241,942,52.8,5279
942,1084,43.5,4345
1084,942,56.5,5655
942,2046,54.4,5439
2046,942,45.6,4561
942,1557,65.0,6503
1557,942,35.0,3497
942,1041,39.1,3910
1041,942,60.9,6090
942,4255,46.3,4626
4255,942,53.7,5374
942,1684,29.9,2993
1684,942,70.1,7007
942,4864,26.0,2599
4864,942,74.0,7401
942,1487,37.4,3744
1487,942,62.6,6256
942,239,33.4,3338
239,942,66.6,6662
942,196,20.5,2046
196,942,79.5,7954
942,279,32.3,3230
279,942,67.7,6770
942,4919,68.0,6800
4919,942,32.0,3200
942,4524,66.5,6646
4524,942,33.5,3354
942,4788,45.3,4533
4788,942,54.7,5467
1016,253,26.3,2630
253,1016,73.7,7370
1016,1693,11.5,1152
1693,1016,88.5,8848
1016,1728,23.2,2322
1728,1016,76.8,7678
1016,1535,26.6,2657
1535,1016,73.4,7343
1016,4522,63.5,6354
4522,1016,36.5,3646
1016,287,26.5,2651
287,1016,73.5,7349
1016,1172,30.8,3082
1172,1016,69.2,6918
1016,4912,57.5,5754
4912,1016,42.5,4246
1016,1696,6.0,600
1696,1016,94.0,9400
1016,283,38.8,3883
283,1016,61.2,6117
1016,1563,21.1,2109
1563,1016,78.9,7891
1016,4531,35.3,3531
4531,1016,64.7,6469
1016,245,18.5,1850
245,1016,81.5,8150
1016,4800,30.8,3075
4800,1016,69.2,6925
1016,241,29.7,2973
241,1016,70.3,7027
1016,1084,27.2,2719
1084,1016,72.8,7281
1016,2046,36.7,3673
2046,1016,63.3,6327
1016,1557,47.7,4771
1557,1016,52.3,5229
1016,1041,23.1,2307
1041,1016,76.9,7693
1016,4255,30.2,3025
4255,1016,69.8,6975
1016,1684,17.0,1699
1684,1016,83.0,8301
1016,4864,13.5,1346
4864,1016,86.5,8654
1016,1487,22.4,2238
1487,1016,77.6,7762
1016,239,19.6,1955
239,1016,80.5,8045
1016,196,10.3,1030
196,1016,89.7,8970
1016,279,18.4,1842
279,1016,81.6,8158
1016,4919,50.7,5068
4919,1016,49.3,4932
1016,4524,49.0,4896
4524,1016,51.0,5104
1016,4788,29.5,2946
4788,1016,70.5,7054
253,1693,29.1,2908
1693,253,70.9,7092
253,1728,46.2,4616
1728,253,53.8,5384
253,1535,49.9,4989
1535,253,50.1,5011
253,4522,83.2,8322
4522,253,16.8,1678
253,287,50.2,5020
287,253,49.8,4980
253,1172,54.9,5495
1172,253,45.1,4505
253,4912,78.8,7878
4912,253,21.2,2122
253,1696,17.7,1771
1696,253,82.3,8229
253,283,65.0,6496
283,253,35.0,3504
253,1563,42.6,4263
1563,253,57.4,5737
253,4531,62.1,6210
4531,253,37.9,3790
253,245,39.9,3990
245,253,60.1,6010
253,4800,56.2,5624
4800,253,43.8,4376
253,241,55.3,5533
241,253,44.7,4467
253,1084,50.9,5088
1084,253,49.1,4912
253,2046,62.6,6265
2046,253,37.4,3735
253,1557,72.0,7205
1557,253,28.0,2795
253,1041,45.3,4531
1041,253,54.7,5469
253,4255,54.3,5431
4255,253,45.7,4569
253,1684,36.1,3611
1684,253,63.9,6389
253,4864,32.8,3279
4864,253,67.2,6721
253,1487,44.6,4462
1487,253,55.4,5538
253,239,41.4,4144
239,253,58.6,5856
253,196,25.5,2551
196,253,74.5,7449
253,279,38.6,3862
279,253,61.4,6138
253,4919,74.3,7430
4919,253,25.7,2570
253,4524,72.5,7246
4524,253,27.5,2754
253,4788,53.6,5357
4788,253,46.4,4643
1693,1728,69.4,6940
1728,1693,30.6,3060
1693,1535,72.0,7195
1535,1693,28.1,2805
1693,4522,94.1,9408
4522,1693,5.9,592
1693,287,72.6,7262
287,1693,27.4,2738
1693,1172,75.9,7588
1172,1693,24.1,2412
1693,4912,91.7,9173
4912,1693,8.3,827
1693,1696,36.4,3639
1696,1693,63.6,6361
1693,283,82.5,8246
283,1693,17.5,1754
1693,1563,65.5,6546
1563,1693,34.5,3454
1693,4531,80.5,8055
4531,1693,19.4,1945
1693,245,62.3,6232
245,1693,37.7,3768
1693,4800,76.2,7621
4800,1693,23.8,2379
1693,241,74.7,7472
241,1693,25.3,2528
1693,1084,73.7,7370
1084,1693,26.3,2630
1693,2046,81.8,8181
2046,1693,18.2,1819
1693,1557,87.9,8789
1557,1693,12.1,1211
1693,1041,67.9,6789
1041,1693,32.1,3211
1693,4255,76.4,7645
4255,1693,23.5,2355
1693,1684,59.6,5963
1684,1693,40.4,4037
1693,4864,53.8,5376
4864,1693,46.2,4624
1693,1487,67.3,6728
1487,1693,32.7,3272
1693,239,64.1,6408
239,1693,35.9,3592
1693,196,47.5,4749
196,1693,52.5,5251
1693,279,62.3,6228
279,1693,37.7,3772
1693,4919,88.9,8889
4919,1693,11.1,1111
1693,4524,88.4,8842
4524,1693,11.6,1158
1693,4788,74.5,7446
4788,1693,25.5,2554
1728,1535,54.3,5427
1535,1728,45.7,4573
1728,4522,86.2,8619
4522,1728,13.8,1381
1728,287,54.6,5465
287,1728,45.4,4535
1728,1172,59.4,5938
1172,1728,40.6,4062
1728,4912,82.5,8246
4912,1728,17.5,1754
1728,1696,20.2,2021
1696,1728,79.8,7979
1728,283,68.0,6798
283,1728,32.0,3202
1728,1563,46.9,4693
1563,1728,53.1,5307
1728,4531,64.8,6479
4531,1728,35.2,3521
1728,245,44.1,4411
245,1728,55.9,5589
1728,4800,59.2,5925
4800,1728,40.8,4075
1728,241,58.0,5797
241,1728,42.0,4203
1728,1084,55.9,5592
1084,1728,44.1,4408
1728,2046,66.4,6640
2046,1728,33.6,3360
1728,1557,75.6,7563
1557,1728,24.4,2437
1728,1041,49.5,4952
1041,1728,50.5,5048
1728,4255,59.3,5929
4255,1728,40.7,4071
1728,1684,40.5,4052
1684,1728,59.5,5948
1728,4864,36.9,3690
4864,1728,63.1,6310
1728,1487,49.2,4923
1487,1728,50.8,5077
1728,239,45.9,4591
239,1728,54.1,5409
1728,196,29.2,2917
196,1728,70.8,7083
1728,279,43.0,4305
279,1728,57.0,5695
1728,4919,77.3,7732
4919,1728,22.7,2268
1728,4524,76.2,7618
4524,1728,23.8,2382
1728,4788,57.0,5704
4788,1728,43.0,4296
1535,4522,83.6,8360
4522,1535,16.4,1640
1535,287,50.3,5030
287,1535,49.7,4970
1535,1172,55.6,5564
1172,1535,44.4,4436
1535,4912,78.7,7874
4912,1535,21.3,2126
1535,1696,17.8,1784
1696,1535,82.2,8216
1535,283,63.4,6342
283,1535,36.6,3658
1535,1563,43.0,4299
1563,1535,57.0,5701
1535,4531,60.6,6064
4531,1535,39.4,3936
1535,245,40.3,4030
245,1535,59.7,5970
1535,4800,55.5,5553
4800,1535,44.5,4447
1535,241,55.2,5522
241,1535,44.8,4478
1535,1084,51.7,5166
1084,1535,48.3,4834
1535,2046,61.8,6175
2046,1535,38.2,3825
1535,1557,72.2,7222
1557,1535,27.8,2778
1535,1041,45.5,4549
1041,1535,54.5,5451
1535,4255,55.0,5498
4255,1535,45.0,4502
1535,1684,36.8,3678
1684,1535,63.2,6322
1535,4864,33.3,3334
4864,1535,66.7,6666
1535,1487,44.8,4476
1487,1535,55.2,5524
1535,239,41.1,4115
239,1535,58.9,5885
1535,196,26.3,2631
196,1535,73.7,7369
1535,279,38.4,3843
279,1535,61.6,6157
1535,4919,74.2,7417
4919,1535,25.8,2583
1535,4524,73.0,7297
4524,1535,27.0,2703
1535,4788,53.4,5343
4788,1535,46.6,4657
4522,287,17.5,1752
287,4522,82.5,8248
4522,1172,20.0,2000
1172,4522,80.0,8000
4522,4912,43.9,4385
4912,4522,56.1,5615
4522,1696,2.8,281
1696,4522,97.2,9719
4522,283,27.4,2737
283,4522,72.6,7263
4522,1563,13.3,1334
1563,4522,86.7,8666
4522,4531,24.8,2475
4531,4522,75.2,7525
4522,245,10.7,1068
245,4522,89.3,8932
4522,4800,20.3,2035
4800,4522,79.7,7965
4522,241,19.8,1977
241,4522,80.2,8023
4522,1084,17.5,1747
1084,4522,82.5,8253
4522,2046,25.7,2565
2046,4522,74.4,7435
4522,1557,35.6,3562
1557,4522,64.4,6438
4522,1041,13.9,1386
1041,4522,86.1,8614
4522,4255,19.7,1967
4255,4522,80.3,8033
4522,1684,9.9,986
1684,4522,90.1,9014
4522,4864,7.9,791
4864,4522,92.1,9209
4522,1487,13.4,1341
1487,4522,86.6,8659
4522,239,11.6,1160
239,4522,88.4,8840
4522,196,4.9,492
196,4522,95.1,9508
4522,279,10.6,1061
279,4522,89.4,8939
4522,4919,37.8,3777
4919,4522,62.2,6223
4522,4524,35.7,3567
4524,4522,64.3,6433
4522,4788,18.4,1839
4788,4522,81.6,8161
287,1172,54.7,5473
1172,287,45.3,4527
287,4912,78.5,7855
4912,287,21.4,2145
287,1696,17.2,1718
1696,287,82.8,8282
287,283,62.4,6244
283,287,37.6,3756
287,1563,42.4,4242
1563,287,57.6,5758
287,4531,60.6,6061
4531,287,39.4,3939
287,245,39.0,3900
245,287,61.0,6100
287,4800,54.0,5405
4800,287,46.0,4595
287,241,52.4,5243
241,287,47.6,4757
287,1084,50.8,5082
1084,287,49.2,4918
287,2046,61.4,6135
2046,287,38.6,3865
287,1557,70.8,7080
1557,287,29.2,2920
287,1041,45.2,4521
1041,287,54.8,5479
287,4255,53.2,5321
4255,287,46.8,4679
287,1684,35.9,3587
1684,287,64.1,6413
287,4864,31.6,3155
4864,287,68.5,6845
287,1487,44.2,4424
1487,287,55.8,5576
287,239,39.4,3935
239,287,60.7,6065
287,196,25.5,2550
196,287,74.5,7450
287,279,38.2,3817
279,287,61.8,6183
287,4919,73.0,7295
4919,287,27.1,2705
287,4524,72.2,7216
4524,287,27.8,2784
287,4788,52.4,5236
4788,287,47.6,4764
1172,4912,75.1,7510
4912,1172,24.9,2490
1172,1696,14.4,1444
1696,1172,85.6,8556
1172,283,58.4,5844
283,1172,41.6,4156
1172,1563,37.3,3733
1563,1172,62.7,6267
1172,4531,56.1,5606
4531,1172,43.9,4394
1172,245,34.8,3483
245,1172,65.2,6517
1172,4800,49.1,4909
4800,1172,50.9,5091
1172,241,49.5,4954
241,1172,50.5,5046
1172,1084,46.0,4604
1084,1172,54.0,5396
1172,2046,55.5,5547
2046,1172,44.5,4453
1172,1557,66.8,6681
1557,1172,33.2,3319
1172,1041,40.4,4040
1041,1172,59.6,5960
1172,4255,48.9,4888
4255,1172,51.1,5112
1172,1684,31.9,3190
1684,1172,68.1,6810
1172,4864,27.5,2752
4864,1172,72.5,7248
1172,1487,39.4,3943
1487,1172,60.6,6057
1172,239,35.8,3581
239,1172,64.2,6419
1172,196,21.3,2135
196,1172,78.6,7865
1172,279,33.5,3352
279,1172,66.5,6648
1172,4919,70.4,7036
4919,1172,29.6,2964
1172,4524,67.9,6793
4524,1172,32.1,3207
1172,4788,48.4,4836
4788,1172,51.6,5164
4912,1696,3.7,369
1696,4912,96.3,9631
4912,283,33.3,3331
283,4912,66.7,6669
4912,1563,15.9,1587
1563,4912,84.1,8413
4912,4531,29.6,2962
4531,4912,70.4,7038
4912,245,14.2,1418
245,4912,85.8,8582
4912,4800,24.5,2451
4800,4912,75.5,7549
4912,241,24.3,2434
241,4912,75.7,7566
4912,1084,22.2,2220
1084,4912,77.8,7780
4912,2046,30.0,3001
2046,4912,70.0,6999
4912,1557,41.3,4131
1557,4912,58.7,5869
4912,1041,18.1,1805
1041,4912,82.0,8195
4912,4255,23.8,2384
4255,4912,76.2,7616
4912,1684,12.2,1224
1684,4912,87.8,8776
4912,4864,10.3,1033
4864,4912,89.7,8967
4912,1487,16.7,1671
1487,4912,83.3,8329
4912,239,15.1,1513
239,4912,84.9,8487
4912,196,6.9,692
196,4912,93.1,9308
4912,279,13.4,1336
279,4912,86.6,8664
4912,4919,44.1,4411
4919,4912,55.9,5589
4912,4524,42.4,4243
4524,4912,57.6,5757
4912,4788,23.5,2353
4788,4912,76.5,7647
1696,283,89.7,8974
283,1696,10.3,1026
1696,1563,77.4,7740
1563,1696,22.6,2260
1696,4531,88.6,8862
4531,1696,11.4,1138
1696,245,75.2,7525
245,1696,24.8,2475
1696,4800,85.8,8577
4800,1696,14.2,1423
1696,241,85.3,8527
241,1696,14.7,1473
1696,1084,83.1,8314
1084,1696,16.9,1686
1696,2046,89.2,8923
2046,1696,10.8,1077
1696,1557,93.5,9346
1557,1696,6.5,654
1696,1041,79.0,7897
1041,1696,21.0,2103
1696,4255,84.8,8476
4255,1696,15.2,1524
1696,1684,72.1,7214
1684,1696,27.9,2786
1696,4864,68.6,6861
4864,1696,31.4,3139
1696,1487,78.4,7843
1487,1696,21.6,2157
1696,239,75.2,7525
239,1696,24.8,2475
1696,196,60.8,6077
196,1696,39.2,3923
1696,279,74.3,7426
279,1696,25.7,2574
1696,4919,94.3,9432
4919,1696,5.7,568
1696,4524,93.6,9360
4524,1696,6.4,640
1696,4788,84.0,8402
4788,1696,16.0,1598
283,1563,29.2,2920
1563,283,70.8,7080
283,4531,47.3,4735
4531,283,52.6,5265
283,245,26.6,2661
245,283,73.4,7339
283,4800,41.7,4167
4800,283,58.3,5833
283,241,40.1,4013
241,283,59.9,5987
283,1084,37.6,3759
1084,283,62.4,6241
283,2046,47.9,4788
2046,283,52.1,5212
283,1557,59.3,5934
1557,283,40.7,4066
283,1041,31.9,3186
1041,283,68.1,6814
283,4255,40.4,4044
4255,283,59.6,5956
283,1684,24.2,2425
1684,283,75.8,7575
283,4864,20.8,2082
4864,283,79.2,7918
283,1487,31.5,3147
1487,283,68.5,6853
283,239,28.1,2806
239,283,71.9,7194
283,196,15.7,1569
196,283,84.3,8431
283,279,27.3,2728
279,283,72.7,7272
283,4919,61.3,6129
4919,283,38.7,3871
283,4524,59.4,5935
4524,283,40.6,4065
283,4788,39.0,3899
4788,283,61.0,6101
1563,4531,66.9,6694
4531,1563,33.1,3306
1563,245,47.7,4774
245,1563,52.3,5226
1563,4800,62.8,6282
4800,1563,37.2,3718
1563,241,61.4,6143
241,1563,38.6,3857
1563,1084,58.4,5840
1084,1563,41.6,4160
1563,2046,68.6,6864
2046,1563,31.4,3136
1563,1557,77.1,7714
1557,1563,22.9,2286
1563,1041,53.4,5341
1041,1563,46.6,4659
1563,4255,61.8,6178
4255,1563,38.2,3822
1563,1684,42.4,4235
1684,1563,57.6,5765
1563,4864,39.4,3938
4864,1563,60.6,6062
1563,1487,52.2,5221
1487,1563,47.8,4779
1563,239,48.4,4836
239,1563,51.6,5164
1563,196,31.7,3174
196,1563,68.3,6826
1563,279,46.0,4604
279,1563,54.0,5396
1563,4919,79.8,7984
4919,1563,20.2,2016
1563,4524,77.8,7783
4524,1563,22.2,2217
1563,4788,60.7,6068
4788,1563,39.3,3932
4531,245,30.4,3042
245,4531,69.6,6958
4531,4800,44.4,4440
4800,4531,55.6,5560
4531,241,43.1,4307
241,4531,56.9,5693
4531,1084,40.6,4059
1084,4531,59.4,5941
4531,2046,50.9,5088
2046,4531,49.1,4912
4531,1557,62.0,6203
1557,4531,38.0,3797
4531,1041,35.4,3544
1041,4531,64.6,6456
4531,4255,43.1,4314
4255,4531,56.9,5686
4531,1684,27.2,2720
1684,4531,72.8,7280
4531,4864,23.3,2332
4864,4531,76.7,7668
4531,1487,33.1,3305
1487,4531,67.0,6695
4531,239,30.2,3020
239,4531,69.8,6980
4531,196,17.7,1767
196,4531,82.3,8233
4531,279,28.1,2807
279,4531,71.9,7193
4531,4919,64.0,6405
4919,4531,35.9,3595
4531,4524,62.7,6274
4524,4531,37.3,3726
4531,4788,41.9,4194
4788,4531,58.1,5806
245,4800,65.8,6584
4800,245,34.2,3416
245,241,64.9,6487
241,245,35.1,3513
245,1084,61.3,6128
1084,245,38.7,3872
245,2046,71.3,7133
2046,245,28.7,2867
245,1557,80.1,8008
1557,245,19.9,1992
245,1041,55.9,5587
1041,245,44.1,4413
245,4255,64.0,6405
4255,245,35.9,3595
245,1684,47.9,4794
1684,245,52.1,5206
245,4864,43.3,4329
4864,245,56.7,5671
245,1487,54.3,5430
1487,245,45.7,4570
245,239,50.5,5048
239,245,49.5,4952
245,196,34.1,3410
196,245,65.9,6590
245,279,49.9,4991
279,245,50.1,5009
245,4919,81.6,8162
4919,245,18.4,1838
245,4524,80.2,8018
4524,245,19.8,1982
245,4788,62.8,6278
4788,245,37.2,3722
4800,241,48.8,4882
241,4800,51.2,5118
4800,1084,44.9,4485
1084,4800,55.1,5515
4800,2046,56.2,5622
2046,4800,43.8,4378
4800,1557,66.0,6604
1557,4800,34.0,3396
4800,1041,40.0,3995
1041,4800,60.1,6005
4800,4255,49.4,4937
4255,4800,50.6,5063
4800,1684,31.3,3134
1684,4800,68.7,6866
4800,4864,27.8,2775
4864,4800,72.2,7225
4800,1487,39.8,3983
1487,4800,60.2,6017
4800,239,35.9,3590
239,4800,64.1,6410
4800,196,20.7,2074
196,4800,79.3,7926
4800,279,33.8,3376
279,4800,66.2,6624
4800,4919,70.0,7004
4919,4800,30.0,2996
4800,4524,67.5,6755
4524,4800,32.5,3245
4800,4788,47.5,4752
4788,4800,52.5,5248
241,1084,46.8,4679
1084,241,53.2,5321
241,2046,57.6,5756
2046,241,42.4,4244
241,1557,67.9,6789
1557,241,32.1,3211
241,1041,39.9,3991
1041,241,60.1,6009
241,4255,50.4,5044
4255,241,49.6,4956
241,1684,32.2,3219
1684,241,67.8,6781
241,4864,29.5,2952
4864,241,70.5,7048
241,1487,40.3,4032
1487,241,59.7,5968
241,239,37.0,3700
239,241,63.0,6300
241,196,22.2,2216
196,241,77.8,7784
241,279,35.1,3510
279,241,64.9,6490
241,4919,70.9,7086
4919,241,29.1,2914
241,4524,68.8,6875
4524,241,31.2,3125
241,4788,49.0,4904
4788,241,51.0,5096
1084,2046,60.5,6051
2046,1084,39.5,3949
1084,1557,71.2,7116
1557,1084,28.8,2884
1084,1041,44.2,4418
1041,1084,55.8,5582
1084,4255,53.4,5336
4255,1084,46.6,4664
1084,1684,35.6,3560
1684,1084,64.4,6440
1084,4864,31.5,3154
4864,1084,68.5,6846
1084,1487,43.9,4386
1487,1084,56.1,5614
1084,239,39.5,3949
239,1084,60.5,6051
1084,196,24.8,2484
196,1084,75.2,7516
1084,279,37.9,3794
279,1084,62.1,6206
1084,4919,72.5,7245
4919,1084,27.6,2755
1084,4524,71.7,7171
4524,1084,28.3,2829
1084,4788,51.9,5188
4788,1084,48.1,4812
2046,1557,60.8,6084
1557,2046,39.2,3916
2046,1041,34.2,3424
1041,2046,65.8,6576
2046,4255,42.7,4272
4255,2046,57.3,5728
2046,1684,26.2,2620
1684,2046,73.8,7380
2046,4864,22.4,2237
4864,2046,77.6,7763
2046,1487,33.1,3313
1487,2046,66.9,6687
2046,239,29.4,2937
239,2046,70.6,7063
2046,196,16.9,1686
196,2046,83.1,8314
2046,279,27.6,2763
279,2046,72.4,7237
2046,4919,64.5,6445
4919,2046,35.5,3555
2046,4524,61.7,6172
4524,2046,38.3,3828
2046,4788,41.6,4165
4788,2046,58.4,5835
1557,1041,24.8,2481
1041,1557,75.2,7519
1557,4255,32.3,3227
4255,1557,67.7,6773
1557,1684,18.7,1869
1684,1557,81.3,8131
1557,4864,15.2,1524
4864,1557,84.8,8476
1557,1487,24.2,2421
1487,1557,75.8,7579
1557,239,20.9,2088
239,1557,79.1,7912
1557,196,11.0,1096
196,1557,89.0,8904
1557,279,19.0,1903
279,1557,81.0,8097
1557,4919,53.4,5342
4919,1557,46.6,4658
1557,4524,50.7,5071
4524,1557,49.3,4929
1557,4788,31.2,3124
4788,1557,68.8,6876
1041,4255,59.2,5915
4255,1041,40.8,4085
1041,1684,40.7,4072
1684,1041,59.3,5928
1041,4864,36.6,3659
4864,1041,63.4,6341
1041,1487,49.2,4918
1487,1041,50.8,5082
1041,239,45.2,4520
239,1041,54.8,5480
1041,196,29.0,2900
196,1041,71.0,7100
1041,279,43.1,4308
279,1041,56.9,5692
1041,4919,77.6,7760
4919,1041,22.4,2240
1041,4524,75.8,7576
4524,1041,24.2,2424
1041,4788,57.3,5729
4788,1041,42.7,4271
4255,1684,32.3,3230
1684,4255,67.7,6770
4255,4864,28.3,2831
4864,4255,71.7,7169
4255,1487,40.1,4013
1487,4255,59.9,5987
4255,239,36.8,3675
239,4255,63.2,6325
4255,196,22.7,2267
196,4255,77.3,7733
4255,279,34.7,3469
279,4255,65.3,6531
4255,4919,71.4,7141
4919,4255,28.6,2859
4255,4524,69.6,6964
4524,4255,30.4,3036
4255,4788,48.8,4882
4788,4255,51.2,5118
1684,4864,45.4,4540
4864,1684,54.6,5460
1684,1487,58.8,5884
1487,1684,41.2,4116
1684,239,54.1,5411
239,1684,45.9,4589
1684,196,38.0,3801
196,1684,62.0,6199
1684,279,52.4,5243
279,1684,47.6,4757
1684,4919,83.9,8385
4919,1684,16.2,1615
1684,4524,82.2,8221
4524,1684,17.8,1779
1684,4788,65.7,6573
4788,1684,34.3,3427
4864,1487,62.0,6195
1487,4864,38.0,3805
4864,239,59.2,5920
239,4864,40.8,4080
4864,196,43.2,4322
196,4864,56.8,5678
4864,279,55.8,5582
279,4864,44.2,4418
4864,4919,86.1,8606
4919,4864,13.9,1394
4864,4524,85.6,8557
4524,4864,14.4,1443
4864,4788,69.5,6950
4788,4864,30.5,3050
1487,239,45.6,4565
239,1487,54.4,5435
1487,196,30.5,3053
196,1487,69.5,6947
1487,279,43.4,4342
279,1487,56.6,5658
1487,4919,79.0,7899
4919,1487,21.0,2101
1487,4524,77.0,7695
4524,1487,23.1,2305
1487,4788,58.9,5888
4788,1487,41.1,4112
239,196,33.8,3377
196,239,66.2,6623
239,279,47.5,4749
279,239,52.5,5251
239,4919,80.8,8081
4919,239,19.2,1919
239,4524,78.9,7886
4524,239,21.1,2114
239,4788,62.0,6199
4788,239,38.0,3801
196,279,62.8,6284
279,196,37.2,3716
196,4919,89.9,8987
4919,196,10.1,1013
196,4524,89.5,8946
4524,196,10.5,1054
196,4788,77.4,7740
4788,196,22.6,2260
279,4919,82.2,8224
4919,279,17.8,1776
279,4524,80.7,8072
4524,279,19.3,1928
279,4788,64.0,6399
4788,279,36.0,3601
4919,4524,46.8,4684
4524,4919,53.2,5316
4919,4788,27.9,2790
4788,4919,72.1,7210
4524,4788,29.5,2948
4788,4524,70.5,7052
