275,281,68.8,6879
281,275,31.2,3121
275,4536,76.1,7614
4536,275,23.9,2386
275,186,66.5,6655
186,275,33.5,3345
275,1307,71.7,7165
1307,275,28.3,2835
275,4516,45.7,4567
4516,275,54.3,5433
275,267,71.3,7131
267,275,28.7,2869
275,1163,62.4,6239
1163,275,37.6,3761
275,1096,64.9,6486
1096,275,35.1,3514
275,4542,80.4,8040
4542,275,19.6,1960
275,4907,74.2,7417
4907,275,25.8,2583
275,1489,72.5,7245
1489,275,27.6,2755
275,4362,53.2,5319
4362,275,46.8,4681
275,4548,69.1,6914
4548,275,30.9,3086
275,237,77.6,7762
237,275,22.4,2238
275,1476,49.9,4993
1476,275,50.1,5007
275,229,61.5,6151
229,275,38.5,3849
275,3694,60.7,6065
3694,275,39.4,3935
275,3676,70.0,6998
3676,275,30.0,3002
275,946,53.5,5349
946,275,46.5,4651
275,4865,69.6,6958
4865,275,30.4,3042
275,295,49.8,4981
295,275,50.2,5019
275,4892,74.3,7431
4892,275,25.7,2569
275,221,53.0,5302
221,275,47.0,4698
275,265,49.4,4944
265,275,50.6,5056
275,201,65.6,6561
201,275,34.4,3439
275,4509,73.9,7388
4509,275,26.1,2612
275,4757,78.2,7817
4757,275,21.8,2183
275,18,72.2,7216
18,275,27.8,2784
275,4521,77.7,7768
4521,275,22.3,2232
275,1493,84.3,8432
1493,275,15.7,1568
275,4259,68.4,6841
4259,275,31.6,3159
275,198,61.0,6103
198,275,39.0,3897
275,4246,58.6,5861
4246,275,41.4,4139
275,1485,78.9,7894
1485,275,21.1,2106
275,4423,83.0,8304
4423,275,17.0,1696
275,1218,61.4,6136
1218,275,38.6,3864
275,4527,82.6,8263
4527,275,17.4,1737
275,961,59.2,5925
961,275,40.8,4075
275,227,76.0,7599
227,275,24.0,2401
275,4908,78.2,7816
4908,275,21.8,2184
275,257,61.1,6105
257,275,39.0,3895
275,1169,49.6,4960
1169,275,50.4,5040
275,273,61.4,6139
273,275,38.6,3861
275,1175,58.9,5894
1175,275,41.1,4106
275,65,66.6,6665
65,275,33.4,3335
275,251,75.5,7554
251,275,24.5,2446
275,205,73.1,7310
205,275,26.9,2690
275,4921,76.1,7609
4921,275,23.9,2391
275,1183,74.9,7487
1183,275,25.1,2513
275,4424,85.6,8563
4424,275,14.4,1437
275,3703,51.4,5138
3703,275,48.6,4862
275,4257,73.8,7378
4257,275,26.2,2622
275,4254,70.5,7048
4254,275,29.5,2952
275,3709,48.8,4878
3709,275,51.2,5122
275,4431,69.7,6970
4431,275,30.3,3030
275,1699,68.0,6798
1699,275,32.0,3202
275,1528,51.0,5103
1528,275,49.0,4897
275,289,50.4,5036
289,275,49.6,4964
275,188,57.9,5792
188,275,42.1,4208
275,4530,63.8,6382
4530,275,36.2,3618
275,1078,63.0,6302
1078,275,37.0,3698
275,4913,69.3,6928
4913,275,30.7,3072
275,4607,59.6,5962
4607,275,40.4,4038
275,1044,54.9,5492
1044,275,45.1,4508
275,2799,70.1,7008
2799,275,29.9,2992
275,179,49.2,4920
179,275,50.8,5080
275,4258,76.1,7614
4258,275,23.9,2386
275,4597,78.9,7893
4597,275,21.1,2107
275,217,36.1,3612
217,275,63.9,6388
275,261,72.2,7215
261,275,27.9,2785
275,1520,61.4,6143
1520,275,38.6,3857
275,4383,58.1,5810
4383,275,41.9,4190
275,223,74.5,7446
223,275,25.5,2554
275,235,70.3,7034
235,275,29.7,2966
275,4728,69.6,6961
4728,275,30.4,3039
275,1037,67.7,6767
1037,275,32.3,3233
275,4363,70.2,7016
4363,275,29.8,2984
275,1690,63.1,6312
1690,275,36.9,3688
275,285,63.1,6314
285,275,36.9,3686
275,211,72.4,7235
211,275,27.7,2765
275,1719,66.4,6640
1719,275,33.6,3360
275,2037,81.2,8123
2037,275,18.8,1877
275,194,48.2,4820
194,275,51.8,5180
275,3712,60.6,6060
3712,275,39.4,3940
275,77,75.1,7514
77,275,24.9,2486
275,1687,78.4,7841
1687,275,21.6,2159
275,4256,73.3,7334
4256,275,26.7,2666
275,1479,66.8,6678
1479,275,33.2,3322
275,253,63.0,6298
253,275,37.0,3702
275,1693,41.5,4147
1693,275,58.5,5853
275,231,53.0,5301
231,275,47.0,4699
275,1728,61.2,6123
1728,275,38.8,3877
275,1535,63.8,6380
1535,275,36.2,3620
275,1002,64.5,6455
1002,275,35.4,3545
275,287,65.7,6572
287,275,34.3,3428
275,190,44.9,4487
190,275,55.1,5513
275,1172,74.1,7406
1172,275,25.9,2594
275,1492,73.9,7388
1492,275,26.1,2612
275,1696,25.9,2594
1696,275,74.1,7406
275,283,78.2,7822
283,275,21.8,2178
275,1563,57.9,5787
1563,275,42.1,4213
275,4531,71.2,7125
4531,275,28.7,2875
275,245,49.6,4960
245,275,50.4,5040
275,241,70.8,7076
241,275,29.2,2924
275,207,69.3,6931
207,275,30.7,3069
275,1041,50.5,5052
1041,275,49.5,4948
275,4255,67.5,6751
4255,275,32.5,3249
275,1684,45.7,4570
1684,275,54.3,5430
275,4864,45.8,4575
4864,275,54.2,5425
275,1487,58.1,5807
1487,275,41.9,4193
275,239,48.5,4851
239,275,51.5,5149
275,196,37.5,3755
196,275,62.5,6245
275,279,59.4,5939
279,275,40.6,4061
281,4536,59.8,5980
4536,281,40.2,4020
281,186,47.3,4729
186,281,52.7,5271
281,1307,52.1,5211
1307,281,47.9,4789
281,4516,28.4,2836
4516,281,71.6,7164
281,267,53.2,5325
267,281,46.8,4675
281,1163,42.5,4249
1163,281,57.5,5751
281,1096,45.8,4582
1096,281,54.2,5418
281,4542,64.6,6462
4542,281,35.4,3538
281,4907,55.7,5566
4907,281,44.3,4434
281,1489,54.5,5449
1489,281,45.5,4551
281,4362,34.0,3397
4362,281,66.0,6603
281,4548,50.0,4998
4548,281,50.0,5002
281,237,61.6,6157
237,281,38.4,3843
281,1476,30.5,3051
1476,281,69.5,6949
281,229,43.2,4319
229,281,56.8,5681
281,3694,41.1,4113
3694,281,58.9,5887
281,3676,50.7,5075
3676,281,49.2,4925
281,946,34.2,3420
946,281,65.8,6580
281,4865,50.9,5092
4865,281,49.1,4908
281,295,31.1,3105
295,281,69.0,6895
281,4892,57.0,5699
4892,281,43.0,4301
281,221,35.0,3504
221,281,65.0,6496
281,265,29.4,2943
265,281,70.6,7057
281,201,47.0,4702
201,281,53.0,5298
281,4509,57.1,5714
4509,281,42.9,4286
281,4757,61.5,6150
4757,281,38.5,3850
281,18,53.2,5323
18,281,46.8,4677
281,4521,61.6,6160
4521,281,38.4,3840
281,1493,69.9,6994
1493,281,30.1,3006
281,4259,49.8,4982
4259,281,50.2,5018
281,198,41.6,4159
198,281,58.4,5841
281,4246,40.0,4004
4246,281,60.0,5996
281,1485,61.1,6110
1485,281,38.9,3890
281,4423,67.5,6754
4423,281,32.5,3246
281,1218,42.8,4277
1218,281,57.2,5723
281,4527,66.5,6654
4527,281,33.5,3346
281,961,38.8,3879
961,281,61.2,6121
281,227,58.5,5853
227,281,41.5,4147
281,4908,60.9,6090
4908,281,39.1,3910
281,257,41.5,4147
257,281,58.5,5853
281,1169,31.2,3117
1169,281,68.8,6883
281,273,42.2,4218
273,281,57.8,5782
281,1175,39.7,3974
1175,281,60.3,6026
281,65,46.9,4692
65,281,53.1,5308
281,251,57.6,5762
251,281,42.4,4238
281,205,55.1,5515
205,281,44.9,4485
281,4921,59.9,5993
4921,281,40.1,4007
281,1183,57.5,5749
1183,281,42.5,4251
281,4424,73.3,7332
4424,281,26.7,2668
281,3703,31.7,3174
3703,281,68.3,6826
281,4257,56.5,5653
4257,281,43.5,4347
281,4254,51.9,5190
4254,281,48.1,4810
281,3709,29.9,2994
3709,281,70.1,7006
281,4431,50.7,5066
4431,281,49.3,4934
281,1699,50.2,5020
1699,281,49.8,4980
281,1528,33.0,3300
1528,281,67.0,6700
281,289,31.5,3148
289,281,68.5,6852
281,188,38.2,3816
188,281,61.8,6184
281,4530,44.5,4452
4530,281,55.5,5548
281,1078,44.0,4400
1078,281,56.0,5600
281,4913,50.5,5052
4913,281,49.5,4948
281,4607,39.0,3898
4607,281,61.0,6102
281,1044,35.4,3539
1044,281,64.6,6461
281,2799,51.5,5154
2799,281,48.5,4846
281,179,30.2,3025
179,281,69.8,6975
281,4258,59.4,5944
4258,281,40.6,4056
281,4597,61.5,6146
4597,281,38.5,3854
281,217,20.3,2033
217,281,79.7,7967
281,261,54.4,5442
261,281,45.6,4558
281,1520,42.6,4259
1520,281,57.4,5741
281,4383,38.6,3864
4383,281,61.4,6136
281,223,56.3,5630
223,281,43.7,4370
281,235,51.8,5184
235,281,48.2,4816
281,4728,50.7,5074
4728,281,49.3,4926
281,1037,48.9,4887
1037,281,51.1,5113
281,4363,51.4,5142
4363,281,48.6,4858
281,1690,44.5,4449
1690,281,55.5,5551
281,285,43.5,4348
285,281,56.5,5652
281,211,54.4,5437
211,281,45.6,4563
281,1719,47.1,4708
1719,281,52.9,5292
281,2037,64.8,6475
2037,281,35.2,3525
281,194,31.3,3128
194,281,68.7,6872
281,3712,40.9,4094
3712,281,59.1,5906
281,77,56.5,5649
77,281,43.5,4351
281,1687,61.9,6186
1687,281,38.1,3814
281,4256,55.5,5547
4256,281,44.5,4453
281,1479,48.3,4830
1479,281,51.7,5170
281,253,43.3,4327
253,281,56.7,5673
281,1693,23.9,2387
1693,281,76.1,7613
281,231,35.2,3525
231,281,64.8,6475
281,1728,42.1,4215
1728,281,57.9,5785
281,1535,44.6,4459
1535,281,55.4,5541
281,1002,46.1,4611
1002,281,53.9,5389
281,287,46.8,4677
287,281,53.2,5323
281,190,27.7,2773
190,281,72.3,7227
281,1172,55.5,5554
1172,281,44.5,4446
281,1492,55.7,5568
1492,281,44.3,4432
281,1696,13.1,1308
1696,281,86.9,8692
281,283,59.9,5989
283,281,40.1,4011
281,1563,39.0,3901
1563,281,61.0,6099
281,4531,53.5,5346
4531,281,46.5,4654
281,245,30.6,3059
245,281,69.4,6941
281,241,52.5,5246
241,281,47.5,4754
281,207,50.9,5089
207,281,49.1,4911
281,1041,32.2,3219
1041,281,67.8,6781
281,4255,48.6,4863
4255,281,51.4,5137
281,1684,28.1,2813
1684,281,71.9,7187
281,4864,27.6,2755
4864,281,72.5,7245
281,1487,38.4,3839
1487,281,61.6,6161
281,239,30.4,3038
239,281,69.6,6962
281,196,21.3,2128
196,281,78.7,7872
281,279,39.3,3929
279,281,60.7,6071
4536,186,37.5,3755
186,4536,62.5,6245
4536,1307,42.5,4253
1307,4536,57.5,5747
4536,4516,20.2,2017
4516,4536,79.8,7983
4536,267,43.7,4367
267,4536,56.3,5633
4536,1163,33.5,3354
1163,4536,66.5,6646
4536,1096,36.9,3685
1096,4536,63.1,6315
4536,4542,55.4,5543
4542,4536,44.6,4457
4536,4907,46.2,4618
4907,4536,53.8,5382
4536,1489,45.0,4502
1489,4536,55.0,5498
4536,4362,25.4,2542
4362,4536,74.6,7458
4536,4548,40.7,4074
4548,4536,59.3,5926
4536,237,51.5,5147
237,4536,48.5,4853
4536,1476,23.4,2336
1476,4536,76.6,7664
4536,229,32.4,3235
229,4536,67.7,6765
4536,3694,33.5,3345
3694,4536,66.5,6655
4536,3676,41.3,4133
3676,4536,58.7,5867
4536,946,26.2,2621
946,4536,73.8,7379
4536,4865,41.6,4162
4865,4536,58.4,5838
4536,295,22.8,2281
295,4536,77.2,7719
4536,4892,47.2,4722
4892,4536,52.8,5278
4536,221,25.8,2583
221,4536,74.2,7417
4536,265,21.7,2168
265,4536,78.3,7832
4536,201,37.3,3728
201,4536,62.7,6272
4536,4509,46.0,4602
4509,4536,54.0,5398
4536,4757,51.2,5125
4757,4536,48.8,4875
4536,18,44.4,4437
18,4536,55.6,5563
4536,4521,51.9,5194
4521,4536,48.1,4806
4536,1493,61.3,6127
1493,4536,38.7,3873
4536,4259,38.7,3873
4259,4536,61.3,6127
4536,198,33.2,3325
198,4536,66.8,6675
4536,4246,31.0,3098
4246,4536,69.0,6902
4536,1485,52.7,5269
1485,4536,47.3,4731
4536,4423,58.8,5877
4423,4536,41.2,4123
4536,1218,33.6,3355
1218,4536,66.5,6645
4536,4527,57.8,5779
4527,4536,42.2,4221
4536,961,29.8,2984
961,4536,70.2,7016
4536,227,48.6,4858
227,4536,51.4,5142
4536,4908,51.6,5158
4908,4536,48.4,4842
4536,257,32.2,3222
257,4536,67.8,6778
4536,1169,21.4,2137
1169,4536,78.6,7863
4536,273,32.6,3258
273,4536,67.4,6742
4536,1175,31.5,3148
1175,4536,68.5,6852
4536,65,38.5,3847
65,4536,61.5,6153
4536,251,47.8,4782
251,4536,52.2,5218
4536,205,45.3,4534
205,4536,54.7,5466
4536,4921,48.9,4887
4921,4536,51.1,5113
4536,1183,47.2,4724
1183,4536,52.8,5276
4536,4424,63.1,6314
4424,4536,36.9,3686
4536,3703,24.1,2409
3703,4536,75.9,7591
4536,4257,47.2,4720
4257,4536,52.8,5280
4536,4254,42.3,4231
4254,4536,57.7,5769
4536,3709,21.9,2190
3709,4536,78.1,7810
4536,4431,40.7,4070
4431,4536,59.3,5930
4536,1699,40.2,4020
1699,4536,59.8,5980
4536,1528,24.1,2415
1528,4536,75.8,7585
4536,289,23.1,2309
289,4536,76.9,7691
4536,188,29.4,2936
188,4536,70.6,7064
4536,4530,34.2,3422
4530,4536,65.8,6578
4536,1078,35.2,3516
1078,4536,64.8,6484
4536,4913,41.0,4101
4913,4536,59.0,5899
4536,4607,30.2,3024
4607,4536,69.8,6976
4536,1044,26.5,2652
1044,4536,73.5,7348
4536,2799,41.9,4190
2799,4536,58.1,5810
4536,179,22.6,2255
179,4536,77.5,7745
4536,4258,49.6,4962
4258,4536,50.4,5038
4536,4597,52.5,5252
4597,4536,47.5,4748
4536,217,13.8,1380
217,4536,86.2,8620
4536,261,45.1,4508
261,4536,54.9,5492
4536,1520,32.7,3269
1520,4536,67.3,6731
4536,4383,30.4,3038
4383,4536,69.6,6962
4536,223,47.3,4726
223,4536,52.7,5274
4536,235,41.7,4172
235,4536,58.3,5828
4536,4728,40.9,4090
4728,4536,59.1,5910
4536,1037,39.3,3928
1037,4536,60.7,6072
4536,4363,43.0,4302
4363,4536,57.0,5698
4536,1690,36.5,3646
1690,4536,63.5,6354
4536,285,34.2,3415
285,4536,65.8,6585
4536,211,44.5,4453
211,4536,55.5,5547
4536,1719,37.8,3784
1719,4536,62.2,6216
4536,2037,55.7,5568
2037,4536,44.3,4432
4536,194,22.6,2259
194,4536,77.4,7741
4536,3712,31.5,3149
3712,4536,68.5,6851
4536,77,48.0,4803
77,4536,52.0,5197
4536,1687,52.3,5231
1687,4536,47.7,4769
4536,4256,46.3,4627
4256,4536,53.7,5373
4536,1479,37.8,3776
1479,4536,62.2,6224
4536,253,33.7,3367
253,4536,66.3,6633
4536,1693,17.3,1728
1693,4536,82.7,8272
4536,231,27.0,2698
231,4536,73.0,7302
4536,1728,33.2,3317
1728,4536,66.8,6683
4536,1535,35.6,3564
1535,4536,64.4,6436
4536,1002,35.7,3574
1002,4536,64.3,6426
4536,287,37.3,3733
287,4536,62.7,6267
4536,190,19.8,1976
190,4536,80.2,8024
4536,1172,46.4,4640
1172,4536,53.6,5360
4536,1492,45.5,4550
1492,4536,54.5,5450
4536,1696,8.0,800
1696,4536,92.0,9200
4536,283,50.3,5032
283,4536,49.7,4968
4536,1563,29.8,2980
1563,4536,70.2,7020
4536,4531,42.9,4289
4531,4536,57.1,5711
4536,245,22.6,2258
245,4536,77.4,7742
4536,241,42.8,4278
241,4536,57.2,5722
4536,207,41.4,4140
207,4536,58.6,5860
4536,1041,24.1,2414
1041,4536,75.9,7586
4536,4255,39.5,3945
4255,4536,60.6,6055
4536,1684,19.6,1956
1684,4536,80.4,8044
4536,4864,19.4,1938
4864,4536,80.6,8062
4536,1487,31.6,3162
1487,4536,68.4,6838
4536,239,22.4,2240
239,4536,77.6,7760
4536,196,14.7,1473
196,4536,85.3,8527
4536,279,30.2,3016
279,4536,69.8,6984
186,1307,55.4,5541
1307,186,44.6,4459
186,4516,30.9,3087
4516,186,69.1,6913
186,267,55.8,5577
267,186,44.2,4423
186,1163,45.8,4580
1163,186,54.2,5420
186,1096,48.8,4879
1096,186,51.2,5121
186,4542,67.5,6746
4542,186,32.5,3254
186,4907,58.7,5866
4907,186,41.3,4134
186,1489,57.4,5742
1489,186,42.6,4258
186,4362,36.6,3665
4362,186,63.3,6335
186,4548,53.5,5349
4548,186,46.5,4651
186,237,63.7,6374
237,186,36.3,3626
186,1476,34.1,3407
1476,186,65.9,6593
186,229,45.0,4501
229,186,55.0,5499
186,3694,44.1,4415
3694,186,55.9,5585
186,3676,54.7,5467
3676,186,45.3,4533
186,946,38.2,3819
946,186,61.8,6181
186,4865,53.9,5395
4865,186,46.1,4605
186,295,33.9,3387
295,186,66.1,6613
186,4892,60.5,6045
4892,186,39.6,3955
186,221,36.8,3682
221,186,63.2,6318
186,265,31.9,3191
265,186,68.1,6809
186,201,49.8,4982
201,186,50.2,5018
186,4509,57.9,5788
4509,186,42.1,4212
186,4757,63.0,6303
4757,186,37.0,3697
186,18,56.6,5664
18,186,43.4,4336
186,4521,63.1,6311
4521,186,36.9,3689
186,1493,72.5,7253
1493,186,27.5,2747
186,4259,52.1,5212
4259,186,47.9,4788
186,198,44.8,4484
198,186,55.2,5516
186,4246,42.5,4251
4246,186,57.5,5749
186,1485,64.7,6472
1485,186,35.3,3528
186,4423,69.5,6949
4423,186,30.5,3051
186,1218,44.9,4487
1218,186,55.1,5513
186,4527,69.7,6971
4527,186,30.3,3029
186,961,41.5,4146
961,186,58.5,5854
186,227,60.3,6032
227,186,39.7,3968
186,4908,64.8,6480
4908,186,35.2,3520
186,257,44.9,4486
257,186,55.1,5514
186,1169,32.9,3293
1169,186,67.1,6707
186,273,45.6,4555
273,186,54.4,5445
186,1175,43.2,4319
1175,186,56.8,5681
186,65,49.5,4951
65,186,50.5,5049
186,251,59.8,5975
251,186,40.2,4025
186,205,57.3,5731
205,186,42.7,4269
186,4921,61.4,6141
4921,186,38.6,3859
186,1183,59.9,5994
1183,186,40.1,4006
186,4424,74.0,7396
4424,186,26.0,2604
186,3703,35.3,3529
3703,186,64.7,6471
186,4257,60.0,6004
4257,186,40.0,3996
186,4254,54.4,5443
4254,186,45.6,4557
186,3709,33.2,3323
3709,186,66.8,6677
186,4431,54.1,5412
4431,186,45.9,4588
186,1699,52.5,5249
1699,186,47.5,4751
186,1528,35.1,3515
1528,186,64.8,6485
186,289,33.8,3380
289,186,66.2,6620
186,188,41.6,4158
188,186,58.4,5842
186,4530,46.8,4676
4530,186,53.2,5324
186,1078,46.7,4669
1078,186,53.3,5331
186,4913,52.9,5288
4913,186,47.1,4712
186,4607,42.4,4245
4607,186,57.6,5755
186,1044,38.4,3842
1044,186,61.6,6158
186,2799,54.3,5427
2799,186,45.7,4573
186,179,33.1,3308
179,186,66.9,6692
186,4258,61.9,6188
4258,186,38.1,3812
186,4597,64.5,6447
4597,186,35.5,3553
186,217,21.5,2153
217,186,78.5,7847
186,261,56.7,5666
261,186,43.3,4334
186,1520,44.6,4460
1520,186,55.4,5540
186,4383,42.0,4196
4383,186,58.0,5804
186,223,60.6,6055
223,186,39.5,3945
186,235,54.4,5436
235,186,45.6,4564
186,4728,54.4,5439
4728,186,45.6,4561
186,1037,51.7,5175
1037,186,48.2,4825
186,4363,54.6,5462
4363,186,45.4,4538
186,1690,46.5,4653
1690,186,53.5,5347
186,285,46.5,4650
285,186,53.5,5350
186,211,56.9,5691
211,186,43.1,4309
186,1719,51.0,5097
1719,186,49.0,4903
186,2037,67.3,6726
2037,186,32.7,3274
186,194,33.0,3298
194,186,67.0,6702
186,3712,44.2,4417
3712,186,55.8,5583
186,77,59.8,5982
77,186,40.2,4018
186,1687,63.3,6330
1687,186,36.7,3670
186,4256,59.2,5918
4256,186,40.8,4082
186,1479,50.9,5093
1479,186,49.1,4907
186,253,46.4,4636
253,186,53.6,5364
186,1693,25.2,2518
1693,186,74.8,7482
186,231,38.3,3832
231,186,61.7,6168
186,1728,45.2,4523
1728,186,54.8,5477
186,1535,47.5,4747
1535,186,52.5,5253
186,1002,49.2,4919
1002,186,50.8,5081
186,287,50.2,5018
287,186,49.8,4982
186,190,29.7,2972
190,186,70.3,7028
186,1172,59.1,5912
1172,186,40.9,4088
186,1492,58.0,5804
1492,186,42.0,4196
186,1696,14.2,1424
1696,186,85.8,8576
186,283,62.6,6258
283,186,37.4,3742
186,1563,41.1,4112
1563,186,58.9,5888
186,4531,55.3,5534
4531,186,44.7,4466
186,245,33.1,3309
245,186,66.9,6691
186,241,55.8,5575
241,186,44.2,4425
186,207,54.2,5424
207,186,45.8,4576
186,1041,34.9,3492
1041,186,65.1,6508
186,4255,51.3,5128
4255,186,48.7,4872
186,1684,30.1,3011
1684,186,69.9,6989
186,4864,29.4,2936
4864,186,70.6,7064
186,1487,41.9,4189
1487,186,58.1,5811
186,239,33.1,3311
239,186,66.9,6689
186,196,23.4,2343
196,186,76.6,7657
186,279,42.5,4250
279,186,57.5,5750
1307,4516,25.4,2543
4516,1307,74.6,7457
1307,267,50.9,5095
267,1307,49.0,4905
1307,1163,40.2,4025
1163,1307,59.8,5975
1307,1096,43.4,4337
1096,1307,56.6,5663
1307,4542,62.1,6207
4542,1307,37.9,3793
1307,4907,53.7,5369
4907,1307,46.3,4631
1307,1489,51.9,5186
1489,1307,48.1,4814
1307,4362,30.8,3076
4362,1307,69.2,6924
1307,4548,48.2,4823
4548,1307,51.8,5177
1307,237,59.3,5930
237,1307,40.7,4070
1307,1476,29.4,2942
1476,1307,70.6,7058
1307,229,39.9,3989
229,1307,60.1,6011
1307,3694,39.3,3932
3694,1307,60.7,6068
1307,3676,49.1,4913
3676,1307,50.9,5087
1307,946,32.9,3287
946,1307,67.1,6713
1307,4865,47.9,4788
4865,1307,52.1,5212
1307,295,28.4,2843
295,1307,71.6,7157
1307,4892,54.9,5491
4892,1307,45.1,4509
1307,221,31.6,3156
221,1307,68.4,6844
1307,265,26.7,2670
265,1307,73.3,7330
1307,201,44.1,4408
201,1307,55.9,5592
1307,4509,54.5,5454
4509,1307,45.5,4546
1307,4757,60.4,6041
4757,1307,39.6,3959
1307,18,51.2,5118
18,1307,48.8,4882
1307,4521,58.5,5853
4521,1307,41.5,4147
1307,1493,68.9,6890
1493,1307,31.1,3110
1307,4259,47.0,4698
4259,1307,53.0,5302
1307,198,39.4,3941
198,1307,60.6,6059
1307,4246,36.9,3687
4246,1307,63.1,6313
1307,1485,59.1,5908
1485,1307,40.9,4092
1307,4423,65.8,6579
4423,1307,34.2,3421
1307,1218,40.1,4013
1218,1307,59.9,5987
1307,4527,64.9,6491
4527,1307,35.1,3509
1307,961,36.2,3623
961,1307,63.8,6377
1307,227,55.1,5510
227,1307,44.9,4490
1307,4908,58.0,5804
4908,1307,42.0,4196
1307,257,38.9,3889
257,1307,61.1,6111
1307,1169,28.0,2802
1169,1307,72.0,7198
1307,273,39.6,3961
273,1307,60.4,6039
1307,1175,37.8,3782
1175,1307,62.2,6218
1307,65,45.1,4510
65,1307,54.9,5490
1307,251,54.7,5473
251,1307,45.3,4527
1307,205,52.1,5215
205,1307,47.9,4785
1307,4921,56.9,5691
4921,1307,43.1,4309
1307,1183,55.5,5553
1183,1307,44.5,4447
1307,4424,69.9,6988
4424,1307,30.1,3012
1307,3703,30.6,3059
3703,1307,69.4,6941
1307,4257,54.5,5449
4257,1307,45.5,4551
1307,4254,49.0,4896
4254,1307,51.0,5104
1307,3709,28.2,2825
3709,1307,71.8,7175
1307,4431,48.6,4864
4431,1307,51.4,5136
1307,1699,47.2,4717
1699,1307,52.8,5283
1307,1528,29.9,2987
1528,1307,70.1,7013
1307,289,29.0,2901
289,1307,71.0,7099
1307,188,36.5,3654
188,1307,63.5,6346
1307,4530,41.6,4163
4530,1307,58.4,5837
1307,1078,41.0,4102
1078,1307,59.0,5898
1307,4913,48.2,4824
4913,1307,51.8,5176
1307,4607,36.6,3662
4607,1307,63.4,6338
1307,1044,32.9,3292
1044,1307,67.1,6708
1307,2799,48.9,4893
2799,1307,51.1,5107
1307,179,29.0,2899
179,1307,71.0,7101
1307,4258,56.9,5694
4258,1307,43.1,4306
1307,4597,60.6,6061
4597,1307,39.4,3939
1307,217,17.3,1734
217,1307,82.7,8266
1307,261,51.7,5167
261,1307,48.3,4833
1307,1520,39.6,3957
1520,1307,60.4,6043
1307,4383,36.8,3681
4383,1307,63.2,6319
1307,223,54.1,5412
223,1307,45.9,4588
1307,235,49.4,4940
235,1307,50.6,5060
1307,4728,48.6,4865
4728,1307,51.3,5135
1307,1037,47.0,4703
1037,1307,53.0,5297
1307,4363,50.3,5026
4363,1307,49.7,4974
1307,1690,41.8,4177
1690,1307,58.2,5823
1307,285,40.7,4066
285,1307,59.3,5934
1307,211,52.2,5223
211,1307,47.8,4777
1307,1719,45.3,4527
1719,1307,54.7,5473
1307,2037,62.6,6264
2037,1307,37.4,3736
1307,194,28.3,2834
194,1307,71.7,7166
1307,3712,38.1,3811
3712,1307,61.9,6189
1307,77,54.7,5466
77,1307,45.3,4534
1307,1687,59.6,5960
1687,1307,40.4,4040
1307,4256,53.3,5328
4256,1307,46.7,4672
1307,1479,45.3,4528
1479,1307,54.7,5472
1307,253,41.2,4121
253,1307,58.8,5879
1307,1693,22.1,2210
1693,1307,77.9,7790
1307,231,32.5,3250
231,1307,67.5,6750
1307,1728,39.8,3979
1728,1307,60.2,6021
1307,1535,41.8,4181
1535,1307,58.2,5819
1307,1002,43.9,4389
1002,1307,56.1,5611
1307,287,44.9,4492
287,1307,55.1,5508
1307,190,25.0,2497
190,1307,75.0,7503
1307,1172,54.0,5403
1172,1307,46.0,4597
1307,1492,52.4,5236
1492,1307,47.6,4764
1307,1696,11.0,1101
1696,1307,89.0,8899
1307,283,57.8,5779
283,1307,42.2,4221
1307,1563,36.2,3623
1563,1307,63.8,6377
1307,4531,50.4,5036
4531,1307,49.6,4964
1307,245,27.8,2777
245,1307,72.2,7223
1307,241,50.3,5032
241,1307,49.7,4968
1307,207,48.1,4806
207,1307,51.9,5194
1307,1041,28.7,2866
1041,1307,71.3,7134
1307,4255,46.1,4611
4255,1307,53.9,5389
1307,1684,25.4,2542
1684,1307,74.6,7458
1307,4864,25.7,2574
4864,1307,74.3,7426
1307,1487,37.3,3733
1487,1307,62.7,6267
1307,239,28.0,2796
239,1307,72.0,7204
1307,196,20.3,2029
196,1307,79.7,7971
1307,279,38.0,3804
279,1307,62.0,6196
4516,267,74.6,7455
267,4516,25.4,2545
4516,1163,66.6,6658
1163,4516,33.4,3342
4516,1096,67.9,6792
1096,4516,32.1,3208
4516,4542,83.4,8335
4542,4516,16.7,1665
4516,4907,76.9,7692
4907,4516,23.1,2308
4516,1489,75.7,7573
1489,4516,24.3,2427
4516,4362,57.5,5745
4362,4516,42.5,4255
4516,4548,71.6,7159
4548,4516,28.4,2841
4516,237,80.1,8007
237,4516,19.9,1993
4516,1476,54.3,5427
1476,4516,45.7,4573
4516,229,65.6,6558
229,4516,34.4,3442
4516,3694,63.2,6323
3694,4516,36.8,3677
4516,3676,72.8,7280
3676,4516,27.2,2720
4516,946,57.1,5713
946,4516,42.9,4287
4516,4865,72.5,7255
4865,4516,27.5,2745
4516,295,52.8,5278
295,4516,47.2,4722
4516,4892,78.3,7827
4892,4516,21.7,2173
4516,221,55.7,5569
221,4516,44.3,4431
4516,265,51.5,5155
265,4516,48.4,4845
4516,201,68.1,6808
201,4516,31.9,3192
4516,4509,76.2,7625
4509,4516,23.8,2375
4516,4757,80.9,8094
4757,4516,19.1,1906
4516,18,76.0,7597
18,4516,24.0,2403
4516,4521,79.7,7968
4521,4516,20.3,2032
4516,1493,86.5,8650
1493,4516,13.5,1350
4516,4259,71.2,7118
4259,4516,28.8,2882
4516,198,63.6,6364
198,4516,36.4,3636
4516,4246,62.7,6269
4246,4516,37.3,3731
4516,1485,81.6,8163
1485,4516,18.4,1837
4516,4423,84.9,8491
4423,4516,15.1,1509
4516,1218,65.1,6515
1218,4516,34.8,3485
4516,4527,84.9,8492
4527,4516,15.1,1508
4516,961,61.5,6152
961,4516,38.5,3848
4516,227,78.9,7891
227,4516,21.1,2109
4516,4908,80.8,8082
4908,4516,19.2,1918
4516,257,63.7,6375
257,4516,36.2,3625
4516,1169,52.5,5249
1169,4516,47.5,4751
4516,273,64.6,6460
273,4516,35.4,3540
4516,1175,62.3,6234
1175,4516,37.7,3766
4516,65,69.9,6992
65,4516,30.1,3008
4516,251,77.2,7724
251,4516,22.8,2276
4516,205,76.3,7633
205,4516,23.7,2367
4516,4921,79.8,7980
4921,4516,20.2,2020
4516,1183,77.9,7788
1183,4516,22.1,2212
4516,4424,87.9,8790
4424,4516,12.1,1210
4516,3703,55.0,5502
3703,4516,45.0,4498
4516,4257,76.5,7655
4257,4516,23.4,2345
4516,4254,73.3,7332
4254,4516,26.7,2668
4516,3709,52.0,5203
3709,4516,48.0,4797
4516,4431,73.9,7394
4431,4516,26.1,2606
4516,1699,71.8,7179
1699,4516,28.2,2821
4516,1528,55.6,5565
1528,4516,44.4,4435
4516,289,53.8,5378
289,4516,46.2,4622
4516,188,61.6,6160
188,4516,38.4,3840
4516,4530,67.5,6754
4530,4516,32.5,3246
4516,1078,66.8,6675
1078,4516,33.2,3325
4516,4913,71.0,7102
4913,4516,29.0,2898
4516,4607,63.3,6332
4607,4516,36.7,3668
4516,1044,58.2,5821
1044,4516,41.8,4179
4516,2799,73.0,7303
2799,4516,27.0,2697
4516,179,52.8,5282
179,4516,47.2,4718
4516,4258,79.6,7958
4258,4516,20.4,2042
4516,4597,81.2,8124
4597,4516,18.8,1876
4516,217,39.1,3907
217,4516,60.9,6093
4516,261,75.6,7561
261,4516,24.4,2439
4516,1520,64.9,6487
1520,4516,35.1,3513
4516,4383,61.2,6123
4383,4516,38.8,3877
4516,223,77.7,7771
223,4516,22.3,2229
4516,235,74.5,7450
235,4516,25.5,2550
4516,4728,73.2,7320
4728,4516,26.8,2680
4516,1037,71.5,7149
1037,4516,28.5,2851
4516,4363,73.2,7323
4363,4516,26.8,2677
4516,1690,67.2,6720
1690,4516,32.8,3280
4516,285,65.8,6584
285,4516,34.2,3416
4516,211,76.3,7630
211,4516,23.7,2370
4516,1719,69.9,6989
1719,4516,30.1,3011
4516,2037,83.5,8348
2037,4516,16.5,1652
4516,194,52.3,5226
194,4516,47.7,4774
4516,3712,64.0,6400
3712,4516,36.0,3600
4516,77,77.3,7731
77,4516,22.7,2269
4516,1687,81.3,8129
1687,4516,18.7,1871
4516,4256,77.2,7716
4256,4516,22.8,2284
4516,1479,69.4,6941
1479,4516,30.6,3059
4516,253,66.2,6625
253,4516,33.8,3375
4516,1693,45.5,4554
1693,4516,54.5,5446
4516,231,58.1,5814
231,4516,41.9,4186
4516,1728,65.1,6515
1728,4516,34.8,3485
4516,1535,67.3,6733
1535,4516,32.7,3267
4516,1002,68.0,6804
1002,4516,32.0,3196
4516,287,69.6,6961
287,4516,30.4,3039
4516,190,48.6,4856
190,4516,51.4,5144
4516,1172,76.8,7682
1172,4516,23.2,2318
4516,1492,76.2,7624
1492,4516,23.8,2376
4516,1696,29.4,2944
1696,4516,70.6,7056
4516,283,81.1,8109
283,4516,18.9,1891
4516,1563,62.4,6235
1563,4516,37.6,3765
4516,4531,73.9,7394
4531,4516,26.1,2606
4516,245,52.7,5271
245,4516,47.3,4729
4516,241,74.1,7409
241,4516,25.9,2591
4516,207,72.7,7265
207,4516,27.4,2735
4516,1041,55.0,5496
1041,4516,45.0,4504
4516,4255,71.3,7133
4255,4516,28.7,2867
4516,1684,49.8,4981
1684,4516,50.2,5019
4516,4864,49.2,4924
4864,4516,50.8,5076
4516,1487,62.0,6197
1487,4516,38.0,3803
4516,239,51.8,5184
239,4516,48.2,4816
4516,196,40.6,4061
196,4516,59.4,5939
4516,279,62.7,6266
279,4516,37.3,3734
267,1163,40.6,4058
1163,267,59.4,5942
267,1096,43.5,4350
1096,267,56.5,5650
267,4542,62.0,6204
4542,267,38.0,3796
267,4907,52.4,5238
4907,267,47.6,4762
267,1489,52.3,5232
1489,267,47.7,4768
267,4362,31.1,3112
4362,267,68.9,6888
267,4548,48.0,4801
4548,267,52.0,5199
267,237,58.5,5848
237,267,41.5,4152
267,1476,28.8,2876
1476,267,71.2,7124
267,229,40.2,4022
229,267,59.8,5978
267,3694,38.1,3811
3694,267,61.9,6189
267,3676,48.4,4835
3676,267,51.6,5165
267,946,31.9,3189
946,267,68.1,6811
267,4865,48.7,4869
4865,267,51.3,5131
267,295,28.5,2849
295,267,71.5,7151
267,4892,53.7,5367
4892,267,46.3,4633
267,221,30.9,3094
221,267,69.1,6906
267,265,27.5,2754
265,267,72.5,7246
267,201,43.6,4360
201,267,56.4,5640
267,4509,53.5,5355
4509,267,46.5,4645
267,4757,57.5,5750
4757,267,42.5,4250
267,18,50.9,5089
18,267,49.1,4911
267,4521,58.3,5834
4521,267,41.7,4166
267,1493,67.2,6725
1493,267,32.8,3275
267,4259,46.7,4673
4259,267,53.3,5327
267,198,39.1,3911
198,267,60.9,6089
267,4246,37.1,3708
4246,267,62.9,6292
267,1485,60.1,6007
1485,267,39.9,3993
267,4423,65.2,6517
4423,267,34.8,3483
267,1218,40.4,4035
1218,267,59.7,5965
267,4527,64.9,6490
4527,267,35.1,3510
267,961,35.8,3580
961,267,64.2,6420
267,227,54.4,5436
227,267,45.6,4564
267,4908,58.1,5806
4908,267,41.9,4194
267,257,37.8,3782
257,267,62.2,6218
267,1169,28.0,2795
1169,267,72.0,7205
267,273,38.8,3879
273,267,61.2,6121
267,1175,36.8,3679
1175,267,63.2,6321
267,65,44.8,4484
65,267,55.2,5516
267,251,54.4,5439
251,267,45.6,4561
267,205,51.3,5128
205,267,48.7,4872
267,4921,56.1,5612
4921,267,43.9,4388
267,1183,54.5,5447
1183,267,45.5,4553
267,4424,69.2,6924
4424,267,30.8,3076
267,3703,30.3,3029
3703,267,69.7,6971
267,4257,53.6,5357
4257,267,46.4,4643
267,4254,49.1,4913
4254,267,50.9,5087
267,3709,27.6,2760
3709,267,72.4,7240
267,4431,48.7,4869
4431,267,51.3,5131
267,1699,46.6,4663
1699,267,53.4,5337
267,1528,30.0,2997
1528,267,70.0,7003
267,289,29.4,2945
289,267,70.5,7055
267,188,35.5,3550
188,267,64.5,6450
267,4530,41.5,4155
4530,267,58.5,5845
267,1078,41.6,4157
1078,267,58.4,5843
267,4913,47.1,4710
4913,267,52.9,5290
267,4607,37.2,3723
4607,267,62.8,6277
267,1044,32.3,3232
1044,267,67.7,6768
267,2799,48.7,4867
2799,267,51.3,5133
267,179,27.9,2792
179,267,72.1,7208
267,4258,57.4,5735
4258,267,42.6,4265
267,4597,59.5,5949
4597,267,40.5,4051
267,217,17.7,1772
217,267,82.3,8228
267,261,51.8,5180
261,267,48.2,4820
267,1520,38.9,3885
1520,267,61.2,6115
267,4383,36.4,3639
4383,267,63.6,6361
267,223,54.5,5448
223,267,45.5,4552
267,235,48.9,4886
235,267,51.1,5114
267,4728,48.8,4876
4728,267,51.2,5124
267,1037,46.3,4632
1037,267,53.7,5368
267,4363,49.5,4949
4363,267,50.5,5051
267,1690,41.7,4168
1690,267,58.3,5832
267,285,40.8,4075
285,267,59.2,5925
267,211,52.0,5203
211,267,48.0,4797
267,1719,43.6,4365
1719,267,56.4,5635
267,2037,62.2,6215
2037,267,37.9,3785
267,194,28.7,2871
194,267,71.3,7129
267,3712,38.5,3850
3712,267,61.5,6150
267,77,54.0,5404
77,267,46.0,4596
267,1687,59.5,5945
1687,267,40.6,4055
267,4256,53.8,5377
4256,267,46.2,4623
267,1479,44.4,4439
1479,267,55.6,5561
267,253,40.4,4044
253,267,59.6,5956
267,1693,21.3,2127
1693,267,78.7,7873
267,231,32.4,3238
231,267,67.6,6762
267,1728,40.0,3998
1728,267,60.0,6002
267,1535,41.5,4149
1535,267,58.5,5851
267,1002,42.8,4280
1002,267,57.2,5720
267,287,44.5,4450
287,267,55.5,5550
267,190,24.4,2443
190,267,75.6,7557
267,1172,52.3,5232
1172,267,47.7,4768
267,1492,52.6,5264
1492,267,47.4,4736
267,1696,11.8,1179
1696,267,88.2,8821
267,283,58.4,5840
283,267,41.6,4160
267,1563,36.7,3668
1563,267,63.3,6332
267,4531,49.3,4930
4531,267,50.7,5070
267,245,27.6,2764
245,267,72.4,7236
267,241,49.5,4953
241,267,50.5,5047
267,207,48.0,4797
207,267,52.0,5203
267,1041,29.8,2979
1041,267,70.2,7021
267,4255,46.9,4695
4255,267,53.0,5305
267,1684,25.3,2526
1684,267,74.7,7474
267,4864,25.0,2502
4864,267,75.0,7498
267,1487,35.3,3531
1487,267,64.7,6469
267,239,27.3,2729
239,267,72.7,7271
267,196,18.4,1837
196,267,81.6,8163
267,279,37.0,3702
279,267,63.0,6298
1163,1096,52.0,5200
1096,1163,48.0,4800
1163,4542,69.5,6946
4542,1163,30.5,3054
1163,4907,62.1,6205
4907,1163,38.0,3795
1163,1489,61.8,6175
1489,1163,38.2,3825
1163,4362,41.3,4134
4362,1163,58.7,5866
1163,4548,56.9,5686
4548,1163,43.1,4314
1163,237,67.8,6776
237,1163,32.2,3224
1163,1476,37.7,3769
1476,1163,62.3,6231
1163,229,49.5,4945
229,1163,50.5,5055
1163,3694,48.1,4815
3694,1163,51.8,5185
1163,3676,58.8,5881
3676,1163,41.2,4119
1163,946,40.4,4044
946,1163,59.6,5956
1163,4865,57.6,5758
4865,1163,42.4,4242
1163,295,36.7,3668
295,1163,63.3,6332
1163,4892,62.9,6295
4892,1163,37.0,3705
1163,221,39.9,3987
221,1163,60.1,6013
1163,265,36.2,3624
265,1163,63.8,6376
1163,201,52.8,5281
201,1163,47.2,4719
1163,4509,62.3,6228
4509,1163,37.7,3772
1163,4757,67.3,6729
4757,1163,32.7,3271
1163,18,60.4,6038
18,1163,39.6,3962
1163,4521,66.4,6636
4521,1163,33.6,3364
1163,1493,75.3,7528
1493,1163,24.7,2472
1163,4259,54.6,5465
4259,1163,45.4,4535
1163,198,47.9,4786
198,1163,52.1,5214
1163,4246,46.6,4656
4246,1163,53.4,5344
1163,1485,68.7,6870
1485,1163,31.3,3130
1163,4423,72.5,7246
4423,1163,27.5,2754
1163,1218,48.4,4841
1218,1163,51.6,5159
1163,4527,73.1,7307
4527,1163,26.9,2693
1163,961,45.1,4505
961,1163,54.9,5495
1163,227,63.6,6364
227,1163,36.4,3636
1163,4908,67.1,6712
4908,1163,32.9,3288
1163,257,48.5,4854
257,1163,51.5,5146
1163,1169,36.0,3597
1169,1163,64.0,6403
1163,273,49.2,4924
273,1163,50.8,5076
1163,1175,46.8,4676
1175,1163,53.2,5324
1163,65,53.3,5326
65,1163,46.7,4674
1163,251,64.0,6398
251,1163,36.0,3602
1163,205,62.1,6207
205,1163,37.9,3793
1163,4921,66.5,6647
4921,1163,33.5,3353
1163,1183,63.1,6310
1183,1163,36.9,3690
1163,4424,78.0,7800
4424,1163,22.0,2200
1163,3703,38.5,3852
3703,1163,61.5,6148
1163,4257,62.4,6238
4257,1163,37.6,3762
1163,4254,57.3,5731
4254,1163,42.7,4269
1163,3709,36.3,3628
3709,1163,63.7,6372
1163,4431,58.2,5821
4431,1163,41.8,4179
1163,1699,56.2,5623
1699,1163,43.8,4377
1163,1528,39.4,3935
1528,1163,60.7,6065
1163,289,36.9,3686
289,1163,63.1,6314
1163,188,43.9,4388
188,1163,56.1,5612
1163,4530,51.0,5101
4530,1163,49.0,4899
1163,1078,50.3,5028
1078,1163,49.7,4972
1163,4913,56.9,5686
4913,1163,43.1,4314
1163,4607,46.1,4614
4607,1163,53.9,5386
1163,1044,42.0,4204
1044,1163,58.0,5796
1163,2799,58.1,5807
2799,1163,41.9,4193
1163,179,36.5,3651
179,1163,63.5,6349
1163,4258,64.9,6488
4258,1163,35.1,3512
1163,4597,68.3,6832
4597,1163,31.7,3168
1163,217,24.2,2417
217,1163,75.8,7583
1163,261,60.7,6074
261,1163,39.3,3926
1163,1520,47.9,4795
1520,1163,52.0,5205
1163,4383,45.4,4541
4383,1163,54.6,5459
1163,223,64.1,6412
223,1163,35.9,3588
1163,235,58.3,5827
235,1163,41.7,4173
1163,4728,58.1,5808
4728,1163,41.9,4192
1163,1037,56.2,5618
1037,1163,43.8,4382
1163,4363,58.8,5882
4363,1163,41.2,4118
1163,1690,50.7,5069
1690,1163,49.3,4931
1163,285,50.6,5061
285,1163,49.4,4939
1163,211,61.1,6113
211,1163,38.9,3887
1163,1719,53.6,5357
1719,1163,46.4,4643
1163,2037,71.1,7106
2037,1163,28.9,2894
1163,194,36.5,3650
194,1163,63.5,6350
1163,3712,48.3,4832
3712,1163,51.7,5168
1163,77,63.2,6320
77,1163,36.8,3680
1163,1687,67.8,6783
1687,1163,32.2,3217
1163,4256,62.6,6256
4256,1163,37.4,3744
1163,1479,54.2,5423
1479,1163,45.8,4577
1163,253,50.0,4999
253,1163,50.0,5001
1163,1693,29.0,2905
1693,1163,71.0,7095
1163,231,41.4,4143
231,1163,58.6,5857
1163,1728,48.2,4816
1728,1163,51.8,5184
1163,1535,51.6,5165
1535,1163,48.4,4835
1163,1002,52.5,5246
1002,1163,47.5,4754
1163,287,53.0,5301
287,1163,47.0,4699
1163,190,33.2,3325
190,1163,66.8,6675
1163,1172,62.6,6260
1172,1163,37.4,3740
1163,1492,62.0,6201
1492,1163,38.0,3799
1163,1696,16.4,1637
1696,1163,83.6,8363
1163,283,66.6,6661
283,1163,33.4,3339
1163,1563,45.5,4554
1563,1163,54.5,5446
1163,4531,59.6,5956
4531,1163,40.4,4044
1163,245,35.9,3588
245,1163,64.1,6412
1163,241,58.9,5888
241,1163,41.1,4112
1163,207,57.6,5759
207,1163,42.4,4241
1163,1041,38.2,3817
1041,1163,61.8,6183
1163,4255,55.0,5497
4255,1163,45.0,4503
1163,1684,33.2,3322
1684,1163,66.8,6678
1163,4864,33.4,3344
4864,1163,66.6,6656
1163,1487,46.0,4596
1487,1163,54.0,5404
1163,239,36.5,3653
239,1163,63.5,6347
1163,196,25.9,2590
196,1163,74.1,7410
1163,279,46.5,4645
279,1163,53.5,5355
1096,4542,67.8,6783
4542,1096,32.2,3217
1096,4907,59.8,5982
4907,1096,40.2,4018
1096,1489,58.0,5796
1489,1096,42.0,4204
1096,4362,37.5,3752
4362,1096,62.5,6248
1096,4548,54.9,5491
4548,1096,45.1,4509
1096,237,65.2,6519
237,1096,34.8,3481
1096,1476,35.1,3509
1476,1096,64.9,6491
1096,229,45.9,4589
229,1096,54.1,5411
1096,3694,44.9,4493
3694,1096,55.1,5507
1096,3676,55.4,5535
3676,1096,44.6,4465
1096,946,38.3,3829
946,1096,61.7,6171
1096,4865,54.4,5441
4865,1096,45.6,4559
1096,295,35.9,3593
295,1096,64.1,6407
1096,4892,60.9,6094
4892,1096,39.1,3906
1096,221,38.1,3813
221,1096,61.9,6187
1096,265,33.6,3358
265,1096,66.4,6642
1096,201,49.3,4932
201,1096,50.7,5068
1096,4509,59.7,5968
4509,1096,40.3,4032
1096,4757,65.4,6536
4757,1096,34.6,3464
1096,18,57.1,5714
18,1096,42.9,4286
1096,4521,64.2,6424
4521,1096,35.8,3576
1096,1493,73.7,7369
1493,1096,26.3,2631
1096,4259,53.5,5348
4259,1096,46.5,4652
1096,198,45.5,4550
198,1096,54.5,5450
1096,4246,43.0,4295
4246,1096,57.0,5705
1096,1485,66.4,6640
1485,1096,33.6,3360
1096,4423,71.2,7125
4423,1096,28.7,2875
1096,1218,47.4,4742
1218,1096,52.6,5258
1096,4527,70.8,7079
4527,1096,29.2,2921
1096,961,41.6,4156
961,1096,58.4,5844
1096,227,62.4,6241
227,1096,37.6,3759
1096,4908,64.8,6485
4908,1096,35.1,3515
1096,257,45.9,4588
257,1096,54.1,5412
1096,1169,33.9,3392
1169,1096,66.1,6608
1096,273,47.0,4700
273,1096,53.0,5300
1096,1175,43.1,4306
1175,1096,56.9,5694
1096,65,51.7,5166
65,1096,48.3,4834
1096,251,61.6,6160
251,1096,38.4,3840
1096,205,58.9,5893
205,1096,41.1,4107
1096,4921,63.5,6350
4921,1096,36.5,3650
1096,1183,61.6,6160
1183,1096,38.4,3840
1096,4424,75.6,7561
4424,1096,24.4,2439
1096,3703,36.1,3612
3703,1096,63.9,6388
1096,4257,60.5,6050
4257,1096,39.5,3950
1096,4254,54.7,5471
4254,1096,45.3,4529
1096,3709,34.6,3465
3709,1096,65.3,6535
1096,4431,55.3,5528
4431,1096,44.7,4472
1096,1699,54.2,5419
1699,1096,45.8,4581
1096,1528,37.0,3696
1528,1096,63.0,6304
1096,289,35.1,3506
289,1096,64.9,6494
1096,188,42.9,4290
188,1096,57.1,5710
1096,4530,49.3,4928
4530,1096,50.7,5072
1096,1078,48.4,4840
1078,1096,51.6,5160
1096,4913,53.9,5386
4913,1096,46.1,4614
1096,4607,43.7,4367
4607,1096,56.3,5633
1096,1044,39.5,3947
1044,1096,60.5,6053
1096,2799,56.3,5634
2799,1096,43.7,4366
1096,179,33.6,3360
179,1096,66.4,6640
1096,4258,63.4,6336
4258,1096,36.6,3664
1096,4597,66.1,6612
4597,1096,33.9,3388
1096,217,23.1,2313
217,1096,76.9,7687
1096,261,58.8,5880
261,1096,41.2,4120
1096,1520,46.8,4684
1520,1096,53.2,5316
1096,4383,43.9,4390
4383,1096,56.1,5610
1096,223,60.9,6088
223,1096,39.1,3912
1096,235,55.8,5576
235,1096,44.2,4424
1096,4728,56.1,5607
4728,1096,43.9,4393
1096,1037,53.6,5358
1037,1096,46.4,4642
1096,4363,56.6,5664
4363,1096,43.4,4336
1096,1690,49.3,4926
1690,1096,50.7,5074
1096,285,48.2,4825
285,1096,51.7,5175
1096,211,57.7,5771
211,1096,42.3,4229
1096,1719,52.2,5223
1719,1096,47.8,4777
1096,2037,69.4,6943
2037,1096,30.6,3057
1096,194,34.2,3416
194,1096,65.8,6584
1096,3712,45.9,4588
3712,1096,54.1,5412
1096,77,60.4,6037
77,1096,39.6,3963
1096,1687,65.3,6533
1687,1096,34.7,3467
1096,4256,59.9,5989
4256,1096,40.1,4011
1096,1479,51.7,5170
1479,1096,48.3,4830
1096,253,48.2,4820
253,1096,51.8,5180
1096,1693,27.2,2721
1693,1096,72.8,7279
1096,231,39.3,3928
231,1096,60.7,6072
1096,1728,46.1,4614
1728,1096,53.9,5386
1096,1535,48.5,4853
1535,1096,51.5,5147
1096,1002,50.3,5028
1002,1096,49.7,4972
1096,287,51.2,5120
287,1096,48.8,4880
1096,190,30.4,3044
190,1096,69.6,6956
1096,1172,60.1,6007
1172,1096,39.9,3993
1096,1492,59.2,5915
1492,1096,40.8,4085
1096,1696,15.3,1530
1696,1096,84.7,8470
1096,283,64.6,6460
283,1096,35.4,3540
1096,1563,42.0,4204
1563,1096,58.0,5796
1096,4531,56.7,5671
4531,1096,43.3,4329
1096,245,34.1,3413
245,1096,65.9,6587
1096,241,56.7,5667
241,1096,43.3,4333
1096,207,54.3,5431
207,1096,45.7,4569
1096,1041,35.6,3557
1041,1096,64.4,6443
1096,4255,52.2,5220
4255,1096,47.8,4780
1096,1684,32.5,3248
1684,1096,67.5,6752
1096,4864,31.7,3168
4864,1096,68.3,6832
1096,1487,44.5,4447
1487,1096,55.5,5553
1096,239,33.2,3320
239,1096,66.8,6680
1096,196,24.4,2437
196,1096,75.6,7563
1096,279,44.6,4465
279,1096,55.4,5535
4542,4907,41.4,4136
4907,4542,58.6,5864
4542,1489,39.4,3943
1489,4542,60.6,6057
4542,4362,21.7,2169
4362,4542,78.3,7831
4542,4548,35.6,3561
4548,4542,64.4,6439
4542,237,46.9,4685
237,4542,53.1,5315
4542,1476,19.9,1993
1476,4542,80.1,8007
4542,229,27.6,2760
229,4542,72.4,7240
4542,3694,28.5,2854
3694,4542,71.5,7146
4542,3676,37.7,3770
3676,4542,62.3,6230
4542,946,21.9,2189
946,4542,78.1,7811
4542,4865,36.6,3663
4865,4542,63.4,6337
4542,295,19.2,1916
295,4542,80.8,8084
4542,4892,42.7,4272
4892,4542,57.3,5728
4542,221,21.3,2130
221,4542,78.7,7870
4542,265,18.6,1863
265,4542,81.4,8137
4542,201,32.5,3254
201,4542,67.5,6746
4542,4509,41.2,4123
4509,4542,58.8,5877
4542,4757,46.4,4640
4757,4542,53.6,5360
4542,18,38.8,3877
18,4542,61.2,6123
4542,4521,45.5,4546
4521,4542,54.5,5454
4542,1493,56.5,5646
1493,4542,43.5,4354
4542,4259,34.9,3494
4259,4542,65.1,6506
4542,198,28.4,2841
198,4542,71.6,7159
4542,4246,27.1,2713
4246,4542,72.9,7287
4542,1485,47.6,4756
1485,4542,52.4,5244
4542,4423,53.4,5344
4423,4542,46.6,4656
4542,1218,29.0,2900
1218,4542,71.0,7100
4542,4527,52.4,5238
4527,4542,47.6,4762
4542,961,25.4,2544
961,4542,74.6,7456
4542,227,43.7,4374
227,4542,56.3,5626
4542,4908,46.9,4687
4908,4542,53.1,5313
4542,257,27.9,2788
257,4542,72.1,7212
4542,1169,18.3,1833
1169,4542,81.7,8167
4542,273,29.0,2897
273,4542,71.0,7103
4542,1175,26.7,2671
1175,4542,73.3,7329
4542,65,33.3,3327
65,4542,66.7,6673
4542,251,42.6,4260
251,4542,57.4,5740
4542,205,40.6,4060
205,4542,59.4,5940
4542,4921,45.1,4513
4921,4542,54.9,5487
4542,1183,42.6,4259
1183,4542,57.4,5741
4542,4424,58.4,5840
4424,4542,41.6,4160
4542,3703,20.0,1998
3703,4542,80.0,8002
4542,4257,41.4,4141
4257,4542,58.6,5859
4542,4254,36.9,3685
4254,4542,63.1,6315
4542,3709,18.6,1855
3709,4542,81.5,8145
4542,4431,37.0,3700
4431,4542,63.0,6300
4542,1699,35.9,3590
1699,4542,64.1,6410
4542,1528,20.5,2055
1528,4542,79.5,7945
4542,289,20.2,2025
289,4542,79.8,7975
4542,188,26.2,2624
188,4542,73.8,7376
4542,4530,30.7,3072
4530,4542,69.3,6928
4542,1078,29.8,2981
1078,4542,70.2,7019
4542,4913,36.5,3655
4913,4542,63.4,6345
4542,4607,27.4,2738
4607,4542,72.6,7262
4542,1044,22.3,2229
1044,4542,77.7,7771
4542,2799,37.8,3783
2799,4542,62.2,6217
4542,179,18.6,1865
179,4542,81.3,8135
4542,4258,44.9,4492
4258,4542,55.1,5508
4542,4597,48.2,4824
4597,4542,51.8,5176
4542,217,10.9,1093
217,4542,89.1,8907
4542,261,39.4,3942
261,4542,60.6,6058
4542,1520,28.0,2800
1520,4542,72.0,7200
4542,4383,25.7,2568
4383,4542,74.3,7432
4542,223,40.8,4079
223,4542,59.2,5921
4542,235,37.1,3715
235,4542,62.8,6285
4542,4728,36.8,3676
4728,4542,63.2,6324
4542,1037,33.9,3388
1037,4542,66.1,6612
4542,4363,37.5,3750
4363,4542,62.5,6250
4542,1690,30.4,3045
1690,4542,69.5,6955
4542,285,30.4,3039
285,4542,69.6,6961
4542,211,39.7,3972
211,4542,60.3,6028
4542,1719,32.5,3248
1719,4542,67.5,6752
4542,2037,51.0,5100
2037,4542,49.0,4900
4542,194,18.4,1844
194,4542,81.6,8156
4542,3712,27.5,2746
3712,4542,72.5,7254
4542,77,42.6,4261
77,4542,57.4,5739
4542,1687,47.0,4700
1687,4542,53.0,5300
4542,4256,41.2,4117
4256,4542,58.8,5883
4542,1479,34.6,3461
1479,4542,65.4,6539
4542,253,29.6,2964
253,4542,70.4,7036
4542,1693,14.1,1405
1693,4542,86.0,8595
4542,231,23.1,2309
231,4542,76.9,7691
4542,1728,28.2,2817
1728,4542,71.8,7183
4542,1535,31.7,3168
1535,4542,68.3,6832
4542,1002,31.6,3157
1002,4542,68.4,6843
4542,287,33.1,3308
287,4542,66.9,6692
4542,190,16.4,1642
190,4542,83.6,8358
4542,1172,41.0,4105
1172,4542,59.0,5895
4542,1492,40.6,4061
1492,4542,59.4,5939
4542,1696,6.9,692
1696,4542,93.1,9308
4542,283,47.3,4730
283,4542,52.7,5270
4542,1563,25.3,2531
1563,4542,74.7,7469
4542,4531,37.1,3712
4531,4542,62.9,6288
4542,245,19.2,1921
245,4542,80.8,8079
4542,241,38.3,3833
241,4542,61.7,6167
4542,207,36.4,3635
207,4542,63.6,6365
4542,1041,19.3,1931
1041,4542,80.7,8069
4542,4255,34.2,3423
4255,4542,65.8,6577
4542,1684,16.4,1644
1684,4542,83.6,8356
4542,4864,16.1,1612
4864,4542,83.9,8388
4542,1487,26.0,2596
1487,4542,74.0,7404
4542,239,18.6,1863
239,4542,81.4,8137
4542,196,11.7,1170
196,4542,88.3,8830
4542,279,26.9,2685
279,4542,73.2,7315
4907,1489,48.3,4830
1489,4907,51.7,5170
4907,4362,28.7,2873
4362,4907,71.3,7127
4907,4548,44.5,4448
4548,4907,55.5,5552
4907,237,54.9,5489
237,4907,45.1,4511
4907,1476,26.1,2613
1476,4907,73.9,7387
4907,229,36.9,3690
229,4907,63.1,6310
4907,3694,35.4,3543
3694,4907,64.6,6457
4907,3676,45.6,4563
3676,4907,54.4,5437
4907,946,29.4,2941
946,4907,70.6,7059
4907,4865,44.9,4493
4865,4907,55.1,5507
4907,295,25.5,2553
295,4907,74.5,7447
4907,4892,51.2,5122
4892,4907,48.8,4878
4907,221,28.9,2891
221,4907,71.1,7109
4907,265,24.4,2439
265,4907,75.6,7561
4907,201,41.1,4113
201,4907,58.9,5887
4907,4509,50.2,5023
4509,4907,49.8,4977
4907,4757,55.1,5514
4757,4907,44.9,4486
4907,18,46.8,4678
18,4907,53.2,5322
4907,4521,54.6,5456
4521,4907,45.4,4544
4907,1493,65.5,6550
1493,4907,34.5,3450
4907,4259,42.7,4274
4259,4907,57.3,5726
4907,198,35.9,3590
198,4907,64.1,6410
4907,4246,33.8,3377
4246,4907,66.2,6623
4907,1485,56.7,5667
1485,4907,43.3,4333
4907,4423,61.5,6146
4423,4907,38.5,3854
4907,1218,36.4,3641
1218,4907,63.6,6359
4907,4527,62.0,6202
4527,4907,38.0,3798
4907,961,32.9,3293
961,4907,67.1,6707
4907,227,51.8,5177
227,4907,48.2,4823
4907,4908,54.6,5464
4908,4907,45.4,4536
4907,257,36.4,3641
257,4907,63.6,6359
4907,1169,25.3,2530
1169,4907,74.7,7470
4907,273,36.4,3645
273,4907,63.5,6355
4907,1175,34.5,3448
1175,4907,65.5,6552
4907,65,41.2,4118
65,4907,58.8,5882
4907,251,51.1,5109
251,4907,48.9,4891
4907,205,48.7,4874
205,4907,51.3,5126
4907,4921,53.8,5380
4921,4907,46.2,4620
4907,1183,51.0,5100
1183,4907,49.0,4900
4907,4424,65.4,6543
4424,4907,34.6,3457
4907,3703,27.2,2718
3703,4907,72.8,7282
4907,4257,49.8,4984
4257,4907,50.2,5016
4907,4254,45.4,4544
4254,4907,54.6,5456
4907,3709,25.7,2570
3709,4907,74.3,7430
4907,4431,45.7,4567
4431,4907,54.3,5433
4907,1699,44.0,4403
1699,4907,56.0,5597
4907,1528,28.2,2816
1528,4907,71.8,7184
4907,289,25.3,2529
289,4907,74.7,7471
4907,188,33.1,3305
188,4907,67.0,6695
4907,4530,38.6,3860
4530,4907,61.4,6140
4907,1078,37.9,3788
1078,4907,62.1,6212
4907,4913,43.5,4349
4913,4907,56.5,5651
4907,4607,35.2,3517
4607,4907,64.8,6483
4907,1044,30.2,3021
1044,4907,69.8,6979
4907,2799,45.8,4582
2799,4907,54.2,5418
4907,179,26.3,2631
179,4907,73.7,7369
4907,4258,53.4,5340
4258,4907,46.6,4660
4907,4597,57.4,5735
4597,4907,42.6,4265
4907,217,16.0,1596
217,4907,84.0,8404
4907,261,47.5,4753
261,4907,52.5,5247
4907,1520,36.5,3648
1520,4907,63.5,6352
4907,4383,32.1,3206
4383,4907,67.9,6794
4907,223,51.0,5103
223,4907,49.0,4897
4907,235,45.6,4556
235,4907,54.4,5444
4907,4728,45.0,4498
4728,4907,55.0,5502
4907,1037,43.7,4372
1037,4907,56.3,5628
4907,4363,46.1,4605
4363,4907,53.9,5395
4907,1690,38.2,3822
1690,4907,61.8,6178
4907,285,37.2,3723
285,4907,62.8,6277
4907,211,48.5,4851
211,4907,51.5,5149
4907,1719,41.3,4134
1719,4907,58.7,5866
4907,2037,58.9,5886
2037,4907,41.1,4114
4907,194,25.1,2506
194,4907,74.9,7494
4907,3712,34.9,3488
3712,4907,65.1,6512
4907,77,50.9,5092
77,4907,49.1,4908
4907,1687,55.6,5565
1687,4907,44.4,4435
4907,4256,49.3,4934
4256,4907,50.7,5066
4907,1479,41.0,4104
1479,4907,59.0,5896
4907,253,37.6,3765
253,4907,62.4,6235
4907,1693,19.9,1990
1693,4907,80.1,8010
4907,231,28.8,2882
231,4907,71.2,7118
4907,1728,36.2,3621
1728,4907,63.8,6379
4907,1535,38.9,3891
1535,4907,61.1,6109
4907,1002,39.0,3903
1002,4907,61.0,6097
4907,287,42.2,4216
287,4907,57.8,5784
4907,190,21.6,2164
190,4907,78.4,7836
4907,1172,51.1,5112
1172,4907,48.9,4888
4907,1492,48.4,4838
1492,4907,51.6,5162
4907,1696,10.3,1028
1696,4907,89.7,8972
4907,283,54.9,5494
283,4907,45.1,4506
4907,1563,33.2,3319
1563,4907,66.8,6681
4907,4531,46.7,4671
4531,4907,53.3,5329
4907,245,24.8,2482
245,4907,75.2,7518
4907,241,46.0,4598
241,4907,54.0,5402
4907,207,44.9,4485
207,4907,55.1,5515
4907,1041,26.8,2681
1041,4907,73.2,7319
4907,4255,42.1,4210
4255,4907,57.9,5790
4907,1684,23.4,2340
1684,4907,76.6,7660
4907,4864,23.2,2320
4864,4907,76.8,7680
4907,1487,32.9,3288
1487,4907,67.1,6712
4907,239,24.9,2492
239,4907,75.1,7508
4907,196,16.7,1667
196,4907,83.3,8333
4907,279,34.0,3398
279,4907,66.0,6602
1489,4362,29.9,2992
4362,1489,70.1,7008
1489,4548,46.0,4598
4548,1489,54.0,5402
1489,237,57.0,5701
237,1489,43.0,4299
1489,1476,27.4,2736
1476,1489,72.6,7264
1489,229,38.2,3820
229,1489,61.8,6180
1489,3694,36.9,3689
3694,1489,63.1,6311
1489,3676,47.2,4720
3676,1489,52.8,5280
1489,946,30.8,3078
946,1489,69.2,6922
1489,4865,45.5,4546
4865,1489,54.5,5454
1489,295,27.5,2746
295,1489,72.5,7254
1489,4892,53.0,5300
4892,1489,47.0,4700
1489,221,29.2,2924
221,1489,70.8,7076
1489,265,26.2,2619
265,1489,73.8,7381
1489,201,41.9,4186
201,1489,58.1,5814
1489,4509,51.9,5191
4509,1489,48.1,4809
1489,4757,56.2,5624
4757,1489,43.8,4376
1489,18,49.2,4923
18,1489,50.8,5077
1489,4521,56.0,5601
4521,1489,44.0,4399
1489,1493,66.1,6614
1493,1489,33.9,3386
1489,4259,45.1,4506
4259,1489,54.9,5494
1489,198,38.6,3860
198,1489,61.4,6140
1489,4246,35.4,3537
4246,1489,64.6,6463
1489,1485,57.8,5779
1485,1489,42.2,4221
1489,4423,63.6,6365
4423,1489,36.4,3635
1489,1218,37.9,3789
1218,1489,62.1,6211
1489,4527,62.7,6269
4527,1489,37.3,3731
1489,961,33.9,3385
961,1489,66.1,6615
1489,227,53.4,5341
227,1489,46.6,4659
1489,4908,56.3,5626
4908,1489,43.7,4374
1489,257,37.6,3763
257,1489,62.4,6237
1489,1169,26.4,2635
1169,1489,73.7,7365
1489,273,38.0,3801
273,1489,62.0,6199
1489,1175,35.9,3585
1175,1489,64.1,6415
1489,65,42.8,4275
65,1489,57.2,5725
1489,251,53.8,5381
251,1489,46.2,4619
1489,205,50.6,5059
205,1489,49.4,4941
1489,4921,54.1,5409
4921,1489,45.9,4591
1489,1183,52.2,5216
1183,1489,47.8,4784
1489,4424,67.9,6787
4424,1489,32.1,3213
1489,3703,28.3,2833
3703,1489,71.7,7167
1489,4257,51.8,5177
4257,1489,48.2,4823
1489,4254,46.9,4690
4254,1489,53.1,5310
1489,3709,26.2,2620
3709,1489,73.8,7380
1489,4431,47.0,4700
4431,1489,53.0,5300
1489,1699,45.6,4563
1699,1489,54.4,5437
1489,1528,29.0,2898
1528,1489,71.0,7102
1489,289,26.9,2694
289,1489,73.1,7306
1489,188,34.3,3430
188,1489,65.7,6570
1489,4530,39.9,3990
4530,1489,60.1,6010
1489,1078,39.3,3927
1078,1489,60.7,6073
1489,4913,45.0,4501
4913,1489,55.0,5499
1489,4607,35.0,3497
4607,1489,65.0,6503
1489,1044,31.5,3150
1044,1489,68.5,6850
1489,2799,47.6,4765
2799,1489,52.3,5235
1489,179,27.0,2698
179,1489,73.0,7302
1489,4258,55.1,5514
4258,1489,44.9,4486
1489,4597,58.2,5824
4597,1489,41.8,4176
1489,217,16.2,1624
217,1489,83.8,8376
1489,261,49.3,4926
261,1489,50.7,5074
1489,1520,37.8,3777
1520,1489,62.2,6223
1489,4383,34.8,3481
4383,1489,65.2,6519
1489,223,52.0,5201
223,1489,48.0,4799
1489,235,46.7,4669
235,1489,53.3,5331
1489,4728,46.6,4656
4728,1489,53.4,5344
1489,1037,44.7,4471
1037,1489,55.3,5529
1489,4363,47.4,4743
4363,1489,52.6,5257
1489,1690,39.9,3989
1690,1489,60.1,6011
1489,285,39.8,3978
285,1489,60.2,6022
1489,211,50.2,5017
211,1489,49.8,4983
1489,1719,43.2,4321
1719,1489,56.8,5679
1489,2037,61.2,6123
2037,1489,38.8,3877
1489,194,27.3,2731
194,1489,72.7,7269
1489,3712,37.0,3705
3712,1489,62.9,6295
1489,77,53.2,5316
77,1489,46.8,4684
1489,1687,57.1,5713
1687,1489,42.9,4287
1489,4256,51.7,5174
4256,1489,48.3,4826
1489,1479,43.3,4328
1479,1489,56.7,5672
1489,253,38.7,3873
253,1489,61.3,6127
1489,1693,20.4,2039
1693,1489,79.6,7961
1489,231,31.3,3129
231,1489,68.7,6871
1489,1728,37.4,3739
1728,1489,62.6,6261
1489,1535,40.5,4045
1535,1489,59.6,5955
1489,1002,41.3,4126
1002,1489,58.7,5874
1489,287,42.0,4204
287,1489,58.0,5796
1489,190,23.7,2372
190,1489,76.3,7628
1489,1172,51.6,5157
1172,1489,48.4,4843
1489,1492,50.9,5090
1492,1489,49.1,4910
1489,1696,10.9,1094
1696,1489,89.1,8906
1489,283,56.7,5667
283,1489,43.3,4333
1489,1563,33.5,3351
1563,1489,66.5,6649
1489,4531,48.7,4869
4531,1489,51.3,5131
1489,245,26.7,2674
245,1489,73.3,7326
1489,241,47.2,4725
241,1489,52.8,5275
1489,207,46.1,4608
207,1489,53.9,5392
1489,1041,27.4,2744
1041,1489,72.6,7256
1489,4255,44.7,4469
4255,1489,55.3,5531
1489,1684,24.1,2406
1684,1489,75.9,7594
1489,4864,23.0,2296
4864,1489,77.0,7704
1489,1487,35.4,3536
1487,1489,64.6,6464
1489,239,26.5,2646
239,1489,73.5,7354
1489,196,17.8,1781
196,1489,82.2,8219
1489,279,35.3,3532
279,1489,64.7,6468
4362,4548,66.4,6643
4548,4362,33.6,3357
4362,237,75.6,7556
237,4362,24.4,2444
4362,1476,46.4,4635
1476,4362,53.6,5365
4362,229,59.4,5943
229,4362,40.6,4057
4362,3694,57.6,5762
3694,4362,42.4,4238
4362,3676,67.2,6725
3676,4362,32.8,3275
4362,946,50.7,5066
946,4362,49.3,4934
4362,4865,66.5,6645
4865,4362,33.6,3355
4362,295,45.7,4566
295,4362,54.3,5434
4362,4892,73.1,7310
4892,4362,26.9,2690
4362,221,49.4,4938
221,4362,50.6,5062
4362,265,45.9,4594
265,4362,54.1,5406
4362,201,61.8,6183
201,4362,38.2,3817
4362,4509,71.9,7191
4509,4362,28.1,2809
4362,4757,75.1,7514
4757,4362,24.9,2486
4362,18,69.0,6902
18,4362,31.0,3098
4362,4521,75.2,7524
4521,4362,24.8,2476
4362,1493,82.8,8279
1493,4362,17.2,1721
4362,4259,65.1,6513
4259,4362,34.9,3487
4362,198,57.5,5748
198,4362,42.5,4252
4362,4246,55.2,5521
4246,4362,44.8,4479
4362,1485,76.3,7634
1485,4362,23.7,2366
4362,4423,80.6,8059
4423,4362,19.4,1941
4362,1218,58.7,5873
1218,4362,41.3,4127
4362,4527,80.2,8022
4527,4362,19.8,1978
4362,961,55.4,5540
961,4362,44.6,4460
4362,227,72.6,7261
227,4362,27.4,2739
4362,4908,75.6,7557
4908,4362,24.4,2443
4362,257,57.4,5739
257,4362,42.6,4261
4362,1169,45.6,4563
1169,4362,54.4,5437
4362,273,58.6,5862
273,4362,41.4,4138
4362,1175,56.3,5626
1175,4362,43.7,4374
4362,65,63.0,6305
65,4362,37.0,3695
4362,251,71.6,7161
251,4362,28.4,2839
4362,205,70.5,7051
205,4362,29.5,2949
4362,4921,75.0,7503
4921,4362,25.0,2497
4362,1183,72.1,7213
1183,4362,27.9,2787
4362,4424,84.6,8458
4424,4362,15.4,1542
4362,3703,48.6,4863
3703,4362,51.4,5137
4362,4257,71.5,7147
4257,4362,28.5,2853
4362,4254,67.7,6765
4254,4362,32.4,3235
4362,3709,45.2,4518
3709,4362,54.8,5482
4362,4431,67.4,6742
4431,4362,32.6,3258
4362,1699,65.6,6563
1699,4362,34.4,3437
4362,1528,49.2,4924
1528,4362,50.8,5076
4362,289,47.2,4716
289,4362,52.8,5284
4362,188,54.1,5413
188,4362,45.9,4587
4362,4530,60.3,6027
4530,4362,39.7,3973
4362,1078,60.1,6012
1078,4362,39.9,3988
4362,4913,67.0,6705
4913,4362,33.0,3295
4362,4607,55.9,5586
4607,4362,44.1,4414
4362,1044,51.1,5112
1044,4362,48.9,4888
4362,2799,67.6,6763
2799,4362,32.4,3237
4362,179,46.0,4598
179,4362,54.0,5402
4362,4258,74.6,7460
4258,4362,25.4,2540
4362,4597,76.5,7651
4597,4362,23.5,2349
4362,217,32.6,3258
217,4362,67.4,6742
4362,261,69.2,6917
261,4362,30.8,3083
4362,1520,59.1,5907
1520,4362,40.9,4093
4362,4383,54.9,5486
4383,4362,45.1,4514
4362,223,70.9,7090
223,4362,29.1,2910
4362,235,67.2,6725
235,4362,32.8,3275
4362,4728,66.5,6655
4728,4362,33.5,3345
4362,1037,64.6,6459
1037,4362,35.4,3541
4362,4363,67.7,6767
4363,4362,32.3,3233
4362,1690,59.7,5965
1690,4362,40.4,4035
4362,285,59.1,5909
285,4362,40.9,4091
4362,211,70.0,6997
211,4362,30.0,3003
4362,1719,63.1,6309
1719,4362,36.9,3691
4362,2037,78.5,7851
2037,4362,21.5,2149
4362,194,46.2,4617
194,4362,53.8,5383
4362,3712,57.7,5770
3712,4362,42.3,4230
4362,77,73.2,7323
77,4362,26.8,2677
4362,1687,75.9,7595
1687,4362,24.1,2405
4362,4256,71.4,7139
4256,4362,28.6,2861
4362,1479,63.1,6315
1479,4362,36.9,3685
4362,253,59.1,5914
253,4362,40.9,4086
4362,1693,38.3,3826
1693,4362,61.7,6174
4362,231,51.0,5100
231,4362,49.0,4900
4362,1728,58.1,5805
1728,4362,41.9,4195
4362,1535,61.3,6125
1535,4362,38.8,3875
4362,1002,61.8,6175
1002,4362,38.2,3825
4362,287,62.9,6286
287,4362,37.1,3714
4362,190,42.5,4248
190,4362,57.5,5752
4362,1172,71.4,7140
1172,4362,28.6,2860
4362,1492,71.0,7105
1492,4362,28.9,2895
4362,1696,24.2,2416
1696,4362,75.8,7584
4362,283,74.9,7491
283,4362,25.1,2509
4362,1563,54.0,5399
1563,4362,46.0,4601
4362,4531,68.7,6869
4531,4362,31.3,3131
4362,245,46.6,4660
245,4362,53.4,5340
4362,241,68.2,6819
241,4362,31.8,3181
4362,207,67.1,6710
207,4362,32.9,3290
4362,1041,47.0,4701
1041,4362,53.0,5299
4362,4255,65.2,6521
4255,4362,34.8,3479
4362,1684,42.7,4269
1684,4362,57.3,5731
4362,4864,42.5,4248
4864,4362,57.5,5752
4362,1487,55.8,5579
1487,4362,44.2,4421
4362,239,46.0,4604
239,4362,54.0,5396
4362,196,34.7,3466
196,4362,65.3,6534
4362,279,56.4,5638
279,4362,43.6,4362
4548,237,61.4,6137
237,4548,38.6,3863
4548,1476,30.9,3086
1476,4548,69.1,6914
4548,229,42.5,4250
229,4548,57.5,5750
4548,3694,41.0,4103
3694,4548,59.0,5897
4548,3676,51.6,5157
3676,4548,48.4,4843
4548,946,34.2,3416
946,4548,65.8,6584
4548,4865,50.6,5061
4865,4548,49.4,4939
4548,295,31.0,3102
295,4548,69.0,6898
4548,4892,57.3,5734
4892,4548,42.7,4266
4548,221,33.3,3330
221,4548,66.7,6670
4548,265,29.6,2964
265,4548,70.4,7036
4548,201,46.4,4637
201,4548,53.6,5363
4548,4509,56.1,5611
4509,4548,43.9,4389
4548,4757,60.0,6001
4757,4548,40.0,3999
4548,18,51.9,5189
18,4548,48.1,4811
4548,4521,59.8,5979
4521,4548,40.2,4021
4548,1493,69.6,6962
1493,4548,30.4,3038
4548,4259,49.1,4909
4259,4548,50.9,5091
4548,198,41.5,4155
198,4548,58.5,5845
4548,4246,39.1,3905
4246,4548,61.0,6095
4548,1485,61.7,6166
1485,4548,38.3,3834
4548,4423,67.4,6741
4423,4548,32.6,3259
4548,1218,42.5,4252
1218,4548,57.5,5748
4548,4527,68.0,6805
4527,4548,31.9,3195
4548,961,38.9,3888
961,4548,61.1,6112
4548,227,57.6,5759
227,4548,42.4,4241
4548,4908,60.7,6071
4908,4548,39.3,3929
4548,257,41.6,4162
257,4548,58.4,5838
4548,1169,29.5,2950
1169,4548,70.5,7050
4548,273,41.5,4152
273,4548,58.5,5848
4548,1175,39.5,3947
1175,4548,60.5,6053
4548,65,46.6,4656
65,4548,53.4,5344
4548,251,56.9,5687
251,4548,43.1,4313
4548,205,54.8,5478
205,4548,45.2,4522
4548,4921,58.9,5889
4921,4548,41.1,4111
4548,1183,55.5,5549
1183,4548,44.5,4451
4548,4424,72.2,7223
4424,4548,27.8,2777
4548,3703,33.2,3318
3703,4548,66.8,6682
4548,4257,55.9,5593
4257,4548,44.1,4407
4548,4254,51.1,5106
4254,4548,48.9,4894
4548,3709,30.0,3000
3709,4548,70.0,7000
4548,4431,50.9,5092
4431,4548,49.1,4908
4548,1699,49.0,4898
1699,4548,51.0,5102
4548,1528,33.6,3355
1528,4548,66.5,6645
4548,289,31.7,3171
289,4548,68.3,6829
4548,188,38.2,3825
188,4548,61.8,6175
4548,4530,43.9,4394
4530,4548,56.1,5606
4548,1078,44.5,4446
1078,4548,55.5,5554
4548,4913,50.8,5079
4913,4548,49.2,4921
4548,4607,39.7,3967
4607,4548,60.3,6033
4548,1044,35.4,3542
1044,4548,64.6,6458
4548,2799,51.3,5129
2799,4548,48.7,4871
4548,179,30.5,3054
179,4548,69.5,6946
4548,4258,58.9,5887
4258,4548,41.1,4113
4548,4597,61.5,6148
4597,4548,38.5,3852
4548,217,19.0,1901
217,4548,81.0,8099
4548,261,53.9,5394
261,4548,46.1,4606
4548,1520,42.1,4215
1520,4548,57.9,5785
4548,4383,38.6,3864
4383,4548,61.4,6136
4548,223,56.4,5640
223,4548,43.6,4360
4548,235,52.5,5247
235,4548,47.5,4753
4548,4728,51.9,5194
4728,4548,48.1,4806
4548,1037,48.8,4877
1037,4548,51.2,5123
4548,4363,51.8,5176
4363,4548,48.2,4824
4548,1690,44.0,4402
1690,4548,56.0,5598
4548,285,42.3,4227
285,4548,57.7,5773
4548,211,52.8,5284
211,4548,47.2,4716
4548,1719,47.6,4757
1719,4548,52.4,5243
4548,2037,63.6,6359
2037,4548,36.4,3641
4548,194,31.0,3099
194,4548,69.0,6901
4548,3712,40.6,4059
3712,4548,59.4,5941
4548,77,55.7,5572
77,4548,44.3,4428
4548,1687,61.4,6143
1687,4548,38.6,3857
4548,4256,54.9,5486
4256,4548,45.1,4514
4548,1479,47.6,4758
1479,4548,52.4,5242
4548,253,42.0,4201
253,4548,58.0,5799
4548,1693,24.3,2435
1693,4548,75.6,7565
4548,231,34.2,3416
231,4548,65.8,6584
4548,1728,42.4,4244
1728,4548,57.6,5756
4548,1535,44.0,4397
1535,4548,56.0,5603
4548,1002,45.4,4535
1002,4548,54.6,5465
4548,287,46.1,4610
287,4548,53.9,5390
4548,190,27.1,2713
190,4548,72.9,7287
4548,1172,55.5,5546
1172,4548,44.5,4454
4548,1492,54.4,5445
1492,4548,45.6,4555
4548,1696,12.5,1250
1696,4548,87.5,8750
4548,283,60.4,6039
283,4548,39.6,3961
4548,1563,38.6,3855
1563,4548,61.5,6145
4548,4531,52.3,5230
4531,4548,47.7,4770
4548,245,29.6,2965
245,4548,70.3,7035
4548,241,52.8,5278
241,4548,47.2,4722
4548,207,50.0,5000
207,4548,50.0,5000
4548,1041,32.3,3231
1041,4548,67.7,6769
4548,4255,47.8,4784
4255,4548,52.2,5216
4548,1684,27.9,2790
1684,4548,72.1,7210
4548,4864,27.0,2698
4864,4548,73.0,7302
4548,1487,38.3,3833
1487,4548,61.7,6167
4548,239,29.7,2969
239,4548,70.3,7031
4548,196,20.6,2057
196,4548,79.4,7943
4548,279,39.3,3934
279,4548,60.7,6066
237,1476,21.3,2130
1476,237,78.7,7870
237,229,31.3,3126
229,237,68.7,6874
237,3694,30.4,3043
3694,237,69.6,6957
237,3676,39.8,3977
3676,237,60.2,6023
237,946,24.5,2450
946,237,75.5,7550
237,4865,38.7,3867
4865,237,61.3,6133
237,295,21.4,2143
295,237,78.6,7857
237,4892,45.7,4572
4892,237,54.3,5428
237,221,23.4,2337
221,237,76.6,7663
237,265,20.4,2037
265,237,79.6,7963
237,201,34.8,3475
201,237,65.2,6525
237,4509,43.9,4393
4509,237,56.1,5607
237,4757,49.2,4917
4757,237,50.8,5083
237,18,42.1,4207
18,237,57.9,5793
237,4521,50.0,5003
4521,237,50.0,4997
237,1493,58.9,5888
1493,237,41.1,4112
237,4259,37.0,3699
4259,237,63.0,6301
237,198,30.3,3034
198,237,69.7,6966
237,4246,29.6,2963
4246,237,70.4,7037
237,1485,51.2,5117
1485,237,48.8,4883
237,4423,55.7,5572
4423,237,44.3,4428
237,1218,31.7,3169
1218,237,68.3,6831
237,4527,57.4,5740
4527,237,42.6,4260
237,961,28.4,2840
961,237,71.6,7160
237,227,46.9,4689
227,237,53.1,5311
237,4908,49.7,4972
4908,237,50.3,5028
237,257,30.2,3022
257,237,69.8,6978
237,1169,20.9,2091
1169,237,79.1,7909
237,273,31.4,3145
273,237,68.5,6855
237,1175,29.0,2896
1175,237,71.0,7104
237,65,36.3,3626
65,237,63.7,6374
237,251,46.0,4601
251,237,54.0,5399
237,205,43.5,4346
205,237,56.5,5654
237,4921,48.8,4880
4921,237,51.2,5120
237,1183,45.7,4569
1183,237,54.3,5431
237,4424,61.9,6185
4424,237,38.1,3815
237,3703,22.3,2229
3703,237,77.7,7771
237,4257,44.6,4463
4257,237,55.4,5537
237,4254,40.4,4044
4254,237,59.6,5956
237,3709,20.9,2093
3709,237,79.1,7907
237,4431,41.1,4115
4431,237,58.9,5885
237,1699,38.1,3807
1699,237,61.9,6193
237,1528,23.2,2318
1528,237,76.8,7682
237,289,21.7,2167
289,237,78.3,7833
237,188,28.2,2823
188,237,71.8,7177
237,4530,33.6,3356
4530,237,66.4,6644
237,1078,33.3,3333
1078,237,66.7,6667
237,4913,38.9,3886
4913,237,61.1,6114
237,4607,29.9,2993
4607,237,70.1,7007
237,1044,25.2,2525
1044,237,74.8,7475
237,2799,40.6,4056
2799,237,59.4,5944
237,179,21.4,2138
179,237,78.6,7862
237,4258,48.7,4870
4258,237,51.3,5130
237,4597,51.1,5110
4597,237,48.9,4890
237,217,12.8,1277
217,237,87.2,8723
237,261,42.9,4288
261,237,57.1,5712
237,1520,32.2,3218
1520,237,67.8,6782
237,4383,27.9,2786
4383,237,72.1,7214
237,223,45.7,4574
223,237,54.3,5426
237,235,41.1,4115
235,237,58.9,5885
237,4728,39.4,3938
4728,237,60.6,6062
237,1037,38.2,3822
1037,237,61.8,6178
237,4363,40.7,4071
4363,237,59.3,5929
237,1690,34.2,3420
1690,237,65.8,6580
237,285,31.8,3176
285,237,68.2,6824
237,211,41.9,4187
211,237,58.1,5813
237,1719,35.5,3554
1719,237,64.5,6446
237,2037,54.6,5459
2037,237,45.4,4541
237,194,21.7,2170
194,237,78.3,7830
237,3712,30.7,3070
3712,237,69.3,6930
237,77,44.4,4435
77,237,55.6,5565
237,1687,50.1,5008
1687,237,49.9,4992
237,4256,44.4,4439
4256,237,55.6,5561
237,1479,36.7,3666
1479,237,63.3,6334
237,253,32.5,3252
253,237,67.5,6748
237,1693,16.0,1603
1693,237,84.0,8397
237,231,24.9,2495
231,237,75.0,7505
237,1728,30.8,3082
1728,237,69.2,6918
237,1535,34.0,3395
1535,237,66.0,6605
237,1002,35.2,3518
1002,237,64.8,6482
237,287,35.9,3588
287,237,64.1,6412
237,190,18.1,1809
190,237,81.9,8191
237,1172,44.0,4403
1172,237,56.0,5597
237,1492,43.8,4377
1492,237,56.2,5623
237,1696,7.2,721
1696,237,92.8,9279
237,283,49.3,4929
283,237,50.7,5071
237,1563,28.3,2827
1563,237,71.7,7173
237,4531,40.9,4088
4531,237,59.1,5912
237,245,21.0,2098
245,237,79.0,7902
237,241,40.2,4024
241,237,59.8,5976
237,207,40.1,4006
207,237,59.9,5994
237,1041,21.7,2166
1041,237,78.3,7834
237,4255,37.2,3721
4255,237,62.8,6279
237,1684,19.4,1935
1684,237,80.7,8065
237,4864,18.8,1877
4864,237,81.2,8123
237,1487,28.4,2840
1487,237,71.6,7160
237,239,21.1,2108
239,237,78.9,7892
237,196,14.0,1398
196,237,86.0,8602
237,279,29.6,2961
279,237,70.4,7039
1476,229,61.9,6194
229,1476,38.1,3806
1476,3694,60.5,6053
3694,1476,39.5,3947
1476,3676,70.4,7044
3676,1476,29.6,2956
1476,946,53.9,5393
946,1476,46.1,4607
1476,4865,69.7,6968
4865,1476,30.3,3032
1476,295,49.5,4946
295,1476,50.5,5054
1476,4892,75.6,7564
4892,1476,24.4,2436
1476,221,53.1,5307
221,1476,46.9,4693
1476,265,47.1,4714
265,1476,52.9,5286
1476,201,64.8,6475
201,1476,35.2,3525
1476,4509,74.3,7433
4509,1476,25.7,2567
1476,4757,78.0,7801
4757,1476,22.0,2199
1476,18,71.7,7169
18,1476,28.3,2831
1476,4521,78.4,7841
4521,1476,21.6,2159
1476,1493,84.3,8427
1493,1476,15.7,1573
1476,4259,66.2,6618
4259,1476,33.8,3382
1476,198,61.2,6121
198,1476,38.8,3879
1476,4246,58.9,5894
4246,1476,41.1,4106
1476,1485,78.4,7836
1485,1476,21.6,2164
1476,4423,83.0,8300
4423,1476,17.0,1700
1476,1218,62.0,6201
1218,1476,38.0,3799
1476,4527,82.5,8248
4527,1476,17.5,1752
1476,961,58.5,5845
961,1476,41.5,4155
1476,227,75.6,7562
227,1476,24.4,2438
1476,4908,77.8,7784
4908,1476,22.2,2216
1476,257,60.7,6065
257,1476,39.4,3935
1476,1169,48.4,4837
1169,1476,51.6,5163
1476,273,62.5,6247
273,1476,37.5,3753
1476,1175,59.2,5917
1175,1476,40.8,4083
1476,65,65.5,6545
65,1476,34.5,3455
1476,251,74.7,7471
251,1476,25.3,2529
1476,205,72.6,7259
205,1476,27.4,2741
1476,4921,77.3,7728
4921,1476,22.7,2272
1476,1183,74.4,7441
1183,1476,25.6,2559
1476,4424,85.8,8578
4424,1476,14.2,1422
1476,3703,51.1,5109
3703,1476,48.9,4891
1476,4257,74.2,7420
4257,1476,25.8,2580
1476,4254,70.4,7039
4254,1476,29.6,2961
1476,3709,48.6,4860
3709,1476,51.4,5140
1476,4431,69.7,6972
4431,1476,30.3,3028
1476,1699,68.0,6803
1699,1476,32.0,3197
1476,1528,52.3,5232
1528,1476,47.7,4768
1476,289,50.6,5059
289,1476,49.4,4941
1476,188,57.0,5695
188,1476,43.0,4305
1476,4530,62.9,6291
4530,1476,37.1,3709
1476,1078,63.5,6346
1078,1476,36.5,3654
1476,4913,68.7,6865
4913,1476,31.4,3135
1476,4607,58.7,5873
4607,1476,41.3,4127
1476,1044,53.6,5358
1044,1476,46.4,4642
1476,2799,71.0,7098
2799,1476,29.0,2902
1476,179,49.2,4924
179,1476,50.8,5076
1476,4258,76.6,7656
4258,1476,23.4,2344
1476,4597,79.0,7897
4597,1476,21.0,2103
1476,217,35.4,3543
217,1476,64.6,6457
1476,261,72.5,7252
261,1476,27.5,2748
1476,1520,60.7,6066
1520,1476,39.3,3934
1476,4383,58.7,5872
4383,1476,41.3,4128
1476,223,74.3,7426
223,1476,25.7,2574
1476,235,70.4,7037
235,1476,29.6,2963
1476,4728,69.7,6966
4728,1476,30.3,3034
1476,1037,67.5,6749
1037,1476,32.5,3251
1476,4363,70.3,7030
4363,1476,29.7,2970
1476,1690,63.7,6371
1690,1476,36.3,3629
1476,285,63.0,6298
285,1476,37.0,3702
1476,211,71.8,7180
211,1476,28.2,2820
1476,1719,66.5,6645
1719,1476,33.6,3355
1476,2037,80.2,8019
2037,1476,19.8,1981
1476,194,49.1,4912
194,1476,50.9,5088
1476,3712,60.4,6041
3712,1476,39.6,3959
1476,77,74.8,7477
77,1476,25.2,2523
1476,1687,77.7,7767
1687,1476,22.3,2233
1476,4256,73.0,7300
4256,1476,27.0,2700
1476,1479,66.9,6691
1479,1476,33.1,3309
1476,253,62.0,6199
253,1476,38.0,3801
1476,1693,41.7,4168
1693,1476,58.3,5832
1476,231,53.2,5321
231,1476,46.8,4679
1476,1728,61.2,6121
1728,1476,38.8,3879
1476,1535,64.2,6418
1535,1476,35.8,3582
1476,1002,64.8,6479
1002,1476,35.2,3521
1476,287,66.0,6604
287,1476,34.0,3396
1476,190,44.9,4492
190,1476,55.1,5508
1476,1172,73.7,7372
1172,1476,26.3,2628
1476,1492,73.0,7302
1492,1476,27.0,2698
1476,1696,25.8,2584
1696,1476,74.2,7416
1476,283,77.9,7789
283,1476,22.1,2211
1476,1563,58.4,5836
1563,1476,41.6,4164
1476,4531,71.2,7120
4531,1476,28.8,2880
1476,245,48.5,4854
245,1476,51.5,5146
1476,241,70.2,7025
241,1476,29.8,2975
1476,207,69.4,6936
207,1476,30.6,3064
1476,1041,50.2,5020
1041,1476,49.8,4980
1476,4255,67.2,6724
4255,1476,32.8,3276
1476,1684,45.9,4585
1684,1476,54.1,5415
1476,4864,44.4,4437
4864,1476,55.6,5563
1476,1487,57.3,5733
1487,1476,42.7,4267
1476,239,48.8,4876
239,1476,51.2,5124
1476,196,37.7,3774
196,1476,62.3,6226
1476,279,58.9,5890
279,1476,41.1,4110
229,3694,49.7,4966
3694,229,50.3,5034
229,3676,60.2,6020
3676,229,39.8,3980
229,946,42.3,4233
946,229,57.7,5767
229,4865,58.9,5892
4865,229,41.1,4108
229,295,38.8,3881
295,229,61.2,6119
229,4892,64.0,6398
4892,229,36.0,3602
229,221,40.6,4056
221,229,59.4,5944
229,265,36.4,3645
265,229,63.5,6355
229,201,53.3,5335
201,229,46.7,4665
229,4509,63.6,6363
4509,229,36.4,3637
229,4757,67.7,6773
4757,229,32.3,3227
229,18,60.7,6067
18,229,39.3,3933
229,4521,67.9,6788
4521,229,32.1,3212
229,1493,76.0,7596
1493,229,24.0,2404
229,4259,56.5,5651
4259,229,43.5,4349
229,198,49.3,4934
198,229,50.7,5066
229,4246,47.4,4744
4246,229,52.6,5256
229,1485,69.3,6933
1485,229,30.7,3067
229,4423,74.3,7427
4423,229,25.7,2573
229,1218,50.9,5086
1218,229,49.1,4914
229,4527,73.0,7299
4527,229,27.0,2701
229,961,46.2,4620
961,229,53.8,5380
229,227,65.5,6553
227,229,34.5,3447
229,4908,69.0,6895
4908,229,31.1,3105
229,257,49.5,4949
257,229,50.5,5051
229,1169,37.4,3743
1169,229,62.6,6257
229,273,50.3,5032
273,229,49.7,4968
229,1175,46.9,4688
1175,229,53.1,5312
229,65,55.1,5515
65,229,44.9,4485
229,251,65.3,6528
251,229,34.7,3472
229,205,62.2,6215
205,229,37.9,3785
229,4921,66.5,6648
4921,229,33.5,3352
229,1183,64.1,6413
1183,229,35.9,3587
229,4424,77.9,7788
4424,229,22.1,2212
229,3703,39.3,3931
3703,229,60.7,6069
229,4257,64.6,6462
4257,229,35.4,3538
229,4254,59.3,5928
4254,229,40.7,4072
229,3709,37.2,3718
3709,229,62.8,6282
229,4431,59.5,5946
4431,229,40.5,4054
229,1699,56.6,5664
1699,229,43.4,4336
229,1528,39.9,3986
1528,229,60.1,6014
229,289,39.0,3896
289,229,61.0,6104
229,188,45.8,4579
188,229,54.2,5421
229,4530,52.6,5256
4530,229,47.4,4744
229,1078,51.4,5138
1078,229,48.6,4862
229,4913,58.3,5828
4913,229,41.7,4172
229,4607,48.3,4828
4607,229,51.7,5172
229,1044,42.5,4246
1044,229,57.5,5754
229,2799,59.9,5990
2799,229,40.1,4010
229,179,37.3,3729
179,229,62.7,6271
229,4258,65.8,6585
4258,229,34.2,3415
229,4597,69.3,6926
4597,229,30.7,3074
229,217,25.4,2538
217,229,74.6,7462
229,261,61.6,6155
261,229,38.5,3845
229,1520,49.7,4967
1520,229,50.3,5033
229,4383,47.5,4746
4383,229,52.5,5254
229,223,63.0,6300
223,229,37.0,3700
229,235,59.6,5956
235,229,40.4,4044
229,4728,58.7,5865
4728,229,41.3,4135
229,1037,56.4,5636
1037,229,43.6,4364
229,4363,60.1,6011
4363,229,39.9,3989
229,1690,51.9,5189
1690,229,48.1,4811
229,285,51.2,5120
285,229,48.8,4880
229,211,62.7,6274
211,229,37.3,3726
229,1719,55.2,5523
1719,229,44.8,4477
229,2037,71.5,7154
2037,229,28.5,2846
229,194,37.0,3696
194,229,63.0,6304
229,3712,49.5,4948
3712,229,50.5,5052
229,77,64.8,6483
77,229,35.2,3517
229,1687,68.2,6817
1687,229,31.8,3183
229,4256,63.8,6376
4256,229,36.2,3624
229,1479,55.5,5549
1479,229,44.5,4451
229,253,50.7,5072
253,229,49.3,4928
229,1693,29.8,2979
1693,229,70.2,7021
229,231,42.5,4250
231,229,57.5,5750
229,1728,49.3,4930
1728,229,50.7,5070
229,1535,52.4,5238
1535,229,47.6,4762
229,1002,54.2,5418
1002,229,45.8,4582
229,287,54.9,5494
287,229,45.1,4506
229,190,34.2,3420
190,229,65.8,6580
229,1172,63.4,6343
1172,229,36.6,3657
229,1492,63.6,6357
1492,229,36.4,3643
229,1696,17.2,1725
1696,229,82.8,8275
229,283,67.5,6750
283,229,32.5,3250
229,1563,46.1,4613
1563,229,53.9,5387
229,4531,60.3,6032
4531,229,39.7,3968
229,245,37.1,3713
245,229,62.9,6287
229,241,60.8,6083
241,229,39.2,3917
229,207,58.0,5804
207,229,42.0,4196
229,1041,39.0,3901
1041,229,61.0,6099
229,4255,56.3,5631
4255,229,43.7,4369
229,1684,34.2,3421
1684,229,65.8,6579
229,4864,34.6,3459
4864,229,65.4,6541
229,1487,46.7,4673
1487,229,53.3,5327
229,239,36.7,3672
239,229,63.3,6328
229,196,26.9,2690
196,229,73.1,7310
229,279,46.8,4683
279,229,53.2,5317
3694,3676,60.4,6038
3676,3694,39.6,3962
3694,946,43.2,4320
946,3694,56.8,5680
3694,4865,59.5,5946
4865,3694,40.5,4054
3694,295,38.6,3856
295,3694,61.4,6144
3694,4892,66.0,6600
4892,3694,34.0,3400
3694,221,41.9,4195
221,3694,58.1,5805
3694,265,37.0,3701
265,3694,63.0,6299
3694,201,55.0,5499
201,3694,45.0,4501
3694,4509,63.9,6393
4509,3694,36.1,3607
3694,4757,69.2,6921
4757,3694,30.8,3079
3694,18,62.4,6243
18,3694,37.6,3757
3694,4521,68.2,6817
4521,3694,31.8,3183
3694,1493,76.7,7674
1493,3694,23.3,2326
3694,4259,57.5,5748
4259,3694,42.5,4252
3694,198,50.9,5094
198,3694,49.1,4906
3694,4246,47.9,4793
4246,3694,52.1,5207
3694,1485,70.5,7051
1485,3694,29.5,2949
3694,4423,74.9,7494
4423,3694,25.1,2506
3694,1218,51.5,5154
1218,3694,48.5,4846
3694,4527,74.1,7406
4527,3694,25.9,2594
3694,961,47.6,4758
961,3694,52.4,5242
3694,227,65.7,6571
227,3694,34.3,3429
3694,4908,69.6,6964
4908,3694,30.4,3036
3694,257,49.5,4952
257,3694,50.5,5048
3694,1169,38.3,3833
1169,3694,61.7,6167
3694,273,51.7,5174
273,3694,48.3,4826
3694,1175,48.2,4820
1175,3694,51.8,5180
3694,65,54.5,5452
65,3694,45.5,4548
3694,251,64.8,6484
251,3694,35.2,3516
3694,205,63.4,6339
205,3694,36.6,3661
3694,4921,67.7,6772
4921,3694,32.3,3228
3694,1183,65.5,6548
1183,3694,34.5,3452
3694,4424,78.9,7893
4424,3694,21.1,2107
3694,3703,40.9,4089
3703,3694,59.1,5911
3694,4257,63.9,6394
4257,3694,36.1,3606
3694,4254,59.8,5981
4254,3694,40.2,4019
3694,3709,38.1,3813
3709,3694,61.9,6187
3694,4431,60.2,6017
4431,3694,39.8,3983
3694,1699,58.4,5840
1699,3694,41.6,4160
3694,1528,40.9,4095
1528,3694,59.1,5905
3694,289,39.0,3898
289,3694,61.0,6102
3694,188,47.0,4702
188,3694,53.0,5298
3694,4530,52.8,5284
4530,3694,47.2,4716
3694,1078,52.7,5270
1078,3694,47.3,4730
3694,4913,58.5,5847
4913,3694,41.5,4153
3694,4607,48.5,4853
4607,3694,51.5,5147
3694,1044,42.7,4274
1044,3694,57.3,5726
3694,2799,60.3,6033
2799,3694,39.7,3967
3694,179,38.5,3852
179,3694,61.5,6148
3694,4258,67.8,6785
4258,3694,32.1,3215
3694,4597,70.1,7008
4597,3694,29.9,2992
3694,217,25.1,2510
217,3694,74.9,7490
3694,261,62.6,6262
261,3694,37.4,3738
3694,1520,50.7,5073
1520,3694,49.3,4927
3694,4383,47.7,4766
4383,3694,52.3,5234
3694,223,65.0,6499
223,3694,35.0,3501
3694,235,59.9,5987
235,3694,40.1,4013
3694,4728,59.6,5957
4728,3694,40.4,4043
3694,1037,57.8,5780
1037,3694,42.2,4220
3694,4363,61.0,6096
4363,3694,39.0,3904
3694,1690,53.8,5378
1690,3694,46.2,4622
3694,285,52.0,5202
285,3694,48.0,4798
3694,211,62.6,6262
211,3694,37.4,3738
3694,1719,54.9,5495
1719,3694,45.1,4505
3694,2037,72.8,7277
2037,3694,27.2,2723
3694,194,38.8,3883
194,3694,61.2,6117
3694,3712,50.2,5023
3712,3694,49.8,4977
3694,77,65.5,6545
77,3694,34.5,3455
3694,1687,70.5,7045
1687,3694,29.5,2955
3694,4256,64.1,6415
4256,3694,35.9,3585
3694,1479,55.9,5588
1479,3694,44.1,4412
3694,253,51.9,5188
253,3694,48.1,4812
3694,1693,30.9,3095
1693,3694,69.0,6905
3694,231,42.6,4257
231,3694,57.4,5743
3694,1728,51.6,5156
1728,3694,48.4,4844
3694,1535,52.7,5267
1535,3694,47.3,4733
3694,1002,54.2,5416
1002,3694,45.8,4584
3694,287,55.9,5585
287,3694,44.1,4415
3694,190,34.2,3423
190,3694,65.8,6577
3694,1172,64.8,6475
1172,3694,35.2,3525
3694,1492,62.2,6221
1492,3694,37.8,3779
3694,1696,18.2,1822
1696,3694,81.8,8178
3694,283,69.1,6908
283,3694,30.9,3092
3694,1563,47.7,4772
1563,3694,52.3,5228
3694,4531,60.8,6082
4531,3694,39.2,3918
3694,245,39.0,3901
245,3694,61.0,6099
3694,241,61.6,6158
241,3694,38.4,3842
3694,207,60.6,6061
207,3694,39.4,3939
3694,1041,38.9,3891
1041,3694,61.1,6109
3694,4255,56.6,5663
4255,3694,43.4,4337
3694,1684,36.0,3604
1684,3694,64.0,6396
3694,4864,34.7,3468
4864,3694,65.3,6532
3694,1487,48.0,4801
1487,3694,52.0,5199
3694,239,37.1,3715
239,3694,62.8,6285
3694,196,28.1,2805
196,3694,72.0,7195
3694,279,48.1,4809
279,3694,51.9,5191
3676,946,33.6,3361
946,3676,66.4,6639
3676,4865,48.5,4848
4865,3676,51.5,5152
3676,295,30.2,3017
295,3676,69.8,6983
3676,4892,56.3,5628
4892,3676,43.7,4372
3676,221,32.1,3214
221,3676,67.9,6786
3676,265,27.7,2766
265,3676,72.3,7234
3676,201,44.8,4479
201,3676,55.2,5521
3676,4509,55.0,5496
4509,3676,45.0,4504
3676,4757,58.7,5874
4757,3676,41.3,4126
3676,18,52.2,5222
18,3676,47.8,4778
3676,4521,58.7,5873
4521,3676,41.3,4127
3676,1493,69.0,6897
1493,3676,31.0,3103
3676,4259,47.6,4757
4259,3676,52.4,5243
3676,198,40.4,4035
198,3676,59.7,5965
3676,4246,37.2,3718
4246,3676,62.8,6282
3676,1485,61.6,6155
1485,3676,38.5,3845
3676,4423,66.2,6619
4423,3676,33.8,3381
3676,1218,41.2,4124
1218,3676,58.8,5876
3676,4527,66.2,6616
4527,3676,33.8,3384
3676,961,37.6,3762
961,3676,62.4,6238
3676,227,55.9,5588
227,3676,44.1,4412
3676,4908,58.8,5878
4908,3676,41.2,4122
3676,257,39.6,3962
257,3676,60.4,6038
3676,1169,28.6,2865
1169,3676,71.4,7135
3676,273,40.4,4040
273,3676,59.6,5960
3676,1175,38.4,3839
1175,3676,61.6,6161
3676,65,45.7,4573
65,3676,54.3,5427
3676,251,55.6,5563
251,3676,44.4,4437
3676,205,53.1,5310
205,3676,46.9,4690
3676,4921,58.9,5886
4921,3676,41.1,4114
3676,1183,55.1,5514
1183,3676,44.9,4486
3676,4424,70.9,7090
4424,3676,29.1,2910
3676,3703,31.5,3147
3703,3676,68.5,6853
3676,4257,55.0,5505
4257,3676,45.0,4495
3676,4254,49.7,4970
4254,3676,50.3,5030
3676,3709,29.3,2926
3709,3676,70.7,7074
3676,4431,49.9,4991
4431,3676,50.1,5009
3676,1699,47.9,4789
1699,3676,52.1,5211
3676,1528,31.3,3131
1528,3676,68.7,6869
3676,289,29.4,2937
289,3676,70.6,7063
3676,188,38.5,3851
188,3676,61.5,6149
3676,4530,43.1,4314
4530,3676,56.9,5686
3676,1078,42.3,4230
1078,3676,57.7,5770
3676,4913,48.4,4835
4913,3676,51.6,5165
3676,4607,38.4,3841
4607,3676,61.6,6159
3676,1044,34.1,3412
1044,3676,65.9,6588
3676,2799,50.3,5029
2799,3676,49.7,4971
3676,179,29.2,2922
179,3676,70.8,7078
3676,4258,57.2,5725
4258,3676,42.8,4275
3676,4597,61.3,6134
4597,3676,38.7,3866
3676,217,18.5,1849
217,3676,81.5,8151
3676,261,52.1,5210
261,3676,47.9,4790
3676,1520,40.1,4007
1520,3676,59.9,5993
3676,4383,37.6,3763
4383,3676,62.4,6237
3676,223,55.4,5535
223,3676,44.6,4465
3676,235,49.3,4931
235,3676,50.7,5069
3676,4728,49.7,4970
4728,3676,50.3,5030
3676,1037,47.2,4719
1037,3676,52.8,5281
3676,4363,50.6,5064
4363,3676,49.4,4936
3676,1690,43.3,4326
1690,3676,56.7,5674
3676,285,41.8,4178
285,3676,58.2,5822
3676,211,52.3,5227
211,3676,47.7,4773
3676,1719,45.5,4547
1719,3676,54.5,5453
3676,2037,63.7,6369
2037,3676,36.3,3631
3676,194,29.4,2940
194,3676,70.6,7060
3676,3712,40.3,4031
3712,3676,59.7,5969
3676,77,55.8,5576
77,3676,44.2,4424
3676,1687,59.8,5980
1687,3676,40.2,4020
3676,4256,53.8,5385
4256,3676,46.2,4615
3676,1479,46.9,4687
1479,3676,53.1,5313
3676,253,41.4,4143
253,3676,58.6,5857
3676,1693,22.5,2247
1693,3676,77.5,7753
3676,231,33.3,3334
231,3676,66.7,6666
3676,1728,40.3,4033
1728,3676,59.7,5967
3676,1535,42.2,4223
1535,3676,57.8,5777
3676,1002,44.5,4451
1002,3676,55.5,5549
3676,287,45.7,4572
287,3676,54.3,5428
3676,190,25.9,2588
190,3676,74.1,7412
3676,1172,55.6,5557
1172,3676,44.4,4443
3676,1492,54.0,5405
1492,3676,46.0,4595
3676,1696,12.2,1220
1696,3676,87.8,8780
3676,283,59.8,5984
283,3676,40.2,4016
3676,1563,36.6,3659
1563,3676,63.4,6341
3676,4531,50.8,5084
4531,3676,49.2,4916
3676,245,29.3,2931
245,3676,70.7,7069
3676,241,50.4,5037
241,3676,49.6,4963
3676,207,49.2,4918
207,3676,50.8,5082
3676,1041,29.9,2993
1041,3676,70.1,7007
3676,4255,47.2,4717
4255,3676,52.8,5283
3676,1684,26.3,2632
1684,3676,73.7,7368
3676,4864,26.3,2629
4864,3676,73.7,7371
3676,1487,37.6,3765
1487,3676,62.4,6235
3676,239,28.4,2838
239,3676,71.6,7162
3676,196,19.7,1974
196,3676,80.3,8026
3676,279,37.6,3758
279,3676,62.4,6242
946,4865,65.7,6573
4865,946,34.3,3427
946,295,46.3,4634
295,946,53.7,5366
946,4892,71.9,7186
4892,946,28.1,2814
946,221,48.5,4855
221,946,51.4,5145
946,265,44.1,4414
265,946,55.9,5586
946,201,61.8,6176
201,946,38.2,3824
946,4509,70.2,7025
4509,946,29.8,2975
946,4757,75.0,7497
4757,946,25.0,2503
946,18,68.8,6881
18,946,31.2,3119
946,4521,73.8,7377
4521,946,26.2,2623
946,1493,82.0,8199
1493,946,18.0,1801
946,4259,65.1,6508
4259,946,34.9,3492
946,198,57.0,5698
198,946,43.0,4302
946,4246,55.2,5517
4246,946,44.8,4483
946,1485,76.6,7665
1485,946,23.4,2335
946,4423,79.8,7978
4423,946,20.2,2022
946,1218,58.8,5882
1218,946,41.2,4118
946,4527,80.6,8060
4527,946,19.4,1940
946,961,55.8,5579
961,946,44.2,4421
946,227,73.3,7328
227,946,26.7,2672
946,4908,75.3,7532
4908,946,24.7,2468
946,257,57.1,5707
257,946,42.9,4293
946,1169,45.4,4543
1169,946,54.6,5457
946,273,58.8,5876
273,946,41.2,4124
946,1175,54.9,5491
1175,946,45.1,4509
946,65,63.1,6313
65,946,36.9,3687
946,251,71.3,7129
251,946,28.7,2871
946,205,70.0,7000
205,946,30.0,3000
946,4921,74.3,7426
4921,946,25.7,2574
946,1183,71.6,7163
1183,946,28.4,2837
946,4424,83.4,8342
4424,946,16.6,1658
946,3703,47.7,4774
3703,946,52.3,5226
946,4257,70.1,7011
4257,946,29.9,2989
946,4254,67.3,6735
4254,946,32.6,3265
946,3709,45.4,4535
3709,946,54.6,5465
946,4431,66.4,6636
4431,946,33.6,3364
946,1699,64.2,6421
1699,946,35.8,3579
946,1528,48.1,4809
1528,946,51.9,5191
946,289,47.1,4709
289,946,52.9,5291
946,188,54.1,5409
188,946,45.9,4591
946,4530,59.8,5981
4530,946,40.2,4019
946,1078,60.1,6008
1078,946,39.9,3992
946,4913,65.6,6560
4913,946,34.4,3440
946,4607,56.2,5620
4607,946,43.8,4380
946,1044,50.9,5088
1044,946,49.1,4912
946,2799,66.6,6660
2799,946,33.4,3340
946,179,45.4,4539
179,946,54.6,5461
946,4258,73.3,7328
4258,946,26.7,2672
946,4597,75.8,7580
4597,946,24.2,2420
946,217,33.4,3343
217,946,66.6,6657
946,261,69.9,6989
261,946,30.1,3011
946,1520,58.2,5816
1520,946,41.8,4184
946,4383,55.1,5513
4383,946,44.9,4487
946,223,71.4,7137
223,946,28.6,2863
946,235,67.2,6716
235,946,32.8,3284
946,4728,65.3,6527
4728,946,34.7,3473
946,1037,63.3,6331
1037,946,36.7,3669
946,4363,66.9,6692
4363,946,33.1,3308
946,1690,59.8,5975
1690,946,40.2,4025
946,285,59.4,5935
285,946,40.6,4065
946,211,69.4,6939
211,946,30.6,3061
946,1719,62.5,6252
1719,946,37.5,3748
946,2037,79.0,7900
2037,946,21.0,2100
946,194,44.5,4447
194,946,55.5,5553
946,3712,57.2,5717
3712,946,42.8,4283
946,77,71.8,7181
77,946,28.2,2819
946,1687,75.5,7546
1687,946,24.5,2454
946,4256,70.5,7045
4256,946,29.5,2955
946,1479,63.5,6350
1479,946,36.5,3650
946,253,58.8,5884
253,946,41.2,4116
946,1693,37.5,3748
1693,946,62.5,6252
946,231,50.4,5044
231,946,49.6,4956
946,1728,57.6,5755
1728,946,42.4,4245
946,1535,60.5,6049
1535,946,39.5,3951
946,1002,61.5,6152
1002,946,38.5,3848
946,287,63.0,6305
287,946,37.0,3695
946,190,41.8,4176
190,946,58.2,5824
946,1172,71.3,7126
1172,946,28.7,2874
946,1492,69.8,6978
1492,946,30.2,3022
946,1696,23.1,2312
1696,946,76.9,7688
946,283,75.0,7502
283,946,25.0,2498
946,1563,55.4,5542
1563,946,44.6,4458
946,4531,68.2,6822
4531,946,31.8,3178
946,245,44.8,4475
245,946,55.2,5525
946,241,67.5,6753
241,946,32.5,3247
946,207,66.2,6619
207,946,33.8,3381
946,1041,47.4,4741
1041,946,52.6,5259
946,4255,64.0,6404
4255,946,36.0,3596
946,1684,42.3,4232
1684,946,57.7,5768
946,4864,41.4,4137
4864,946,58.6,5863
946,1487,55.0,5496
1487,946,45.0,4504
946,239,44.1,4413
239,946,55.9,5587
946,196,34.5,3446
196,946,65.5,6554
946,279,55.2,5516
279,946,44.8,4484
4865,295,30.8,3081
295,4865,69.2,6919
4865,4892,56.5,5648
4892,4865,43.5,4352
4865,221,33.0,3296
221,4865,67.0,6704
4865,265,29.3,2928
265,4865,70.7,7072
4865,201,44.8,4481
201,4865,55.2,5519
4865,4509,55.1,5506
4509,4865,44.9,4494
4865,4757,60.1,6007
4757,4865,39.9,3993
4865,18,52.4,5238
18,4865,47.6,4762
4865,4521,60.0,6000
4521,4865,40.0,4000
4865,1493,69.0,6897
1493,4865,31.0,3103
4865,4259,47.3,4732
4259,4865,52.7,5268
4865,198,40.6,4064
198,4865,59.4,5936
4865,4246,39.4,3943
4246,4865,60.6,6057
4865,1485,62.0,6204
1485,4865,38.0,3796
4865,4423,66.9,6690
4423,4865,33.1,3310
4865,1218,41.9,4191
1218,4865,58.1,5809
4865,4527,65.8,6581
4527,4865,34.2,3419
4865,961,39.6,3959
961,4865,60.4,6041
4865,227,57.6,5762
227,4865,42.4,4238
4865,4908,60.7,6065
4908,4865,39.4,3935
4865,257,41.1,4113
257,4865,58.9,5887
4865,1169,29.6,2958
1169,4865,70.4,7042
4865,273,42.2,4225
273,4865,57.8,5775
4865,1175,39.8,3975
1175,4865,60.2,6025
4865,65,46.1,4612
65,4865,53.9,5388
4865,251,55.6,5559
251,4865,44.4,4441
4865,205,54.2,5425
205,4865,45.8,4575
4865,4921,59.7,5970
4921,4865,40.3,4030
4865,1183,56.5,5653
1183,4865,43.5,4347
4865,4424,71.5,7155
4424,4865,28.4,2845
4865,3703,32.6,3258
3703,4865,67.4,6742
4865,4257,54.4,5441
4257,4865,45.6,4559
4865,4254,49.4,4938
4254,4865,50.6,5062
4865,3709,29.9,2988
3709,4865,70.1,7012
4865,4431,50.6,5056
4431,4865,49.4,4944
4865,1699,48.4,4837
1699,4865,51.6,5163
4865,1528,32.1,3211
1528,4865,67.9,6789
4865,289,30.8,3078
289,4865,69.2,6922
4865,188,37.0,3695
188,4865,63.0,6305
4865,4530,43.7,4374
4530,4865,56.3,5626
4865,1078,43.6,4365
1078,4865,56.4,5635
4865,4913,49.0,4898
4913,4865,51.0,5102
4865,4607,39.6,3958
4607,4865,60.4,6042
4865,1044,34.5,3453
1044,4865,65.5,6547
4865,2799,51.0,5104
2799,4865,49.0,4896
4865,179,29.9,2991
179,4865,70.1,7009
4865,4258,58.6,5860
4258,4865,41.4,4140
4865,4597,61.6,6157
4597,4865,38.4,3843
4865,217,19.5,1951
217,4865,80.5,8049
4865,261,53.2,5325
261,4865,46.8,4675
4865,1520,41.5,4155
1520,4865,58.5,5845
4865,4383,38.2,3825
4383,4865,61.8,6175
4865,223,56.0,5599
223,4865,44.0,4401
4865,235,51.1,5110
235,4865,48.9,4890
4865,4728,50.1,5007
4728,4865,49.9,4993
4865,1037,48.0,4799
1037,4865,52.0,5201
4865,4363,50.6,5064
4363,4865,49.4,4936
4865,1690,44.0,4395
1690,4865,56.0,5605
4865,285,41.7,4173
285,4865,58.3,5827
4865,211,53.5,5346
211,4865,46.5,4654
4865,1719,47.3,4728
1719,4865,52.7,5272
4865,2037,65.1,6513
2037,4865,34.9,3487
4865,194,30.8,3080
194,4865,69.2,6920
4865,3712,40.3,4030
3712,4865,59.7,5970
4865,77,56.4,5644
77,4865,43.6,4356
4865,1687,61.3,6134
1687,4865,38.7,3866
4865,4256,55.5,5555
4256,4865,44.5,4445
4865,1479,47.1,4715
1479,4865,52.8,5285
4865,253,42.4,4242
253,4865,57.6,5758
4865,1693,22.9,2294
1693,4865,77.1,7706
4865,231,33.6,3363
231,4865,66.4,6637
4865,1728,41.3,4134
1728,4865,58.7,5866
4865,1535,44.6,4465
1535,4865,55.4,5535
4865,1002,45.1,4509
1002,4865,54.9,5491
4865,287,46.6,4659
287,4865,53.4,5341
4865,190,27.1,2707
190,4865,72.9,7293
4865,1172,55.9,5590
1172,4865,44.1,4410
4865,1492,54.2,5423
1492,4865,45.8,4577
4865,1696,12.2,1224
1696,4865,87.8,8776
4865,283,59.7,5969
283,4865,40.3,4031
4865,1563,37.6,3764
1563,4865,62.4,6236
4865,4531,52.0,5205
4531,4865,47.9,4795
4865,245,28.6,2864
245,4865,71.4,7136
4865,241,51.9,5188
241,4865,48.1,4812
4865,207,50.8,5081
207,4865,49.2,4919
4865,1041,30.8,3083
1041,4865,69.2,6917
4865,4255,47.8,4779
4255,4865,52.2,5221
4865,1684,27.4,2741
1684,4865,72.6,7259
4865,4864,27.2,2716
4864,4865,72.8,7284
4865,1487,39.2,3918
1487,4865,60.8,6082
4865,239,29.4,2941
239,4865,70.6,7059
4865,196,20.9,2090
196,4865,79.1,7910
4865,279,39.5,3945
279,4865,60.6,6055
295,4892,75.5,7547
4892,295,24.5,2453
295,221,54.0,5405
221,295,46.0,4595
295,265,48.9,4886
265,295,51.1,5114
295,201,65.3,6528
201,295,34.7,3472
295,4509,74.1,7410
4509,295,25.9,2590
295,4757,78.0,7796
4757,295,22.0,2204
295,18,71.3,7130
18,295,28.7,2870
295,4521,77.5,7747
4521,295,22.5,2253
295,1493,84.8,8480
1493,295,15.2,1520
295,4259,69.1,6912
4259,295,30.9,3088
295,198,60.6,6062
198,295,39.4,3938
295,4246,58.4,5839
4246,295,41.6,4161
295,1485,79.5,7952
1485,295,20.5,2048
295,4423,83.2,8319
4423,295,16.8,1681
295,1218,62.2,6221
1218,295,37.8,3779
295,4527,83.6,8356
4527,295,16.4,1644
295,961,58.6,5859
961,295,41.4,4141
295,227,75.5,7550
227,295,24.5,2450
295,4908,77.7,7768
4908,295,22.3,2232
295,257,61.9,6186
257,295,38.1,3814
295,1169,50.3,5028
1169,295,49.7,4972
295,273,62.5,6250
273,295,37.5,3750
295,1175,59.0,5897
1175,295,41.0,4103
295,65,66.3,6626
65,295,33.7,3374
295,251,73.9,7392
251,295,26.1,2608
295,205,73.3,7326
205,295,26.7,2674
295,4921,76.5,7653
4921,295,23.5,2347
295,1183,74.9,7485
1183,295,25.1,2515
295,4424,86.2,8615
4424,295,13.9,1385
295,3703,52.1,5206
3703,295,47.9,4794
295,4257,74.3,7432
4257,295,25.7,2568
295,4254,69.6,6964
4254,295,30.4,3036
295,3709,49.2,4920
3709,295,50.8,5080
295,4431,69.4,6942
4431,295,30.6,3058
295,1699,68.6,6863
1699,295,31.4,3137
295,1528,51.6,5163
1528,295,48.4,4837
295,289,49.8,4981
289,295,50.2,5019
295,188,57.4,5743
188,295,42.6,4257
295,4530,63.9,6388
4530,295,36.1,3612
295,1078,64.3,6435
1078,295,35.6,3565
295,4913,69.2,6923
4913,295,30.8,3077
295,4607,58.9,5893
4607,295,41.1,4107
295,1044,54.0,5398
1044,295,46.0,4602
295,2799,69.8,6983
2799,295,30.2,3017
295,179,49.1,4908
179,295,50.9,5092
295,4258,76.9,7688
4258,295,23.1,2312
295,4597,80.0,7997
4597,295,20.0,2003
295,217,36.5,3653
217,295,63.5,6347
295,261,73.2,7321
261,295,26.8,2679
295,1520,61.6,6164
1520,295,38.4,3836
295,4383,58.5,5854
4383,295,41.5,4146
295,223,73.5,7346
223,295,26.5,2654
295,235,70.8,7077
235,295,29.2,2923
295,4728,70.5,7052
4728,295,29.5,2948
295,1037,68.1,6809
1037,295,31.9,3191
295,4363,70.3,7033
4363,295,29.7,2967
295,1690,64.2,6416
1690,295,35.8,3584
295,285,62.7,6275
285,295,37.2,3725
295,211,72.2,7215
211,295,27.9,2785
295,1719,67.2,6719
1719,295,32.8,3281
295,2037,81.0,8100
2037,295,19.0,1900
295,194,49.4,4935
194,295,50.6,5065
295,3712,60.0,6000
3712,295,40.0,4000
295,77,74.6,7462
77,295,25.4,2538
295,1687,78.1,7814
1687,295,21.9,2186
295,4256,73.3,7328
4256,295,26.7,2672
295,1479,67.2,6716
1479,295,32.8,3284
295,253,63.4,6342
253,295,36.6,3658
295,1693,41.0,4098
1693,295,59.0,5902
295,231,54.0,5398
231,295,46.0,4602
295,1728,61.7,6165
1728,295,38.4,3835
295,1535,64.4,6438
1535,295,35.6,3562
295,1002,65.0,6504
1002,295,35.0,3496
295,287,65.6,6557
287,295,34.4,3443
295,190,45.6,4560
190,295,54.4,5440
295,1172,74.2,7415
1172,295,25.9,2585
295,1492,72.9,7287
1492,295,27.1,2713
295,1696,26.1,2611
1696,295,73.9,7389
295,283,77.8,7777
283,295,22.2,2223
295,1563,57.7,5768
1563,295,42.3,4232
295,4531,71.3,7127
4531,295,28.7,2873
295,245,49.7,4966
245,295,50.3,5034
295,241,71.0,7101
241,295,29.0,2899
295,207,69.8,6975
207,295,30.2,3025
295,1041,51.0,5097
1041,295,49.0,4903
295,4255,67.3,6726
4255,295,32.7,3274
295,1684,46.8,4676
1684,295,53.2,5324
295,4864,46.3,4631
4864,295,53.7,5369
295,1487,59.8,5975
1487,295,40.2,4025
295,239,49.1,4912
239,295,50.9,5088
295,196,38.7,3874
196,295,61.3,6126
295,279,59.6,5955
279,295,40.5,4045
4892,221,26.7,2671
221,4892,73.3,7329
4892,265,23.4,2343
265,4892,76.6,7657
4892,201,39.6,3961
201,4892,60.4,6039
4892,4509,49.3,4932
4509,4892,50.7,5068
4892,4757,54.3,5434
4757,4892,45.7,4566
4892,18,45.4,4542
18,4892,54.6,5458
4892,4521,53.5,5355
4521,4892,46.5,4645
4892,1493,63.5,6347
1493,4892,36.5,3653
4892,4259,41.4,4137
4259,4892,58.6,5863
4892,198,34.3,3428
198,4892,65.7,6572
4892,4246,33.5,3354
4246,4892,66.5,6646
4892,1485,55.5,5546
1485,4892,44.5,4454
4892,4423,60.4,6040
4423,4892,39.6,3960
4892,1218,35.5,3548
1218,4892,64.5,6452
4892,4527,60.3,6033
4527,4892,39.7,3967
4892,961,32.6,3262
961,4892,67.4,6738
4892,227,50.0,4997
227,4892,50.0,5003
4892,4908,53.5,5352
4908,4892,46.5,4648
4892,257,34.3,3434
257,4892,65.7,6566
4892,1169,23.9,2392
1169,4892,76.1,7608
4892,273,35.1,3506
273,4892,64.9,6494
4892,1175,33.2,3318
1175,4892,66.8,6682
4892,65,39.5,3951
65,4892,60.5,6049
4892,251,48.8,4877
251,4892,51.2,5123
4892,205,47.2,4724
205,4892,52.8,5276
4892,4921,52.8,5277
4921,4892,47.2,4723
4892,1183,48.9,4886
1183,4892,51.1,5114
4892,4424,65.8,6583
4424,4892,34.2,3417
4892,3703,25.8,2583
3703,4892,74.2,7417
4892,4257,48.6,4860
4257,4892,51.4,5140
4892,4254,43.7,4371
4254,4892,56.3,5629
4892,3709,25.3,2530
3709,4892,74.7,7470
4892,4431,43.6,4359
4431,4892,56.4,5641
4892,1699,42.1,4215
1699,4892,57.9,5785
4892,1528,26.2,2624
1528,4892,73.8,7376
4892,289,24.9,2489
289,4892,75.1,7511
4892,188,32.9,3286
188,4892,67.1,6714
4892,4530,36.9,3689
4530,4892,63.1,6311
4892,1078,37.2,3723
1078,4892,62.8,6277
4892,4913,43.0,4304
4913,4892,57.0,5696
4892,4607,32.9,3290
4607,4892,67.1,6710
4892,1044,28.5,2847
1044,4892,71.5,7153
4892,2799,44.5,4455
2799,4892,55.5,5545
4892,179,24.0,2397
179,4892,76.0,7603
4892,4258,52.1,5206
4258,4892,47.9,4794
4892,4597,54.3,5433
4597,4892,45.7,4567
4892,217,14.5,1450
217,4892,85.5,8550
4892,261,46.7,4666
261,4892,53.3,5334
4892,1520,35.2,3520
1520,4892,64.8,6480
4892,4383,32.0,3199
4383,4892,68.0,6801
4892,223,49.6,4959
223,4892,50.4,5041
4892,235,45.8,4580
235,4892,54.2,5420
4892,4728,43.6,4364
4728,4892,56.4,5636
4892,1037,41.6,4164
1037,4892,58.4,5836
4892,4363,46.1,4609
4363,4892,53.9,5391
4892,1690,38.1,3806
1690,4892,61.9,6194
4892,285,35.8,3576
285,4892,64.2,6424
4892,211,47.3,4728
211,4892,52.7,5272
4892,1719,39.4,3938
1719,4892,60.6,6062
4892,2037,57.4,5736
2037,4892,42.6,4264
4892,194,24.1,2409
194,4892,75.9,7591
4892,3712,34.3,3432
3712,4892,65.7,6568
4892,77,49.5,4954
77,4892,50.5,5046
4892,1687,54.3,5426
1687,4892,45.7,4574
4892,4256,48.2,4817
4256,4892,51.8,5183
4892,1479,41.4,4138
1479,4892,58.6,5862
4892,253,36.5,3648
253,4892,63.5,6352
4892,1693,18.1,1810
1693,4892,81.9,8190
4892,231,27.9,2788
231,4892,72.1,7212
4892,1728,35.5,3553
1728,4892,64.5,6447
4892,1535,38.7,3866
1535,4892,61.3,6134
4892,1002,38.6,3856
1002,4892,61.4,6144
4892,287,40.2,4020
287,4892,59.8,5980
4892,190,21.4,2140
190,4892,78.6,7860
4892,1172,48.1,4810
1172,4892,51.9,5190
4892,1492,47.7,4772
1492,4892,52.3,5228
4892,1696,9.5,946
1696,4892,90.5,9054
4892,283,54.4,5437
283,4892,45.6,4563
4892,1563,31.7,3171
1563,4892,68.3,6829
4892,4531,44.4,4439
4531,4892,55.6,5561
4892,245,23.2,2322
245,4892,76.8,7678
4892,241,45.9,4587
241,4892,54.1,5413
4892,207,43.8,4378
207,4892,56.2,5622
4892,1041,26.5,2652
1041,4892,73.5,7348
4892,4255,40.9,4093
4255,4892,59.1,5907
4892,1684,22.3,2233
1684,4892,77.7,7767
4892,4864,21.8,2177
4864,4892,78.2,7823
4892,1487,32.0,3203
1487,4892,68.0,6797
4892,239,23.8,2378
239,4892,76.2,7622
4892,196,15.9,1593
196,4892,84.1,8407
4892,279,33.3,3329
279,4892,66.7,6671
221,265,45.8,4581
265,221,54.2,5419
221,201,63.0,6298
201,221,37.0,3702
221,4509,71.7,7166
4509,221,28.3,2834
221,4757,76.0,7600
4757,221,24.0,2400
221,18,70.5,7048
18,221,29.5,2952
221,4521,75.4,7543
4521,221,24.6,2457
221,1493,82.9,8291
1493,221,17.1,1709
221,4259,64.8,6481
4259,221,35.2,3519
221,198,58.4,5836
198,221,41.6,4164
221,4246,56.6,5658
4246,221,43.4,4342
221,1485,76.5,7654
1485,221,23.5,2346
221,4423,81.6,8164
4423,221,18.4,1836
221,1218,59.5,5946
1218,221,40.5,4054
221,4527,80.2,8021
4527,221,19.8,1979
221,961,54.8,5484
961,221,45.2,4516
221,227,73.2,7322
227,221,26.8,2678
221,4908,75.4,7538
4908,221,24.6,2462
221,257,58.3,5831
257,221,41.7,4169
221,1169,45.8,4582
1169,221,54.2,5418
221,273,58.5,5853
273,221,41.5,4147
221,1175,55.7,5566
1175,221,44.3,4434
221,65,63.1,6313
65,221,36.9,3687
221,251,72.1,7214
251,221,27.9,2786
221,205,69.6,6957
205,221,30.4,3043
221,4921,75.5,7551
4921,221,24.5,2449
221,1183,72.7,7265
1183,221,27.4,2735
221,4424,84.7,8467
4424,221,15.3,1533
221,3703,48.4,4844
3703,221,51.6,5156
221,4257,71.5,7152
4257,221,28.5,2848
221,4254,66.6,6659
4254,221,33.4,3341
221,3709,46.2,4621
3709,221,53.8,5379
221,4431,67.6,6760
4431,221,32.4,3240
221,1699,65.6,6557
1699,221,34.4,3443
221,1528,47.9,4792
1528,221,52.1,5208
221,289,46.8,4678
289,221,53.2,5322
221,188,54.5,5453
188,221,45.5,4547
221,4530,60.8,6080
4530,221,39.2,3920
221,1078,60.5,6050
1078,221,39.5,3950
221,4913,66.0,6600
4913,221,34.0,3400
221,4607,56.6,5662
4607,221,43.4,4338
221,1044,52.4,5236
1044,221,47.6,4764
221,2799,66.8,6685
2799,221,33.1,3315
221,179,47.0,4705
179,221,52.9,5295
221,4258,74.5,7445
4258,221,25.6,2555
221,4597,76.5,7650
4597,221,23.5,2350
221,217,32.6,3265
217,221,67.3,6735
221,261,70.4,7040
261,221,29.6,2960
221,1520,58.5,5853
1520,221,41.5,4147
221,4383,55.8,5579
4383,221,44.2,4421
221,223,72.5,7250
223,221,27.5,2750
221,235,68.7,6869
235,221,31.3,3131
221,4728,67.2,6721
4728,221,32.8,3279
221,1037,65.6,6561
1037,221,34.4,3439
221,4363,68.8,6885
4363,221,31.1,3115
221,1690,60.8,6082
1690,221,39.2,3918
221,285,60.6,6059
285,221,39.4,3941
221,211,70.5,7053
211,221,29.5,2947
221,1719,63.3,6334
1719,221,36.7,3666
221,2037,79.0,7904
2037,221,21.0,2096
221,194,46.4,4639
194,221,53.6,5361
221,3712,57.8,5778
3712,221,42.2,4222
221,77,73.2,7325
77,221,26.8,2675
221,1687,76.4,7641
1687,221,23.6,2359
221,4256,71.9,7190
4256,221,28.1,2810
221,1479,64.7,6473
1479,221,35.3,3527
221,253,59.9,5987
253,221,40.1,4013
221,1693,37.9,3791
1693,221,62.1,6209
221,231,50.8,5080
231,221,49.2,4920
221,1728,57.5,5748
1728,221,42.5,4252
221,1535,61.9,6187
1535,221,38.1,3813
221,1002,61.7,6173
1002,221,38.3,3827
221,287,63.7,6373
287,221,36.3,3627
221,190,42.9,4294
190,221,57.1,5706
221,1172,71.8,7182
1172,221,28.2,2818
221,1492,70.8,7084
1492,221,29.2,2916
221,1696,24.0,2404
1696,221,76.0,7596
221,283,75.7,7570
283,221,24.3,2430
221,1563,54.9,5488
1563,221,45.1,4512
221,4531,68.2,6824
4531,221,31.8,3176
221,245,46.2,4622
245,221,53.8,5378
221,241,68.9,6886
241,221,31.1,3114
221,207,66.3,6627
207,221,33.7,3373
221,1041,47.2,4720
1041,221,52.8,5280
221,4255,64.7,6468
4255,221,35.3,3532
221,1684,42.4,4245
1684,221,57.6,5755
221,4864,42.4,4235
4864,221,57.6,5765
221,1487,56.1,5610
1487,221,43.9,4390
221,239,45.3,4534
239,221,54.7,5466
221,196,35.1,3507
196,221,64.9,6493
221,279,57.2,5722
279,221,42.8,4278
265,201,66.8,6680
201,265,33.2,3320
265,4509,75.1,7508
4509,265,24.9,2492
265,4757,79.6,7961
4757,265,20.4,2039
265,18,73.4,7339
18,265,26.6,2661
265,4521,78.4,7842
4521,265,21.6,2158
265,1493,86.3,8634
1493,265,13.7,1366
265,4259,69.9,6994
4259,265,30.1,3006
265,198,62.1,6207
198,265,37.9,3793
265,4246,60.9,6087
4246,265,39.1,3913
265,1485,80.1,8009
1485,265,19.9,1991
265,4423,83.3,8330
4423,265,16.7,1670
265,1218,63.7,6367
1218,265,36.3,3633
265,4527,83.8,8376
4527,265,16.2,1624
265,961,59.9,5989
961,265,40.1,4011
265,227,76.8,7681
227,265,23.2,2319
265,4908,78.6,7859
4908,265,21.4,2141
265,257,63.4,6341
257,265,36.6,3659
265,1169,50.8,5076
1169,265,49.2,4924
265,273,64.1,6413
273,265,35.9,3587
265,1175,60.9,6085
1175,265,39.1,3915
265,65,68.4,6844
65,265,31.6,3156
265,251,76.6,7661
251,265,23.4,2339
265,205,74.3,7434
205,265,25.7,2566
265,4921,78.6,7859
4921,265,21.4,2141
265,1183,75.7,7573
1183,265,24.3,2427
265,4424,86.0,8595
4424,265,14.1,1405
265,3703,52.7,5267
3703,265,47.3,4733
265,4257,75.3,7526
4257,265,24.7,2474
265,4254,71.6,7163
4254,265,28.4,2837
265,3709,50.9,5089
3709,265,49.1,4911
265,4431,71.4,7139
4431,265,28.6,2861
265,1699,70.4,7044
1699,265,29.6,2956
265,1528,54.1,5407
1528,265,45.9,4593
265,289,51.9,5186
289,265,48.1,4814
265,188,60.1,6009
188,265,39.9,3991
265,4530,64.6,6465
4530,265,35.4,3535
265,1078,65.0,6502
1078,265,35.0,3498
265,4913,71.0,7096
4913,265,29.0,2904
265,4607,61.0,6100
4607,265,39.0,3900
265,1044,55.4,5543
1044,265,44.6,4457
265,2799,71.7,7174
2799,265,28.3,2826
265,179,49.8,4975
179,265,50.2,5025
265,4258,78.4,7842
4258,265,21.6,2158
265,4597,80.5,8052
4597,265,19.5,1948
265,217,37.0,3700
217,265,63.0,6300
265,261,73.5,7347
261,265,26.5,2653
265,1520,63.1,6313
1520,265,36.9,3687
265,4383,59.8,5977
4383,265,40.2,4023
265,223,76.3,7626
223,265,23.7,2374
265,235,72.7,7265
235,265,27.4,2735
265,4728,71.4,7143
4728,265,28.6,2857
265,1037,70.2,7019
1037,265,29.8,2981
265,4363,72.6,7264
4363,265,27.4,2736
265,1690,64.9,6488
1690,265,35.1,3512
265,285,63.6,6359
285,265,36.4,3641
265,211,73.6,7361
211,265,26.4,2639
265,1719,68.4,6837
1719,265,31.6,3163
265,2037,81.6,8156
2037,265,18.4,1844
265,194,51.5,5152
194,265,48.5,4848
265,3712,61.6,6160
3712,265,38.4,3840
265,77,76.6,7664
77,265,23.4,2336
265,1687,79.1,7913
1687,265,20.9,2087
265,4256,75.7,7571
4256,265,24.3,2429
265,1479,67.9,6793
1479,265,32.1,3207
265,253,64.6,6461
253,265,35.4,3539
265,1693,43.8,4379
1693,265,56.2,5621
265,231,55.8,5583
231,265,44.2,4417
265,1728,63.3,6326
1728,265,36.7,3674
265,1535,65.5,6554
1535,265,34.5,3446
265,1002,66.9,6686
1002,265,33.1,3314
265,287,68.2,6815
287,265,31.9,3185
265,190,46.5,4646
190,265,53.5,5354
265,1172,75.6,7558
1172,265,24.4,2442
265,1492,75.4,7541
1492,265,24.6,2459
265,1696,27.9,2786
1696,265,72.1,7214
265,283,78.8,7875
283,265,21.2,2125
265,1563,60.3,6033
1563,265,39.7,3967
265,4531,72.6,7263
4531,265,27.4,2737
265,245,50.4,5038
245,265,49.6,4962
265,241,72.8,7282
241,265,27.2,2718
265,207,70.3,7026
207,265,29.7,2974
265,1041,52.1,5215
1041,265,47.9,4785
265,4255,69.8,6980
4255,265,30.2,3020
265,1684,47.4,4742
1684,265,52.6,5258
265,4864,47.0,4698
4864,265,53.0,5302
265,1487,60.6,6055
1487,265,39.5,3945
265,239,50.5,5047
239,265,49.5,4953
265,196,39.6,3964
196,265,60.4,6036
265,279,60.2,6016
279,265,39.8,3984
201,4509,58.9,5893
4509,201,41.1,4107
201,4757,64.5,6446
4757,201,35.5,3554
201,18,57.4,5737
18,201,42.6,4263
201,4521,64.6,6460
4521,201,35.4,3540
201,1493,72.9,7292
1493,201,27.1,2708
201,4259,53.0,5299
4259,201,47.0,4701
201,198,46.2,4618
198,201,53.8,5382
201,4246,43.5,4353
4246,201,56.5,5647
201,1485,65.6,6557
1485,201,34.4,3443
201,4423,71.4,7142
4423,201,28.6,2858
201,1218,46.7,4672
1218,201,53.3,5328
201,4527,70.4,7041
4527,201,29.6,2959
201,961,42.2,4224
961,201,57.8,5776
201,227,62.2,6224
227,201,37.8,3776
201,4908,64.1,6407
4908,201,35.9,3593
201,257,45.0,4504
257,201,55.0,5496
201,1169,33.4,3338
1169,201,66.6,6662
201,273,45.9,4589
273,201,54.1,5411
201,1175,43.4,4335
1175,201,56.6,5665
201,65,50.8,5082
65,201,49.2,4918
201,251,60.6,6059
251,201,39.4,3941
201,205,57.8,5781
205,201,42.2,4219
201,4921,63.5,6353
4921,201,36.5,3647
201,1183,60.4,6040
1183,201,39.6,3960
201,4424,74.7,7468
4424,201,25.3,2532
201,3703,36.3,3634
3703,201,63.7,6366
201,4257,59.9,5987
4257,201,40.1,4013
201,4254,54.7,5467
4254,201,45.3,4533
201,3709,33.6,3364
3709,201,66.4,6636
201,4431,55.7,5567
4431,201,44.3,4433
201,1699,52.8,5277
1699,201,47.2,4723
201,1528,35.7,3571
1528,201,64.3,6429
201,289,34.9,3489
289,201,65.1,6511
201,188,42.1,4207
188,201,57.9,5793
201,4530,48.5,4855
4530,201,51.4,5145
201,1078,47.4,4743
1078,201,52.6,5257
201,4913,54.8,5478
4913,201,45.2,4522
201,4607,43.5,4353
4607,201,56.5,5647
201,1044,38.1,3808
1044,201,61.9,6192
201,2799,54.8,5476
2799,201,45.2,4524
201,179,34.2,3420
179,201,65.8,6580
201,4258,63.3,6330
4258,201,36.7,3670
201,4597,65.8,6582
4597,201,34.2,3418
201,217,22.0,2196
217,201,78.0,7804
201,261,58.9,5894
261,201,41.1,4106
201,1520,45.3,4534
1520,201,54.7,5466
201,4383,43.2,4323
4383,201,56.8,5677
201,223,59.9,5993
223,201,40.1,4007
201,235,56.0,5597
235,201,44.0,4403
201,4728,54.7,5472
4728,201,45.3,4528
201,1037,52.6,5264
1037,201,47.4,4736
201,4363,55.4,5544
4363,201,44.6,4456
201,1690,47.7,4769
1690,201,52.3,5231
201,285,46.8,4679
285,201,53.2,5321
201,211,57.4,5742
211,201,42.6,4258
201,1719,51.2,5123
1719,201,48.8,4877
201,2037,68.7,6872
2037,201,31.3,3128
201,194,33.4,3339
194,201,66.6,6661
201,3712,44.4,4437
3712,201,55.6,5563
201,77,61.1,6107
77,201,38.9,3893
201,1687,64.9,6493
1687,201,35.1,3507
201,4256,59.6,5964
4256,201,40.4,4036
201,1479,51.1,5113
1479,201,48.9,4887
201,253,47.1,4709
253,201,52.9,5291
201,1693,26.4,2644
1693,201,73.6,7356
201,231,37.4,3744
231,201,62.6,6256
201,1728,46.2,4618
1728,201,53.8,5382
201,1535,48.6,4862
1535,201,51.4,5138
201,1002,50.1,5007
1002,201,49.9,4993
201,287,51.9,5191
287,201,48.1,4809
201,190,30.5,3047
190,201,69.5,6953
201,1172,59.8,5981
1172,201,40.2,4019
201,1492,59.0,5899
1492,201,41.0,4101
201,1696,15.2,1517
1696,201,84.8,8483
201,283,64.4,6439
283,201,35.6,3561
201,1563,41.3,4126
1563,201,58.7,5874
201,4531,55.8,5577
4531,201,44.2,4423
201,245,33.8,3381
245,201,66.2,6619
201,241,55.7,5566
241,201,44.3,4434
201,207,55.4,5543
207,201,44.6,4457
201,1041,34.9,3492
1041,201,65.1,6508
201,4255,52.1,5209
4255,201,47.9,4791
201,1684,31.3,3132
1684,201,68.7,6868
201,4864,30.6,3059
4864,201,69.4,6941
201,1487,42.9,4287
1487,201,57.1,5713
201,239,32.8,3282
239,201,67.2,6718
201,196,23.7,2373
196,201,76.3,7627
201,279,42.8,4284
279,201,57.2,5716
4509,4757,55.2,5520
4757,4509,44.8,4480
4509,18,47.7,4774
18,4509,52.3,5226
4509,4521,55.7,5570
4521,4509,44.3,4430
4509,1493,63.9,6386
1493,4509,36.1,3614
4509,4259,42.8,4277
4259,4509,57.2,5723
4509,198,36.0,3600
198,4509,64.0,6400
4509,4246,33.7,3365
4246,4509,66.3,6635
4509,1485,55.8,5581
1485,4509,44.2,4419
4509,4423,61.9,6187
4423,4509,38.1,3813
4509,1218,36.8,3681
1218,4509,63.2,6319
4509,4527,61.3,6132
4527,4509,38.7,3868
4509,961,33.4,3344
961,4509,66.6,6656
4509,227,52.6,5257
227,4509,47.4,4743
4509,4908,55.7,5572
4908,4509,44.3,4428
4509,257,36.6,3665
257,4509,63.3,6335
4509,1169,25.6,2561
1169,4509,74.4,7439
4509,273,36.7,3673
273,4509,63.3,6327
4509,1175,34.6,3459
1175,4509,65.4,6541
4509,65,41.2,4125
65,4509,58.8,5875
4509,251,50.9,5088
251,4509,49.1,4912
4509,205,48.9,4895
205,4509,51.0,5105
4509,4921,54.3,5431
4921,4509,45.7,4569
4509,1183,50.9,5092
1183,4509,49.1,4908
4509,4424,66.6,6664
4424,4509,33.4,3336
4509,3703,26.6,2664
3703,4509,73.4,7336
4509,4257,50.1,5011
4257,4509,49.9,4989
4509,4254,44.8,4484
4254,4509,55.2,5516
4509,3709,25.3,2528
3709,4509,74.7,7472
4509,4431,45.4,4535
4431,4509,54.6,5465
4509,1699,43.8,4381
1699,4509,56.2,5619
4509,1528,27.1,2709
1528,4509,72.9,7291
4509,289,25.7,2572
289,4509,74.3,7428
4509,188,32.8,3282
188,4509,67.2,6718
4509,4530,39.4,3935
4530,4509,60.7,6065
4509,1078,38.3,3829
1078,4509,61.7,6171
4509,4913,44.0,4399
4913,4509,56.0,5601
4509,4607,34.1,3414
4607,4509,65.9,6586
4509,1044,30.1,3014
1044,4509,69.9,6986
4509,2799,45.9,4589
2799,4509,54.1,5411
4509,179,25.4,2542
179,4509,74.6,7458
4509,4258,54.6,5457
4258,4509,45.4,4543
4509,4597,57.3,5733
4597,4509,42.7,4267
4509,217,16.4,1641
217,4509,83.6,8359
4509,261,48.9,4890
261,4509,51.1,5110
4509,1520,36.5,3654
1520,4509,63.5,6346
4509,4383,32.4,3239
4383,4509,67.6,6761
4509,223,50.7,5071
223,4509,49.3,4929
4509,235,45.6,4564
235,4509,54.4,5436
4509,4728,45.1,4515
4728,4509,54.9,5485
4509,1037,43.6,4365
1037,4509,56.4,5635
4509,4363,46.2,4617
4363,4509,53.8,5383
4509,1690,37.2,3720
1690,4509,62.8,6280
4509,285,36.8,3676
285,4509,63.2,6324
4509,211,49.1,4910
211,4509,50.9,5090
4509,1719,42.1,4211
1719,4509,57.9,5789
4509,2037,59.6,5957
2037,4509,40.4,4043
4509,194,25.3,2533
194,4509,74.7,7467
4509,3712,36.5,3654
3712,4509,63.5,6346
4509,77,50.9,5092
77,4509,49.1,4908
4509,1687,55.0,5503
1687,4509,45.0,4497
4509,4256,49.7,4973
4256,4509,50.3,5027
4509,1479,42.4,4238
1479,4509,57.6,5762
4509,253,37.7,3767
253,4509,62.3,6233
4509,1693,20.4,2040
1693,4509,79.6,7960
4509,231,29.8,2977
231,4509,70.2,7023
4509,1728,36.0,3597
1728,4509,64.0,6403
4509,1535,39.5,3950
1535,4509,60.5,6050
4509,1002,39.8,3982
1002,4509,60.2,6018
4509,287,43.0,4303
287,4509,57.0,5697
4509,190,22.2,2221
190,4509,77.8,7779
4509,1172,50.5,5054
1172,4509,49.5,4946
4509,1492,48.5,4847
1492,4509,51.5,5153
4509,1696,10.4,1044
1696,4509,89.6,8956
4509,283,53.8,5379
283,4509,46.2,4621
4509,1563,33.3,3333
1563,4509,66.7,6667
4509,4531,46.2,4619
4531,4509,53.8,5381
4509,245,25.0,2502
245,4509,75.0,7498
4509,241,46.9,4695
241,4509,53.0,5305
4509,207,44.2,4423
207,4509,55.8,5577
4509,1041,26.5,2654
1041,4509,73.5,7346
4509,4255,43.5,4345
4255,4509,56.5,5655
4509,1684,22.9,2288
1684,4509,77.1,7712
4509,4864,22.4,2241
4864,4509,77.6,7759
4509,1487,33.3,3326
1487,4509,66.7,6674
4509,239,25.0,2503
239,4509,75.0,7497
4509,196,17.4,1736
196,4509,82.6,8264
4509,279,33.0,3303
279,4509,67.0,6697
4757,18,42.5,4247
18,4757,57.5,5753
4757,4521,49.9,4985
4521,4757,50.1,5015
4757,1493,60.0,6003
1493,4757,40.0,3997
4757,4259,38.5,3847
4259,4757,61.5,6153
4757,198,30.1,3013
198,4757,69.9,6987
4757,4246,30.3,3030
4246,4757,69.7,6970
4757,1485,50.9,5095
1485,4757,49.0,4905
4757,4423,56.5,5650
4423,4757,43.5,4350
4757,1218,31.6,3163
1218,4757,68.4,6837
4757,4527,56.8,5679
4527,4757,43.2,4321
4757,961,29.4,2941
961,4757,70.6,7059
4757,227,46.8,4680
227,4757,53.2,5320
4757,4908,50.8,5077
4908,4757,49.2,4923
4757,257,30.9,3088
257,4757,69.1,6912
4757,1169,20.8,2085
1169,4757,79.1,7915
4757,273,31.4,3135
273,4757,68.7,6865
4757,1175,29.6,2961
1175,4757,70.4,7039
4757,65,35.9,3586
65,4757,64.1,6414
4757,251,46.6,4658
251,4757,53.4,5342
4757,205,43.8,4377
205,4757,56.2,5623
4757,4921,48.7,4867
4921,4757,51.3,5133
4757,1183,44.6,4465
1183,4757,55.4,5535
4757,4424,61.8,6180
4424,4757,38.2,3820
4757,3703,22.8,2279
3703,4757,77.2,7721
4757,4257,44.1,4414
4257,4757,55.9,5586
4757,4254,39.4,3937
4254,4757,60.6,6063
4757,3709,20.6,2058
3709,4757,79.4,7942
4757,4431,39.8,3978
4431,4757,60.2,6022
4757,1699,38.9,3892
1699,4757,61.1,6108
4757,1528,23.2,2321
1528,4757,76.8,7679
4757,289,22.4,2235
289,4757,77.6,7765
4757,188,27.7,2766
188,4757,72.3,7234
4757,4530,33.6,3357
4530,4757,66.4,6643
4757,1078,33.3,3326
1078,4757,66.7,6674
4757,4913,39.2,3925
4913,4757,60.8,6075
4757,4607,29.0,2898
4607,4757,71.0,7102
4757,1044,25.4,2545
1044,4757,74.6,7455
4757,2799,40.4,4043
2799,4757,59.6,5957
4757,179,20.9,2090
179,4757,79.1,7910
4757,4258,48.0,4801
4258,4757,52.0,5199
4757,4597,51.2,5125
4597,4757,48.8,4875
4757,217,12.6,1261
217,4757,87.4,8739
4757,261,43.0,4302
261,4757,57.0,5698
4757,1520,30.9,3086
1520,4757,69.1,6914
4757,4383,29.0,2899
4383,4757,71.0,7101
4757,223,45.7,4568
223,4757,54.3,5432
4757,235,40.5,4052
235,4757,59.5,5948
4757,4728,39.3,3934
4728,4757,60.7,6066
4757,1037,37.7,3769
1037,4757,62.3,6231
4757,4363,41.5,4148
4363,4757,58.5,5852
4757,1690,33.5,3353
1690,4757,66.5,6647
4757,285,33.1,3312
285,4757,66.9,6688
4757,211,42.9,4293
211,4757,57.1,5707
4757,1719,36.3,3632
1719,4757,63.7,6368
4757,2037,54.5,5449
2037,4757,45.5,4551
4757,194,20.9,2086
194,4757,79.1,7914
4757,3712,31.4,3141
3712,4757,68.6,6859
4757,77,45.8,4576
77,4757,54.2,5424
4757,1687,50.6,5064
1687,4757,49.4,4936
4757,4256,44.2,4425
4256,4757,55.8,5575
4757,1479,37.4,3735
1479,4757,62.6,6265
4757,253,33.4,3343
253,4757,66.6,6657
4757,1693,16.4,1642
1693,4757,83.6,8358
4757,231,25.6,2562
231,4757,74.4,7438
4757,1728,31.5,3147
1728,4757,68.5,6853
4757,1535,34.1,3408
1535,4757,65.9,6592
4757,1002,35.5,3549
1002,4757,64.5,6451
4757,287,35.5,3552
287,4757,64.5,6448
4757,190,18.3,1832
190,4757,81.7,8168
4757,1172,44.8,4484
1172,4757,55.2,5516
4757,1492,43.4,4335
1492,4757,56.6,5665
4757,1696,7.8,776
1696,4757,92.2,9224
4757,283,50.9,5090
283,4757,49.1,4910
4757,1563,28.2,2816
1563,4757,71.8,7184
4757,4531,41.3,4127
4531,4757,58.7,5873
4757,245,20.8,2076
245,4757,79.2,7924
4757,241,41.2,4119
241,4757,58.8,5881
4757,207,40.7,4069
207,4757,59.3,5931
4757,1041,22.8,2281
1041,4757,77.2,7719
4757,4255,37.3,3729
4255,4757,62.7,6271
4757,1684,19.4,1936
1684,4757,80.6,8064
4757,4864,18.3,1830
4864,4757,81.7,8170
4757,1487,29.2,2923
1487,4757,70.8,7077
4757,239,20.8,2081
239,4757,79.2,7919
4757,196,14.8,1476
196,4757,85.2,8524
4757,279,29.4,2938
279,4757,70.6,7062
18,4521,57.6,5764
4521,18,42.4,4236
18,1493,67.0,6704
1493,18,33.0,3296
18,4259,45.4,4543
4259,18,54.6,5457
18,198,38.6,3859
198,18,61.4,6141
18,4246,36.7,3673
4246,18,63.3,6327
18,1485,59.2,5915
1485,18,40.8,4085
18,4423,64.2,6425
4423,18,35.8,3575
18,1218,39.1,3911
1218,18,60.9,6089
18,4527,63.5,6350
4527,18,36.5,3650
18,961,35.5,3553
961,18,64.5,6447
18,227,54.5,5448
227,18,45.5,4552
18,4908,57.0,5703
4908,18,43.0,4297
18,257,38.3,3826
257,18,61.7,6174
18,1169,27.2,2723
1169,18,72.8,7277
18,273,38.7,3866
273,18,61.3,6134
18,1175,36.4,3645
1175,18,63.5,6355
18,65,43.4,4338
65,18,56.6,5662
18,251,53.9,5392
251,18,46.1,4608
18,205,51.9,5193
205,18,48.1,4807
18,4921,56.7,5666
4921,18,43.3,4334
18,1183,52.9,5294
1183,18,47.1,4706
18,4424,69.1,6910
4424,18,30.9,3090
18,3703,29.3,2932
3703,18,70.7,7068
18,4257,53.3,5335
4257,18,46.7,4665
18,4254,47.9,4792
4254,18,52.1,5208
18,3709,27.4,2741
3709,18,72.6,7259
18,4431,48.0,4805
4431,18,51.9,5195
18,1699,47.4,4736
1699,18,52.6,5264
18,1528,30.0,3002
1528,18,70.0,6998
18,289,28.9,2890
289,18,71.1,7110
18,188,35.9,3586
188,18,64.1,6414
18,4530,41.3,4132
4530,18,58.7,5868
18,1078,40.7,4072
1078,18,59.3,5928
18,4913,46.9,4686
4913,18,53.1,5314
18,4607,37.2,3719
4607,18,62.8,6281
18,1044,31.2,3122
1044,18,68.8,6878
18,2799,48.1,4814
2799,18,51.9,5186
18,179,27.7,2766
179,18,72.3,7234
18,4258,56.0,5602
4258,18,44.0,4398
18,4597,58.5,5849
4597,18,41.5,4151
18,217,17.4,1744
217,18,82.6,8256
18,261,50.3,5033
261,18,49.7,4967
18,1520,37.8,3783
1520,18,62.2,6217
18,4383,35.1,3514
4383,18,64.9,6486
18,223,52.6,5264
223,18,47.4,4736
18,235,48.4,4839
235,18,51.6,5161
18,4728,47.4,4740
4728,18,52.6,5260
18,1037,45.7,4571
1037,18,54.3,5429
18,4363,48.2,4822
4363,18,51.8,5178
18,1690,40.3,4030
1690,18,59.7,5970
18,285,39.5,3953
285,18,60.5,6047
18,211,50.5,5046
211,18,49.5,4954
18,1719,43.4,4341
1719,18,56.6,5659
18,2037,62.7,6266
2037,18,37.3,3734
18,194,26.6,2660
194,18,73.4,7340
18,3712,37.8,3778
3712,18,62.2,6222
18,77,54.3,5433
77,18,45.7,4567
18,1687,58.0,5802
1687,18,42.0,4198
18,4256,50.7,5072
4256,18,49.3,4928
18,1479,43.4,4341
1479,18,56.6,5659
18,253,39.9,3986
253,18,60.1,6014
18,1693,21.1,2109
1693,18,78.9,7891
18,231,30.4,3037
231,18,69.6,6963
18,1728,38.6,3862
1728,18,61.4,6138
18,1535,41.1,4107
1535,18,58.9,5893
18,1002,42.0,4199
1002,18,58.0,5801
18,287,42.9,4288
287,18,57.1,5712
18,190,23.1,2314
190,18,76.9,7686
18,1172,52.9,5295
1172,18,47.0,4705
18,1492,51.4,5140
1492,18,48.6,4860
18,1696,11.0,1103
1696,18,89.0,8897
18,283,58.0,5803
283,18,42.0,4197
18,1563,35.3,3528
1563,18,64.7,6472
18,4531,48.6,4861
4531,18,51.4,5139
18,245,27.7,2769
245,18,72.3,7231
18,241,48.9,4894
241,18,51.1,5106
18,207,47.3,4734
207,18,52.7,5266
18,1041,29.6,2963
1041,18,70.4,7037
18,4255,45.0,4503
4255,18,55.0,5497
18,1684,25.3,2530
1684,18,74.7,7470
18,4864,24.0,2396
4864,18,76.0,7604
18,1487,36.1,3615
1487,18,63.8,6385
18,239,26.5,2650
239,18,73.5,7350
18,196,18.5,1851
196,18,81.5,8149
18,279,37.2,3716
279,18,62.8,6284
4521,1493,59.7,5969
1493,4521,40.3,4031
4521,4259,38.5,3847
4259,4521,61.5,6153
4521,198,31.4,3140
198,4521,68.6,6860
4521,4246,29.1,2906
4246,4521,70.9,7094
4521,1485,51.3,5129
1485,4521,48.7,4871
4521,4423,57.2,5717
4423,4521,42.8,4283
4521,1218,32.0,3197
1218,4521,68.0,6803
4521,4527,56.5,5648
4527,4521,43.5,4352
4521,961,28.1,2809
961,4521,71.9,7191
4521,227,47.7,4771
227,4521,52.3,5229
4521,4908,50.7,5069
4908,4521,49.3,4931
4521,257,31.0,3102
257,4521,69.0,6898
4521,1169,21.3,2126
1169,4521,78.7,7874
4521,273,31.8,3178
273,4521,68.2,6822
4521,1175,29.5,2952
1175,4521,70.5,7048
4521,65,36.2,3623
65,4521,63.8,6377
4521,251,46.7,4665
251,4521,53.3,5335
4521,205,43.4,4343
205,4521,56.6,5657
4521,4921,49.1,4914
4921,4521,50.9,5086
4521,1183,45.5,4553
1183,4521,54.5,5447
4521,4424,62.6,6258
4424,4521,37.4,3742
4521,3703,23.8,2381
3703,4521,76.2,7619
4521,4257,44.3,4431
4257,4521,55.7,5569
4521,4254,40.8,4083
4254,4521,59.2,5917
4521,3709,20.9,2094
3709,4521,79.1,7906
4521,4431,39.7,3971
4431,4521,60.3,6029
4521,1699,38.7,3870
1699,4521,61.3,6130
4521,1528,23.2,2325
1528,4521,76.8,7675
4521,289,22.6,2255
289,4521,77.5,7745
4521,188,28.6,2860
188,4521,71.4,7140
4521,4530,34.3,3431
4530,4521,65.7,6569
4521,1078,33.4,3339
1078,4521,66.6,6661
4521,4913,40.1,4007
4913,4521,59.9,5993
4521,4607,30.9,3095
4607,4521,69.0,6905
4521,1044,25.9,2591
1044,4521,74.1,7409
4521,2799,41.0,4102
2799,4521,59.0,5898
4521,179,21.4,2137
179,4521,78.6,7863
4521,4258,48.5,4848
4258,4521,51.5,5152
4521,4597,52.2,5216
4597,4521,47.8,4784
4521,217,12.7,1265
217,4521,87.4,8735
4521,261,43.4,4340
261,4521,56.6,5660
4521,1520,31.2,3124
1520,4521,68.8,6876
4521,4383,29.4,2938
4383,4521,70.6,7062
4521,223,45.6,4558
223,4521,54.4,5442
4521,235,40.6,4064
235,4521,59.4,5936
4521,4728,39.5,3951
4728,4521,60.5,6049
4521,1037,37.7,3773
1037,4521,62.3,6227
4521,4363,41.6,4162
4363,4521,58.4,5838
4521,1690,34.6,3458
1690,4521,65.4,6542
4521,285,32.5,3247
285,4521,67.5,6753
4521,211,42.2,4221
211,4521,57.8,5779
4521,1719,37.0,3698
1719,4521,63.0,6302
4521,2037,54.2,5421
2037,4521,45.8,4579
4521,194,21.1,2105
194,4521,79.0,7895
4521,3712,31.0,3100
3712,4521,69.0,6900
4521,77,46.0,4603
77,4521,54.0,5397
4521,1687,51.2,5119
1687,4521,48.8,4881
4521,4256,45.8,4583
4256,4521,54.2,5417
4521,1479,37.5,3746
1479,4521,62.5,6254
4521,253,33.6,3360
253,4521,66.4,6640
4521,1693,16.0,1599
1693,4521,84.0,8401
4521,231,25.3,2528
231,4521,74.7,7472
4521,1728,31.6,3159
1728,4521,68.4,6841
4521,1535,35.4,3543
1535,4521,64.6,6457
4521,1002,35.1,3507
1002,4521,64.9,6493
4521,287,35.8,3578
287,4521,64.2,6422
4521,190,18.8,1881
190,4521,81.2,8119
4521,1172,46.1,4605
1172,4521,53.9,5395
4521,1492,44.3,4426
1492,4521,55.7,5574
4521,1696,8.0,804
1696,4521,92.0,9196
4521,283,49.2,4923
283,4521,50.8,5077
4521,1563,28.1,2813
1563,4521,71.9,7187
4521,4531,41.6,4159
4531,4521,58.4,5841
4521,245,21.3,2130
245,4521,78.7,7870
4521,241,41.3,4131
241,4521,58.7,5869
4521,207,39.8,3979
207,4521,60.2,6021
4521,1041,23.0,2296
1041,4521,77.0,7704
4521,4255,38.2,3816
4255,4521,61.8,6184
4521,1684,19.2,1919
1684,4521,80.8,8081
4521,4864,19.0,1898
4864,4521,81.0,8102
4521,1487,29.0,2902
1487,4521,71.0,7098
4521,239,21.6,2163
239,4521,78.4,7837
4521,196,14.7,1469
196,4521,85.3,8531
4521,279,30.0,3005
279,4521,70.0,6995
1493,4259,29.2,2924
4259,1493,70.8,7076
1493,198,23.7,2371
198,1493,76.3,7629
1493,4246,21.8,2181
4246,1493,78.2,7819
1493,1485,41.2,4117
1485,1493,58.8,5883
1493,4423,46.6,4658
4423,1493,53.4,5342
1493,1218,24.4,2437
1218,1493,75.6,7563
1493,4527,47.2,4721
4527,1493,52.8,5279
1493,961,20.7,2071
961,1493,79.3,7929
1493,227,37.2,3724
227,1493,62.8,6276
1493,4908,39.5,3953
4908,1493,60.5,6047
1493,257,23.2,2320
257,1493,76.8,7680
1493,1169,15.0,1505
1169,1493,85.0,8495
1493,273,24.4,2440
273,1493,75.6,7560
1493,1175,21.8,2175
1175,1493,78.2,7825
1493,65,26.3,2628
65,1493,73.7,7372
1493,251,36.0,3605
251,1493,63.9,6395
1493,205,34.6,3457
205,1493,65.4,6543
1493,4921,39.0,3904
4921,1493,61.0,6096
1493,1183,36.9,3694
1183,1493,63.1,6306
1493,4424,52.4,5244
4424,1493,47.6,4756
1493,3703,16.1,1607
3703,1493,83.9,8393
1493,4257,35.6,3562
4257,1493,64.4,6438
1493,4254,31.3,3131
4254,1493,68.7,6869
1493,3709,15.4,1541
3709,1493,84.6,8459
1493,4431,31.2,3119
4431,1493,68.8,6881
1493,1699,29.9,2986
1699,1493,70.1,7014
1493,1528,16.7,1668
1528,1493,83.3,8332
1493,289,15.7,1571
289,1493,84.3,8429
1493,188,19.9,1994
188,1493,80.1,8006
1493,4530,25.6,2564
4530,1493,74.4,7436
1493,1078,25.6,2556
1078,1493,74.4,7444
1493,4913,30.5,3047
4913,1493,69.5,6953
1493,4607,21.2,2125
4607,1493,78.8,7875
1493,1044,18.4,1840
1044,1493,81.6,8160
1493,2799,31.2,3123
2799,1493,68.8,6877
1493,179,15.2,1520
179,1493,84.8,8480
1493,4258,39.0,3898
4258,1493,61.0,6102
1493,4597,41.8,4179
4597,1493,58.2,5821
1493,217,8.2,815
217,1493,91.8,9185
1493,261,33.4,3336
261,1493,66.6,6664
1493,1520,24.0,2399
1520,1493,76.0,7601
1493,4383,20.9,2090
4383,1493,79.1,7910
1493,223,36.3,3629
223,1493,63.7,6371
1493,235,32.1,3212
235,1493,67.9,6788
1493,4728,31.4,3138
4728,1493,68.6,6862
1493,1037,29.1,2909
1037,1493,70.9,7091
1493,4363,31.6,3162
4363,1493,68.4,6838
1493,1690,26.0,2603
1690,1493,74.0,7397
1493,285,25.0,2496
285,1493,75.0,7504
1493,211,33.8,3380
211,1493,66.2,6620
1493,1719,27.8,2779
1719,1493,72.2,7221
1493,2037,44.9,4493
2037,1493,55.1,5507
1493,194,15.2,1520
194,1493,84.8,8480
1493,3712,23.4,2340
3712,1493,76.6,7660
1493,77,36.7,3671
77,1493,63.3,6329
1493,1687,41.4,4141
1687,1493,58.6,5859
1493,4256,35.2,3519
4256,1493,64.8,6481
1493,1479,28.7,2871
1479,1493,71.3,7129
1493,253,25.3,2526
253,1493,74.7,7474
1493,1693,10.6,1059
1693,1493,89.4,8941
1493,231,17.8,1779
231,1493,82.2,8221
1493,1728,23.4,2340
1728,1493,76.6,7660
1493,1535,25.4,2537
1535,1493,74.6,7463
1493,1002,26.4,2636
1002,1493,73.6,7364
1493,287,27.3,2728
287,1493,72.7,7272
1493,190,12.7,1269
190,1493,87.3,8731
1493,1172,35.6,3557
1172,1493,64.4,6443
1493,1492,35.1,3508
1492,1493,64.9,6492
1493,1696,5.1,505
1696,1493,95.0,9495
1493,283,40.0,4004
283,1493,60.0,5996
1493,1563,20.3,2034
1563,1493,79.7,7966
1493,4531,32.2,3218
4531,1493,67.8,6782
1493,245,15.3,1528
245,1493,84.7,8472
1493,241,31.5,3153
241,1493,68.5,6847
1493,207,30.7,3070
207,1493,69.3,6930
1493,1041,16.0,1597
1041,1493,84.0,8403
1493,4255,28.8,2884
4255,1493,71.2,7116
1493,1684,13.4,1336
1684,1493,86.6,8664
1493,4864,13.3,1333
4864,1493,86.7,8667
1493,1487,20.9,2093
1487,1493,79.1,7907
1493,239,15.4,1543
239,1493,84.6,8457
1493,196,9.3,926
196,1493,90.7,9074
1493,279,21.6,2165
279,1493,78.3,7835
4259,198,42.4,4240
198,4259,57.6,5760
4259,4246,40.7,4073
4246,4259,59.3,5927
4259,1485,62.9,6295
1485,4259,37.0,3705
4259,4423,68.4,6843
4423,4259,31.6,3157
4259,1218,42.8,4282
1218,4259,57.2,5718
4259,4527,68.4,6837
4527,4259,31.6,3163
4259,961,39.6,3965
961,4259,60.4,6035
4259,227,58.9,5886
227,4259,41.1,4114
4259,4908,61.6,6159
4908,4259,38.4,3841
4259,257,43.7,4367
257,4259,56.3,5633
4259,1169,30.2,3022
1169,4259,69.8,6978
4259,273,43.2,4323
273,4259,56.8,5677
4259,1175,40.6,4060
1175,4259,59.4,5940
4259,65,47.2,4717
65,4259,52.8,5283
4259,251,58.3,5829
251,4259,41.7,4171
4259,205,55.3,5531
205,4259,44.7,4469
4259,4921,60.7,6065
4921,4259,39.4,3935
4259,1183,58.2,5825
1183,4259,41.8,4175
4259,4424,72.4,7236
4424,4259,27.6,2764
4259,3703,33.7,3365
3703,4259,66.3,6635
4259,4257,55.6,5563
4257,4259,44.4,4437
4259,4254,52.0,5200
4254,4259,48.0,4800
4259,3709,30.9,3085
3709,4259,69.2,6915
4259,4431,53.1,5309
4431,4259,46.9,4691
4259,1699,50.9,5092
1699,4259,49.1,4908
4259,1528,33.7,3369
1528,4259,66.3,6631
4259,289,32.7,3272
289,4259,67.3,6728
4259,188,40.7,4074
188,4259,59.3,5926
4259,4530,46.5,4654
4530,4259,53.5,5346
4259,1078,45.0,4496
1078,4259,55.0,5504
4259,4913,50.7,5066
4913,4259,49.3,4934
4259,4607,41.2,4119
4607,4259,58.8,5881
4259,1044,35.9,3590
1044,4259,64.1,6410
4259,2799,52.0,5205
2799,4259,47.9,4795
4259,179,30.9,3093
179,4259,69.1,6907
4259,4258,61.4,6141
4258,4259,38.6,3859
4259,4597,62.8,6276
4597,4259,37.2,3724
4259,217,20.4,2041
217,4259,79.6,7959
4259,261,55.6,5563
261,4259,44.4,4437
4259,1520,42.4,4241
1520,4259,57.6,5759
4259,4383,40.1,4008
4383,4259,59.9,5992
4259,223,58.0,5796
223,4259,42.0,4204
4259,235,52.6,5257
235,4259,47.4,4743
4259,4728,52.4,5240
4728,4259,47.6,4760
4259,1037,49.8,4979
1037,4259,50.2,5021
4259,4363,53.7,5374
4363,4259,46.3,4626
4259,1690,45.0,4498
1690,4259,55.0,5502
4259,285,44.3,4431
285,4259,55.7,5569
4259,211,55.8,5575
211,4259,44.2,4425
4259,1719,48.7,4866
1719,4259,51.3,5134
4259,2037,65.3,6528
2037,4259,34.7,3472
4259,194,30.6,3059
194,4259,69.4,6941
4259,3712,42.2,4217
3712,4259,57.8,5783
4259,77,57.8,5776
77,4259,42.2,4224
4259,1687,62.3,6227
1687,4259,37.7,3773
4259,4256,56.2,5621
4256,4259,43.8,4379
4259,1479,48.9,4887
1479,4259,51.1,5113
4259,253,44.1,4411
253,4259,55.9,5589
4259,1693,24.8,2478
1693,4259,75.2,7522
4259,231,36.2,3622
231,4259,63.8,6378
4259,1728,42.9,4288
1728,4259,57.1,5712
4259,1535,45.2,4519
1535,4259,54.8,5481
4259,1002,46.9,4695
1002,4259,53.0,5305
4259,287,48.0,4796
287,4259,52.0,5204
4259,190,26.9,2685
190,4259,73.2,7315
4259,1172,57.1,5712
1172,4259,42.9,4288
4259,1492,56.1,5614
1492,4259,43.9,4386
4259,1696,13.3,1328
1696,4259,86.7,8672
4259,283,61.6,6161
283,4259,38.4,3839
4259,1563,39.6,3961
1563,4259,60.4,6039
4259,4531,54.1,5411
4531,4259,45.9,4589
4259,245,30.2,3024
245,4259,69.8,6976
4259,241,53.0,5301
241,4259,47.0,4699
4259,207,52.0,5199
207,4259,48.0,4801
4259,1041,33.8,3378
1041,4259,66.2,6622
4259,4255,50.1,5006
4255,4259,49.9,4994
4259,1684,29.3,2935
1684,4259,70.7,7065
4259,4864,26.8,2681
4864,4259,73.2,7319
4259,1487,39.4,3936
1487,4259,60.6,6064
4259,239,30.9,3087
239,4259,69.1,6913
4259,196,21.3,2132
196,4259,78.7,7868
4259,279,40.3,4033
279,4259,59.7,5967
198,4246,48.9,4890
4246,198,51.1,5110
198,1485,69.1,6913
1485,198,30.9,3087
198,4423,75.1,7507
4423,198,24.9,2493
198,1218,50.4,5045
1218,198,49.5,4955
198,4527,74.0,7396
4527,198,26.0,2604
198,961,47.6,4758
961,198,52.4,5242
198,227,66.9,6687
227,198,33.1,3313
198,4908,69.1,6909
4908,198,30.9,3091
198,257,50.5,5053
257,198,49.5,4947
198,1169,37.9,3793
1169,198,62.1,6207
198,273,50.3,5033
273,198,49.7,4967
198,1175,48.4,4842
1175,198,51.6,5158
198,65,55.3,5531
65,198,44.7,4469
198,251,64.9,6488
251,198,35.1,3512
198,205,63.3,6332
205,198,36.7,3668
198,4921,67.9,6791
4921,198,32.1,3209
198,1183,65.1,6506
1183,198,34.9,3494
198,4424,79.1,7913
4424,198,20.9,2087
198,3703,39.9,3989
3703,198,60.1,6011
198,4257,65.5,6547
4257,198,34.5,3453
198,4254,59.5,5949
4254,198,40.5,4051
198,3709,38.5,3853
3709,198,61.5,6147
198,4431,59.5,5948
4431,198,40.5,4052
198,1699,57.7,5769
1699,198,42.3,4231
198,1528,39.6,3964
1528,198,60.4,6036
198,289,40.1,4010
289,198,59.9,5990
198,188,46.1,4610
188,198,53.9,5390
198,4530,52.8,5277
4530,198,47.2,4723
198,1078,52.3,5226
1078,198,47.7,4774
198,4913,58.1,5806
4913,198,41.9,4194
198,4607,48.1,4808
4607,198,51.9,5192
198,1044,43.4,4338
1044,198,56.6,5662
198,2799,60.6,6056
2799,198,39.4,3944
198,179,37.8,3782
179,198,62.2,6218
198,4258,67.8,6781
4258,198,32.2,3219
198,4597,69.5,6947
4597,198,30.5,3053
198,217,26.5,2649
217,198,73.5,7351
198,261,62.7,6274
261,198,37.3,3726
198,1520,50.7,5069
1520,198,49.3,4931
198,4383,48.0,4799
4383,198,52.0,5201
198,223,65.3,6532
223,198,34.7,3468
198,235,60.7,6072
235,198,39.3,3928
198,4728,59.3,5932
4728,198,40.7,4068
198,1037,57.0,5698
1037,198,43.0,4302
198,4363,60.4,6037
4363,198,39.6,3963
198,1690,53.1,5306
1690,198,46.9,4694
198,285,51.4,5142
285,198,48.6,4858
198,211,61.5,6148
211,198,38.5,3852
198,1719,56.2,5617
1719,198,43.8,4383
198,2037,72.8,7279
2037,198,27.2,2721
198,194,38.1,3813
194,198,61.9,6187
198,3712,49.7,4972
3712,198,50.3,5028
198,77,65.0,6498
77,198,35.0,3502
198,1687,68.8,6876
1687,198,31.2,3124
198,4256,63.4,6338
4256,198,36.6,3662
198,1479,55.9,5592
1479,198,44.1,4408
198,253,51.6,5158
253,198,48.4,4842
198,1693,31.1,3109
1693,198,68.9,6891
198,231,43.2,4318
231,198,56.8,5682
198,1728,50.7,5072
1728,198,49.3,4928
198,1535,53.6,5363
1535,198,46.4,4637
198,1002,54.9,5492
1002,198,45.1,4508
198,287,56.0,5599
287,198,44.0,4401
198,190,33.3,3333
190,198,66.7,6667
198,1172,64.2,6424
1172,198,35.8,3576
198,1492,63.0,6298
1492,198,37.0,3702
198,1696,18.3,1829
1696,198,81.7,8171
198,283,69.8,6985
283,198,30.1,3015
198,1563,46.7,4665
1563,198,53.3,5335
198,4531,60.4,6035
4531,198,39.6,3965
198,245,37.5,3746
245,198,62.5,6254
198,241,61.7,6173
241,198,38.3,3827
198,207,59.7,5965
207,198,40.4,4035
198,1041,39.8,3981
1041,198,60.2,6019
198,4255,57.5,5748
4255,198,42.5,4252
198,1684,35.2,3518
1684,198,64.8,6482
198,4864,35.3,3532
4864,198,64.7,6468
198,1487,47.2,4717
1487,198,52.8,5283
198,239,38.7,3871
239,198,61.3,6129
198,196,27.2,2716
196,198,72.8,7284
198,279,48.0,4799
279,198,52.0,5201
4246,1485,71.6,7164
1485,4246,28.4,2836
4246,4423,76.0,7596
4423,4246,24.0,2404
4246,1218,53.2,5319
1218,4246,46.8,4681
4246,4527,75.7,7569
4527,4246,24.3,2431
4246,961,49.9,4991
961,4246,50.1,5009
4246,227,68.0,6801
227,4246,32.0,3199
4246,4908,70.6,7064
4908,4246,29.4,2936
4246,257,52.2,5222
257,4246,47.8,4778
4246,1169,39.8,3976
1169,4246,60.2,6024
4246,273,52.0,5202
273,4246,48.0,4798
4246,1175,50.1,5014
1175,4246,49.9,4986
4246,65,57.3,5726
65,4246,42.7,4274
4246,251,67.4,6744
251,4246,32.6,3256
4246,205,64.9,6486
205,4246,35.1,3514
4246,4921,70.2,7025
4921,4246,29.8,2975
4246,1183,67.2,6722
1183,4246,32.8,3278
4246,4424,80.8,8080
4424,4246,19.2,1920
4246,3703,42.2,4222
3703,4246,57.8,5778
4246,4257,65.8,6585
4257,4246,34.2,3415
4246,4254,61.5,6147
4254,4246,38.5,3853
4246,3709,39.7,3970
3709,4246,60.3,6030
4246,4431,61.8,6181
4431,4246,38.2,3819
4246,1699,61.2,6118
1699,4246,38.8,3882
4246,1528,42.8,4280
1528,4246,57.2,5720
4246,289,41.1,4106
289,4246,58.9,5894
4246,188,49.1,4908
188,4246,50.9,5092
4246,4530,55.2,5522
4530,4246,44.8,4478
4246,1078,54.8,5475
1078,4246,45.2,4525
4246,4913,61.0,6097
4913,4246,39.0,3903
4246,4607,51.0,5099
4607,4246,49.0,4901
4246,1044,44.9,4488
1044,4246,55.1,5512
4246,2799,61.6,6161
2799,4246,38.4,3839
4246,179,39.8,3976
179,4246,60.2,6024
4246,4258,69.4,6938
4258,4246,30.6,3062
4246,4597,72.6,7256
4597,4246,27.4,2744
4246,217,27.2,2718
217,4246,72.8,7282
4246,261,64.3,6434
261,4246,35.7,3566
4246,1520,52.9,5294
1520,4246,47.1,4706
4246,4383,48.8,4883
4383,4246,51.2,5117
4246,223,66.9,6693
223,4246,33.1,3307
4246,235,62.0,6195
235,4246,38.0,3805
4246,4728,60.1,6014
4728,4246,39.9,3986
4246,1037,60.0,5995
1037,4246,40.1,4005
4246,4363,62.4,6238
4363,4246,37.6,3762
4246,1690,55.5,5554
1690,4246,44.5,4446
4246,285,53.2,5323
285,4246,46.8,4677
4246,211,64.3,6431
211,4246,35.7,3569
4246,1719,57.6,5755
1719,4246,42.4,4245
4246,2037,74.6,7461
2037,4246,25.4,2539
4246,194,40.4,4038
194,4246,59.6,5962
4246,3712,51.4,5143
3712,4246,48.6,4857
4246,77,67.8,6781
77,4246,32.2,3219
4246,1687,71.0,7104
1687,4246,29.0,2896
4246,4256,65.6,6565
4256,4246,34.4,3435
4246,1479,57.8,5775
1479,4246,42.2,4225
4246,253,53.4,5341
253,4246,46.6,4659
4246,1693,32.3,3234
1693,4246,67.7,6766
4246,231,45.3,4532
231,4246,54.7,5468
4246,1728,51.6,5158
1728,4246,48.4,4842
4246,1535,55.7,5571
1535,4246,44.3,4429
4246,1002,56.8,5678
1002,4246,43.2,4322
4246,287,57.9,5786
287,4246,42.1,4214
4246,190,36.5,3646
190,4246,63.5,6354
4246,1172,66.4,6641
1172,4246,33.6,3359
4246,1492,64.9,6490
1492,4246,35.1,3510
4246,1696,19.4,1936
1696,4246,80.6,8064
4246,283,69.8,6975
283,4246,30.2,3025
4246,1563,49.5,4949
1563,4246,50.5,5051
4246,4531,63.5,6348
4531,4246,36.5,3652
4246,245,39.7,3969
245,4246,60.3,6031
4246,241,62.8,6279
241,4246,37.2,3721
4246,207,61.2,6122
207,4246,38.8,3878
4246,1041,41.3,4129
1041,4246,58.7,5871
4246,4255,59.7,5973
4255,4246,40.3,4027
4246,1684,37.5,3754
1684,4246,62.5,6246
4246,4864,36.4,3639
4864,4246,63.6,6361
4246,1487,49.9,4990
1487,4246,50.1,5010
4246,239,39.8,3982
239,4246,60.2,6018
4246,196,30.5,3046
196,4246,69.5,6954
4246,279,50.4,5044
279,4246,49.6,4956
1485,4423,55.0,5502
4423,1485,45.0,4498
1485,1218,30.7,3070
1218,1485,69.3,6930
1485,4527,54.4,5443
4527,1485,45.6,4557
1485,961,27.5,2753
961,1485,72.5,7247
1485,227,46.3,4626
227,1485,53.7,5374
1485,4908,48.6,4864
4908,1485,51.4,5136
1485,257,30.0,2997
257,1485,70.0,7003
1485,1169,20.4,2044
1169,1485,79.6,7956
1485,273,30.6,3063
273,1485,69.4,6937
1485,1175,28.5,2855
1175,1485,71.5,7145
1485,65,35.5,3554
65,1485,64.5,6446
1485,251,44.0,4401
251,1485,56.0,5599
1485,205,41.5,4146
205,1485,58.5,5854
1485,4921,47.5,4746
4921,1485,52.5,5254
1485,1183,44.6,4456
1183,1485,55.4,5544
1485,4424,61.0,6096
4424,1485,39.0,3904
1485,3703,21.4,2137
3703,1485,78.6,7863
1485,4257,43.8,4376
4257,1485,56.2,5624
1485,4254,39.3,3930
4254,1485,60.7,6070
1485,3709,20.2,2019
3709,1485,79.8,7981
1485,4431,38.5,3847
4431,1485,61.5,6153
1485,1699,36.8,3683
1699,1485,63.2,6317
1485,1528,21.7,2171
1528,1485,78.3,7829
1485,289,21.1,2105
289,1485,79.0,7895
1485,188,27.6,2760
188,1485,72.4,7240
1485,4530,33.3,3329
4530,1485,66.7,6671
1485,1078,32.1,3206
1078,1485,67.9,6794
1485,4913,37.9,3789
4913,1485,62.1,6211
1485,4607,28.6,2857
4607,1485,71.4,7143
1485,1044,24.4,2445
1044,1485,75.5,7555
1485,2799,39.3,3931
2799,1485,60.7,6069
1485,179,20.9,2086
179,1485,79.1,7914
1485,4258,46.8,4678
4258,1485,53.2,5322
1485,4597,50.0,4995
4597,1485,50.0,5005
1485,217,11.9,1192
217,1485,88.1,8808
1485,261,42.3,4228
261,1485,57.7,5772
1485,1520,30.1,3013
1520,1485,69.9,6987
1485,4383,27.6,2764
4383,1485,72.4,7236
1485,223,44.1,4415
223,1485,55.9,5585
1485,235,38.6,3863
235,1485,61.4,6137
1485,4728,38.9,3890
4728,1485,61.1,6110
1485,1037,36.7,3672
1037,1485,63.3,6328
1485,4363,40.2,4023
4363,1485,59.8,5977
1485,1690,32.5,3246
1690,1485,67.5,6754
1485,285,32.2,3221
285,1485,67.8,6779
1485,211,42.4,4237
211,1485,57.6,5763
1485,1719,34.7,3468
1719,1485,65.3,6532
1485,2037,52.9,5292
2037,1485,47.1,4708
1485,194,20.5,2047
194,1485,79.5,7953
1485,3712,29.2,2925
3712,1485,70.8,7075
1485,77,44.2,4425
77,1485,55.8,5575
1485,1687,48.8,4884
1687,1485,51.2,5116
1485,4256,43.7,4371
4256,1485,56.3,5629
1485,1479,36.1,3611
1479,1485,63.9,6389
1485,253,31.7,3167
253,1485,68.3,6833
1485,1693,15.4,1539
1693,1485,84.6,8461
1485,231,24.4,2441
231,1485,75.6,7559
1485,1728,30.3,3028
1728,1485,69.7,6972
1485,1535,32.2,3216
1535,1485,67.8,6784
1485,1002,34.2,3421
1002,1485,65.8,6579
1485,287,34.6,3462
287,1485,65.4,6538
1485,190,17.0,1696
190,1485,83.0,8304
1485,1172,43.0,4305
1172,1485,57.0,5695
1485,1492,42.5,4255
1492,1485,57.5,5745
1485,1696,7.2,717
1696,1485,92.8,9283
1485,283,47.7,4769
283,1485,52.3,5231
1485,1563,27.8,2775
1563,1485,72.2,7225
1485,4531,40.0,3997
4531,1485,60.0,6003
1485,245,20.3,2026
245,1485,79.7,7974
1485,241,40.8,4082
241,1485,59.2,5918
1485,207,38.6,3855
207,1485,61.5,6145
1485,1041,21.6,2164
1041,1485,78.4,7836
1485,4255,36.3,3626
4255,1485,63.7,6374
1485,1684,17.8,1780
1684,1485,82.2,8220
1485,4864,18.5,1852
4864,1485,81.5,8148
1485,1487,27.7,2770
1487,1485,72.3,7230
1485,239,21.3,2134
239,1485,78.7,7866
1485,196,13.0,1301
196,1485,87.0,8699
1485,279,28.0,2803
279,1485,72.0,7197
4423,1218,26.0,2596
1218,4423,74.0,7404
4423,4527,50.2,5023
4527,4423,49.8,4977
4423,961,23.2,2322
961,4423,76.8,7678
4423,227,39.5,3953
227,4423,60.5,6047
4423,4908,42.6,4261
4908,4423,57.4,5739
4423,257,25.0,2502
257,4423,75.0,7498
4423,1169,16.5,1652
1169,4423,83.5,8348
4423,273,25.9,2585
273,4423,74.2,7415
4423,1175,23.8,2378
1175,4423,76.2,7622
4423,65,30.7,3073
65,4423,69.3,6927
4423,251,38.6,3858
251,4423,61.4,6142
4423,205,37.1,3707
205,4423,62.9,6293
4423,4921,40.8,4085
4921,4423,59.2,5915
4423,1183,39.6,3959
1183,4423,60.4,6041
4423,4424,55.1,5509
4424,4423,44.9,4491
4423,3703,18.8,1878
3703,4423,81.2,8122
4423,4257,38.3,3826
4257,4423,61.7,6174
4423,4254,33.9,3387
4254,4423,66.1,6613
4423,3709,16.6,1656
3709,4423,83.4,8344
4423,4431,33.1,3312
4431,4423,66.9,6688
4423,1699,31.9,3195
1699,4423,68.0,6805
4423,1528,18.6,1863
1528,4423,81.4,8137
4423,289,17.2,1723
289,4423,82.8,8277
4423,188,23.0,2296
188,4423,77.0,7704
4423,4530,27.5,2746
4530,4423,72.5,7254
4423,1078,27.0,2697
1078,4423,73.0,7303
4423,4913,32.9,3292
4913,4423,67.1,6708
4423,4607,24.2,2417
4607,4423,75.8,7583
4423,1044,20.2,2025
1044,4423,79.8,7975
4423,2799,34.1,3411
2799,4423,65.9,6589
4423,179,17.0,1697
179,4423,83.0,8303
4423,4258,41.5,4155
4258,4423,58.5,5845
4423,4597,44.3,4426
4597,4423,55.7,5574
4423,217,9.3,926
217,4423,90.7,9074
4423,261,36.6,3663
261,4423,63.4,6337
4423,1520,26.0,2598
1520,4423,74.0,7402
4423,4383,23.0,2298
4383,4423,77.0,7702
4423,223,38.5,3850
223,4423,61.5,6150
4423,235,34.7,3467
235,4423,65.3,6533
4423,4728,34.2,3416
4728,4423,65.8,6584
4423,1037,32.0,3202
1037,4423,68.0,6798
4423,4363,34.9,3490
4363,4423,65.1,6510
4423,1690,28.0,2802
1690,4423,72.0,7198
4423,285,26.8,2678
285,4423,73.2,7322
4423,211,36.8,3683
211,4423,63.2,6317
4423,1719,29.3,2926
1719,4423,70.7,7074
4423,2037,47.3,4732
2037,4423,52.7,5268
4423,194,16.9,1692
194,4423,83.1,8308
4423,3712,25.3,2530
3712,4423,74.7,7470
4423,77,39.6,3955
77,4423,60.5,6045
4423,1687,43.8,4378
1687,4423,56.2,5622
4423,4256,38.6,3864
4256,4423,61.4,6136
4423,1479,30.8,3075
1479,4423,69.2,6925
4423,253,26.7,2670
253,4423,73.3,7330
4423,1693,12.3,1229
1693,4423,87.7,8771
4423,231,20.1,2012
231,4423,79.9,7988
4423,1728,25.8,2580
1728,4423,74.2,7420
4423,1535,28.6,2861
1535,4423,71.4,7139
4423,1002,28.7,2874
1002,4423,71.3,7126
4423,287,29.3,2930
287,4423,70.7,7070
4423,190,14.6,1464
190,4423,85.4,8536
4423,1172,38.4,3838
1172,4423,61.6,6162
4423,1492,37.2,3720
1492,4423,62.8,6280
4423,1696,5.7,574
1696,4423,94.3,9426
4423,283,43.5,4346
283,4423,56.5,5654
4423,1563,23.3,2326
1563,4423,76.7,7674
4423,4531,34.1,3411
4531,4423,65.9,6589
4423,245,16.8,1684
245,4423,83.2,8316
4423,241,34.0,3399
241,4423,66.0,6601
4423,207,33.0,3301
207,4423,67.0,6699
4423,1041,18.1,1814
1041,4423,81.9,8186
4423,4255,31.2,3125
4255,4423,68.8,6875
4423,1684,14.5,1455
1684,4423,85.5,8545
4423,4864,14.7,1470
4864,4423,85.3,8530
4423,1487,23.2,2325
1487,4423,76.8,7675
4423,239,16.7,1671
239,4423,83.3,8329
4423,196,10.4,1041
196,4423,89.6,8959
4423,279,23.8,2385
279,4423,76.1,7615
1218,4527,73.3,7331
4527,1218,26.7,2669
1218,961,46.3,4629
961,1218,53.7,5371
1218,227,64.4,6442
227,1218,35.6,3558
1218,4908,67.8,6778
4908,1218,32.2,3222
1218,257,49.1,4913
257,1218,50.9,5087
1218,1169,37.8,3782
1169,1218,62.2,6218
1218,273,49.3,4933
273,1218,50.7,5067
1218,1175,47.6,4758
1175,1218,52.4,5242
1218,65,54.5,5450
65,1218,45.5,4550
1218,251,64.3,6432
251,1218,35.7,3568
1218,205,62.4,6238
205,1218,37.6,3762
1218,4921,67.2,6716
4921,1218,32.8,3284
1218,1183,64.4,6440
1183,1218,35.6,3560
1218,4424,77.9,7790
4424,1218,22.1,2210
1218,3703,40.6,4060
3703,1218,59.4,5940
1218,4257,62.8,6283
4257,1218,37.2,3717
1218,4254,58.8,5883
4254,1218,41.2,4117
1218,3709,37.0,3696
3709,1218,63.0,6304
1218,4431,58.1,5808
4431,1218,41.9,4192
1218,1699,57.4,5741
1699,1218,42.6,4259
1218,1528,39.7,3971
1528,1218,60.3,6029
1218,289,39.5,3952
289,1218,60.5,6048
1218,188,46.4,4636
188,1218,53.6,5364
1218,4530,52.5,5255
4530,1218,47.4,4745
1218,1078,51.5,5151
1078,1218,48.5,4849
1218,4913,57.2,5723
4913,1218,42.8,4277
1218,4607,48.0,4803
4607,1218,52.0,5197
1218,1044,43.5,4355
1044,1218,56.5,5645
1218,2799,58.8,5878
2799,1218,41.2,4122
1218,179,36.7,3670
179,1218,63.3,6330
1218,4258,67.4,6741
4258,1218,32.6,3259
1218,4597,69.5,6946
4597,1218,30.5,3054
1218,217,25.3,2527
217,1218,74.7,7473
1218,261,62.6,6256
261,1218,37.4,3744
1218,1520,49.6,4960
1520,1218,50.4,5040
1218,4383,47.1,4709
4383,1218,52.9,5291
1218,223,64.8,6477
223,1218,35.2,3523
1218,235,60.0,5997
235,1218,40.0,4003
1218,4728,58.3,5828
4728,1218,41.7,4172
1218,1037,56.7,5666
1037,1218,43.3,4334
1218,4363,59.6,5957
4363,1218,40.4,4043
1218,1690,52.6,5258
1690,1218,47.4,4742
1218,285,50.9,5087
285,1218,49.1,4913
1218,211,62.1,6214
211,1218,37.9,3786
1218,1719,55.5,5554
1719,1218,44.5,4446
1218,2037,71.4,7143
2037,1218,28.6,2857
1218,194,37.5,3748
194,1218,62.5,6252
1218,3712,49.0,4897
3712,1218,51.0,5103
1218,77,63.6,6361
77,1218,36.4,3639
1218,1687,68.2,6825
1687,1218,31.8,3175
1218,4256,63.4,6344
4256,1218,36.6,3656
1218,1479,55.1,5506
1479,1218,44.9,4494
1218,253,51.8,5184
253,1218,48.2,4816
1218,1693,29.9,2989
1693,1218,70.1,7011
1218,231,41.8,4178
231,1218,58.2,5822
1218,1728,50.1,5014
1728,1218,49.9,4986
1218,1535,52.6,5262
1535,1218,47.4,4738
1218,1002,53.6,5364
1002,1218,46.4,4636
1218,287,53.8,5375
287,1218,46.2,4625
1218,190,33.4,3341
190,1218,66.6,6659
1218,1172,63.0,6302
1172,1218,37.0,3698
1218,1492,62.5,6245
1492,1218,37.5,3755
1218,1696,17.3,1734
1696,1218,82.7,8266
1218,283,68.7,6873
283,1218,31.3,3127
1218,1563,45.7,4566
1563,1218,54.3,5434
1218,4531,60.3,6034
4531,1218,39.7,3966
1218,245,36.7,3666
245,1218,63.3,6334
1218,241,59.2,5917
241,1218,40.8,4083
1218,207,57.7,5771
207,1218,42.3,4229
1218,1041,39.5,3951
1041,1218,60.5,6049
1218,4255,56.5,5647
4255,1218,43.5,4353
1218,1684,34.5,3448
1684,1218,65.5,6552
1218,4864,33.4,3336
4864,1218,66.6,6664
1218,1487,46.4,4643
1487,1218,53.6,5357
1218,239,37.7,3773
239,1218,62.3,6227
1218,196,27.6,2761
196,1218,72.4,7239
1218,279,46.9,4691
279,1218,53.1,5309
4527,961,23.1,2311
961,4527,76.9,7689
4527,227,40.6,4060
227,4527,59.4,5940
4527,4908,43.8,4376
4908,4527,56.2,5624
4527,257,26.2,2615
257,4527,73.9,7385
4527,1169,16.4,1635
1169,4527,83.7,8365
4527,273,26.4,2643
273,4527,73.6,7357
4527,1175,23.8,2377
1175,4527,76.2,7623
4527,65,29.9,2992
65,4527,70.1,7008
4527,251,39.5,3948
251,4527,60.5,6052
4527,205,37.7,3773
205,4527,62.3,6227
4527,4921,41.5,4155
4921,4527,58.5,5845
4527,1183,39.4,3941
1183,4527,60.6,6059
4527,4424,55.1,5506
4424,4527,44.9,4494
4527,3703,18.0,1797
3703,4527,82.0,8203
4527,4257,38.4,3838
4257,4527,61.6,6162
4527,4254,34.8,3485
4254,4527,65.1,6515
4527,3709,17.4,1740
3709,4527,82.6,8260
4527,4431,33.8,3379
4431,4527,66.2,6621
4527,1699,31.8,3181
1699,4527,68.2,6819
4527,1528,18.1,1805
1528,4527,82.0,8195
4527,289,18.0,1804
289,4527,82.0,8196
4527,188,22.0,2199
188,4527,78.0,7801
4527,4530,28.0,2800
4530,4527,72.0,7200
4527,1078,27.3,2731
1078,4527,72.7,7269
4527,4913,33.1,3305
4913,4527,67.0,6695
4527,4607,23.9,2392
4607,4527,76.1,7608
4527,1044,20.5,2046
1044,4527,79.5,7954
4527,2799,34.6,3461
2799,4527,65.4,6539
4527,179,17.1,1706
179,4527,82.9,8294
4527,4258,41.4,4141
4258,4527,58.6,5859
4527,4597,44.1,4415
4597,4527,55.9,5585
4527,217,9.7,971
217,4527,90.3,9029
4527,261,36.7,3672
261,4527,63.3,6328
4527,1520,25.6,2559
1520,4527,74.4,7441
4527,4383,24.0,2399
4383,4527,76.0,7601
4527,223,38.4,3842
223,4527,61.6,6158
4527,235,34.6,3456
235,4527,65.4,6544
4527,4728,34.0,3396
4728,4527,66.0,6604
4527,1037,31.8,3176
1037,4527,68.2,6824
4527,4363,34.8,3479
4363,4527,65.2,6521
4527,1690,28.1,2813
1690,4527,71.9,7187
4527,285,26.8,2681
285,4527,73.2,7319
4527,211,36.5,3651
211,4527,63.5,6349
4527,1719,29.8,2983
1719,4527,70.2,7017
4527,2037,47.5,4750
2037,4527,52.5,5250
4527,194,16.9,1687
194,4527,83.1,8313
4527,3712,25.2,2520
3712,4527,74.8,7480
4527,77,38.9,3886
77,4527,61.1,6114
4527,1687,43.0,4299
1687,4527,57.0,5701
4527,4256,37.8,3775
4256,4527,62.3,6225
4527,1479,31.1,3111
1479,4527,68.9,6889
4527,253,27.3,2729
253,4527,72.7,7271
4527,1693,12.1,1210
1693,4527,87.9,8790
4527,231,20.3,2032
231,4527,79.7,7968
4527,1728,25.5,2549
1728,4527,74.5,7451
4527,1535,28.7,2873
1535,4527,71.3,7127
4527,1002,28.4,2843
1002,4527,71.6,7157
4527,287,29.7,2966
287,4527,70.3,7034
4527,190,14.3,1428
190,4527,85.7,8572
4527,1172,38.8,3875
1172,4527,61.3,6125
4527,1492,37.2,3722
1492,4527,62.8,6278
4527,1696,5.7,565
1696,4527,94.3,9435
4527,283,44.0,4405
283,4527,56.0,5595
4527,1563,22.9,2289
1563,4527,77.1,7711
4527,4531,34.7,3467
4531,4527,65.3,6533
4527,245,16.8,1676
245,4527,83.2,8324
4527,241,34.6,3456
241,4527,65.4,6544
4527,207,32.6,3258
207,4527,67.4,6742
4527,1041,18.3,1833
1041,4527,81.7,8167
4527,4255,31.3,3129
4255,4527,68.7,6871
4527,1684,14.8,1476
1684,4527,85.2,8524
4527,4864,14.8,1482
4864,4527,85.2,8518
4527,1487,23.2,2320
1487,4527,76.8,7680
4527,239,16.7,1665
239,4527,83.4,8335
4527,196,10.3,1027
196,4527,89.7,8973
4527,279,23.5,2354
279,4527,76.5,7646
961,227,68.2,6817
227,961,31.8,3183
961,4908,70.6,7056
4908,961,29.4,2944
961,257,53.2,5319
257,961,46.8,4681
961,1169,40.1,4007
1169,961,59.9,5993
961,273,52.8,5283
273,961,47.2,4717
961,1175,51.3,5128
1175,961,48.7,4872
961,65,57.6,5762
65,961,42.4,4238
961,251,67.3,6728
251,961,32.7,3272
961,205,65.8,6576
205,961,34.2,3424
961,4921,70.1,7014
4921,961,29.9,2986
961,1183,68.2,6818
1183,961,31.8,3182
961,4424,80.5,8050
4424,961,19.5,1950
961,3703,43.4,4336
3703,961,56.6,5664
961,4257,67.5,6754
4257,961,32.5,3246
961,4254,62.1,6209
4254,961,37.9,3791
961,3709,39.3,3928
3709,961,60.7,6072
961,4431,62.2,6224
4431,961,37.8,3776
961,1699,60.9,6092
1699,961,39.1,3908
961,1528,42.8,4277
1528,961,57.2,5723
961,289,42.0,4201
289,961,58.0,5799
961,188,49.9,4987
188,961,50.1,5013
961,4530,54.6,5465
4530,961,45.4,4535
961,1078,55.2,5519
1078,961,44.8,4481
961,4913,61.8,6181
4913,961,38.2,3819
961,4607,51.3,5129
4607,961,48.7,4871
961,1044,46.4,4643
1044,961,53.6,5357
961,2799,62.9,6290
2799,961,37.1,3710
961,179,41.7,4173
179,961,58.3,5827
961,4258,69.7,6967
4258,961,30.3,3033
961,4597,72.3,7233
4597,961,27.7,2767
961,217,28.4,2841
217,961,71.6,7159
961,261,65.5,6554
261,961,34.5,3446
961,1520,53.7,5367
1520,961,46.3,4633
961,4383,50.8,5085
4383,961,49.1,4915
961,223,67.0,6695
223,961,33.1,3305
961,235,63.5,6354
235,961,36.5,3646
961,4728,61.8,6179
4728,961,38.2,3821
961,1037,60.0,6002
1037,961,40.0,3998
961,4363,62.3,6230
4363,961,37.7,3770
961,1690,55.6,5560
1690,961,44.4,4440
961,285,53.9,5394
285,961,46.1,4606
961,211,64.2,6417
211,961,35.8,3583
961,1719,58.0,5796
1719,961,42.0,4204
961,2037,74.7,7471
2037,961,25.3,2529
961,194,40.5,4047
194,961,59.5,5953
961,3712,52.5,5250
3712,961,47.5,4750
961,77,67.4,6744
77,961,32.6,3256
961,1687,71.5,7149
1687,961,28.5,2851
961,4256,66.0,6595
4256,961,34.1,3405
961,1479,58.6,5861
1479,961,41.4,4139
961,253,54.9,5495
253,961,45.1,4505
961,1693,33.0,3300
1693,961,67.0,6700
961,231,44.9,4492
231,961,55.1,5508
961,1728,53.1,5309
1728,961,46.9,4691
961,1535,56.7,5673
1535,961,43.3,4327
961,1002,56.4,5641
1002,961,43.6,4359
961,287,57.9,5789
287,961,42.1,4211
961,190,37.0,3703
190,961,63.0,6297
961,1172,66.6,6656
1172,961,33.4,3344
961,1492,65.9,6594
1492,961,34.1,3406
961,1696,19.9,1986
1696,961,80.1,8014
961,283,71.3,7131
283,961,28.7,2869
961,1563,48.8,4878
1563,961,51.2,5122
961,4531,62.6,6261
4531,961,37.4,3739
961,245,40.6,4062
245,961,59.4,5938
961,241,63.3,6327
241,961,36.7,3673
961,207,62.5,6254
207,961,37.5,3746
961,1041,41.7,4167
1041,961,58.3,5833
961,4255,60.0,5998
4255,961,40.0,4002
961,1684,37.9,3788
1684,961,62.1,6212
961,4864,36.9,3689
4864,961,63.1,6311
961,1487,49.6,4961
1487,961,50.4,5039
961,239,40.6,4062
239,961,59.4,5938
961,196,30.0,2999
196,961,70.0,7001
961,279,50.8,5082
279,961,49.2,4918
227,4908,53.7,5371
4908,227,46.3,4629
227,257,33.6,3361
257,227,66.4,6639
227,1169,23.0,2296
1169,227,77.0,7704
227,273,35.4,3536
273,227,64.6,6464
227,1175,32.2,3219
1175,227,67.8,6781
227,65,38.5,3851
65,227,61.5,6149
227,251,49.8,4982
251,227,50.2,5018
227,205,47.0,4701
205,227,53.0,5299
227,4921,52.8,5277
4921,227,47.2,4723
227,1183,50.2,5016
1183,227,49.8,4984
227,4424,65.5,6546
4424,227,34.5,3454
227,3703,25.1,2508
3703,227,74.9,7492
227,4257,49.0,4903
4257,227,51.0,5097
227,4254,43.3,4326
4254,227,56.7,5674
227,3709,23.1,2312
3709,227,76.9,7688
227,4431,42.7,4272
4431,227,57.3,5728
227,1699,41.8,4184
1699,227,58.2,5816
227,1528,25.9,2589
1528,227,74.1,7411
227,289,24.6,2463
289,227,75.4,7537
227,188,31.6,3158
188,227,68.4,6842
227,4530,37.2,3717
4530,227,62.8,6283
227,1078,36.3,3632
1078,227,63.7,6368
227,4913,42.0,4203
4913,227,58.0,5797
227,4607,33.2,3316
4607,227,66.8,6684
227,1044,28.7,2867
1044,227,71.3,7133
227,2799,43.9,4390
2799,227,56.1,5610
227,179,23.8,2384
179,227,76.2,7616
227,4258,50.9,5094
4258,227,49.1,4906
227,4597,54.3,5429
4597,227,45.7,4571
227,217,15.1,1508
217,227,84.9,8492
227,261,46.0,4603
261,227,54.0,5397
227,1520,34.3,3433
1520,227,65.7,6567
227,4383,31.6,3159
4383,227,68.4,6841
227,223,48.3,4830
223,227,51.7,5170
227,235,43.9,4394
235,227,56.1,5606
227,4728,43.0,4299
4728,227,57.0,5701
227,1037,41.6,4161
1037,227,58.4,5839
227,4363,44.1,4409
4363,227,55.9,5591
227,1690,36.6,3664
1690,227,63.4,6336
227,285,36.2,3618
285,227,63.8,6382
227,211,45.3,4527
211,227,54.7,5473
227,1719,39.8,3984
1719,227,60.2,6016
227,2037,57.0,5697
2037,227,43.0,4303
227,194,23.7,2366
194,227,76.3,7634
227,3712,34.1,3406
3712,227,65.9,6594
227,77,49.2,4923
77,227,50.8,5077
227,1687,53.8,5376
1687,227,46.2,4624
227,4256,47.1,4711
4256,227,52.9,5289
227,1479,40.1,4007
1479,227,59.9,5993
227,253,35.6,3565
253,227,64.3,6435
227,1693,18.5,1849
1693,227,81.5,8151
227,231,28.4,2838
231,227,71.6,7162
227,1728,34.6,3464
1728,227,65.4,6536
227,1535,37.0,3697
1535,227,63.0,6303
227,1002,37.9,3788
1002,227,62.1,6212
227,287,39.2,3917
287,227,60.8,6083
227,190,21.1,2115
190,227,78.8,7885
227,1172,48.5,4847
1172,227,51.5,5153
227,1492,46.6,4662
1492,227,53.4,5338
227,1696,8.9,886
1696,227,91.1,9114
227,283,52.8,5276
283,227,47.2,4724
227,1563,31.2,3122
1563,227,68.8,6878
227,4531,44.0,4397
4531,227,56.0,5603
227,245,23.4,2335
245,227,76.6,7665
227,241,44.7,4466
241,227,55.3,5534
227,207,42.7,4269
207,227,57.3,5731
227,1041,24.3,2434
1041,227,75.7,7566
227,4255,40.7,4066
4255,227,59.3,5934
227,1684,21.4,2143
1684,227,78.6,7857
227,4864,20.7,2074
4864,227,79.3,7926
227,1487,31.9,3185
1487,227,68.2,6815
227,239,23.7,2366
239,227,76.3,7634
227,196,15.7,1570
196,227,84.3,8430
227,279,31.3,3128
279,227,68.7,6872
4908,257,31.6,3164
257,4908,68.4,6836
4908,1169,21.7,2172
1169,4908,78.3,7828
4908,273,32.3,3229
273,4908,67.7,6771
4908,1175,28.8,2885
1175,4908,71.2,7115
4908,65,36.4,3642
65,4908,63.6,6358
4908,251,45.8,4583
251,4908,54.2,5417
4908,205,43.3,4326
205,4908,56.7,5674
4908,4921,48.6,4861
4921,4908,51.4,5139
4908,1183,45.6,4558
1183,4908,54.4,5442
4908,4424,62.3,6229
4424,4908,37.7,3771
4908,3703,22.8,2275
3703,4908,77.2,7725
4908,4257,46.0,4597
4257,4908,54.0,5403
4908,4254,39.7,3972
4254,4908,60.3,6028
4908,3709,20.8,2079
3709,4908,79.2,7921
4908,4431,40.1,4014
4431,4908,59.9,5986
4908,1699,38.8,3877
1699,4908,61.2,6123
4908,1528,22.8,2275
1528,4908,77.2,7725
4908,289,22.4,2236
289,4908,77.6,7764
4908,188,28.9,2892
188,4908,71.1,7108
4908,4530,33.6,3356
4530,4908,66.4,6644
4908,1078,33.4,3336
1078,4908,66.6,6664
4908,4913,38.8,3883
4913,4908,61.2,6117
4908,4607,30.0,3003
4607,4908,70.0,6997
4908,1044,25.7,2566
1044,4908,74.3,7434
4908,2799,41.0,4103
2799,4908,59.0,5897
4908,179,21.2,2124
179,4908,78.8,7876
4908,4258,47.8,4781
4258,4908,52.2,5219
4908,4597,51.9,5189
4597,4908,48.1,4811
4908,217,12.4,1244
217,4908,87.6,8756
4908,261,43.1,4313
261,4908,56.9,5687
4908,1520,31.6,3165
1520,4908,68.3,6835
4908,4383,28.6,2860
4383,4908,71.4,7140
4908,223,46.0,4604
223,4908,54.0,5396
4908,235,40.8,4079
235,4908,59.2,5921
4908,4728,39.9,3986
4728,4908,60.1,6014
4908,1037,38.6,3863
1037,4908,61.4,6137
4908,4363,41.3,4130
4363,4908,58.7,5870
4908,1690,34.7,3471
1690,4908,65.3,6529
4908,285,32.4,3244
285,4908,67.6,6756
4908,211,43.7,4366
211,4908,56.3,5634
4908,1719,36.4,3637
1719,4908,63.6,6363
4908,2037,54.3,5427
2037,4908,45.7,4573
4908,194,21.6,2157
194,4908,78.4,7843
4908,3712,30.6,3056
3712,4908,69.4,6944
4908,77,45.8,4578
77,4908,54.2,5422
4908,1687,49.9,4988
1687,4908,50.1,5012
4908,4256,45.5,4548
4256,4908,54.5,5452
4908,1479,37.0,3705
1479,4908,62.9,6295
4908,253,32.7,3269
253,4908,67.3,6731
4908,1693,15.8,1580
1693,4908,84.2,8420
4908,231,24.7,2471
231,4908,75.3,7529
4908,1728,31.8,3175
1728,4908,68.2,6825
4908,1535,34.0,3402
1535,4908,66.0,6598
4908,1002,35.2,3522
1002,4908,64.8,6478
4908,287,35.5,3554
287,4908,64.5,6446
4908,190,18.3,1831
190,4908,81.7,8169
4908,1172,45.0,4503
1172,4908,55.0,5497
4908,1492,44.0,4399
1492,4908,56.0,5601
4908,1696,7.7,773
1696,4908,92.3,9227
4908,283,49.9,4991
283,4908,50.1,5009
4908,1563,28.1,2809
1563,4908,71.9,7191
4908,4531,41.5,4148
4531,4908,58.5,5852
4908,245,20.7,2073
245,4908,79.3,7927
4908,241,40.9,4092
241,4908,59.1,5908
4908,207,39.6,3964
207,4908,60.4,6036
4908,1041,23.3,2327
1041,4908,76.7,7673
4908,4255,37.8,3778
4255,4908,62.2,6222
4908,1684,19.3,1932
1684,4908,80.7,8068
4908,4864,18.4,1838
4864,4908,81.6,8162
4908,1487,29.7,2973
1487,4908,70.3,7027
4908,239,20.8,2083
239,4908,79.2,7917
4908,196,13.8,1376
196,4908,86.2,8624
4908,279,29.7,2971
279,4908,70.3,7029
257,1169,38.5,3851
1169,257,61.5,6149
257,273,50.8,5077
273,257,49.2,4923
257,1175,47.7,4774
1175,257,52.3,5226
257,65,55.8,5583
65,257,44.2,4417
257,251,65.2,6525
251,257,34.8,3475
257,205,63.7,6373
205,257,36.3,3627
257,4921,67.0,6705
4921,257,33.0,3295
257,1183,64.7,6473
1183,257,35.3,3527
257,4424,78.6,7863
4424,257,21.4,2137
257,3703,39.9,3994
3703,257,60.1,6006
257,4257,64.6,6463
4257,257,35.4,3537
257,4254,59.6,5959
4254,257,40.4,4041
257,3709,37.1,3712
3709,257,62.9,6288
257,4431,60.1,6007
4431,257,39.9,3993
257,1699,58.5,5853
1699,257,41.5,4147
257,1528,41.2,4116
1528,257,58.8,5884
257,289,38.6,3855
289,257,61.5,6145
257,188,46.7,4668
188,257,53.3,5332
257,4530,53.5,5349
4530,257,46.5,4651
257,1078,52.2,5223
1078,257,47.8,4777
257,4913,58.6,5859
4913,257,41.4,4141
257,4607,47.0,4699
4607,257,53.0,5301
257,1044,43.7,4372
1044,257,56.3,5628
257,2799,59.8,5981
2799,257,40.2,4019
257,179,38.2,3822
179,257,61.8,6178
257,4258,66.9,6692
4258,257,33.1,3308
257,4597,70.5,7053
4597,257,29.5,2947
257,217,26.5,2645
217,257,73.6,7355
257,261,62.3,6233
261,257,37.7,3767
257,1520,49.5,4947
1520,257,50.5,5053
257,4383,47.5,4754
4383,257,52.5,5246
257,223,64.6,6456
223,257,35.4,3544
257,235,60.3,6028
235,257,39.7,3972
257,4728,59.2,5917
4728,257,40.8,4083
257,1037,57.5,5752
1037,257,42.5,4248
257,4363,60.2,6019
4363,257,39.8,3981
257,1690,52.7,5271
1690,257,47.3,4729
257,285,51.8,5181
285,257,48.2,4819
257,211,63.1,6308
211,257,36.9,3692
257,1719,55.3,5526
1719,257,44.7,4474
257,2037,73.1,7311
2037,257,26.9,2689
257,194,38.9,3890
194,257,61.1,6110
257,3712,49.6,4956
3712,257,50.4,5044
257,77,66.0,6605
77,257,34.0,3395
257,1687,69.7,6974
1687,257,30.3,3026
257,4256,64.3,6426
4256,257,35.7,3574
257,1479,55.5,5545
1479,257,44.5,4455
257,253,51.8,5182
253,257,48.2,4818
257,1693,30.6,3055
1693,257,69.5,6945
257,231,43.6,4357
231,257,56.4,5643
257,1728,51.0,5097
1728,257,49.0,4903
257,1535,52.9,5291
1535,257,47.1,4709
257,1002,54.6,5457
1002,257,45.4,4543
257,287,54.8,5476
287,257,45.2,4524
257,190,34.1,3412
190,257,65.9,6588
257,1172,64.9,6492
1172,257,35.1,3508
257,1492,64.1,6406
1492,257,35.9,3594
257,1696,17.8,1782
1696,257,82.2,8218
257,283,68.5,6853
283,257,31.5,3147
257,1563,47.2,4718
1563,257,52.8,5282
257,4531,60.5,6052
4531,257,39.5,3948
257,245,38.1,3814
245,257,61.9,6186
257,241,59.9,5987
241,257,40.1,4013
257,207,58.2,5823
207,257,41.8,4177
257,1041,39.5,3946
1041,257,60.5,6054
257,4255,57.2,5719
4255,257,42.8,4281
257,1684,35.3,3533
1684,257,64.7,6467
257,4864,35.1,3514
4864,257,64.9,6486
257,1487,47.1,4706
1487,257,52.9,5294
257,239,38.3,3830
239,257,61.7,6170
257,196,27.7,2772
196,257,72.3,7228
257,279,48.4,4844
279,257,51.6,5156
1169,273,63.2,6321
273,1169,36.8,3679
1169,1175,59.7,5972
1175,1169,40.3,4028
1169,65,67.5,6745
65,1169,32.6,3255
1169,251,75.7,7570
251,1169,24.3,2430
1169,205,73.6,7355
205,1169,26.5,2645
1169,4921,77.4,7737
4921,1169,22.6,2263
1169,1183,75.9,7594
1183,1169,24.1,2406
1169,4424,86.3,8630
4424,1169,13.7,1370
1169,3703,52.4,5242
3703,1169,47.6,4758
1169,4257,74.6,7461
4257,1169,25.4,2539
1169,4254,71.6,7161
4254,1169,28.4,2839
1169,3709,49.8,4982
3709,1169,50.2,5018
1169,4431,70.7,7066
4431,1169,29.3,2934
1169,1699,69.3,6931
1699,1169,30.7,3069
1169,1528,53.2,5316
1528,1169,46.8,4684
1169,289,50.8,5076
289,1169,49.2,4924
1169,188,58.7,5867
188,1169,41.3,4133
1169,4530,64.5,6450
4530,1169,35.5,3550
1169,1078,63.9,6395
1078,1169,36.0,3605
1169,4913,69.8,6981
4913,1169,30.2,3019
1169,4607,59.8,5984
4607,1169,40.2,4016
1169,1044,55.6,5565
1044,1169,44.4,4435
1169,2799,72.4,7236
2799,1169,27.6,2764
1169,179,50.7,5073
179,1169,49.3,4927
1169,4258,77.4,7738
4258,1169,22.6,2262
1169,4597,80.4,8041
4597,1169,19.6,1959
1169,217,37.2,3716
217,1169,62.8,6284
1169,261,73.0,7297
261,1169,27.0,2703
1169,1520,61.9,6185
1520,1169,38.1,3815
1169,4383,59.1,5912
4383,1169,40.9,4088
1169,223,75.7,7571
223,1169,24.3,2429
1169,235,71.7,7170
235,1169,28.3,2830
1169,4728,70.9,7088
4728,1169,29.1,2912
1169,1037,69.4,6939
1037,1169,30.6,3061
1169,4363,71.4,7142
4363,1169,28.6,2858
1169,1690,64.7,6471
1690,1169,35.3,3529
1169,285,64.3,6431
285,1169,35.7,3569
1169,211,73.4,7338
211,1169,26.6,2662
1169,1719,67.6,6759
1719,1169,32.4,3241
1169,2037,81.4,8144
2037,1169,18.6,1856
1169,194,51.4,5141
194,1169,48.6,4859
1169,3712,60.9,6092
3712,1169,39.1,3908
1169,77,75.6,7556
77,1169,24.4,2444
1169,1687,79.1,7906
1687,1169,20.9,2094
1169,4256,74.5,7452
4256,1169,25.5,2548
1169,1479,68.5,6847
1479,1169,31.5,3153
1169,253,63.8,6378
253,1169,36.2,3622
1169,1693,43.0,4299
1693,1169,57.0,5701
1169,231,55.3,5528
231,1169,44.7,4472
1169,1728,62.6,6260
1728,1169,37.4,3740
1169,1535,65.9,6587
1535,1169,34.1,3413
1169,1002,65.8,6585
1002,1169,34.2,3415
1169,287,67.9,6786
287,1169,32.1,3214
1169,190,45.8,4577
190,1169,54.2,5423
1169,1172,75.4,7536
1172,1169,24.6,2464
1169,1492,74.4,7442
1492,1169,25.6,2558
1169,1696,27.5,2746
1696,1169,72.5,7254
1169,283,78.3,7830
283,1169,21.7,2170
1169,1563,58.7,5872
1563,1169,41.3,4128
1169,4531,72.2,7216
4531,1169,27.8,2784
1169,245,50.7,5074
245,1169,49.3,4926
1169,241,72.4,7239
241,1169,27.6,2761
1169,207,70.8,7075
207,1169,29.2,2925
1169,1041,51.4,5143
1041,1169,48.6,4857
1169,4255,68.4,6841
4255,1169,31.6,3159
1169,1684,47.2,4725
1684,1169,52.8,5275
1169,4864,47.2,4721
4864,1169,52.8,5279
1169,1487,59.8,5975
1487,1169,40.2,4025
1169,239,50.5,5052
239,1169,49.5,4948
1169,196,39.3,3931
196,1169,60.7,6069
1169,279,61.0,6099
279,1169,39.0,3901
273,1175,47.5,4752
1175,273,52.5,5248
273,65,55.2,5518
65,273,44.8,4482
273,251,64.6,6460
251,273,35.4,3540
273,205,62.2,6218
205,273,37.8,3782
273,4921,66.8,6678
4921,273,33.2,3322
273,1183,64.8,6483
1183,273,35.2,3517
273,4424,77.6,7760
4424,273,22.4,2240
273,3703,39.4,3935
3703,273,60.7,6065
273,4257,63.7,6369
4257,273,36.3,3631
273,4254,58.2,5820
4254,273,41.8,4180
273,3709,37.4,3737
3709,273,62.6,6263
273,4431,58.9,5893
4431,273,41.1,4107
273,1699,57.8,5776
1699,273,42.2,4224
273,1528,40.5,4053
1528,273,59.5,5947
273,289,38.6,3861
289,273,61.4,6139
273,188,45.8,4578
188,273,54.2,5422
273,4530,51.8,5180
4530,273,48.2,4820
273,1078,51.3,5132
1078,273,48.7,4868
273,4913,58.3,5834
4913,273,41.7,4166
273,4607,47.9,4786
4607,273,52.1,5214
273,1044,42.1,4211
1044,273,57.9,5789
273,2799,58.7,5872
2799,273,41.3,4128
273,179,37.1,3715
179,273,62.8,6285
273,4258,67.1,6710
4258,273,32.9,3290
273,4597,69.4,6938
4597,273,30.6,3062
273,217,25.7,2565
217,273,74.4,7435
273,261,62.2,6218
261,273,37.8,3782
273,1520,50.1,5008
1520,273,49.9,4992
273,4383,46.2,4620
4383,273,53.8,5380
273,223,64.4,6438
223,273,35.6,3562
273,235,59.5,5948
235,273,40.5,4052
273,4728,58.6,5859
4728,273,41.4,4141
273,1037,56.3,5631
1037,273,43.7,4369
273,4363,58.8,5878
4363,273,41.2,4122
273,1690,52.0,5204
1690,273,48.0,4796
273,285,50.9,5093
285,273,49.1,4907
273,211,61.8,6183
211,273,38.2,3817
273,1719,55.1,5511
1719,273,44.9,4489
273,2037,72.0,7201
2037,273,28.0,2799
273,194,37.0,3699
194,273,63.0,6301
273,3712,48.2,4817
3712,273,51.8,5183
273,77,64.1,6414
77,273,35.9,3586
273,1687,69.3,6933
1687,273,30.7,3067
273,4256,62.9,6294
4256,273,37.1,3706
273,1479,55.8,5578
1479,273,44.2,4422
273,253,51.1,5110
253,273,48.9,4890
273,1693,30.3,3030
1693,273,69.7,6970
273,231,42.1,4212
231,273,57.9,5788
273,1728,48.7,4874
1728,273,51.3,5126
273,1535,53.2,5316
1535,273,46.8,4684
273,1002,53.8,5379
1002,273,46.2,4621
273,287,55.0,5499
287,273,45.0,4501
273,190,34.5,3455
190,273,65.5,6545
273,1172,63.7,6375
1172,273,36.2,3625
273,1492,62.8,6278
1492,273,37.2,3722
273,1696,17.8,1779
1696,273,82.2,8221
273,283,68.4,6837
283,273,31.6,3163
273,1563,45.4,4536
1563,273,54.6,5464
273,4531,60.6,6057
4531,273,39.4,3943
273,245,37.4,3739
245,273,62.6,6261
273,241,59.9,5994
241,273,40.1,4006
273,207,58.6,5857
207,273,41.4,4143
273,1041,38.7,3867
1041,273,61.3,6133
273,4255,56.0,5604
4255,273,44.0,4396
273,1684,35.0,3496
1684,273,65.0,6504
273,4864,34.0,3396
4864,273,66.0,6604
273,1487,47.1,4706
1487,273,52.9,5294
273,239,37.3,3734
239,273,62.7,6266
273,196,27.2,2724
196,273,72.8,7276
273,279,48.2,4821
279,273,51.8,5179
1175,65,57.3,5731
65,1175,42.7,4269
1175,251,66.5,6651
251,1175,33.5,3349
1175,205,64.3,6434
205,1175,35.7,3566
1175,4921,68.9,6892
4921,1175,31.1,3108
1175,1183,65.6,6560
1183,1175,34.4,3440
1175,4424,79.9,7990
4424,1175,20.1,2010
1175,3703,42.6,4256
3703,1175,57.4,5744
1175,4257,66.3,6631
4257,1175,33.7,3369
1175,4254,62.1,6208
4254,1175,37.9,3792
1175,3709,38.6,3856
3709,1175,61.4,6144
1175,4431,60.9,6093
4431,1175,39.1,3907
1175,1699,59.9,5985
1699,1175,40.2,4015
1175,1528,42.8,4279
1528,1175,57.2,5721
1175,289,41.6,4160
289,1175,58.4,5840
1175,188,49.6,4961
188,1175,50.4,5039
1175,4530,54.5,5454
4530,1175,45.5,4546
1175,1078,53.7,5368
1078,1175,46.3,4632
1175,4913,60.8,6083
4913,1175,39.2,3917
1175,4607,50.0,4995
4607,1175,50.0,5005
1175,1044,45.3,4533
1044,1175,54.7,5467
1175,2799,61.7,6168
2799,1175,38.3,3832
1175,179,39.9,3988
179,1175,60.1,6012
1175,4258,69.8,6976
4258,1175,30.2,3024
1175,4597,71.1,7106
4597,1175,28.9,2894
1175,217,26.9,2690
217,1175,73.1,7310
1175,261,64.2,6422
261,1175,35.8,3578
1175,1520,52.2,5218
1520,1175,47.8,4782
1175,4383,48.4,4840
4383,1175,51.6,5160
1175,223,66.5,6646
223,1175,33.5,3354
1175,235,62.1,6213
235,1175,37.9,3787
1175,4728,62.2,6223
4728,1175,37.8,3777
1175,1037,59.6,5959
1037,1175,40.4,4041
1175,4363,61.1,6112
4363,1175,38.9,3888
1175,1690,55.3,5526
1690,1175,44.7,4474
1175,285,53.6,5362
285,1175,46.4,4638
1175,211,65.1,6514
211,1175,34.9,3486
1175,1719,57.4,5740
1719,1175,42.6,4260
1175,2037,74.0,7404
2037,1175,26.0,2596
1175,194,41.0,4100
194,1175,59.0,5900
1175,3712,51.2,5119
3712,1175,48.8,4881
1175,77,67.6,6759
77,1175,32.4,3241
1175,1687,71.4,7139
1687,1175,28.6,2861
1175,4256,66.5,6645
4256,1175,33.6,3355
1175,1479,57.7,5771
1479,1175,42.3,4229
1175,253,53.0,5304
253,1175,47.0,4696
1175,1693,33.0,3304
1693,1175,67.0,6696
1175,231,44.5,4454
231,1175,55.5,5546
1175,1728,52.0,5200
1728,1175,48.0,4800
1175,1535,54.7,5466
1535,1175,45.3,4534
1175,1002,56.6,5663
1002,1175,43.4,4337
1175,287,57.8,5775
287,1175,42.2,4225
1175,190,35.5,3547
190,1175,64.5,6453
1175,1172,66.6,6661
1172,1175,33.4,3339
1175,1492,64.6,6459
1492,1175,35.4,3541
1175,1696,19.1,1914
1696,1175,80.9,8086
1175,283,70.1,7006
283,1175,29.9,2994
1175,1563,49.0,4904
1563,1175,51.0,5096
1175,4531,62.8,6284
4531,1175,37.2,3716
1175,245,39.6,3961
245,1175,60.4,6039
1175,241,62.2,6223
241,1175,37.8,3777
1175,207,61.5,6145
207,1175,38.6,3855
1175,1041,41.4,4142
1041,1175,58.6,5858
1175,4255,60.0,6001
4255,1175,40.0,3999
1175,1684,37.0,3704
1684,1175,63.0,6296
1175,4864,36.2,3622
4864,1175,63.8,6378
1175,1487,48.9,4886
1487,1175,51.1,5114
1175,239,39.8,3975
239,1175,60.2,6025
1175,196,30.0,3001
196,1175,70.0,6999
1175,279,49.2,4924
279,1175,50.8,5076
65,251,60.6,6058
251,65,39.4,3942
65,205,58.2,5817
205,65,41.8,4183
65,4921,61.2,6122
4921,65,38.8,3878
65,1183,60.1,6005
1183,65,40.0,3995
65,4424,73.9,7390
4424,65,26.1,2610
65,3703,34.7,3469
3703,65,65.3,6531
65,4257,59.1,5913
4257,65,40.9,4087
65,4254,54.5,5449
4254,65,45.5,4551
65,3709,32.2,3220
3709,65,67.8,6780
65,4431,54.0,5405
4431,65,46.0,4595
65,1699,52.3,5226
1699,65,47.7,4774
65,1528,35.4,3542
1528,65,64.6,6458
65,289,34.9,3491
289,65,65.1,6509
65,188,42.2,4223
188,65,57.8,5777
65,4530,47.6,4758
4530,65,52.4,5242
65,1078,46.6,4658
1078,65,53.4,5342
65,4913,53.8,5378
4913,65,46.2,4622
65,4607,42.7,4267
4607,65,57.3,5733
65,1044,37.8,3784
1044,65,62.2,6216
65,2799,54.4,5436
2799,65,45.6,4564
65,179,33.2,3317
179,65,66.8,6683
65,4258,61.8,6181
4258,65,38.2,3819
65,4597,65.3,6527
4597,65,34.7,3473
65,217,21.5,2152
217,65,78.5,7848
65,261,57.7,5769
261,65,42.3,4231
65,1520,44.1,4413
1520,65,55.9,5587
65,4383,42.7,4269
4383,65,57.3,5731
65,223,60.4,6040
223,65,39.6,3960
65,235,55.7,5567
235,65,44.3,4433
65,4728,54.5,5448
4728,65,45.5,4552
65,1037,52.6,5257
1037,65,47.4,4743
65,4363,55.1,5515
4363,65,44.9,4485
65,1690,48.2,4822
1690,65,51.8,5178
65,285,45.6,4565
285,65,54.4,5435
65,211,56.9,5694
211,65,43.1,4306
65,1719,50.2,5017
1719,65,49.8,4983
65,2037,67.1,6707
2037,65,32.9,3293
65,194,32.8,3278
194,65,67.2,6722
65,3712,44.2,4420
3712,65,55.8,5580
65,77,59.6,5958
77,65,40.4,4042
65,1687,63.6,6362
1687,65,36.4,3638
65,4256,58.4,5838
4256,65,41.6,4162
65,1479,50.8,5080
1479,65,49.2,4920
65,253,45.9,4588
253,65,54.1,5412
65,1693,26.2,2617
1693,65,73.8,7383
65,231,37.4,3741
231,65,62.6,6259
65,1728,45.0,4504
1728,65,55.0,5496
65,1535,47.4,4745
1535,65,52.5,5255
65,1002,49.5,4954
1002,65,50.5,5046
65,287,49.6,4962
287,65,50.4,5038
65,190,29.0,2904
190,65,71.0,7096
65,1172,59.4,5939
1172,65,40.6,4061
65,1492,57.5,5752
1492,65,42.5,4248
65,1696,14.9,1487
1696,65,85.1,8513
65,283,63.3,6328
283,65,36.7,3672
65,1563,41.5,4146
1563,65,58.5,5854
65,4531,55.1,5509
4531,65,44.9,4491
65,245,32.9,3293
245,65,67.1,6707
65,241,55.0,5504
241,65,45.0,4496
65,207,53.7,5374
207,65,46.3,4626
65,1041,34.3,3431
1041,65,65.7,6569
65,4255,51.0,5105
4255,65,48.9,4895
65,1684,30.5,3051
1684,65,69.5,6949
65,4864,30.2,3023
4864,65,69.8,6977
65,1487,42.0,4196
1487,65,58.0,5804
65,239,31.7,3166
239,65,68.3,6834
65,196,23.0,2304
196,65,77.0,7696
65,279,42.1,4207
279,65,57.9,5793
251,205,48.8,4876
205,251,51.2,5124
251,4921,52.2,5221
4921,251,47.8,4779
251,1183,49.9,4994
1183,251,50.1,5006
251,4424,67.0,6696
4424,251,33.0,3304
251,3703,25.5,2548
3703,251,74.5,7452
251,4257,48.9,4894
4257,251,51.1,5106
251,4254,43.9,4387
4254,251,56.1,5613
251,3709,24.9,2495
3709,251,75.0,7505
251,4431,44.4,4439
4431,251,55.6,5561
251,1699,41.9,4195
1699,251,58.1,5805
251,1528,26.9,2686
1528,251,73.1,7314
251,289,25.8,2575
289,251,74.2,7425
251,188,31.7,3174
188,251,68.3,6826
251,4530,37.7,3769
4530,251,62.3,6231
251,1078,36.3,3631
1078,251,63.7,6369
251,4913,43.3,4326
4913,251,56.7,5674
251,4607,33.5,3348
4607,251,66.5,6652
251,1044,29.2,2922
1044,251,70.8,7078
251,2799,45.2,4522
2799,251,54.8,5478
251,179,25.2,2525
179,251,74.8,7475
251,4258,52.1,5215
4258,251,47.9,4785
251,4597,55.0,5501
4597,251,45.0,4499
251,217,15.1,1514
217,251,84.9,8486
251,261,47.2,4725
261,251,52.8,5275
251,1520,34.9,3487
1520,251,65.1,6513
251,4383,31.9,3193
4383,251,68.1,6807
251,223,50.1,5014
223,251,49.9,4986
251,235,45.2,4519
235,251,54.8,5481
251,4728,43.3,4332
4728,251,56.7,5668
251,1037,42.1,4215
1037,251,57.9,5785
251,4363,45.4,4537
4363,251,54.6,5463
251,1690,37.7,3769
1690,251,62.3,6231
251,285,36.1,3606
285,251,63.9,6394
251,211,47.0,4703
211,251,53.0,5297
251,1719,40.1,4011
1719,251,59.9,5989
251,2037,59.3,5932
2037,251,40.7,4068
251,194,24.2,2420
194,251,75.8,7580
251,3712,34.1,3405
3712,251,66.0,6595
251,77,49.9,4990
77,251,50.1,5010
251,1687,54.7,5473
1687,251,45.3,4527
251,4256,49.2,4923
4256,251,50.8,5077
251,1479,41.6,4159
1479,251,58.4,5841
251,253,35.5,3552
253,251,64.5,6448
251,1693,19.0,1901
1693,251,81.0,8099
251,231,28.4,2842
231,251,71.6,7158
251,1728,35.2,3519
1728,251,64.8,6481
251,1535,38.4,3836
1535,251,61.6,6164
251,1002,39.2,3920
1002,251,60.8,6080
251,287,40.2,4016
287,251,59.8,5984
251,190,21.6,2156
190,251,78.4,7844
251,1172,49.1,4915
1172,251,50.8,5085
251,1492,48.0,4796
1492,251,52.0,5204
251,1696,9.9,989
1696,251,90.1,9011
251,283,52.8,5280
283,251,47.2,4720
251,1563,32.0,3201
1563,251,68.0,6799
251,4531,44.9,4490
4531,251,55.1,5510
251,245,24.3,2429
245,251,75.7,7571
251,241,45.4,4543
241,251,54.6,5457
251,207,44.3,4434
207,251,55.7,5566
251,1041,26.4,2643
1041,251,73.6,7357
251,4255,41.9,4189
4255,251,58.1,5811
251,1684,21.6,2155
1684,251,78.5,7845
251,4864,21.5,2153
4864,251,78.5,7847
251,1487,33.3,3333
1487,251,66.7,6667
251,239,24.1,2415
239,251,75.8,7585
251,196,16.2,1620
196,251,83.8,8380
251,279,33.3,3332
279,251,66.7,6668
205,4921,53.8,5384
4921,205,46.2,4616
205,1183,52.3,5228
1183,205,47.7,4772
205,4424,68.0,6796
4424,205,32.0,3204
205,3703,28.4,2845
3703,205,71.5,7155
205,4257,50.9,5091
4257,205,49.1,4909
205,4254,45.9,4593
4254,205,54.1,5407
205,3709,25.5,2554
3709,205,74.5,7446
205,4431,46.7,4671
4431,205,53.3,5329
205,1699,44.9,4494
1699,205,55.1,5506
205,1528,27.7,2767
1528,205,72.3,7233
205,289,28.0,2801
289,205,72.0,7199
205,188,33.4,3339
188,205,66.6,6661
205,4530,39.6,3956
4530,205,60.4,6044
205,1078,39.5,3948
1078,205,60.5,6052
205,4913,45.8,4579
4913,205,54.2,5421
205,4607,35.7,3566
4607,205,64.3,6434
205,1044,31.8,3180
1044,205,68.2,6820
205,2799,46.5,4650
2799,205,53.5,5350
205,179,26.5,2649
179,205,73.5,7351
205,4258,54.7,5470
4258,205,45.3,4530
205,4597,57.6,5759
4597,205,42.4,4241
205,217,16.2,1618
217,205,83.8,8382
205,261,49.7,4974
261,205,50.3,5026
205,1520,36.7,3674
1520,205,63.3,6326
205,4383,34.0,3399
4383,205,66.0,6601
205,223,52.4,5237
223,205,47.6,4763
205,235,47.9,4792
235,205,52.1,5208
205,4728,46.1,4609
4728,205,53.9,5391
205,1037,44.7,4472
1037,205,55.3,5528
205,4363,48.1,4814
4363,205,51.9,5186
205,1690,39.6,3962
1690,205,60.4,6038
205,285,38.5,3847
285,205,61.5,6153
205,211,49.1,4915
211,205,50.8,5085
205,1719,42.3,4234
1719,205,57.7,5766
205,2037,60.1,6013
2037,205,39.9,3987
205,194,27.0,2696
194,205,73.0,7304
205,3712,36.8,3676
3712,205,63.2,6324
205,77,52.4,5245
77,205,47.5,4755
205,1687,56.6,5660
1687,205,43.4,4340
205,4256,51.4,5145
4256,205,48.5,4855
205,1479,42.7,4267
1479,205,57.3,5733
205,253,39.0,3901
253,205,61.0,6099
205,1693,19.9,1987
1693,205,80.1,8013
205,231,30.0,2997
231,205,70.0,7003
205,1728,37.7,3774
1728,205,62.3,6226
205,1535,40.4,4039
1535,205,59.6,5961
205,1002,41.1,4108
1002,205,58.9,5892
205,287,41.8,4175
287,205,58.2,5825
205,190,22.8,2283
190,205,77.2,7717
205,1172,50.1,5011
1172,205,49.9,4989
205,1492,50.1,5012
1492,205,49.9,4988
205,1696,10.5,1050
1696,205,89.5,8950
205,283,56.0,5597
283,205,44.0,4403
205,1563,34.4,3437
1563,205,65.6,6563
205,4531,47.5,4754
4531,205,52.5,5246
205,245,26.0,2601
245,205,74.0,7399
205,241,47.6,4764
241,205,52.4,5236
205,207,46.0,4600
207,205,54.0,5400
205,1041,26.9,2686
1041,205,73.1,7314
205,4255,43.7,4371
4255,205,56.3,5629
205,1684,24.1,2410
1684,205,75.9,7590
205,4864,23.3,2326
4864,205,76.7,7674
205,1487,34.9,3493
1487,205,65.1,6507
205,239,26.4,2637
239,205,73.6,7363
205,196,17.1,1708
196,205,82.9,8292
205,279,33.9,3393
279,205,66.1,6607
4921,1183,46.6,4660
1183,4921,53.4,5340
4921,4424,63.2,6325
4424,4921,36.8,3675
4921,3703,23.6,2359
3703,4921,76.4,7641
4921,4257,46.0,4596
4257,4921,54.0,5404
4921,4254,41.3,4127
4254,4921,58.7,5873
4921,3709,22.1,2209
3709,4921,77.9,7791
4921,4431,41.2,4124
4431,4921,58.8,5876
4921,1699,39.8,3979
1699,4921,60.2,6021
4921,1528,25.2,2522
1528,4921,74.8,7478
4921,289,23.3,2327
289,4921,76.7,7673
4921,188,28.3,2834
188,4921,71.7,7166
4921,4530,34.9,3486
4530,4921,65.1,6514
4921,1078,35.0,3499
1078,4921,65.0,6501
4921,4913,39.7,3968
4913,4921,60.3,6032
4921,4607,30.3,3031
4607,4921,69.7,6969
4921,1044,27.2,2715
1044,4921,72.9,7285
4921,2799,41.4,4144
2799,4921,58.6,5856
4921,179,22.7,2274
179,4921,77.3,7726
4921,4258,49.6,4957
4258,4921,50.4,5043
4921,4597,53.4,5345
4597,4921,46.6,4655
4921,217,13.9,1394
217,4921,86.1,8606
4921,261,45.5,4552
261,4921,54.5,5448
4921,1520,32.7,3271
1520,4921,67.3,6729
4921,4383,30.2,3019
4383,4921,69.8,6981
4921,223,46.3,4627
223,4921,53.7,5373
4921,235,41.7,4169
235,4921,58.3,5831
4921,4728,41.0,4096
4728,4921,59.0,5904
4921,1037,40.5,4052
1037,4921,59.5,5948
4921,4363,42.1,4212
4363,4921,57.9,5788
4921,1690,34.4,3440
1690,4921,65.6,6560
4921,285,33.7,3368
285,4921,66.3,6632
4921,211,45.9,4593
211,4921,54.1,5407
4921,1719,38.0,3804
1719,4921,62.0,6196
4921,2037,55.9,5591
2037,4921,44.1,4409
4921,194,22.6,2258
194,4921,77.4,7742
4921,3712,31.3,3133
3712,4921,68.7,6867
4921,77,46.4,4637
77,4921,53.6,5363
4921,1687,53.1,5312
1687,4921,46.9,4688
4921,4256,46.1,4606
4256,4921,53.9,5394
4921,1479,38.5,3852
1479,4921,61.5,6148
4921,253,34.5,3447
253,4921,65.5,6553
4921,1693,16.6,1662
1693,4921,83.4,8338
4921,231,26.2,2616
231,4921,73.8,7384
4921,1728,32.7,3267
1728,4921,67.3,6733
4921,1535,35.9,3592
1535,4921,64.1,6408
4921,1002,35.8,3583
1002,4921,64.2,6417
4921,287,37.5,3751
287,4921,62.5,6249
4921,190,19.2,1923
190,4921,80.8,8077
4921,1172,46.0,4597
1172,4921,54.0,5403
4921,1492,45.5,4553
1492,4921,54.5,5447
4921,1696,8.5,854
1696,4921,91.5,9146
4921,283,51.0,5096
283,4921,49.0,4904
4921,1563,29.5,2952
1563,4921,70.5,7048
4921,4531,42.7,4271
4531,4921,57.3,5729
4921,245,22.5,2252
245,4921,77.5,7748
4921,241,43.1,4307
241,4921,56.9,5693
4921,207,40.9,4090
207,4921,59.1,5910
4921,1041,24.1,2406
1041,4921,75.9,7594
4921,4255,38.6,3864
4255,4921,61.4,6136
4921,1684,19.8,1983
1684,4921,80.2,8017
4921,4864,19.4,1945
4864,4921,80.5,8055
4921,1487,29.9,2994
1487,4921,70.1,7006
4921,239,22.2,2225
239,4921,77.8,7775
4921,196,15.5,1551
196,4921,84.5,8449
4921,279,30.5,3046
279,4921,69.5,6954
1183,4424,65.8,6584
4424,1183,34.2,3416
1183,3703,27.0,2701
3703,1183,73.0,7299
1183,4257,49.0,4896
4257,1183,51.0,5104
1183,4254,44.5,4448
4254,1183,55.5,5552
1183,3709,24.1,2409
3709,1183,75.9,7591
1183,4431,43.7,4374
4431,1183,56.3,5626
1183,1699,42.0,4197
1699,1183,58.0,5803
1183,1528,26.6,2657
1528,1183,73.4,7343
1183,289,25.6,2556
289,1183,74.4,7444
1183,188,31.8,3179
188,1183,68.2,6821
1183,4530,38.2,3818
4530,1183,61.8,6182
1183,1078,37.2,3721
1078,1183,62.8,6279
1183,4913,43.3,4333
4913,1183,56.7,5667
1183,4607,33.8,3377
4607,1183,66.2,6623
1183,1044,29.6,2961
1044,1183,70.4,7039
1183,2799,44.6,4462
2799,1183,55.4,5538
1183,179,24.4,2444
179,1183,75.6,7556
1183,4258,52.9,5290
4258,1183,47.1,4710
1183,4597,55.6,5563
4597,1183,44.4,4437
1183,217,15.1,1511
217,1183,84.9,8489
1183,261,46.7,4667
261,1183,53.3,5333
1183,1520,36.1,3610
1520,1183,63.9,6390
1183,4383,33.2,3316
4383,1183,66.8,6684
1183,223,49.9,4990
223,1183,50.1,5010
1183,235,45.3,4526
235,1183,54.7,5474
1183,4728,44.7,4469
4728,1183,55.3,5531
1183,1037,42.3,4226
1037,1183,57.7,5774
1183,4363,45.4,4539
4363,1183,54.6,5461
1183,1690,38.0,3802
1690,1183,62.0,6198
1183,285,36.2,3616
285,1183,63.8,6384
1183,211,47.6,4756
211,1183,52.4,5244
1183,1719,41.4,4136
1719,1183,58.6,5864
1183,2037,58.1,5805
2037,1183,41.9,4195
1183,194,24.2,2425
194,1183,75.8,7575
1183,3712,34.6,3465
3712,1183,65.3,6535
1183,77,49.9,4992
77,1183,50.1,5008
1183,1687,54.2,5424
1687,1183,45.8,4576
1183,4256,47.2,4718
4256,1183,52.8,5282
1183,1479,40.6,4061
1479,1183,59.4,5939
1183,253,37.3,3731
253,1183,62.7,6269
1183,1693,18.7,1873
1693,1183,81.3,8127
1183,231,29.3,2926
231,1183,70.7,7074
1183,1728,35.4,3535
1728,1183,64.6,6465
1183,1535,37.1,3709
1535,1183,62.9,6291
1183,1002,39.4,3944
1002,1183,60.6,6056
1183,287,40.6,4063
287,1183,59.4,5937
1183,190,21.0,2098
190,1183,79.0,7902
1183,1172,49.0,4898
1172,1183,51.0,5102
1183,1492,48.2,4823
1492,1183,51.8,5177
1183,1696,9.7,966
1696,1183,90.3,9034
1183,283,54.8,5477
283,1183,45.2,4523
1183,1563,31.3,3127
1563,1183,68.7,6873
1183,4531,45.9,4590
4531,1183,54.1,5410
1183,245,25.1,2515
245,1183,74.9,7485
1183,241,45.5,4548
241,1183,54.5,5452
1183,207,43.7,4371
207,1183,56.3,5629
1183,1041,25.6,2563
1041,1183,74.4,7437
1183,4255,41.7,4167
4255,1183,58.3,5833
1183,1684,22.2,2223
1684,1183,77.8,7777
1183,4864,22.9,2287
4864,1183,77.1,7713
1183,1487,33.3,3334
1487,1183,66.7,6666
1183,239,23.8,2383
239,1183,76.2,7617
1183,196,16.3,1627
196,1183,83.7,8373
1183,279,33.2,3320
279,1183,66.8,6680
4424,3703,15.3,1527
3703,4424,84.7,8473
4424,4257,33.1,3311
4257,4424,66.9,6689
4424,4254,29.2,2925
4254,4424,70.8,7075
4424,3709,13.1,1309
3709,4424,86.9,8691
4424,4431,28.4,2844
4431,4424,71.6,7156
4424,1699,27.6,2761
1699,4424,72.4,7239
4424,1528,15.2,1523
1528,4424,84.8,8477
4424,289,14.1,1412
289,4424,85.9,8588
4424,188,19.8,1978
188,4424,80.2,8022
4424,4530,24.2,2424
4530,4424,75.8,7576
4424,1078,23.0,2300
1078,4424,77.0,7700
4424,4913,28.5,2852
4913,4424,71.5,7148
4424,4607,20.1,2012
4607,4424,79.9,7988
4424,1044,16.8,1677
1044,4424,83.2,8323
4424,2799,29.2,2923
2799,4424,70.8,7077
4424,179,14.5,1449
179,4424,85.5,8551
4424,4258,36.4,3640
4258,4424,63.6,6360
4424,4597,38.3,3834
4597,4424,61.7,6166
4424,217,7.1,709
217,4424,92.9,9291
4424,261,31.0,3100
261,4424,69.0,6900
4424,1520,21.1,2110
1520,4424,78.9,7890
4424,4383,19.6,1957
4383,4424,80.4,8043
4424,223,34.4,3442
223,4424,65.6,6558
4424,235,30.0,3002
235,4424,70.0,6998
4424,4728,28.6,2861
4728,4424,71.4,7139
4424,1037,26.6,2661
1037,4424,73.4,7339
4424,4363,30.4,3038
4363,4424,69.6,6962
4424,1690,24.3,2428
1690,4424,75.7,7572
4424,285,23.2,2320
285,4424,76.8,7680
4424,211,31.9,3191
211,4424,68.1,6809
4424,1719,24.4,2442
1719,4424,75.6,7558
4424,2037,42.6,4262
2037,4424,57.4,5738
4424,194,13.7,1371
194,4424,86.3,8629
4424,3712,20.8,2079
3712,4424,79.2,7921
4424,77,33.5,3353
77,4424,66.5,6647
4424,1687,38.4,3835
1687,4424,61.7,6165
4424,4256,33.0,3298
4256,4424,67.0,6702
4424,1479,25.8,2579
1479,4424,74.2,7421
4424,253,22.5,2248
253,4424,77.5,7752
4424,1693,10.1,1006
1693,4424,89.9,8994
4424,231,17.4,1737
231,4424,82.6,8263
4424,1728,21.6,2156
1728,4424,78.4,7844
4424,1535,24.3,2427
1535,4424,75.7,7573
4424,1002,24.6,2461
1002,4424,75.4,7539
4424,287,25.7,2572
287,4424,74.3,7428
4424,190,11.4,1142
190,4424,88.6,8858
4424,1172,32.9,3292
1172,4424,67.1,6708
4424,1492,32.7,3266
1492,4424,67.3,6734
4424,1696,4.5,455
1696,4424,95.5,9545
4424,283,37.8,3778
283,4424,62.2,6222
4424,1563,18.6,1860
1563,4424,81.4,8140
4424,4531,30.4,3043
4531,4424,69.6,6957
4424,245,13.6,1358
245,4424,86.4,8642
4424,241,30.3,3026
241,4424,69.7,6974
4424,207,29.0,2904
207,4424,71.0,7096
4424,1041,14.4,1438
1041,4424,85.6,8562
4424,4255,27.1,2706
4255,4424,72.9,7294
4424,1684,11.9,1194
1684,4424,88.1,8806
4424,4864,11.4,1141
4864,4424,88.6,8859
4424,1487,19.7,1969
1487,4424,80.3,8031
4424,239,13.3,1331
239,4424,86.7,8669
4424,196,8.1,807
196,4424,91.9,9193
4424,279,19.6,1963
279,4424,80.4,8037
3703,4257,72.8,7279
4257,3703,27.2,2721
3703,4254,68.9,6888
4254,3703,31.1,3112
3703,3709,47.0,4700
3709,3703,53.0,5300
3703,4431,70.2,7020
4431,3703,29.8,2980
3703,1699,68.3,6827
1699,3703,31.7,3173
3703,1528,50.0,5000
1528,3703,50.0,5000
3703,289,49.7,4968
289,3703,50.3,5032
3703,188,56.4,5638
188,3703,43.6,4362
3703,4530,62.5,6248
4530,3703,37.5,3752
3703,1078,61.4,6139
1078,3703,38.6,3861
3703,4913,67.7,6770
4913,3703,32.3,3230
3703,4607,58.5,5845
4607,3703,41.5,4155
3703,1044,53.4,5340
1044,3703,46.6,4660
3703,2799,69.1,6912
2799,3703,30.9,3088
3703,179,47.2,4721
179,3703,52.8,5279
3703,4258,75.3,7530
4258,3703,24.7,2470
3703,4597,78.7,7869
4597,3703,21.3,2131
3703,217,34.4,3437
217,3703,65.6,6563
3703,261,71.8,7180
261,3703,28.2,2820
3703,1520,60.2,6015
1520,3703,39.9,3985
3703,4383,56.5,5651
4383,3703,43.5,4349
3703,223,73.4,7343
223,3703,26.6,2657
3703,235,69.5,6945
235,3703,30.6,3055
3703,4728,68.5,6846
4728,3703,31.5,3154
3703,1037,67.8,6783
1037,3703,32.2,3217
3703,4363,69.2,6920
4363,3703,30.8,3080
3703,1690,62.7,6269
1690,3703,37.3,3731
3703,285,61.8,6183
285,3703,38.2,3817
3703,211,71.6,7164
211,3703,28.4,2836
3703,1719,65.0,6504
1719,3703,35.0,3496
3703,2037,80.1,8011
2037,3703,19.9,1989
3703,194,47.6,4758
194,3703,52.4,5242
3703,3712,59.2,5920
3712,3703,40.8,4080
3703,77,73.8,7376
77,3703,26.2,2624
3703,1687,76.9,7693
1687,3703,23.1,2307
3703,4256,72.5,7252
4256,3703,27.5,2748
3703,1479,64.9,6494
1479,3703,35.1,3506
3703,253,61.7,6166
253,3703,38.3,3834
3703,1693,39.8,3982
1693,3703,60.2,6018
3703,231,52.2,5217
231,3703,47.8,4783
3703,1728,59.9,5991
1728,3703,40.1,4009
3703,1535,62.3,6228
1535,3703,37.7,3772
3703,1002,63.9,6390
1002,3703,36.1,3610
3703,287,64.4,6442
287,3703,35.6,3558
3703,190,45.0,4502
190,3703,55.0,5498
3703,1172,73.0,7304
1172,3703,27.0,2696
3703,1492,72.2,7215
1492,3703,27.9,2785
3703,1696,25.3,2531
1696,3703,74.7,7469
3703,283,76.9,7692
283,3703,23.1,2308
3703,1563,56.6,5656
1563,3703,43.4,4344
3703,4531,70.3,7035
4531,3703,29.6,2965
3703,245,48.4,4845
245,3703,51.5,5155
3703,241,70.7,7066
241,3703,29.3,2934
3703,207,70.0,6995
207,3703,30.0,3005
3703,1041,49.6,4962
1041,3703,50.4,5038
3703,4255,66.3,6630
4255,3703,33.7,3370
3703,1684,45.6,4556
1684,3703,54.4,5444
3703,4864,45.1,4506
4864,3703,54.9,5494
3703,1487,57.6,5758
1487,3703,42.4,4242
3703,239,47.0,4701
239,3703,53.0,5299
3703,196,36.7,3667
196,3703,63.3,6333
3703,279,58.0,5796
279,3703,42.0,4204
4257,4254,45.1,4513
4254,4257,54.9,5487
4257,3709,25.3,2534
3709,4257,74.7,7466
4257,4431,45.8,4582
4431,4257,54.2,5418
4257,1699,43.4,4338
1699,4257,56.6,5662
4257,1528,27.9,2785
1528,4257,72.2,7215
4257,289,25.6,2561
289,4257,74.4,7439
4257,188,32.1,3215
188,4257,67.8,6785
4257,4530,38.3,3829
4530,4257,61.7,6171
4257,1078,38.4,3835
1078,4257,61.7,6165
4257,4913,43.6,4363
4913,4257,56.4,5637
4257,4607,33.7,3374
4607,4257,66.3,6626
4257,1044,28.7,2872
1044,4257,71.3,7128
4257,2799,45.7,4573
2799,4257,54.3,5427
4257,179,25.8,2580
179,4257,74.2,7420
4257,4258,53.1,5312
4258,4257,46.9,4688
4257,4597,56.3,5629
4597,4257,43.7,4371
4257,217,15.3,1527
217,4257,84.7,8473
4257,261,47.6,4758
261,4257,52.4,5242
4257,1520,35.7,3568
1520,4257,64.3,6432
4257,4383,33.1,3313
4383,4257,66.9,6687
4257,223,50.9,5088
223,4257,49.1,4912
4257,235,46.0,4597
235,4257,54.0,5403
4257,4728,45.5,4551
4728,4257,54.5,5449
4257,1037,43.1,4314
1037,4257,56.9,5686
4257,4363,47.2,4717
4363,4257,52.8,5283
4257,1690,38.1,3806
1690,4257,61.9,6194
4257,285,37.3,3731
285,4257,62.7,6269
4257,211,48.8,4876
211,4257,51.2,5124
4257,1719,40.8,4084
1719,4257,59.2,5916
4257,2037,59.0,5895
2037,4257,41.0,4105
4257,194,25.6,2563
194,4257,74.4,7437
4257,3712,35.3,3529
3712,4257,64.7,6471
4257,77,50.4,5040
77,4257,49.6,4960
4257,1687,55.4,5537
1687,4257,44.6,4463
4257,4256,49.3,4934
4256,4257,50.7,5066
4257,1479,41.0,4101
1479,4257,59.0,5899
4257,253,37.6,3757
253,4257,62.4,6243
4257,1693,20.1,2009
1693,4257,79.9,7991
4257,231,28.7,2869
231,4257,71.3,7131
4257,1728,35.7,3568
1728,4257,64.3,6432
4257,1535,38.8,3876
1535,4257,61.2,6124
4257,1002,40.4,4035
1002,4257,59.7,5965
4257,287,41.0,4105
287,4257,59.0,5895
4257,190,21.5,2153
190,4257,78.5,7847
4257,1172,50.7,5074
1172,4257,49.3,4926
4257,1492,48.7,4869
1492,4257,51.3,5131
4257,1696,9.9,994
1696,4257,90.1,9006
4257,283,54.9,5491
283,4257,45.1,4509
4257,1563,32.9,3294
1563,4257,67.1,6706
4257,4531,46.8,4682
4531,4257,53.2,5318
4257,245,25.0,2499
245,4257,75.0,7501
4257,241,46.6,4656
241,4257,53.4,5344
4257,207,45.0,4498
207,4257,55.0,5502
4257,1041,26.0,2604
1041,4257,74.0,7396
4257,4255,42.2,4224
4255,4257,57.8,5776
4257,1684,23.9,2387
1684,4257,76.1,7613
4257,4864,21.9,2191
4864,4257,78.1,7809
4257,1487,33.5,3353
1487,4257,66.5,6647
4257,239,24.7,2473
239,4257,75.3,7527
4257,196,16.9,1689
196,4257,83.1,8311
4257,279,34.1,3413
279,4257,65.9,6587
4254,3709,29.1,2911
3709,4254,70.9,7089
4254,4431,50.1,5012
4431,4254,49.9,4988
4254,1699,47.5,4747
1699,4254,52.5,5253
4254,1528,31.9,3191
1528,4254,68.1,6809
4254,289,30.5,3053
289,4254,69.5,6947
4254,188,37.1,3714
188,4254,62.9,6286
4254,4530,42.6,4263
4530,4254,57.4,5737
4254,1078,43.0,4300
1078,4254,57.0,5700
4254,4913,49.3,4932
4913,4254,50.7,5068
4254,4607,38.8,3875
4607,4254,61.3,6125
4254,1044,34.0,3398
1044,4254,66.0,6602
4254,2799,50.0,5005
2799,4254,50.0,4995
4254,179,29.8,2981
179,4254,70.2,7019
4254,4258,58.6,5864
4258,4254,41.4,4136
4254,4597,61.1,6113
4597,4254,38.9,3887
4254,217,18.4,1838
217,4254,81.6,8162
4254,261,52.8,5277
261,4254,47.2,4723
4254,1520,39.7,3969
1520,4254,60.3,6031
4254,4383,37.5,3747
4383,4254,62.5,6253
4254,223,56.2,5622
223,4254,43.8,4378
4254,235,51.0,5103
235,4254,49.0,4897
4254,4728,49.8,4980
4728,4254,50.2,5020
4254,1037,47.5,4746
1037,4254,52.5,5254
4254,4363,50.3,5026
4363,4254,49.7,4974
4254,1690,43.3,4330
1690,4254,56.7,5670
4254,285,41.9,4193
285,4254,58.1,5807
4254,211,52.8,5280
211,4254,47.2,4720
4254,1719,46.1,4608
1719,4254,53.9,5392
4254,2037,64.6,6464
2037,4254,35.4,3536
4254,194,28.6,2857
194,4254,71.4,7143
4254,3712,40.3,4028
3712,4254,59.7,5972
4254,77,55.6,5557
77,4254,44.4,4443
4254,1687,59.7,5973
1687,4254,40.3,4027
4254,4256,55.2,5516
4256,4254,44.8,4484
4254,1479,45.2,4523
1479,4254,54.8,5477
4254,253,42.1,4215
253,4254,57.9,5785
4254,1693,22.9,2286
1693,4254,77.1,7714
4254,231,33.3,3330
231,4254,66.7,6670
4254,1728,40.8,4077
1728,4254,59.2,5923
4254,1535,43.5,4352
1535,4254,56.5,5648
4254,1002,44.5,4446
1002,4254,55.5,5554
4254,287,45.1,4511
287,4254,54.9,5489
4254,190,25.9,2588
190,4254,74.1,7412
4254,1172,54.6,5458
1172,4254,45.4,4542
4254,1492,53.2,5322
1492,4254,46.8,4678
4254,1696,12.0,1203
1696,4254,88.0,8797
4254,283,59.7,5972
283,4254,40.3,4028
4254,1563,37.6,3756
1563,4254,62.4,6244
4254,4531,51.6,5164
4531,4254,48.4,4836
4254,245,29.6,2962
245,4254,70.4,7038
4254,241,51.5,5147
241,4254,48.5,4853
4254,207,48.7,4873
207,4254,51.3,5127
4254,1041,30.3,3026
1041,4254,69.7,6974
4254,4255,46.3,4626
4255,4254,53.7,5374
4254,1684,27.0,2703
1684,4254,73.0,7297
4254,4864,26.4,2638
4864,4254,73.6,7362
4254,1487,38.3,3832
1487,4254,61.7,6168
4254,239,28.9,2890
239,4254,71.1,7110
4254,196,20.1,2005
196,4254,80.0,7995
4254,279,37.5,3752
279,4254,62.5,6248
3709,4431,70.6,7059
4431,3709,29.4,2941
3709,1699,70.0,6996
1699,3709,30.0,3004
3709,1528,53.0,5298
1528,3709,47.0,4702
3709,289,50.6,5059
289,3709,49.4,4941
3709,188,58.4,5836
188,3709,41.6,4164
3709,4530,65.3,6530
4530,3709,34.7,3470
3709,1078,64.6,6457
1078,3709,35.4,3543
3709,4913,69.3,6934
4913,3709,30.7,3066
3709,4607,60.8,6076
4607,3709,39.2,3924
3709,1044,56.0,5599
1044,3709,44.0,4401
3709,2799,71.0,7100
2799,3709,29.0,2900
3709,179,49.3,4932
179,3709,50.7,5068
3709,4258,77.4,7743
4258,3709,22.6,2257
3709,4597,79.3,7931
4597,3709,20.7,2069
3709,217,36.5,3655
217,3709,63.4,6345
3709,261,73.1,7306
261,3709,26.9,2694
3709,1520,62.8,6282
1520,3709,37.2,3718
3709,4383,59.8,5981
4383,3709,40.2,4019
3709,223,74.9,7490
223,3709,25.1,2510
3709,235,71.4,7142
235,3709,28.6,2858
3709,4728,70.9,7092
4728,3709,29.1,2908
3709,1037,68.8,6881
1037,3709,31.2,3119
3709,4363,71.3,7131
4363,3709,28.7,2869
3709,1690,64.6,6458
1690,3709,35.4,3542
3709,285,63.3,6333
285,3709,36.7,3667
3709,211,73.0,7296
211,3709,27.0,2704
3709,1719,66.7,6672
1719,3709,33.3,3328
3709,2037,81.7,8170
2037,3709,18.3,1830
3709,194,50.9,5089
194,3709,49.1,4911
3709,3712,61.7,6174
3712,3709,38.3,3826
3709,77,75.1,7509
77,3709,24.9,2491
3709,1687,79.5,7954
1687,3709,20.5,2046
3709,4256,74.4,7436
4256,3709,25.6,2564
3709,1479,68.0,6797
1479,3709,32.0,3203
3709,253,63.6,6359
253,3709,36.4,3641
3709,1693,43.1,4307
1693,3709,56.9,5693
3709,231,54.8,5476
231,3709,45.2,4524
3709,1728,62.8,6281
1728,3709,37.2,3719
3709,1535,65.8,6579
1535,3709,34.2,3421
3709,1002,66.6,6659
1002,3709,33.4,3341
3709,287,66.6,6657
287,3709,33.4,3343
3709,190,46.3,4629
190,3709,53.7,5371
3709,1172,75.4,7539
1172,3709,24.6,2461
3709,1492,73.6,7364
1492,3709,26.4,2636
3709,1696,27.1,2709
1696,3709,72.9,7291
3709,283,78.6,7859
283,3709,21.4,2141
3709,1563,59.2,5919
1563,3709,40.8,4081
3709,4531,72.2,7219
4531,3709,27.8,2781
3709,245,50.3,5027
245,3709,49.7,4973
3709,241,71.7,7170
241,3709,28.3,2830
3709,207,69.8,6976
207,3709,30.2,3024
3709,1041,51.4,5145
1041,3709,48.5,4855
3709,4255,68.7,6871
4255,3709,31.3,3129
3709,1684,46.4,4641
1684,3709,53.6,5359
3709,4864,46.6,4663
4864,3709,53.4,5337
3709,1487,59.8,5982
1487,3709,40.2,4018
3709,239,49.7,4966
239,3709,50.3,5034
3709,196,38.0,3798
196,3709,62.0,6202
3709,279,60.8,6078
279,3709,39.2,3922
4431,1699,48.0,4804
1699,4431,52.0,5196
4431,1528,30.9,3089
1528,4431,69.1,6911
4431,289,29.7,2967
289,4431,70.3,7033
4431,188,37.2,3721
188,4431,62.8,6279
4431,4530,43.9,4391
4530,4431,56.1,5609
4431,1078,42.0,4197
1078,4431,58.0,5803
4431,4913,48.3,4831
4913,4431,51.7,5169
4431,4607,39.1,3913
4607,4431,60.9,6087
4431,1044,34.1,3412
1044,4431,65.9,6588
4431,2799,49.8,4981
2799,4431,50.2,5019
4431,179,29.7,2973
179,4431,70.3,7027
4431,4258,58.9,5894
4258,4431,41.1,4106
4431,4597,59.9,5990
4597,4431,40.1,4010
4431,217,17.5,1752
217,4431,82.5,8248
4431,261,53.2,5323
261,4431,46.8,4677
4431,1520,40.3,4033
1520,4431,59.7,5967
4431,4383,37.5,3755
4383,4431,62.5,6245
4431,223,55.9,5585
223,4431,44.1,4415
4431,235,50.4,5045
235,4431,49.5,4955
4431,4728,50.1,5010
4728,4431,49.9,4990
4431,1037,46.9,4690
1037,4431,53.1,5310
4431,4363,51.2,5125
4363,4431,48.8,4875
4431,1690,43.1,4313
1690,4431,56.9,5687
4431,285,42.5,4246
285,4431,57.5,5754
4431,211,53.1,5313
211,4431,46.9,4687
4431,1719,45.8,4581
1719,4431,54.2,5419
4431,2037,63.4,6341
2037,4431,36.6,3659
4431,194,29.5,2949
194,4431,70.5,7051
4431,3712,39.5,3949
3712,4431,60.5,6051
4431,77,55.7,5567
77,4431,44.3,4433
4431,1687,60.6,6063
1687,4431,39.4,3937
4431,4256,54.4,5442
4256,4431,45.6,4558
4431,1479,46.6,4658
1479,4431,53.4,5342
4431,253,42.8,4276
253,4431,57.2,5724
4431,1693,22.4,2237
1693,4431,77.6,7763
4431,231,33.0,3301
231,4431,67.0,6699
4431,1728,41.0,4100
1728,4431,59.0,5900
4431,1535,43.5,4351
1535,4431,56.5,5649
4431,1002,44.8,4483
1002,4431,55.2,5517
4431,287,46.1,4613
287,4431,53.9,5387
4431,190,24.9,2492
190,4431,75.1,7508
4431,1172,55.0,5499
1172,4431,45.0,4501
4431,1492,53.9,5393
1492,4431,46.1,4607
4431,1696,12.2,1223
1696,4431,87.8,8777
4431,283,59.0,5896
283,4431,41.0,4104
4431,1563,36.1,3606
1563,4431,63.9,6394
4431,4531,51.1,5109
4531,4431,48.9,4891
4431,245,29.3,2927
245,4431,70.7,7073
4431,241,50.2,5024
241,4431,49.8,4976
4431,207,49.8,4981
207,4431,50.2,5019
4431,1041,30.6,3058
1041,4431,69.4,6942
4431,4255,48.0,4798
4255,4431,52.0,5202
4431,1684,26.3,2627
1684,4431,73.7,7373
4431,4864,25.7,2572
4864,4431,74.3,7428
4431,1487,38.6,3858
1487,4431,61.4,6142
4431,239,28.5,2848
239,4431,71.5,7152
4431,196,20.0,1996
196,4431,80.0,8004
4431,279,38.1,3809
279,4431,61.9,6191
1699,1528,32.8,3283
1528,1699,67.2,6717
1699,289,31.6,3156
289,1699,68.4,6844
1699,188,38.8,3878
188,1699,61.2,6122
1699,4530,45.5,4550
4530,1699,54.5,5450
1699,1078,44.4,4441
1078,1699,55.6,5559
1699,4913,51.2,5124
4913,1699,48.8,4876
1699,4607,40.4,4039
4607,1699,59.6,5961
1699,1044,35.4,3539
1044,1699,64.6,6461
1699,2799,51.8,5184
2799,1699,48.2,4816
1699,179,31.6,3155
179,1699,68.5,6845
1699,4258,59.7,5965
4258,1699,40.4,4035
1699,4597,63.0,6298
4597,1699,37.0,3702
1699,217,19.6,1962
217,1699,80.4,8038
1699,261,54.7,5468
261,1699,45.3,4532
1699,1520,41.8,4183
1520,1699,58.2,5817
1699,4383,39.9,3985
4383,1699,60.2,6015
1699,223,56.5,5648
223,1699,43.5,4352
1699,235,51.8,5183
235,1699,48.2,4817
1699,4728,51.8,5178
4728,1699,48.2,4822
1699,1037,48.4,4845
1037,1699,51.5,5155
1699,4363,52.6,5261
4363,1699,47.4,4739
1699,1690,45.1,4510
1690,1699,54.9,5490
1699,285,43.9,4392
285,1699,56.1,5608
1699,211,54.5,5448
211,1699,45.5,4552
1699,1719,47.7,4768
1719,1699,52.3,5232
1699,2037,65.0,6498
2037,1699,35.0,3502
1699,194,31.0,3104
194,1699,69.0,6896
1699,3712,40.5,4048
3712,1699,59.5,5952
1699,77,57.0,5702
77,1699,43.0,4298
1699,1687,61.9,6185
1687,1699,38.1,3815
1699,4256,56.0,5603
4256,1699,44.0,4397
1699,1479,48.5,4846
1479,1699,51.5,5154
1699,253,43.8,4376
253,1699,56.2,5624
1699,1693,24.7,2473
1693,1699,75.3,7527
1699,231,34.5,3449
231,1699,65.5,6551
1699,1728,43.6,4361
1728,1699,56.4,5639
1699,1535,44.6,4461
1535,1699,55.4,5539
1699,1002,47.0,4705
1002,1699,52.9,5295
1699,287,48.2,4825
287,1699,51.7,5175
1699,190,27.6,2759
190,1699,72.4,7241
1699,1172,55.5,5552
1172,1699,44.5,4448
1699,1492,55.6,5560
1492,1699,44.4,4440
1699,1696,12.8,1281
1696,1699,87.2,8719
1699,283,61.8,6184
283,1699,38.2,3816
1699,1563,38.4,3838
1563,1699,61.6,6162
1699,4531,52.3,5227
4531,1699,47.7,4773
1699,245,31.1,3110
245,1699,68.9,6890
1699,241,53.5,5350
241,1699,46.5,4650
1699,207,51.9,5189
207,1699,48.1,4811
1699,1041,32.1,3210
1041,1699,67.9,6790
1699,4255,49.0,4900
4255,1699,51.0,5100
1699,1684,28.9,2888
1684,1699,71.1,7112
1699,4864,27.5,2747
4864,1699,72.5,7253
1699,1487,40.1,4013
1487,1699,59.9,5987
1699,239,30.8,3079
239,1699,69.2,6921
1699,196,20.9,2090
196,1699,79.1,7910
1699,279,39.4,3943
279,1699,60.6,6057
1528,289,47.6,4762
289,1528,52.4,5238
1528,188,55.9,5586
188,1528,44.1,4414
1528,4530,62.2,6219
4530,1528,37.8,3781
1528,1078,61.4,6143
1078,1528,38.6,3857
1528,4913,67.3,6731
4913,1528,32.7,3269
1528,4607,57.4,5743
4607,1528,42.6,4257
1528,1044,52.4,5240
1044,1528,47.6,4760
1528,2799,69.1,6907
2799,1528,30.9,3093
1528,179,48.2,4825
179,1528,51.7,5175
1528,4258,75.0,7504
4258,1528,25.0,2496
1528,4597,77.5,7751
4597,1528,22.5,2249
1528,217,33.6,3361
217,1528,66.4,6639
1528,261,70.7,7068
261,1528,29.3,2932
1528,1520,60.0,5997
1520,1528,40.0,4003
1528,4383,57.2,5720
4383,1528,42.8,4280
1528,223,73.2,7323
223,1528,26.8,2677
1528,235,68.8,6883
235,1528,31.2,3117
1528,4728,67.3,6733
4728,1528,32.7,3267
1528,1037,65.9,6593
1037,1528,34.1,3407
1528,4363,69.3,6932
4363,1528,30.7,3068
1528,1690,61.3,6130
1690,1528,38.7,3870
1528,285,60.9,6085
285,1528,39.1,3915
1528,211,70.7,7071
211,1528,29.3,2929
1528,1719,64.7,6468
1719,1528,35.3,3532
1528,2037,79.6,7958
2037,1528,20.4,2042
1528,194,47.7,4773
194,1528,52.3,5227
1528,3712,58.8,5881
3712,1528,41.2,4119
1528,77,72.8,7275
77,1528,27.3,2725
1528,1687,77.2,7718
1687,1528,22.8,2282
1528,4256,71.7,7169
4256,1528,28.3,2831
1528,1479,65.3,6527
1479,1528,34.7,3473
1528,253,61.0,6103
253,1528,39.0,3897
1528,1693,39.1,3907
1693,1528,60.9,6093
1528,231,52.2,5224
231,1528,47.8,4776
1528,1728,59.6,5955
1728,1528,40.5,4045
1528,1535,62.4,6241
1535,1528,37.6,3759
1528,1002,63.4,6342
1002,1528,36.6,3658
1528,287,63.9,6389
287,1528,36.1,3611
1528,190,43.2,4321
190,1528,56.8,5679
1528,1172,73.0,7297
1172,1528,27.0,2703
1528,1492,71.8,7183
1492,1528,28.2,2817
1528,1696,25.1,2511
1696,1528,74.9,7489
1528,283,75.8,7581
283,1528,24.2,2419
1528,1563,56.3,5628
1563,1528,43.7,4372
1528,4531,69.2,6922
4531,1528,30.8,3078
1528,245,48.3,4831
245,1528,51.7,5169
1528,241,68.8,6884
241,1528,31.2,3116
1528,207,67.9,6794
207,1528,32.1,3206
1528,1041,49.0,4904
1041,1528,51.0,5096
1528,4255,65.5,6550
4255,1528,34.5,3450
1528,1684,44.0,4404
1684,1528,56.0,5596
1528,4864,43.2,4322
4864,1528,56.8,5678
1528,1487,57.1,5706
1487,1528,42.9,4294
1528,239,46.7,4668
239,1528,53.3,5332
1528,196,36.5,3655
196,1528,63.4,6345
1528,279,57.3,5732
279,1528,42.7,4268
289,188,57.6,5758
188,289,42.4,4242
289,4530,64.0,6405
4530,289,35.9,3595
289,1078,63.7,6373
1078,289,36.3,3627
289,4913,68.9,6890
4913,289,31.1,3110
289,4607,58.7,5874
4607,289,41.3,4126
289,1044,54.6,5463
1044,289,45.4,4537
289,2799,69.1,6910
2799,289,30.9,3090
289,179,49.2,4923
179,289,50.8,5077
289,4258,76.5,7655
4258,289,23.4,2345
289,4597,78.8,7885
4597,289,21.1,2115
289,217,35.0,3504
217,289,65.0,6496
289,261,72.9,7294
261,289,27.1,2706
289,1520,60.4,6041
1520,289,39.6,3959
289,4383,57.4,5742
4383,289,42.6,4258
289,223,73.9,7392
223,289,26.1,2608
289,235,70.4,7037
235,289,29.6,2963
289,4728,70.0,7001
4728,289,30.0,2999
289,1037,68.7,6866
1037,289,31.3,3134
289,4363,70.1,7007
4363,289,29.9,2993
289,1690,63.7,6369
1690,289,36.3,3631
289,285,61.6,6155
285,289,38.5,3845
289,211,72.1,7207
211,289,27.9,2793
289,1719,65.6,6557
1719,289,34.4,3443
289,2037,80.4,8041
2037,289,19.6,1959
289,194,50.0,5002
194,289,50.0,4998
289,3712,60.7,6071
3712,289,39.3,3929
289,77,74.8,7478
77,289,25.2,2522
289,1687,78.4,7839
1687,289,21.6,2161
289,4256,73.9,7385
4256,289,26.2,2615
289,1479,66.5,6646
1479,289,33.5,3354
289,253,61.9,6193
253,289,38.1,3807
289,1693,40.6,4059
1693,289,59.4,5941
289,231,52.8,5278
231,289,47.2,4722
289,1728,61.3,6134
1728,289,38.7,3866
289,1535,63.6,6364
1535,289,36.4,3636
289,1002,64.3,6430
1002,289,35.7,3570
289,287,66.1,6608
287,289,33.9,3392
289,190,44.5,4454
190,289,55.5,5546
289,1172,73.8,7379
1172,289,26.2,2621
289,1492,72.8,7276
1492,289,27.2,2724
289,1696,26.0,2599
1696,289,74.0,7401
289,283,77.5,7753
283,289,22.5,2247
289,1563,57.7,5770
1563,289,42.3,4230
289,4531,70.7,7068
4531,289,29.3,2932
289,245,49.3,4932
245,289,50.7,5068
289,241,71.3,7133
241,289,28.7,2867
289,207,69.2,6916
207,289,30.8,3084
289,1041,49.6,4963
1041,289,50.4,5037
289,4255,67.6,6759
4255,289,32.4,3241
289,1684,46.6,4660
1684,289,53.4,5340
289,4864,44.6,4457
4864,289,55.4,5543
289,1487,59.4,5935
1487,289,40.6,4065
289,239,48.8,4877
239,289,51.2,5123
289,196,38.1,3807
196,289,61.9,6193
289,279,58.1,5815
279,289,41.9,4185
188,4530,55.7,5574
4530,188,44.3,4426
188,1078,55.5,5554
1078,188,44.5,4446
188,4913,61.0,6095
4913,188,39.1,3905
188,4607,51.5,5148
4607,188,48.5,4852
188,1044,46.4,4639
1044,188,53.6,5361
188,2799,63.4,6337
2799,188,36.6,3663
188,179,41.4,4138
179,188,58.6,5862
188,4258,70.3,7033
4258,188,29.7,2967
188,4597,72.8,7277
4597,188,27.2,2723
188,217,29.2,2922
217,188,70.8,7078
188,261,66.2,6618
261,188,33.8,3382
188,1520,53.7,5369
1520,188,46.3,4631
188,4383,50.1,5009
4383,188,49.9,4991
188,223,67.8,6781
223,188,32.2,3219
188,235,63.2,6319
235,188,36.8,3681
188,4728,62.6,6258
4728,188,37.4,3742
188,1037,61.2,6120
1037,188,38.8,3880
188,4363,62.9,6286
4363,188,37.1,3714
188,1690,55.5,5547
1690,188,44.5,4453
188,285,54.3,5430
285,188,45.7,4570
188,211,65.3,6531
211,188,34.7,3469
188,1719,58.4,5838
1719,188,41.6,4162
188,2037,75.8,7585
2037,188,24.1,2415
188,194,41.5,4147
194,188,58.5,5853
188,3712,52.2,5218
3712,188,47.8,4782
188,77,68.9,6894
77,188,31.1,3106
188,1687,72.1,7214
1687,188,27.9,2786
188,4256,67.5,6751
4256,188,32.5,3249
188,1479,59.9,5993
1479,188,40.1,4007
188,253,55.5,5551
253,188,44.5,4449
188,1693,33.7,3372
1693,188,66.3,6628
188,231,46.6,4660
231,188,53.4,5340
188,1728,53.6,5361
1728,188,46.4,4639
188,1535,56.0,5598
1535,188,44.0,4402
188,1002,57.1,5714
1002,188,42.9,4286
188,287,57.8,5780
287,188,42.2,4220
188,190,37.9,3788
190,188,62.1,6212
188,1172,67.4,6737
1172,188,32.6,3263
188,1492,67.1,6713
1492,188,32.9,3287
188,1696,19.4,1937
1696,188,80.6,8063
188,283,71.6,7156
283,188,28.4,2844
188,1563,50.5,5053
1563,188,49.5,4947
188,4531,63.5,6347
4531,188,36.5,3653
188,245,40.9,4090
245,188,59.1,5910
188,241,64.3,6433
241,188,35.7,3567
188,207,61.6,6161
207,188,38.4,3839
188,1041,43.3,4334
1041,188,56.7,5666
188,4255,60.3,6026
4255,188,39.7,3974
188,1684,38.4,3839
1684,188,61.6,6161
188,4864,38.7,3872
4864,188,61.3,6128
188,1487,50.1,5012
1487,188,49.9,4988
188,239,40.7,4072
239,188,59.3,5928
188,196,31.2,3117
196,188,68.8,6883
188,279,50.9,5086
279,188,49.1,4914
4530,1078,49.4,4942
1078,4530,50.6,5058
4530,4913,56.2,5622
4913,4530,43.8,4378
4530,4607,45.3,4534
4607,4530,54.7,5466
4530,1044,40.6,4063
1044,4530,59.4,5937
4530,2799,56.8,5675
2799,4530,43.2,4325
4530,179,35.8,3577
179,4530,64.2,6423
4530,4258,65.4,6537
4258,4530,34.6,3463
4530,4597,67.0,6703
4597,4530,33.0,3297
4530,217,23.5,2348
217,4530,76.5,7652
4530,261,60.1,6014
261,4530,39.9,3986
4530,1520,47.7,4768
1520,4530,52.3,5232
4530,4383,44.0,4395
4383,4530,56.0,5605
4530,223,61.7,6169
223,4530,38.3,3831
4530,235,57.4,5737
235,4530,42.6,4263
4530,4728,56.4,5637
4728,4530,43.6,4363
4530,1037,54.9,5490
1037,4530,45.1,4510
4530,4363,58.3,5832
4363,4530,41.7,4168
4530,1690,49.7,4968
1690,4530,50.3,5032
4530,285,49.2,4916
285,4530,50.8,5084
4530,211,59.6,5959
211,4530,40.4,4041
4530,1719,52.8,5276
1719,4530,47.2,4724
4530,2037,69.5,6948
2037,4530,30.5,3052
4530,194,35.5,3555
194,4530,64.5,6445
4530,3712,46.9,4688
3712,4530,53.1,5312
4530,77,62.0,6196
77,4530,38.0,3804
4530,1687,66.7,6671
1687,4530,33.3,3329
4530,4256,61.2,6121
4256,4530,38.8,3879
4530,1479,53.3,5328
1479,4530,46.7,4672
4530,253,50.0,4998
253,4530,50.0,5002
4530,1693,28.5,2848
1693,4530,71.5,7152
4530,231,39.6,3960
231,4530,60.4,6040
4530,1728,47.0,4701
1728,4530,53.0,5299
4530,1535,50.2,5021
1535,4530,49.8,4979
4530,1002,52.1,5210
1002,4530,47.9,4790
4530,287,52.8,5282
287,4530,47.2,4718
4530,190,31.5,3146
190,4530,68.5,6854
4530,1172,60.3,6031
1172,4530,39.7,3969
4530,1492,60.9,6088
1492,4530,39.1,3912
4530,1696,15.8,1582
1696,4530,84.2,8418
4530,283,65.9,6594
283,4530,34.1,3406
4530,1563,42.8,4281
1563,4530,57.2,5719
4530,4531,58.3,5829
4531,4530,41.7,4171
4530,245,35.9,3593
245,4530,64.1,6407
4530,241,58.0,5796
241,4530,42.0,4204
4530,207,55.4,5544
207,4530,44.6,4456
4530,1041,37.6,3757
1041,4530,62.4,6243
4530,4255,53.9,5386
4255,4530,46.1,4614
4530,1684,32.4,3242
1684,4530,67.6,6758
4530,4864,32.2,3220
4864,4530,67.8,6780
4530,1487,44.6,4458
1487,4530,55.4,5542
4530,239,34.6,3463
239,4530,65.4,6537
4530,196,25.2,2524
196,4530,74.8,7476
4530,279,45.5,4545
279,4530,54.5,5455
1078,4913,56.1,5615
4913,1078,43.9,4385
1078,4607,46.5,4645
4607,1078,53.5,5355
1078,1044,40.7,4066
1044,1078,59.3,5934
1078,2799,58.6,5855
2799,1078,41.4,4145
1078,179,36.3,3627
179,1078,63.7,6373
1078,4258,64.9,6487
4258,1078,35.1,3513
1078,4597,67.6,6758
4597,1078,32.4,3242
1078,217,23.4,2343
217,1078,76.6,7657
1078,261,60.4,6035
261,1078,39.6,3965
1078,1520,47.6,4756
1520,1078,52.4,5244
1078,4383,45.5,4551
4383,1078,54.5,5449
1078,223,62.1,6208
223,1078,37.9,3792
1078,235,58.0,5803
235,1078,42.0,4197
1078,4728,57.2,5719
4728,1078,42.8,4281
1078,1037,54.4,5435
1037,1078,45.6,4565
1078,4363,58.3,5832
4363,1078,41.7,4168
1078,1690,51.1,5107
1690,1078,48.9,4893
1078,285,49.1,4913
285,1078,50.9,5087
1078,211,59.6,5957
211,1078,40.4,4043
1078,1719,53.5,5350
1719,1078,46.5,4650
1078,2037,70.6,7061
2037,1078,29.4,2939
1078,194,35.4,3535
194,1078,64.6,6465
1078,3712,46.2,4622
3712,1078,53.8,5378
1078,77,62.1,6205
77,1078,38.0,3795
1078,1687,66.7,6673
1687,1078,33.3,3327
1078,4256,62.3,6228
4256,1078,37.7,3772
1078,1479,53.8,5384
1479,1078,46.2,4616
1078,253,49.2,4919
253,1078,50.8,5081
1078,1693,28.5,2848
1693,1078,71.5,7152
1078,231,40.1,4006
231,1078,59.9,5994
1078,1728,47.9,4792
1728,1078,52.1,5208
1078,1535,50.3,5034
1535,1078,49.7,4966
1078,1002,52.9,5291
1002,1078,47.1,4709
1078,287,54.0,5396
287,1078,46.0,4604
1078,190,32.5,3250
190,1078,67.5,6750
1078,1172,62.2,6216
1172,1078,37.8,3784
1078,1492,60.9,6086
1492,1078,39.1,3914
1078,1696,16.3,1627
1696,1078,83.7,8373
1078,283,66.6,6663
283,1078,33.4,3337
1078,1563,44.3,4428
1563,1078,55.7,5572
1078,4531,59.5,5952
4531,1078,40.5,4048
1078,245,35.7,3571
245,1078,64.3,6429
1078,241,58.4,5844
241,1078,41.6,4156
1078,207,56.6,5661
207,1078,43.4,4339
1078,1041,36.7,3666
1041,1078,63.3,6334
1078,4255,54.2,5417
4255,1078,45.8,4583
1078,1684,33.0,3297
1684,1078,67.0,6703
1078,4864,32.7,3270
4864,1078,67.3,6730
1078,1487,45.5,4545
1487,1078,54.5,5455
1078,239,35.6,3562
239,1078,64.4,6438
1078,196,25.9,2594
196,1078,74.1,7406
1078,279,45.6,4558
279,1078,54.4,5442
4913,4607,39.8,3979
4607,4913,60.2,6021
4913,1044,34.2,3422
1044,4913,65.8,6578
4913,2799,51.1,5107
2799,4913,48.9,4893
4913,179,30.1,3009
179,4913,69.9,6991
4913,4258,59.9,5985
4258,4913,40.2,4015
4913,4597,62.1,6212
4597,4913,37.9,3788
4913,217,19.3,1931
217,4913,80.7,8069
4913,261,54.0,5404
261,4913,46.0,4596
4913,1520,42.7,4268
1520,4913,57.3,5732
4913,4383,39.6,3965
4383,4913,60.4,6035
4913,223,56.0,5604
223,4913,44.0,4396
4913,235,51.2,5122
235,4913,48.8,4878
4913,4728,50.4,5042
4728,4913,49.6,4958
4913,1037,49.1,4910
1037,4913,50.9,5090
4913,4363,51.7,5173
4363,4913,48.3,4827
4913,1690,44.3,4428
1690,4913,55.7,5572
4913,285,43.5,4349
285,4913,56.5,5651
4913,211,54.0,5401
211,4913,46.0,4599
4913,1719,46.4,4636
1719,4913,53.6,5364
4913,2037,65.0,6503
2037,4913,35.0,3497
4913,194,30.9,3087
194,4913,69.1,6913
4913,3712,40.8,4084
3712,4913,59.2,5916
4913,77,57.1,5713
77,4913,42.9,4287
4913,1687,62.3,6231
1687,4913,37.7,3769
4913,4256,55.8,5581
4256,4913,44.2,4419
4913,1479,47.6,4764
1479,4913,52.4,5236
4913,253,43.1,4314
253,4913,56.9,5686
4913,1693,23.0,2302
1693,4913,77.0,7698
4913,231,33.9,3391
231,4913,66.1,6609
4913,1728,41.7,4166
1728,4913,58.3,5834
4913,1535,44.7,4471
1535,4913,55.3,5529
4913,1002,45.9,4590
1002,4913,54.1,5410
4913,287,46.7,4669
287,4913,53.3,5331
4913,190,27.6,2763
190,4913,72.4,7237
4913,1172,56.5,5649
1172,4913,43.5,4351
4913,1492,55.1,5510
1492,4913,44.9,4490
4913,1696,12.8,1283
1696,4913,87.2,8717
4913,283,59.7,5969
283,4913,40.3,4031
4913,1563,38.8,3876
1563,4913,61.2,6124
4913,4531,51.8,5177
4531,4913,48.2,4823
4913,245,29.8,2985
245,4913,70.2,7015
4913,241,52.3,5235
241,4913,47.6,4765
4913,207,51.0,5105
207,4913,48.9,4895
4913,1041,31.9,3189
1041,4913,68.1,6811
4913,4255,48.5,4851
4255,4913,51.5,5149
4913,1684,27.1,2712
1684,4913,72.9,7288
4913,4864,27.3,2732
4864,4913,72.7,7268
4913,1487,39.3,3934
1487,4913,60.7,6066
4913,239,29.8,2982
239,4913,70.2,7018
4913,196,20.6,2059
196,4913,79.4,7941
4913,279,39.1,3906
279,4913,60.9,6094
4607,1044,45.9,4594
1044,4607,54.1,5406
4607,2799,62.1,6209
2799,4607,37.9,3791
4607,179,39.4,3939
179,4607,60.6,6061
4607,4258,69.2,6917
4258,4607,30.8,3083
4607,4597,71.5,7153
4597,4607,28.5,2847
4607,217,26.9,2694
217,4607,73.1,7306
4607,261,64.8,6481
261,4607,35.2,3519
4607,1520,51.9,5195
1520,4607,48.0,4805
4607,4383,48.9,4892
4383,4607,51.1,5108
4607,223,66.9,6691
223,4607,33.1,3309
4607,235,61.4,6136
235,4607,38.6,3864
4607,4728,61.0,6104
4728,4607,39.0,3896
4607,1037,59.3,5927
1037,4607,40.7,4073
4607,4363,62.3,6225
4363,4607,37.8,3775
4607,1690,54.8,5477
1690,4607,45.2,4523
4607,285,53.3,5326
285,4607,46.7,4674
4607,211,63.5,6355
211,4607,36.4,3645
4607,1719,57.6,5759
1719,4607,42.4,4241
4607,2037,73.9,7387
2037,4607,26.1,2613
4607,194,39.4,3940
194,4607,60.6,6060
4607,3712,50.9,5089
3712,4607,49.1,4911
4607,77,66.7,6666
77,4607,33.3,3334
4607,1687,70.5,7054
1687,4607,29.5,2946
4607,4256,66.2,6623
4256,4607,33.8,3377
4607,1479,57.3,5731
1479,4607,42.7,4269
4607,253,53.3,5326
253,4607,46.7,4674
4607,1693,32.1,3214
1693,4607,67.9,6786
4607,231,45.0,4500
231,4607,55.0,5500
4607,1728,52.4,5237
1728,4607,47.6,4763
4607,1535,55.8,5580
1535,4607,44.2,4420
4607,1002,56.2,5625
1002,4607,43.8,4375
4607,287,57.7,5768
287,4607,42.3,4232
4607,190,35.9,3585
190,4607,64.1,6415
4607,1172,65.6,6557
1172,4607,34.4,3443
4607,1492,64.8,6478
1492,4607,35.2,3522
4607,1696,19.4,1945
1696,4607,80.5,8055
4607,283,70.8,7083
283,4607,29.2,2917
4607,1563,48.3,4829
1563,4607,51.7,5171
4607,4531,62.7,6269
4531,4607,37.3,3731
4607,245,39.6,3965
245,4607,60.4,6035
4607,241,62.7,6275
241,4607,37.2,3725
4607,207,60.9,6087
207,4607,39.1,3913
4607,1041,42.4,4239
1041,4607,57.6,5761
4607,4255,58.9,5893
4255,4607,41.1,4107
4607,1684,37.4,3743
1684,4607,62.6,6257
4607,4864,35.7,3573
4864,4607,64.3,6427
4607,1487,49.3,4927
1487,4607,50.7,5073
4607,239,39.0,3897
239,4607,61.0,6103
4607,196,29.9,2987
196,4607,70.1,7013
4607,279,49.7,4971
279,4607,50.3,5029
1044,2799,65.5,6552
2799,1044,34.5,3448
1044,179,45.3,4529
179,1044,54.7,5471
1044,4258,72.5,7253
4258,1044,27.5,2747
1044,4597,76.0,7602
4597,1044,24.0,2398
1044,217,31.9,3194
217,1044,68.1,6806
1044,261,68.0,6800
261,1044,32.0,3200
1044,1520,56.7,5668
1520,1044,43.3,4332
1044,4383,53.7,5367
4383,1044,46.3,4633
1044,223,71.0,7105
223,1044,28.9,2895
1044,235,66.9,6686
235,1044,33.1,3314
1044,4728,66.0,6596
4728,1044,34.0,3404
1044,1037,63.6,6361
1037,1044,36.4,3639
1044,4363,66.1,6615
4363,1044,33.9,3385
1044,1690,60.0,5995
1690,1044,40.1,4005
1044,285,58.4,5841
285,1044,41.6,4159
1044,211,68.5,6851
211,1044,31.5,3149
1044,1719,61.6,6159
1719,1044,38.4,3841
1044,2037,77.2,7720
2037,1044,22.8,2280
1044,194,44.1,4410
194,1044,55.9,5590
1044,3712,55.5,5545
3712,1044,44.5,4455
1044,77,71.4,7137
77,1044,28.6,2863
1044,1687,74.6,7459
1687,1044,25.4,2541
1044,4256,68.9,6890
4256,1044,31.1,3110
1044,1479,61.8,6184
1479,1044,38.2,3816
1044,253,57.9,5791
253,1044,42.1,4209
1044,1693,37.0,3698
1693,1044,63.0,6302
1044,231,49.6,4964
231,1044,50.4,5036
1044,1728,57.6,5757
1728,1044,42.4,4243
1044,1535,60.4,6038
1535,1044,39.6,3962
1044,1002,60.9,6092
1002,1044,39.1,3908
1044,287,62.7,6274
287,1044,37.3,3726
1044,190,40.7,4073
190,1044,59.3,5927
1044,1172,69.4,6940
1172,1044,30.6,3060
1044,1492,69.5,6952
1492,1044,30.5,3048
1044,1696,22.9,2285
1696,1044,77.1,7715
1044,283,73.7,7366
283,1044,26.3,2634
1044,1563,54.5,5454
1563,1044,45.5,4546
1044,4531,66.8,6676
4531,1044,33.2,3324
1044,245,44.5,4449
245,1044,55.5,5551
1044,241,67.0,6696
241,1044,33.0,3304
1044,207,66.1,6614
207,1044,33.9,3386
1044,1041,46.0,4603
1041,1044,54.0,5397
1044,4255,63.1,6314
4255,1044,36.9,3686
1044,1684,41.8,4176
1684,1044,58.2,5824
1044,4864,40.5,4051
4864,1044,59.5,5949
1044,1487,52.9,5295
1487,1044,47.0,4705
1044,239,44.6,4459
239,1044,55.4,5541
1044,196,33.2,3318
196,1044,66.8,6682
1044,279,55.6,5561
279,1044,44.4,4439
2799,179,29.0,2898
179,2799,71.0,7102
2799,4258,58.3,5827
4258,2799,41.7,4173
2799,4597,60.9,6094
4597,2799,39.1,3906
2799,217,17.9,1787
217,2799,82.1,8213
2799,261,51.7,5172
261,2799,48.3,4828
2799,1520,40.6,4058
1520,2799,59.4,5942
2799,4383,37.2,3718
4383,2799,62.8,6282
2799,223,56.6,5660
223,2799,43.4,4340
2799,235,50.4,5036
235,2799,49.6,4964
2799,4728,48.5,4855
4728,2799,51.4,5145
2799,1037,48.0,4805
1037,2799,51.9,5195
2799,4363,50.3,5029
4363,2799,49.7,4971
2799,1690,42.6,4263
1690,2799,57.4,5737
2799,285,42.6,4263
285,2799,57.4,5737
2799,211,51.6,5163
211,2799,48.4,4837
2799,1719,46.2,4620
1719,2799,53.8,5380
2799,2037,63.6,6361
2037,2799,36.4,3639
2799,194,29.1,2915
194,2799,70.9,7085
2799,3712,39.1,3908
3712,2799,60.9,6092
2799,77,54.7,5467
77,2799,45.3,4533
2799,1687,59.3,5930
1687,2799,40.7,4070
2799,4256,53.9,5393
4256,2799,46.1,4607
2799,1479,46.8,4677
1479,2799,53.2,5323
2799,253,42.0,4200
253,2799,58.0,5800
2799,1693,22.3,2227
1693,2799,77.7,7773
2799,231,33.1,3305
231,2799,67.0,6695
2799,1728,39.6,3962
1728,2799,60.4,6038
2799,1535,43.5,4346
1535,2799,56.5,5654
2799,1002,44.9,4492
1002,2799,55.1,5508
2799,287,46.4,4638
287,2799,53.6,5362
2799,190,25.4,2536
190,2799,74.6,7464
2799,1172,53.9,5388
1172,2799,46.1,4612
2799,1492,52.9,5291
1492,2799,47.1,4709
2799,1696,11.6,1161
1696,2799,88.4,8839
2799,283,58.1,5814
283,2799,41.9,4186
2799,1563,36.7,3666
1563,2799,63.3,6334
2799,4531,50.6,5056
4531,2799,49.4,4944
2799,245,28.8,2884
245,2799,71.2,7116
2799,241,50.7,5066
241,2799,49.3,4934
2799,207,49.7,4974
207,2799,50.3,5026
2799,1041,30.0,3005
1041,2799,70.0,6995
2799,4255,47.5,4754
4255,2799,52.5,5246
2799,1684,26.3,2629
1684,2799,73.7,7371
2799,4864,25.7,2569
4864,2799,74.3,7431
2799,1487,37.4,3741
1487,2799,62.6,6259
2799,239,29.2,2922
239,2799,70.8,7078
2799,196,19.7,1970
196,2799,80.3,8030
2799,279,38.4,3839
279,2799,61.6,6161
179,4258,77.1,7707
4258,179,22.9,2293
179,4597,80.3,8027
4597,179,19.7,1973
179,217,36.6,3656
217,179,63.4,6344
179,261,73.7,7372
261,179,26.3,2628
179,1520,62.3,6231
1520,179,37.7,3769
179,4383,59.6,5960
4383,179,40.4,4040
179,223,75.7,7571
223,179,24.3,2429
179,235,71.4,7137
235,179,28.6,2863
179,4728,70.3,7026
4728,179,29.7,2974
179,1037,68.2,6824
1037,179,31.8,3176
179,4363,71.2,7124
4363,179,28.8,2876
179,1690,64.1,6408
1690,179,35.9,3592
179,285,64.1,6415
285,179,35.9,3585
179,211,73.2,7321
211,179,26.8,2679
179,1719,67.1,6706
1719,179,32.9,3294
179,2037,81.1,8106
2037,179,18.9,1894
179,194,50.0,4998
194,179,50.0,5002
179,3712,60.9,6087
3712,179,39.1,3913
179,77,75.9,7593
77,179,24.1,2407
179,1687,79.5,7948
1687,179,20.5,2052
179,4256,74.9,7490
4256,179,25.1,2510
179,1479,68.2,6815
1479,179,31.9,3185
179,253,63.6,6365
253,179,36.4,3635
179,1693,41.9,4191
1693,179,58.1,5809
179,231,55.6,5564
231,179,44.4,4436
179,1728,62.7,6274
1728,179,37.3,3726
179,1535,65.0,6500
1535,179,35.0,3500
179,1002,66.0,6605
1002,179,34.0,3395
179,287,66.6,6658
287,179,33.4,3342
179,190,45.9,4591
190,179,54.1,5409
179,1172,75.0,7499
1172,179,25.0,2501
179,1492,74.2,7419
1492,179,25.8,2581
179,1696,27.1,2713
1696,179,72.9,7287
179,283,78.8,7877
283,179,21.2,2123
179,1563,59.4,5941
1563,179,40.6,4059
179,4531,71.2,7115
4531,179,28.8,2885
179,245,49.5,4947
245,179,50.5,5053
179,241,71.6,7162
241,179,28.4,2838
179,207,70.7,7073
207,179,29.3,2927
179,1041,51.7,5166
1041,179,48.3,4834
179,4255,68.7,6873
4255,179,31.3,3127
179,1684,47.8,4777
1684,179,52.2,5223
179,4864,46.9,4691
4864,179,53.1,5309
179,1487,60.2,6024
1487,179,39.8,3976
179,239,50.7,5071
239,179,49.3,4929
179,196,39.1,3907
196,179,60.9,6093
179,279,60.1,6013
279,179,39.9,3987
4258,4597,52.0,5205
4597,4258,47.9,4795
4258,217,14.1,1413
217,4258,85.9,8587
4258,261,43.8,4377
261,4258,56.2,5623
4258,1520,33.3,3332
1520,4258,66.7,6668
4258,4383,30.0,2999
4383,4258,70.0,7001
4258,223,47.5,4749
223,4258,52.5,5251
4258,235,43.3,4334
235,4258,56.7,5666
4258,4728,42.1,4206
4728,4258,57.9,5794
4258,1037,39.6,3959
1037,4258,60.4,6041
4258,4363,41.8,4178
4363,4258,58.2,5822
4258,1690,35.1,3515
1690,4258,64.8,6485
4258,285,33.8,3377
285,4258,66.2,6623
4258,211,45.2,4523
211,4258,54.8,5477
4258,1719,37.6,3758
1719,4258,62.4,6242
4258,2037,55.9,5588
2037,4258,44.1,4412
4258,194,22.9,2293
194,4258,77.1,7707
4258,3712,31.8,3179
3712,4258,68.2,6821
4258,77,48.1,4808
77,4258,51.9,5192
4258,1687,52.8,5280
1687,4258,47.2,4720
4258,4256,46.2,4615
4256,4258,53.8,5385
4258,1479,38.3,3830
1479,4258,61.7,6170
4258,253,34.0,3403
253,4258,66.0,6597
4258,1693,16.9,1688
1693,4258,83.1,8312
4258,231,26.1,2607
231,4258,73.9,7393
4258,1728,33.0,3301
1728,4258,67.0,6699
4258,1535,36.3,3627
1535,4258,63.7,6373
4258,1002,37.3,3729
1002,4258,62.7,6271
4258,287,37.1,3711
287,4258,62.9,6289
4258,190,20.4,2040
190,4258,79.6,7960
4258,1172,46.5,4650
1172,4258,53.5,5350
4258,1492,45.7,4571
1492,4258,54.3,5429
4258,1696,8.6,863
1696,4258,91.4,9137
4258,283,52.2,5224
283,4258,47.8,4776
4258,1563,30.4,3039
1563,4258,69.6,6961
4258,4531,43.1,4313
4531,4258,56.9,5687
4258,245,23.5,2348
245,4258,76.5,7652
4258,241,41.9,4192
241,4258,58.1,5808
4258,207,41.1,4111
207,4258,58.9,5889
4258,1041,23.7,2372
1041,4258,76.3,7628
4258,4255,39.4,3940
4255,4258,60.6,6060
4258,1684,20.6,2063
1684,4258,79.4,7937
4258,4864,19.8,1980
4864,4258,80.2,8020
4258,1487,30.2,3025
1487,4258,69.8,6975
4258,239,22.4,2242
239,4258,77.6,7758
4258,196,14.7,1466
196,4258,85.3,8534
4258,279,30.5,3049
279,4258,69.5,6951
4597,217,11.9,1195
217,4597,88.0,8805
4597,261,41.7,4172
261,4597,58.3,5828
4597,1520,31.4,3138
1520,4597,68.6,6862
4597,4383,27.5,2752
4383,4597,72.5,7248
4597,223,43.9,4393
223,4597,56.1,5607
4597,235,39.7,3969
235,4597,60.3,6031
4597,4728,38.4,3835
4728,4597,61.7,6165
4597,1037,36.1,3607
1037,4597,63.9,6393
4597,4363,39.3,3928
4363,4597,60.7,6072
4597,1690,32.3,3231
1690,4597,67.7,6769
4597,285,31.1,3107
285,4597,68.9,6893
4597,211,41.8,4183
211,4597,58.2,5817
4597,1719,35.3,3531
1719,4597,64.7,6469
4597,2037,52.7,5270
2037,4597,47.3,4730
4597,194,20.4,2042
194,4597,79.6,7958
4597,3712,29.1,2913
3712,4597,70.9,7087
4597,77,45.4,4538
77,4597,54.6,5462
4597,1687,50.0,5004
1687,4597,50.0,4996
4597,4256,43.5,4346
4256,4597,56.5,5654
4597,1479,35.1,3513
1479,4597,64.9,6487
4597,253,31.7,3173
253,4597,68.3,6827
4597,1693,15.5,1549
1693,4597,84.5,8451
4597,231,24.6,2461
231,4597,75.4,7539
4597,1728,29.8,2984
1728,4597,70.2,7016
4597,1535,32.9,3290
1535,4597,67.1,6710
4597,1002,33.2,3317
1002,4597,66.8,6683
4597,287,34.6,3464
287,4597,65.4,6536
4597,190,17.7,1766
190,4597,82.3,8234
4597,1172,43.4,4340
1172,4597,56.6,5660
4597,1492,42.7,4266
1492,4597,57.3,5734
4597,1696,7.8,780
1696,4597,92.2,9220
4597,283,48.6,4863
283,4597,51.4,5137
4597,1563,27.5,2753
1563,4597,72.5,7247
4597,4531,40.4,4041
4531,4597,59.6,5959
4597,245,20.9,2093
245,4597,79.1,7907
4597,241,39.0,3904
241,4597,61.0,6096
4597,207,37.8,3775
207,4597,62.3,6225
4597,1041,21.4,2136
1041,4597,78.6,7864
4597,4255,36.4,3638
4255,4597,63.6,6362
4597,1684,17.9,1793
1684,4597,82.1,8207
4597,4864,18.0,1800
4864,4597,82.0,8200
4597,1487,27.7,2770
1487,4597,72.3,7230
4597,239,19.6,1957
239,4597,80.4,8043
4597,196,13.2,1315
196,4597,86.9,8685
4597,279,27.4,2739
279,4597,72.6,7261
217,261,83.5,8355
261,217,16.4,1645
217,1520,74.3,7429
1520,217,25.7,2571
217,4383,71.7,7169
4383,217,28.3,2831
217,223,85.8,8579
223,217,14.2,1421
217,235,81.9,8187
235,217,18.1,1813
217,4728,81.2,8118
4728,217,18.8,1882
217,1037,79.7,7970
1037,217,20.3,2030
217,4363,82.4,8237
4363,217,17.6,1763
217,1690,77.0,7704
1690,217,23.0,2296
217,285,75.7,7572
285,217,24.3,2428
217,211,83.9,8392
211,217,16.1,1608
217,1719,79.0,7904
1719,217,21.0,2096
217,2037,89.7,8967
2037,217,10.3,1033
217,194,63.6,6361
194,217,36.4,3639
217,3712,74.1,7410
3712,217,25.9,2590
217,77,84.7,8472
77,217,15.3,1528
217,1687,88.1,8812
1687,217,11.9,1188
217,4256,84.3,8433
4256,217,15.7,1567
217,1479,79.0,7896
1479,217,21.0,2104
217,253,75.6,7561
253,217,24.4,2439
217,1693,56.8,5680
1693,217,43.2,4320
217,231,67.3,6731
231,217,32.7,3269
217,1728,74.2,7423
1728,217,25.8,2577
217,1535,76.9,7693
1535,217,23.1,2307
217,1002,77.9,7789
1002,217,22.1,2211
217,287,78.0,7799
287,217,22.0,2201
217,190,60.5,6048
190,217,39.5,3952
217,1172,85.2,8515
1172,217,14.8,1485
217,1492,84.6,8456
1492,217,15.4,1544
217,1696,40.2,4017
1696,217,59.8,5983
217,283,87.3,8732
283,217,12.7,1268
217,1563,71.5,7148
1563,217,28.5,2852
217,4531,81.6,8163
4531,217,18.4,1837
217,245,62.3,6234
245,217,37.7,3766
217,241,82.6,8262
241,217,17.4,1738
217,207,80.9,8088
207,217,19.1,1912
217,1041,64.9,6490
1041,217,35.1,3510
217,4255,79.9,7992
4255,217,20.1,2008
217,1684,61.6,6158
1684,217,38.4,3842
217,4864,60.0,6002
4864,217,40.0,3998
217,1487,72.6,7261
1487,217,27.4,2739
217,239,63.2,6325
239,217,36.8,3675
217,196,51.8,5182
196,217,48.2,4818
217,279,72.6,7259
279,217,27.4,2741
261,1520,38.4,3836
1520,261,61.6,6164
261,4383,34.4,3439
4383,261,65.6,6561
261,223,52.5,5252
223,261,47.5,4748
261,235,48.1,4815
235,261,51.8,5185
261,4728,46.9,4694
4728,261,53.1,5306
261,1037,43.7,4367
1037,261,56.3,5633
261,4363,47.7,4771
4363,261,52.3,5229
261,1690,40.2,4020
1690,261,59.8,5980
261,285,39.7,3974
285,261,60.3,6026
261,211,49.8,4982
211,261,50.2,5018
261,1719,43.3,4326
1719,261,56.7,5674
261,2037,62.8,6281
2037,261,37.2,3719
261,194,26.4,2643
194,261,73.6,7357
261,3712,37.2,3719
3712,261,62.8,6281
261,77,53.5,5350
77,261,46.5,4650
261,1687,58.2,5825
1687,261,41.8,4175
261,4256,51.4,5139
4256,261,48.6,4861
261,1479,43.4,4343
1479,261,56.6,5657
261,253,39.6,3964
253,261,60.4,6036
261,1693,20.9,2086
1693,261,79.1,7914
261,231,30.8,3080
231,261,69.2,6920
261,1728,37.8,3778
1728,261,62.2,6222
261,1535,40.7,4066
1535,261,59.3,5934
261,1002,41.0,4099
1002,261,59.0,5901
261,287,43.9,4388
287,261,56.1,5612
261,190,23.6,2358
190,261,76.4,7642
261,1172,51.5,5150
1172,261,48.5,4850
261,1492,50.7,5070
1492,261,49.3,4930
261,1696,11.2,1115
1696,261,88.8,8885
261,283,57.2,5716
283,261,42.8,4284
261,1563,34.3,3429
1563,261,65.7,6571
261,4531,48.2,4819
4531,261,51.8,5181
261,245,26.5,2651
245,261,73.5,7349
261,241,47.8,4779
241,261,52.2,5221
261,207,46.1,4613
207,261,53.9,5387
261,1041,27.8,2780
1041,261,72.2,7220
261,4255,44.4,4444
4255,261,55.6,5556
261,1684,24.5,2452
1684,261,75.5,7548
261,4864,23.9,2386
4864,261,76.1,7614
261,1487,35.0,3505
1487,261,65.0,6495
261,239,27.1,2709
239,261,72.9,7291
261,196,18.7,1866
196,261,81.3,8134
261,279,35.4,3545
279,261,64.5,6455
1520,4383,47.4,4738
4383,1520,52.6,5262
1520,223,65.0,6500
223,1520,35.0,3500
1520,235,59.3,5928
235,1520,40.7,4072
1520,4728,59.9,5986
4728,1520,40.1,4014
1520,1037,57.7,5770
1037,1520,42.3,4230
1520,4363,59.8,5981
4363,1520,40.2,4019
1520,1690,52.8,5279
1690,1520,47.2,4721
1520,285,51.4,5142
285,1520,48.6,4858
1520,211,62.9,6294
211,1520,37.1,3706
1520,1719,55.7,5568
1719,1520,44.3,4432
1520,2037,72.4,7243
2037,1520,27.6,2757
1520,194,38.0,3800
194,1520,62.0,6200
1520,3712,49.8,4979
3712,1520,50.2,5021
1520,77,65.8,6581
77,1520,34.2,3419
1520,1687,68.7,6868
1687,1520,31.3,3132
1520,4256,64.5,6446
4256,1520,35.5,3554
1520,1479,54.9,5490
1479,1520,45.1,4510
1520,253,51.8,5176
253,1520,48.2,4824
1520,1693,30.4,3041
1693,1520,69.6,6959
1520,231,42.1,4208
231,1520,57.9,5792
1520,1728,50.9,5090
1728,1520,49.1,4910
1520,1535,53.0,5302
1535,1520,47.0,4698
1520,1002,53.2,5316
1002,1520,46.8,4684
1520,287,54.7,5468
287,1520,45.3,4532
1520,190,34.2,3419
190,1520,65.8,6581
1520,1172,63.9,6389
1172,1520,36.1,3611
1520,1492,62.9,6292
1492,1520,37.1,3708
1520,1696,17.8,1777
1696,1520,82.2,8223
1520,283,69.6,6957
283,1520,30.4,3043
1520,1563,46.5,4653
1563,1520,53.5,5347
1520,4531,59.7,5965
4531,1520,40.4,4035
1520,245,37.1,3710
245,1520,62.9,6290
1520,241,60.4,6044
241,1520,39.6,3956
1520,207,58.7,5870
207,1520,41.3,4130
1520,1041,39.4,3937
1041,1520,60.6,6063
1520,4255,56.9,5687
4255,1520,43.1,4313
1520,1684,35.2,3520
1684,1520,64.8,6480
1520,4864,33.8,3380
4864,1520,66.2,6620
1520,1487,46.8,4683
1487,1520,53.2,5317
1520,239,38.5,3847
239,1520,61.5,6153
1520,196,28.6,2863
196,1520,71.4,7137
1520,279,48.2,4817
279,1520,51.8,5183
4383,223,68.5,6845
223,4383,31.6,3155
4383,235,62.6,6262
235,4383,37.4,3738
4383,4728,62.4,6244
4728,4383,37.6,3756
4383,1037,60.0,6004
1037,4383,40.0,3996
4383,4363,62.1,6213
4363,4383,37.9,3787
4383,1690,55.8,5581
1690,4383,44.2,4419
4383,285,54.7,5466
285,4383,45.3,4534
4383,211,65.3,6535
211,4383,34.6,3465
4383,1719,58.0,5800
1719,4383,42.0,4200
4383,2037,74.3,7432
2037,4383,25.7,2568
4383,194,41.1,4110
194,4383,58.9,5890
4383,3712,52.7,5270
3712,4383,47.3,4730
4383,77,67.3,6734
77,4383,32.7,3266
4383,1687,71.5,7148
1687,4383,28.5,2852
4383,4256,65.8,6581
4256,4383,34.2,3419
4383,1479,59.4,5941
1479,4383,40.6,4059
4383,253,55.1,5510
253,4383,44.9,4490
4383,1693,33.3,3333
1693,4383,66.7,6667
4383,231,46.0,4597
231,4383,54.0,5403
4383,1728,52.8,5285
1728,4383,47.1,4715
4383,1535,55.9,5587
1535,4383,44.1,4413
4383,1002,57.4,5738
1002,4383,42.6,4262
4383,287,58.0,5797
287,4383,42.0,4203
4383,190,36.9,3693
190,4383,63.1,6307
4383,1172,66.8,6683
1172,4383,33.2,3317
4383,1492,65.8,6581
1492,4383,34.2,3419
4383,1696,19.8,1979
1696,4383,80.2,8021
4383,283,71.1,7113
283,4383,28.9,2887
4383,1563,49.3,4929
1563,4383,50.7,5071
4383,4531,63.9,6394
4531,4383,36.1,3606
4383,245,41.1,4113
245,4383,58.9,5887
4383,241,63.4,6336
241,4383,36.6,3664
4383,207,62.2,6222
207,4383,37.8,3778
4383,1041,43.1,4313
1041,4383,56.9,5687
4383,4255,59.7,5970
4255,4383,40.3,4030
4383,1684,38.0,3796
1684,4383,62.0,6204
4383,4864,37.1,3712
4864,4383,62.9,6288
4383,1487,49.7,4973
1487,4383,50.3,5027
4383,239,40.2,4021
239,4383,59.8,5979
4383,196,30.1,3009
196,4383,69.9,6991
4383,279,50.8,5083
279,4383,49.2,4917
223,235,44.5,4447
235,223,55.5,5553
223,4728,44.1,4409
4728,223,55.9,5591
223,1037,41.4,4145
1037,223,58.6,5855
223,4363,44.8,4475
4363,223,55.2,5525
223,1690,38.6,3861
1690,223,61.4,6139
223,285,36.3,3631
285,223,63.7,6369
223,211,47.5,4750
211,223,52.5,5250
223,1719,40.3,4027
1719,223,59.7,5973
223,2037,58.7,5870
2037,223,41.3,4130
223,194,24.8,2475
194,223,75.2,7525
223,3712,34.6,3457
3712,223,65.4,6543
223,77,50.1,5015
77,223,49.9,4985
223,1687,54.4,5442
1687,223,45.6,4558
223,4256,48.8,4882
4256,223,51.2,5118
223,1479,40.9,4089
1479,223,59.1,5911
223,253,36.2,3617
253,223,63.8,6383
223,1693,19.1,1912
1693,223,80.9,8088
223,231,28.7,2869
231,223,71.3,7131
223,1728,35.4,3542
1728,223,64.6,6458
223,1535,37.6,3758
1535,223,62.4,6242
223,1002,38.5,3852
1002,223,61.5,6148
223,287,40.5,4047
287,223,59.5,5953
223,190,21.3,2132
190,223,78.7,7868
223,1172,49.4,4944
1172,223,50.6,5056
223,1492,48.1,4810
1492,223,51.9,5190
223,1696,9.5,952
1696,223,90.5,9048
223,283,54.0,5405
283,223,46.0,4595
223,1563,31.7,3170
1563,223,68.3,6830
223,4531,46.4,4638
4531,223,53.6,5362
223,245,24.2,2416
245,223,75.8,7584
223,241,45.6,4564
241,223,54.4,5436
223,207,42.7,4270
207,223,57.3,5730
223,1041,26.1,2614
1041,223,73.9,7386
223,4255,41.9,4187
4255,223,58.1,5813
223,1684,22.3,2232
1684,223,77.7,7768
223,4864,21.9,2186
4864,223,78.1,7814
223,1487,32.8,3276
1487,223,67.2,6724
223,239,25.0,2499
239,223,75.0,7501
223,196,16.2,1620
196,223,83.8,8380
223,279,33.1,3311
279,223,66.9,6689
235,4728,48.9,4889
4728,235,51.1,5111
235,1037,46.7,4674
1037,235,53.3,5326
235,4363,49.5,4955
4363,235,50.4,5045
235,1690,42.3,4229
1690,235,57.7,5771
235,285,41.2,4116
285,235,58.8,5884
235,211,51.5,5152
211,235,48.5,4848
235,1719,45.9,4593
1719,235,54.1,5407
235,2037,63.2,6321
2037,235,36.8,3679
235,194,28.6,2863
194,235,71.4,7137
235,3712,40.3,4033
3712,235,59.7,5967
235,77,55.3,5530
77,235,44.7,4470
235,1687,60.9,6090
1687,235,39.1,3910
235,4256,54.3,5426
4256,235,45.7,4574
235,1479,45.9,4593
1479,235,54.1,5407
235,253,40.5,4045
253,235,59.6,5955
235,1693,22.8,2280
1693,235,77.2,7720
235,231,32.6,3265
231,235,67.3,6735
235,1728,40.1,4014
1728,235,59.9,5986
235,1535,43.8,4376
1535,235,56.2,5624
235,1002,43.7,4374
1002,235,56.3,5626
235,287,45.5,4551
287,235,54.5,5449
235,190,24.8,2479
190,235,75.2,7521
235,1172,54.0,5403
1172,235,46.0,4597
235,1492,53.1,5306
1492,235,46.9,4694
235,1696,12.2,1219
1696,235,87.8,8781
235,283,58.6,5864
283,235,41.4,4136
235,1563,36.5,3655
1563,235,63.4,6345
235,4531,49.7,4973
4531,235,50.3,5027
235,245,28.5,2853
245,235,71.5,7147
235,241,51.2,5125
241,235,48.8,4875
235,207,48.9,4888
207,235,51.1,5112
235,1041,30.0,2997
1041,235,70.0,7003
235,4255,46.3,4629
4255,235,53.7,5371
235,1684,25.9,2586
1684,235,74.1,7414
235,4864,25.5,2553
4864,235,74.5,7447
235,1487,37.7,3769
1487,235,62.3,6231
235,239,28.8,2876
239,235,71.2,7124
235,196,19.5,1946
196,235,80.5,8054
235,279,38.3,3828
279,235,61.7,6172
4728,1037,48.2,4816
1037,4728,51.8,5184
4728,4363,51.7,5170
4363,4728,48.3,4830
4728,1690,43.0,4300
1690,4728,57.0,5700
4728,285,42.0,4196
285,4728,58.0,5804
4728,211,52.5,5255
211,4728,47.4,4745
4728,1719,46.3,4628
1719,4728,53.7,5372
4728,2037,64.7,6469
2037,4728,35.3,3531
4728,194,29.5,2950
194,4728,70.5,7050
4728,3712,40.1,4011
3712,4728,59.9,5989
4728,77,55.5,5550
77,4728,44.5,4450
4728,1687,59.6,5963
1687,4728,40.4,4037
4728,4256,53.5,5347
4256,4728,46.5,4653
4728,1479,46.4,4644
1479,4728,53.6,5356
4728,253,42.6,4258
253,4728,57.4,5742
4728,1693,22.8,2284
1693,4728,77.2,7716
4728,231,33.6,3360
231,4728,66.4,6640
4728,1728,41.2,4123
1728,4728,58.8,5877
4728,1535,43.1,4311
1535,4728,56.9,5689
4728,1002,44.2,4419
1002,4728,55.8,5581
4728,287,45.2,4519
287,4728,54.8,5481
4728,190,26.2,2618
190,4728,73.8,7382
4728,1172,55.9,5591
1172,4728,44.1,4409
4728,1492,53.7,5371
1492,4728,46.3,4629
4728,1696,11.6,1163
1696,4728,88.4,8837
4728,283,59.0,5903
283,4728,41.0,4097
4728,1563,36.9,3685
1563,4728,63.1,6315
4728,4531,51.7,5173
4531,4728,48.3,4827
4728,245,29.2,2918
245,4728,70.8,7082
4728,241,51.1,5110
241,4728,48.9,4890
4728,207,50.0,5002
207,4728,50.0,4998
4728,1041,30.8,3083
1041,4728,69.2,6917
4728,4255,47.4,4736
4255,4728,52.6,5264
4728,1684,27.4,2742
1684,4728,72.6,7258
4728,4864,26.7,2672
4864,4728,73.3,7328
4728,1487,38.5,3848
1487,4728,61.5,6152
4728,239,29.2,2916
239,4728,70.8,7084
4728,196,20.4,2043
196,4728,79.6,7957
4728,279,37.2,3724
279,4728,62.8,6276
1037,4363,53.5,5348
4363,1037,46.5,4652
1037,1690,45.0,4497
1690,1037,55.0,5503
1037,285,44.5,4451
285,1037,55.5,5549
1037,211,55.2,5517
211,1037,44.8,4483
1037,1719,48.0,4797
1719,1037,52.0,5203
1037,2037,66.2,6623
2037,1037,33.8,3377
1037,194,32.2,3222
194,1037,67.8,6778
1037,3712,42.5,4252
3712,1037,57.5,5748
1037,77,58.4,5838
77,1037,41.6,4162
1037,1687,62.6,6260
1687,1037,37.4,3740
1037,4256,56.4,5639
4256,1037,43.6,4361
1037,1479,49.4,4942
1479,1037,50.6,5058
1037,253,44.2,4419
253,1037,55.8,5581
1037,1693,24.8,2476
1693,1037,75.2,7524
1037,231,35.6,3562
231,1037,64.4,6438
1037,1728,42.5,4247
1728,1037,57.5,5753
1037,1535,45.6,4561
1535,1037,54.4,5439
1037,1002,46.8,4684
1002,1037,53.2,5316
1037,287,48.1,4807
287,1037,51.9,5193
1037,190,27.6,2764
190,1037,72.4,7236
1037,1172,57.1,5714
1172,1037,42.9,4286
1037,1492,57.0,5697
1492,1037,43.0,4303
1037,1696,13.4,1337
1696,1037,86.6,8663
1037,283,61.8,6179
283,1037,38.2,3821
1037,1563,39.0,3899
1563,1037,61.0,6101
1037,4531,54.2,5418
4531,1037,45.8,4582
1037,245,30.2,3023
245,1037,69.8,6977
1037,241,53.5,5350
241,1037,46.5,4650
1037,207,51.8,5182
207,1037,48.2,4818
1037,1041,32.4,3240
1041,1037,67.6,6760
1037,4255,50.4,5038
4255,1037,49.6,4962
1037,1684,29.6,2960
1684,1037,70.4,7040
1037,4864,27.7,2772
4864,1037,72.3,7228
1037,1487,40.7,4069
1487,1037,59.3,5931
1037,239,31.7,3174
239,1037,68.3,6826
1037,196,21.6,2162
196,1037,78.4,7838
1037,279,40.7,4073
279,1037,59.3,5927
4363,1690,42.8,4275
1690,4363,57.2,5725
4363,285,41.7,4173
285,4363,58.3,5827
4363,211,51.5,5155
211,4363,48.4,4845
4363,1719,45.3,4527
1719,4363,54.7,5473
4363,2037,61.7,6169
2037,4363,38.3,3831
4363,194,28.6,2861
194,4363,71.4,7139
4363,3712,39.0,3895
3712,4363,61.1,6105
4363,77,56.0,5595
77,4363,44.0,4405
4363,1687,60.2,6024
1687,4363,39.8,3976
4363,4256,52.5,5254
4256,4363,47.5,4746
4363,1479,45.9,4585
1479,4363,54.1,5415
4363,253,41.5,4148
253,4363,58.5,5852
4363,1693,21.9,2185
1693,4363,78.1,7815
4363,231,32.6,3262
231,4363,67.4,6738
4363,1728,40.4,4036
1728,4363,59.6,5964
4363,1535,43.1,4314
1535,4363,56.9,5686
4363,1002,44.5,4454
1002,4363,55.5,5546
4363,287,43.9,4393
287,4363,56.1,5607
4363,190,25.8,2583
190,4363,74.2,7417
4363,1172,53.7,5366
1172,4363,46.3,4634
4363,1492,53.3,5330
1492,4363,46.7,4670
4363,1696,11.6,1163
1696,4363,88.4,8837
4363,283,59.6,5959
283,4363,40.4,4041
4363,1563,37.4,3735
1563,4363,62.6,6265
4363,4531,50.5,5053
4531,4363,49.5,4947
4363,245,28.6,2861
245,4363,71.4,7139
4363,241,49.6,4960
241,4363,50.4,5040
4363,207,49.1,4910
207,4363,50.9,5090
4363,1041,30.0,3004
1041,4363,70.0,6996
4363,4255,46.3,4633
4255,4363,53.7,5367
4363,1684,26.7,2669
1684,4363,73.3,7331
4363,4864,26.3,2632
4864,4363,73.7,7368
4363,1487,36.3,3633
1487,4363,63.7,6367
4363,239,28.1,2809
239,4363,71.9,7191
4363,196,19.4,1940
196,4363,80.6,8060
4363,279,36.9,3691
279,4363,63.1,6309
1690,285,49.9,4991
285,1690,50.1,5009
1690,211,59.4,5936
211,1690,40.6,4064
1690,1719,52.4,5240
1719,1690,47.6,4760
1690,2037,69.9,6988
2037,1690,30.1,3012
1690,194,35.7,3573
194,1690,64.3,6427
1690,3712,45.5,4549
3712,1690,54.5,5451
1690,77,62.5,6246
77,1690,37.5,3754
1690,1687,66.4,6638
1687,1690,33.6,3362
1690,4256,59.8,5977
4256,1690,40.2,4023
1690,1479,53.6,5357
1479,1690,46.4,4643
1690,253,49.2,4917
253,1690,50.8,5083
1690,1693,28.4,2845
1693,1690,71.5,7155
1690,231,40.5,4051
231,1690,59.5,5949
1690,1728,46.8,4677
1728,1690,53.2,5323
1690,1535,50.6,5058
1535,1690,49.4,4942
1690,1002,51.4,5142
1002,1690,48.6,4858
1690,287,53.2,5320
287,1690,46.8,4680
1690,190,31.1,3110
190,1690,68.9,6890
1690,1172,61.2,6115
1172,1690,38.9,3885
1690,1492,60.2,6016
1492,1690,39.8,3984
1690,1696,16.1,1606
1696,1690,83.9,8394
1690,283,66.7,6671
283,1690,33.3,3329
1690,1563,43.1,4310
1563,1690,56.9,5690
1690,4531,57.6,5757
4531,1690,42.4,4243
1690,245,34.9,3489
245,1690,65.1,6511
1690,241,58.3,5832
241,1690,41.7,4168
1690,207,56.8,5678
207,1690,43.2,4322
1690,1041,36.5,3646
1041,1690,63.5,6354
1690,4255,54.8,5483
4255,1690,45.2,4517
1690,1684,32.5,3245
1684,1690,67.5,6755
1690,4864,31.5,3149
4864,1690,68.5,6851
1690,1487,45.0,4498
1487,1690,55.0,5502
1690,239,35.4,3538
239,1690,64.6,6462
1690,196,24.8,2478
196,1690,75.2,7522
1690,279,45.2,4522
279,1690,54.8,5478
285,211,60.1,6009
211,285,39.9,3991
285,1719,54.1,5409
1719,285,45.9,4591
285,2037,71.5,7148
2037,285,28.5,2852
285,194,36.9,3688
194,285,63.1,6312
285,3712,47.6,4764
3712,285,52.4,5236
285,77,62.8,6282
77,285,37.2,3718
285,1687,67.1,6711
1687,285,32.9,3289
285,4256,61.9,6189
4256,285,38.1,3811
285,1479,55.0,5500
1479,285,45.0,4500
285,253,50.2,5023
253,285,49.8,4977
285,1693,29.2,2918
1693,285,70.8,7082
285,231,41.3,4134
231,285,58.7,5866
285,1728,49.1,4915
1728,285,50.8,5085
285,1535,51.9,5187
1535,285,48.1,4813
285,1002,53.1,5310
1002,285,46.9,4690
285,287,53.2,5323
287,285,46.8,4677
285,190,33.5,3349
190,285,66.5,6651
285,1172,63.3,6326
1172,285,36.7,3674
285,1492,61.3,6134
1492,285,38.7,3866
285,1696,16.4,1635
1696,285,83.7,8365
285,283,67.7,6772
283,285,32.3,3228
285,1563,45.2,4519
1563,285,54.8,5481
285,4531,59.2,5922
4531,285,40.8,4078
285,245,36.3,3629
245,285,63.7,6371
285,241,58.6,5864
241,285,41.4,4136
285,207,57.6,5756
207,285,42.4,4244
285,1041,38.0,3801
1041,285,62.0,6199
285,4255,55.7,5570
4255,285,44.3,4430
285,1684,34.2,3416
1684,285,65.8,6584
285,4864,33.1,3307
4864,285,66.9,6693
285,1487,46.4,4635
1487,285,53.6,5365
285,239,37.2,3716
239,285,62.8,6284
285,196,26.4,2637
196,285,73.6,7363
285,279,46.8,4681
279,285,53.2,5319
211,1719,42.5,4252
1719,211,57.5,5748
211,2037,61.3,6132
2037,211,38.7,3868
211,194,26.8,2680
194,211,73.2,7320
211,3712,36.9,3691
3712,211,63.1,6309
211,77,52.9,5294
77,211,47.1,4706
211,1687,56.6,5665
1687,211,43.4,4335
211,4256,51.2,5120
4256,211,48.8,4880
211,1479,43.8,4378
1479,211,56.2,5622
211,253,39.4,3938
253,211,60.6,6062
211,1693,20.3,2029
1693,211,79.7,7971
211,231,31.6,3163
231,211,68.4,6837
211,1728,37.8,3781
1728,211,62.2,6219
211,1535,40.2,4015
1535,211,59.9,5985
211,1002,42.7,4274
1002,211,57.3,5726
211,287,43.3,4331
287,211,56.7,5669
211,190,23.0,2303
190,211,77.0,7697
211,1172,51.3,5128
1172,211,48.7,4872
211,1492,50.4,5041
1492,211,49.6,4959
211,1696,11.1,1109
1696,211,88.9,8891
211,283,57.3,5728
283,211,42.7,4272
211,1563,34.0,3395
1563,211,66.0,6605
211,4531,48.2,4821
4531,211,51.8,5179
211,245,27.5,2749
245,211,72.5,7251
211,241,48.3,4830
241,211,51.7,5170
211,207,45.6,4556
207,211,54.4,5444
211,1041,28.7,2874
1041,211,71.3,7126
211,4255,43.4,4338
4255,211,56.6,5662
211,1684,25.2,2518
1684,211,74.8,7482
211,4864,23.8,2385
4864,211,76.1,7615
211,1487,34.7,3470
1487,211,65.3,6530
211,239,26.7,2670
239,211,73.3,7330
211,196,18.2,1817
196,211,81.8,8183
211,279,35.4,3539
279,211,64.6,6461
1719,2037,67.6,6757
2037,1719,32.4,3243
1719,194,33.1,3310
194,1719,66.9,6690
1719,3712,44.5,4450
3712,1719,55.5,5550
1719,77,59.9,5987
77,1719,40.1,4013
1719,1687,64.5,6446
1687,1719,35.5,3554
1719,4256,59.1,5914
4256,1719,40.9,4086
1719,1479,50.0,4997
1479,1719,50.0,5003
1719,253,46.8,4681
253,1719,53.2,5319
1719,1693,25.9,2593
1693,1719,74.1,7407
1719,231,37.8,3776
231,1719,62.2,6224
1719,1728,44.8,4482
1728,1719,55.2,5518
1719,1535,47.6,4764
1535,1719,52.4,5236
1719,1002,49.0,4905
1002,1719,50.9,5095
1719,287,49.9,4985
287,1719,50.1,5015
1719,190,29.4,2937
190,1719,70.6,7063
1719,1172,59.3,5931
1172,1719,40.7,4069
1719,1492,57.7,5770
1492,1719,42.3,4230
1719,1696,13.6,1363
1696,1719,86.4,8637
1719,283,64.4,6437
283,1719,35.6,3563
1719,1563,41.1,4111
1563,1719,58.9,5889
1719,4531,55.4,5540
4531,1719,44.6,4460
1719,245,33.3,3327
245,1719,66.7,6673
1719,241,56.0,5596
241,1719,44.0,4404
1719,207,53.9,5395
207,1719,46.1,4605
1719,1041,34.2,3424
1041,1719,65.8,6576
1719,4255,51.5,5154
4255,1719,48.5,4846
1719,1684,31.1,3108
1684,1719,68.9,6892
1719,4864,29.6,2958
4864,1719,70.4,7042
1719,1487,42.5,4252
1487,1719,57.5,5748
1719,239,33.3,3332
239,1719,66.7,6668
1719,196,23.1,2311
196,1719,76.9,7689
1719,279,42.3,4228
279,1719,57.7,5772
2037,194,18.2,1816
194,2037,81.8,8184
2037,3712,26.6,2658
3712,2037,73.4,7342
2037,77,41.5,4152
77,2037,58.5,5848
2037,1687,46.8,4684
1687,2037,53.2,5316
2037,4256,40.5,4048
4256,2037,59.5,5952
2037,1479,33.0,3297
1479,2037,67.0,6703
2037,253,29.3,2929
253,2037,70.7,7071
2037,1693,13.5,1346
1693,2037,86.5,8654
2037,231,21.8,2182
231,2037,78.2,7818
2037,1728,28.0,2796
1728,2037,72.0,7204
2037,1535,30.9,3085
1535,2037,69.2,6915
2037,1002,32.0,3201
1002,2037,68.0,6799
2037,287,32.0,3196
287,2037,68.0,6804
2037,190,15.6,1560
190,2037,84.4,8440
2037,1172,40.6,4062
1172,2037,59.4,5938
2037,1492,39.8,3981
1492,2037,60.2,6019
2037,1696,6.5,646
1696,2037,93.5,9354
2037,283,45.4,4538
283,2037,54.6,5462
2037,1563,24.6,2464
1563,2037,75.4,7536
2037,4531,36.7,3669
4531,2037,63.3,6331
2037,245,18.6,1858
245,2037,81.4,8142
2037,241,36.7,3668
241,2037,63.3,6332
2037,207,37.1,3714
207,2037,62.9,6286
2037,1041,19.3,1926
1041,2037,80.7,8074
2037,4255,33.2,3322
4255,2037,66.8,6678
2037,1684,17.6,1759
1684,2037,82.4,8241
2037,4864,16.6,1660
4864,2037,83.4,8340
2037,1487,26.0,2596
1487,2037,74.0,7404
2037,239,18.4,1843
239,2037,81.6,8157
2037,196,11.6,1163
196,2037,88.4,8837
2037,279,26.1,2608
279,2037,73.9,7392
194,3712,61.4,6142
3712,194,38.6,3858
194,77,75.8,7579
77,194,24.2,2421
194,1687,79.2,7925
1687,194,20.8,2075
194,4256,74.2,7421
4256,194,25.8,2579
194,1479,67.9,6786
1479,194,32.1,3214
194,253,63.6,6357
253,194,36.4,3643
194,1693,42.6,4257
1693,194,57.4,5743
194,231,55.5,5551
231,194,44.5,4449
194,1728,62.2,6222
1728,194,37.8,3778
194,1535,65.1,6510
1535,194,34.9,3490
194,1002,66.2,6621
1002,194,33.8,3379
194,287,67.3,6728
287,194,32.7,3272
194,190,46.1,4613
190,194,53.9,5387
194,1172,75.2,7517
1172,194,24.8,2483
194,1492,73.0,7298
1492,194,27.0,2702
194,1696,27.0,2698
1696,194,73.0,7302
194,283,78.1,7815
283,194,21.9,2185
194,1563,58.1,5811
1563,194,41.9,4189
194,4531,71.6,7164
4531,194,28.4,2836
194,245,49.6,4956
245,194,50.4,5044
194,241,72.0,7198
241,194,28.0,2802
194,207,70.4,7037
207,194,29.6,2963
194,1041,51.2,5121
1041,194,48.8,4879
194,4255,68.6,6857
4255,194,31.4,3143
194,1684,46.8,4675
1684,194,53.2,5325
194,4864,46.2,4622
4864,194,53.8,5378
194,1487,59.8,5980
1487,194,40.2,4020
194,239,50.0,5000
239,194,50.0,5000
194,196,38.9,3891
196,194,61.1,6109
194,279,59.8,5977
279,194,40.2,4023
3712,77,65.7,6568
77,3712,34.3,3432
3712,1687,69.3,6931
1687,3712,30.7,3069
3712,4256,64.0,6398
4256,3712,36.0,3602
3712,1479,56.6,5664
1479,3712,43.4,4336
3712,253,52.9,5292
253,3712,47.1,4708
3712,1693,31.4,3144
1693,3712,68.6,6856
3712,231,43.5,4346
231,3712,56.5,5654
3712,1728,50.6,5061
1728,3712,49.4,4939
3712,1535,53.8,5379
1535,3712,46.2,4621
3712,1002,54.5,5449
1002,3712,45.5,4551
3712,287,56.0,5598
287,3712,44.0,4402
3712,190,34.8,3478
190,3712,65.2,6522
3712,1172,64.2,6418
1172,3712,35.8,3582
3712,1492,64.2,6420
1492,3712,35.8,3580
3712,1696,18.5,1852
1696,3712,81.5,8148
3712,283,70.0,7003
283,3712,30.0,2997
3712,1563,46.9,4693
1563,3712,53.1,5307
3712,4531,61.2,6118
4531,3712,38.8,3882
3712,245,37.9,3792
245,3712,62.1,6208
3712,241,61.3,6130
241,3712,38.7,3870
3712,207,60.1,6006
207,3712,39.9,3994
3712,1041,39.1,3911
1041,3712,60.9,6089
3712,4255,58.3,5828
4255,3712,41.7,4172
3712,1684,36.8,3677
1684,3712,63.2,6323
3712,4864,34.8,3482
4864,3712,65.2,6518
3712,1487,48.7,4871
1487,3712,51.3,5129
3712,239,38.4,3840
239,3712,61.6,6160
3712,196,27.7,2767
196,3712,72.3,7233
3712,279,48.5,4848
279,3712,51.5,5152
77,1687,54.9,5489
1687,77,45.1,4511
77,4256,49.2,4917
4256,77,50.8,5083
77,1479,40.0,3996
1479,77,60.0,6004
77,253,36.5,3647
253,77,63.5,6353
77,1693,19.2,1917
1693,77,80.8,8083
77,231,27.8,2775
231,77,72.2,7225
77,1728,34.7,3467
1728,77,65.3,6533
77,1535,37.5,3749
1535,77,62.5,6251
77,1002,39.4,3942
1002,77,60.6,6058
77,287,39.4,3943
287,77,60.6,6057
77,190,21.6,2161
190,77,78.4,7839
77,1172,49.1,4912
1172,77,50.9,5088
77,1492,48.7,4871
1492,77,51.3,5129
77,1696,9.2,917
1696,77,90.8,9083
77,283,53.7,5368
283,77,46.3,4632
77,1563,31.3,3134
1563,77,68.7,6866
77,4531,45.2,4518
4531,77,54.8,5482
77,245,23.8,2376
245,77,76.2,7624
77,241,45.4,4540
241,77,54.6,5460
77,207,43.5,4346
207,77,56.5,5654
77,1041,25.4,2543
1041,77,74.6,7457
77,4255,41.6,4160
4255,77,58.4,5840
77,1684,22.4,2235
1684,77,77.6,7765
77,4864,21.1,2106
4864,77,78.9,7894
77,1487,32.5,3249
1487,77,67.5,6751
77,239,24.4,2438
239,77,75.6,7562
77,196,16.8,1675
196,77,83.2,8325
77,279,32.8,3277
279,77,67.2,6723
1687,4256,44.7,4471
4256,1687,55.3,5529
1687,1479,36.3,3633
1479,1687,63.7,6367
1687,253,32.8,3283
253,1687,67.2,6717
1687,1693,15.1,1509
1693,1687,84.9,8491
1687,231,24.9,2492
231,1687,75.1,7508
1687,1728,30.4,3040
1728,1687,69.6,6960
1687,1535,32.7,3267
1535,1687,67.3,6733
1687,1002,33.6,3357
1002,1687,66.4,6643
1687,287,35.4,3541
287,1687,64.6,6459
1687,190,18.9,1895
190,1687,81.0,8105
1687,1172,44.6,4465
1172,1687,55.4,5535
1687,1492,44.1,4413
1492,1687,55.9,5587
1687,1696,7.5,753
1696,1687,92.5,9247
1687,283,48.6,4860
283,1687,51.4,5140
1687,1563,27.6,2759
1563,1687,72.4,7241
1687,4531,40.6,4057
4531,1687,59.4,5943
1687,245,21.1,2107
245,1687,78.9,7893
1687,241,40.9,4087
241,1687,59.1,5913
1687,207,38.8,3882
207,1687,61.2,6118
1687,1041,22.0,2204
1041,1687,78.0,7796
1687,4255,37.5,3752
4255,1687,62.5,6248
1687,1684,18.8,1880
1684,1687,81.2,8120
1687,4864,18.1,1807
4864,1687,81.9,8193
1687,1487,28.4,2836
1487,1687,71.6,7164
1687,239,19.9,1994
239,1687,80.1,8006
1687,196,13.7,1369
196,1687,86.3,8631
1687,279,29.1,2915
279,1687,70.9,7085
4256,1479,42.2,4221
1479,4256,57.8,5779
4256,253,37.9,3794
253,4256,62.1,6206
4256,1693,19.4,1941
1693,4256,80.6,8059
4256,231,29.2,2921
231,4256,70.8,7079
4256,1728,36.2,3622
1728,4256,63.8,6378
4256,1535,39.6,3956
1535,4256,60.4,6044
4256,1002,39.6,3958
1002,4256,60.4,6042
4256,287,41.8,4177
287,4256,58.2,5823
4256,190,22.8,2281
190,4256,77.2,7719
4256,1172,50.5,5051
1172,4256,49.5,4949
4256,1492,49.2,4924
1492,4256,50.8,5076
4256,1696,10.1,1007
1696,4256,89.9,8993
4256,283,55.7,5570
283,4256,44.3,4430
4256,1563,33.6,3364
1563,4256,66.4,6636
4256,4531,46.6,4663
4531,4256,53.4,5337
4256,245,25.3,2529
245,4256,74.7,7471
4256,241,47.1,4715
241,4256,52.8,5285
4256,207,45.2,4523
207,4256,54.8,5477
4256,1041,27.0,2703
1041,4256,73.0,7297
4256,4255,43.1,4313
4255,4256,56.9,5687
4256,1684,23.5,2347
1684,4256,76.5,7653
4256,4864,22.3,2231
4864,4256,77.7,7769
4256,1487,33.7,3371
1487,4256,66.3,6629
4256,239,25.1,2511
239,4256,74.9,7489
4256,196,17.7,1771
196,4256,82.3,8229
4256,279,33.8,3381
279,4256,66.2,6619
1479,253,46.1,4606
253,1479,53.9,5394
1479,1693,26.5,2646
1693,1479,73.5,7354
1479,231,36.4,3640
231,1479,63.6,6360
1479,1728,43.9,4389
1728,1479,56.1,5611
1479,1535,47.8,4784
1535,1479,52.2,5216
1479,1002,47.9,4789
1002,1479,52.1,5211
1479,287,49.0,4896
287,1479,51.0,5104
1479,190,28.9,2886
190,1479,71.1,7114
1479,1172,57.8,5779
1172,1479,42.2,4221
1479,1492,58.1,5811
1492,1479,41.9,4189
1479,1696,14.6,1460
1696,1479,85.4,8540
1479,283,63.4,6340
283,1479,36.6,3660
1479,1563,40.3,4034
1563,1479,59.7,5966
1479,4531,54.5,5452
4531,1479,45.5,4548
1479,245,32.0,3200
245,1479,68.0,6800
1479,241,55.1,5509
241,1479,44.9,4491
1479,207,53.3,5332
207,1479,46.7,4668
1479,1041,34.4,3438
1041,1479,65.6,6562
1479,4255,50.5,5052
4255,1479,49.5,4948
1479,1684,29.3,2929
1684,1479,70.7,7071
1479,4864,28.7,2866
4864,1479,71.3,7134
1479,1487,41.5,4149
1487,1479,58.5,5851
1479,239,32.8,3276
239,1479,67.2,6724
1479,196,23.1,2313
196,1479,76.9,7687
1479,279,41.7,4169
279,1479,58.3,5831
253,1693,29.8,2978
1693,253,70.2,7022
253,231,40.9,4090
231,253,59.1,5910
253,1728,48.7,4869
1728,253,51.3,5131
253,1535,52.3,5228
1535,253,47.7,4772
253,1002,51.6,5163
1002,253,48.4,4837
253,287,52.7,5272
287,253,47.3,4728
253,190,32.3,3230
190,253,67.7,6770
253,1172,61.8,6179
1172,253,38.2,3821
253,1492,61.9,6185
1492,253,38.1,3815
253,1696,16.1,1609
1696,253,83.9,8391
253,283,67.4,6740
283,253,32.6,3260
253,1563,44.5,4455
1563,253,55.5,5545
253,4531,59.3,5930
4531,253,40.7,4070
253,245,36.2,3617
245,253,63.8,6383
253,241,59.0,5899
241,253,41.0,4101
253,207,57.3,5726
207,253,42.7,4274
253,1041,38.8,3875
1041,253,61.3,6125
253,4255,55.7,5573
4255,253,44.3,4427
253,1684,33.3,3328
1684,253,66.7,6672
253,4864,32.7,3270
4864,253,67.3,6730
253,1487,45.2,4519
1487,253,54.8,5481
253,239,35.4,3542
239,253,64.6,6458
253,196,25.9,2585
196,253,74.2,7415
253,279,46.1,4606
279,253,53.9,5394
1693,231,63.0,6305
231,1693,37.0,3695
1693,1728,69.3,6931
1728,1693,30.7,3069
1693,1535,71.4,7143
1535,1693,28.6,2857
1693,1002,73.2,7319
1002,1693,26.8,2681
1693,287,73.1,7310
287,1693,26.9,2690
1693,190,53.4,5342
190,1693,46.6,4658
1693,1172,81.2,8122
1172,1693,18.8,1878
1693,1492,80.7,8066
1492,1693,19.3,1934
1693,1696,33.7,3373
1696,1693,66.3,6627
1693,283,84.7,8474
283,1693,15.3,1526
1693,1563,66.4,6637
1563,1693,33.6,3363
1693,4531,78.4,7836
4531,1693,21.6,2164
1693,245,58.3,5833
245,1693,41.7,4167
1693,241,78.0,7802
241,1693,22.0,2198
1693,207,76.8,7684
207,1693,23.2,2316
1693,1041,60.0,6000
1041,1693,40.0,4000
1693,4255,75.3,7533
4255,1693,24.7,2467
1693,1684,55.5,5545
1684,1693,44.5,4455
1693,4864,53.9,5390
4864,1693,46.1,4610
1693,1487,66.5,6650
1487,1693,33.5,3350
1693,239,57.1,5710
239,1693,42.9,4290
1693,196,46.3,4628
196,1693,53.7,5372
1693,279,67.7,6774
279,1693,32.3,3226
231,1728,57.1,5710
1728,231,42.9,4290
231,1535,60.1,6014
1535,231,39.9,3986
231,1002,62.1,6213
1002,231,37.9,3787
231,287,63.4,6337
287,231,36.6,3663
231,190,41.7,4173
190,231,58.3,5827
231,1172,71.1,7107
1172,231,28.9,2893
231,1492,69.8,6981
1492,231,30.2,3019
231,1696,23.6,2359
1696,231,76.4,7641
231,283,74.8,7477
283,231,25.2,2523
231,1563,53.4,5336
1563,231,46.6,4664
231,4531,67.2,6717
4531,231,32.8,3283
231,245,44.3,4434
245,231,55.7,5566
231,241,66.8,6685
241,231,33.1,3315
231,207,66.9,6687
207,231,33.1,3313
231,1041,47.5,4751
1041,231,52.5,5249
231,4255,63.7,6374
4255,231,36.3,3626
231,1684,42.4,4239
1684,231,57.6,5761
231,4864,41.4,4137
4864,231,58.6,5863
231,1487,54.1,5407
1487,231,45.9,4593
231,239,44.1,4412
239,231,55.9,5588
231,196,34.7,3472
196,231,65.3,6528
231,279,55.4,5542
279,231,44.6,4458
1728,1535,52.4,5245
1535,1728,47.5,4755
1728,1002,54.3,5431
1002,1728,45.7,4569
1728,287,55.2,5516
287,1728,44.8,4484
1728,190,32.6,3258
190,1728,67.4,6742
1728,1172,63.2,6322
1172,1728,36.8,3678
1728,1492,63.1,6309
1492,1728,36.9,3691
1728,1696,18.0,1797
1696,1728,82.0,8203
1728,283,67.8,6784
283,1728,32.2,3216
1728,1563,45.9,4592
1563,1728,54.1,5408
1728,4531,59.6,5959
4531,1728,40.4,4041
1728,245,37.2,3717
245,1728,62.8,6283
1728,241,60.1,6012
241,1728,39.9,3988
1728,207,58.5,5851
207,1728,41.5,4149
1728,1041,38.3,3826
1041,1728,61.7,6174
1728,4255,56.6,5657
4255,1728,43.4,4343
1728,1684,35.1,3512
1684,1728,64.9,6488
1728,4864,34.9,3494
4864,1728,65.1,6506
1728,1487,47.5,4746
1487,1728,52.5,5254
1728,239,37.9,3789
239,1728,62.1,6211
1728,196,27.1,2707
196,1728,72.9,7293
1728,279,47.5,4746
279,1728,52.5,5254
1535,1002,51.5,5152
1002,1535,48.5,4848
1535,287,52.9,5288
287,1535,47.1,4712
1535,190,31.4,3141
190,1535,68.6,6859
1535,1172,61.3,6129
1172,1535,38.7,3871
1535,1492,60.3,6026
1492,1535,39.7,3974
1535,1696,15.8,1580
1696,1535,84.2,8420
1535,283,65.2,6516
283,1535,34.8,3484
1535,1563,43.5,4345
1563,1535,56.5,5655
1535,4531,57.9,5789
4531,1535,42.1,4211
1535,245,35.1,3514
245,1535,64.9,6486
1535,241,58.1,5807
241,1535,41.9,4193
1535,207,55.6,5558
207,1535,44.4,4442
1535,1041,36.0,3602
1041,1535,64.0,6398
1535,4255,54.2,5416
4255,1535,45.8,4584
1535,1684,32.2,3219
1684,1535,67.8,6781
1535,4864,32.3,3231
4864,1535,67.7,6769
1535,1487,44.0,4400
1487,1535,56.0,5600
1535,239,34.4,3440
239,1535,65.6,6560
1535,196,24.4,2437
196,1535,75.6,7563
1535,279,44.9,4493
279,1535,55.1,5507
1002,287,51.0,5097
287,1002,49.0,4903
1002,190,30.7,3068
190,1002,69.3,6932
1002,1172,60.1,6010
1172,1002,39.9,3990
1002,1492,59.3,5931
1492,1002,40.7,4069
1002,1696,15.5,1549
1696,1002,84.5,8451
1002,283,64.4,6444
283,1002,35.6,3556
1002,1563,41.6,4163
1563,1002,58.4,5837
1002,4531,56.6,5665
4531,1002,43.4,4335
1002,245,33.5,3353
245,1002,66.5,6647
1002,241,56.9,5689
241,1002,43.1,4311
1002,207,54.5,5455
207,1002,45.5,4545
1002,1041,35.1,3509
1041,1002,64.9,6491
1002,4255,53.7,5369
4255,1002,46.3,4631
1002,1684,31.2,3120
1684,1002,68.8,6880
1002,4864,30.3,3033
4864,1002,69.7,6967
1002,1487,43.5,4351
1487,1002,56.5,5649
1002,239,33.8,3379
239,1002,66.2,6621
1002,196,24.2,2425
196,1002,75.8,7575
1002,279,43.9,4394
279,1002,56.1,5606
287,190,29.3,2927
190,287,70.7,7073
287,1172,58.9,5887
1172,287,41.1,4113
287,1492,58.1,5805
1492,287,41.9,4195
287,1696,14.7,1472
1696,287,85.3,8528
287,283,63.1,6310
283,287,36.9,3690
287,1563,41.9,4192
1563,287,58.1,5808
287,4531,56.2,5622
4531,287,43.8,4378
287,245,32.5,3251
245,287,67.5,6749
287,241,56.0,5604
241,287,44.0,4396
287,207,54.4,5442
207,287,45.6,4558
287,1041,34.0,3399
1041,287,66.0,6601
287,4255,51.8,5179
4255,287,48.2,4821
287,1684,30.4,3039
1684,287,69.6,6961
287,4864,29.8,2985
4864,287,70.2,7015
287,1487,40.9,4090
1487,287,59.1,5910
287,239,33.4,3336
239,287,66.6,6664
287,196,23.5,2350
196,287,76.5,7650
287,279,42.0,4196
279,287,58.0,5804
190,1172,77.3,7727
1172,190,22.7,2273
190,1492,76.8,7684
1492,190,23.2,2316
190,1696,30.4,3041
1696,190,69.6,6959
190,283,81.2,8116
283,190,18.8,1884
190,1563,62.7,6270
1563,190,37.3,3730
190,4531,75.4,7543
4531,190,24.6,2457
190,245,54.2,5423
245,190,45.8,4577
190,241,74.7,7472
241,190,25.3,2528
190,207,74.3,7426
207,190,25.7,2574
190,1041,54.8,5483
1041,190,45.2,4517
190,4255,72.1,7211
4255,190,27.9,2789
190,1684,50.9,5095
1684,190,49.0,4905
190,4864,50.5,5048
4864,190,49.5,4952
190,1487,63.3,6331
1487,190,36.7,3669
190,239,53.6,5357
239,190,46.4,4643
190,196,43.1,4311
196,190,56.9,5689
190,279,64.2,6424
279,190,35.8,3576
1172,1492,48.8,4877
1492,1172,51.2,5123
1172,1696,9.9,994
1696,1172,90.1,9006
1172,283,55.4,5536
283,1172,44.6,4464
1172,1563,32.7,3274
1563,1172,67.3,6726
1172,4531,45.6,4559
4531,1172,54.4,5441
1172,245,25.5,2553
245,1172,74.5,7447
1172,241,47.0,4703
241,1172,53.0,5297
1172,207,44.9,4491
207,1172,55.1,5509
1172,1041,26.5,2649
1041,1172,73.5,7351
1172,4255,44.2,4418
4255,1172,55.8,5582
1172,1684,23.2,2316
1684,1172,76.8,7684
1172,4864,22.9,2286
4864,1172,77.1,7714
1172,1487,32.8,3282
1487,1172,67.2,6718
1172,239,24.0,2396
239,1172,76.0,7604
1172,196,16.6,1664
196,1172,83.4,8336
1172,279,33.5,3345
279,1172,66.5,6655
1492,1696,10.5,1053
1696,1492,89.5,8947
1492,283,55.7,5570
283,1492,44.3,4430
1492,1563,32.8,3283
1563,1492,67.2,6717
1492,4531,47.2,4725
4531,1492,52.8,5275
1492,245,25.4,2539
245,1492,74.6,7461
1492,241,47.9,4789
241,1492,52.1,5211
1492,207,46.5,4651
207,1492,53.5,5349
1492,1041,27.2,2718
1041,1492,72.8,7282
1492,4255,43.5,4349
4255,1492,56.5,5651
1492,1684,24.4,2436
1684,1492,75.6,7564
1492,4864,22.6,2264
4864,1492,77.4,7736
1492,1487,34.5,3447
1487,1492,65.5,6553
1492,239,24.8,2478
239,1492,75.2,7522
1492,196,17.7,1774
196,1492,82.3,8226
1492,279,35.0,3504
279,1492,65.0,6496
1696,283,91.8,9175
283,1696,8.2,825
1696,1563,79.3,7934
1563,1696,20.7,2066
1696,4531,89.0,8898
4531,1696,11.0,1102
1696,245,73.0,7296
245,1696,27.0,2704
1696,241,88.8,8877
241,1696,11.2,1123
1696,207,88.0,8802
207,1696,12.0,1198
1696,1041,75.6,7559
1041,1696,24.4,2441
1696,4255,86.5,8648
4255,1696,13.5,1352
1696,1684,71.0,7095
1684,1696,29.0,2905
1696,4864,70.2,7016
4864,1696,29.8,2984
1696,1487,79.7,7965
1487,1696,20.3,2035
1696,239,73.4,7335
239,1696,26.7,2665
1696,196,62.8,6284
196,1696,37.2,3716
1696,279,80.7,8073
279,1696,19.3,1927
283,1563,27.5,2754
1563,283,72.5,7246
283,4531,40.8,4083
4531,283,59.2,5917
283,245,21.4,2139
245,283,78.6,7861
283,241,41.1,4115
241,283,58.9,5885
283,207,39.7,3969
207,283,60.3,6031
283,1041,22.1,2207
1041,283,77.9,7793
283,4255,37.6,3758
4255,283,62.4,6242
283,1684,19.4,1942
1684,283,80.6,8058
283,4864,18.7,1874
4864,283,81.3,8126
283,1487,29.2,2916
1487,283,70.8,7084
283,239,21.4,2142
239,283,78.6,7858
283,196,14.0,1397
196,283,86.0,8603
283,279,30.4,3042
279,283,69.6,6958
1563,4531,63.2,6323
4531,1563,36.8,3677
1563,245,40.4,4044
245,1563,59.6,5956
1563,241,64.2,6418
241,1563,35.8,3582
1563,207,62.9,6291
207,1563,37.1,3709
1563,1041,43.5,4352
1041,1563,56.5,5648
1563,4255,60.3,6033
4255,1563,39.7,3967
1563,1684,39.0,3904
1684,1563,61.0,6096
1563,4864,37.8,3780
4864,1563,62.2,6220
1563,1487,51.3,5135
1487,1563,48.6,4865
1563,239,41.2,4123
239,1563,58.8,5877
1563,196,30.7,3067
196,1563,69.3,6933
1563,279,51.0,5105
279,1563,48.9,4895
4531,245,27.9,2792
245,4531,72.1,7208
4531,241,50.8,5078
241,4531,49.2,4922
4531,207,47.8,4782
207,4531,52.2,5218
4531,1041,29.9,2987
1041,4531,70.1,7013
4531,4255,46.0,4597
4255,4531,54.0,5403
4531,1684,25.7,2566
1684,4531,74.3,7434
4531,4864,25.3,2529
4864,4531,74.7,7471
4531,1487,37.5,3746
1487,4531,62.5,6254
4531,239,27.8,2779
239,4531,72.2,7221
4531,196,18.7,1867
196,4531,81.3,8133
4531,279,38.4,3842
279,4531,61.6,6158
245,241,71.4,7142
241,245,28.6,2858
245,207,70.2,7025
207,245,29.8,2975
245,1041,51.9,5192
1041,245,48.1,4808
245,4255,68.4,6840
4255,245,31.6,3160
245,1684,46.9,4692
1684,245,53.1,5308
245,4864,46.4,4635
4864,245,53.6,5365
245,1487,59.8,5977
1487,245,40.2,4023
245,239,49.3,4929
239,245,50.7,5071
245,196,38.3,3831
196,245,61.7,6169
245,279,60.5,6048
279,245,39.5,3952
241,207,48.3,4827
207,241,51.7,5173
241,1041,29.8,2983
1041,241,70.2,7017
241,4255,46.3,4628
4255,241,53.7,5372
241,1684,26.1,2606
1684,241,73.9,7394
241,4864,25.6,2557
4864,241,74.4,7443
241,1487,37.4,3735
1487,241,62.6,6265
241,239,28.2,2820
239,241,71.8,7180
241,196,19.1,1907
196,241,80.9,8093
241,279,38.2,3820
279,241,61.8,6180
207,1041,31.6,3155
1041,207,68.5,6845
207,4255,47.7,4768
4255,207,52.3,5232
207,1684,27.4,2736
1684,207,72.6,7264
207,4864,27.1,2706
4864,207,72.9,7294
207,1487,39.0,3897
1487,207,61.0,6103
207,239,30.1,3012
239,207,69.9,6988
207,196,20.4,2037
196,207,79.6,7963
207,279,40.0,3997
279,207,60.0,6003
1041,4255,66.6,6661
4255,1041,33.4,3339
1041,1684,46.7,4670
1684,1041,53.3,5330
1041,4864,45.7,4566
4864,1041,54.3,5434
1041,1487,57.6,5761
1487,1041,42.4,4239
1041,239,48.0,4805
239,1041,51.9,5195
1041,196,37.3,3729
196,1041,62.7,6271
1041,279,58.0,5803
279,1041,42.0,4197
4255,1684,29.0,2904
1684,4255,71.0,7096
4255,4864,28.9,2893
4864,4255,71.1,7107
4255,1487,40.8,4081
1487,4255,59.2,5919
4255,239,31.2,3123
239,4255,68.8,6877
4255,196,21.5,2151
196,4255,78.5,7849
4255,279,40.6,4058
279,4255,59.4,5942
1684,4864,49.0,4904
4864,1684,51.0,5096
1684,1487,62.2,6224
1487,1684,37.8,3776
1684,239,52.2,5221
239,1684,47.8,4779
1684,196,41.0,4097
196,1684,59.0,5903
1684,279,62.8,6280
279,1684,37.2,3720
4864,1487,63.1,6310
1487,4864,36.9,3690
4864,239,53.2,5320
239,4864,46.8,4680
4864,196,42.7,4269
196,4864,57.3,5731
4864,279,64.4,6442
279,4864,35.6,3558
1487,239,40.2,4015
239,1487,59.9,5985
1487,196,29.8,2981
196,1487,70.2,7019
1487,279,50.7,5066
279,1487,49.3,4934
239,196,39.0,3904
196,239,61.0,6096
239,279,59.8,5975
279,239,40.2,4025
196,279,69.9,6992
279,196,30.1,3008
