player_1,player_2,win_percent,wins_of_10000
Zach Bauchou,Christiaan Bezuidenhout,47.2,4721
Zach Bauchou,Daniel Berger,57.6,5762
Zach Bauchou,Zac Blair,45.9,4593
Zach Bauchou,Chandler Blanchet,59.0,5902
Zach Bauchou,Keegan Bradley,43.3,4327
Zach Bauchou,Michael Brennan,49.8,4979
Zach Bauchou,Brian Campbell,61.9,6191
Zach Bauchou,Rafael Campos,62.0,6196
Zach Bauchou,Ricky Castillo,51.3,5130
Zach Bauchou,Bud Cauley,40.3,4032
Zach Bauchou,Davis Chatfield,55.9,5586
Zach Bauchou,Luke Clanton,53.6,5363
Zach Bauchou,Eric Cole,49.7,4967
Zach Bauchou,Pierceson Coody,59.5,5951
Zach Bauchou,Joel Dahmen,50.9,5092
Zach Bauchou,Cam Davis,70.0,7002
Zach Bauchou,Jason Day,56.0,5596
Zach Bauchou,Zecheng Dou,57.7,5774
Zach Bauchou,Adrien Dumont de Chassart,57.8,5776
Zach Bauchou,Nick Dunlap,61.6,6160
Zach Bauchou,Nico Echavarria,51.0,5098
Zach Bauchou,Austin Eckroat,58.0,5796
Zach Bauchou,Harris English,46.5,4653
Zach Bauchou,Tony Finau,53.3,5328
Zach Bauchou,Patrick Fishburn,51.9,5187
Zach Bauchou,Steven Fisk,60.3,6026
Zach Bauchou,Alex Fitzpatrick,36.0,3599
Zach Bauchou,Brice Garnett,57.5,5747
Zach Bauchou,Ryan Gerard,42.6,4256
Zach Bauchou,Doug Ghim,42.6,4258
Zach Bauchou,Lucas Glover,51.3,5133
Zach Bauchou,Max Greyserman,58.1,5809
Zach Bauchou,Ben Griffin,39.0,3902
Zach Bauchou,Lanto Griffin,58.1,5809
Zach Bauchou,Emiliano Grillo,44.7,4471
Zach Bauchou,Harry Hall,57.6,5757
Zach Bauchou,Brian Harman,46.4,4638
Zach Bauchou,Garrick Higgo,65.7,6567
Zach Bauchou,Joe Highsmith,63.5,6349
Zach Bauchou,Kensei Hirata,66.5,6650
Zach Bauchou,Ryo Hisatsune,47.7,4770
Zach Bauchou,Lee Hodges,50.9,5093
Zach Bauchou,Rico Hoey,51.2,5121
Zach Bauchou,Tom Hoge,53.3,5334
Zach Bauchou,Rasmus Hojgaard,58.9,5894
Zach Bauchou,Billy Horschel,53.1,5306
Zach Bauchou,Beau Hossler,50.9,5086
Zach Bauchou,Mark Hubbard,52.4,5245
Zach Bauchou,Mackenzie Hughes,51.6,5160
Zach Bauchou,Sungjae Im,51.2,5119
Zach Bauchou,Stephan Jaeger,58.0,5800
Zach Bauchou,Ben James,46.9,4691
Zach Bauchou,Takumi Kanaya,57.0,5698
Zach Bauchou,Jeffrey Kang,57.2,5723
Zach Bauchou,Johnny Keefer,49.7,4971
Zach Bauchou,Michael Kim,50.1,5008
Zach Bauchou,Tom Kim,36.3,3627
Zach Bauchou,Chris Kirk,49.4,4938
Zach Bauchou,Patton Kizzire,79.5,7945
Zach Bauchou,Brooks Koepka,48.1,4806
Zach Bauchou,Ben Kohles,41.2,4116
Zach Bauchou,Jackson Koivun,39.7,3974
Zach Bauchou,Matt Kuchar,48.9,4892
Zach Bauchou,Christo Lamprecht,81.7,8168
Zach Bauchou,Hank Lebioda,58.5,5846
Zach Bauchou,Haotong Li,67.2,6717
Zach Bauchou,David Lipsky,55.0,5502
Zach Bauchou,Luke List,56.8,5682
Zach Bauchou,Justin Lower,59.2,5924
Zach Bauchou,Peter Malnati,71.6,7163
Zach Bauchou,Hideki Matsuyama,41.0,4102
Zach Bauchou,Denny McCarthy,53.1,5314
Zach Bauchou,Matt McCarty,56.4,5636
Zach Bauchou,Max McGreevy,49.4,4937
Zach Bauchou,Maverick McNealy,47.7,4770
Zach Bauchou,Mac Meissner,47.5,4748
Zach Bauchou,Keith Mitchell,47.0,4699
Zach Bauchou,Taylor Moore,57.0,5697
Zach Bauchou,William Mouw,50.3,5028
Zach Bauchou,Rasmus Neergaard-Petersen,50.5,5048
Zach Bauchou,Alex Noren,52.2,5220
Zach Bauchou,Andrew Novak,50.9,5089
Zach Bauchou,Pontus Nyholm,63.3,6332
Zach Bauchou,Thorbjorn Olesen,61.2,6125
Zach Bauchou,John Parry,53.2,5316
Zach Bauchou,Matthieu Pavon,56.8,5682
Zach Bauchou,Taylor Pendrith,57.0,5705
Zach Bauchou,Marco Penge,48.5,4850
Zach Bauchou,Chandler Phillips,52.2,5221
Zach Bauchou,J.T. Poston,46.8,4680
Zach Bauchou,Aldrich Potgieter,59.5,5955
Zach Bauchou,Seamus Power,60.8,6076
Zach Bauchou,Andrew Putnam,53.3,5331
Zach Bauchou,Aaron Rai,39.3,3925
Zach Bauchou,Chad Ramey,67.2,6718
Zach Bauchou,Davis Riley,65.7,6567
Zach Bauchou,Patrick Rodgers,66.7,6674
Zach Bauchou,Kevin Roy,57.0,5698
Zach Bauchou,Marcelo Rozo,62.9,6293
Zach Bauchou,Adrien Saddier,59.1,5905
Zach Bauchou,Gordon Sargent,65.8,6577
Zach Bauchou,Adam Schenk,67.9,6791
Zach Bauchou,Matti Schmid,60.9,6093
Zach Bauchou,Ben Silverman,57.0,5704
Zach Bauchou,Webb Simpson,69.2,6922
Zach Bauchou,Alex Smalley,50.0,4999
Zach Bauchou,Jordan Smith,45.5,4546
Zach Bauchou,Austin Smotherman,61.0,6097
Zach Bauchou,Brandt Snedeker,53.6,5362
Zach Bauchou,Jordan Spieth,54.9,5495
Zach Bauchou,Sam Stevens,56.3,5627
Zach Bauchou,Sepp Straka,58.6,5856
Zach Bauchou,Kevin Streelman,56.4,5644
Zach Bauchou,Jackson Suber,45.1,4513
Zach Bauchou,Adam Svensson,62.1,6209
Zach Bauchou,Jesper Svensson,56.0,5602
Zach Bauchou,Nick Taylor,51.3,5126
Zach Bauchou,Sahith Theegala,50.0,5004
Zach Bauchou,Justin Thomas,37.4,3738
Zach Bauchou,Davis Thompson,49.4,4937
Zach Bauchou,Alejandro Tosti,68.6,6862
Zach Bauchou,Erik van Rooyen,55.4,5539
Zach Bauchou,John VanDerLaan,61.5,6148
Zach Bauchou,Karl Vilips,62.1,6211
Zach Bauchou,Camilo Villegas,59.7,5974
Zach Bauchou,Danny Walker,73.4,7338
Zach Bauchou,Matt Wallace,44.4,4438
Zach Bauchou,Vince Whaley,66.1,6611
Zach Bauchou,Aaron Wise,52.4,5240
Zach Bauchou,Dylan Wu,62.1,6205
Zach Bauchou,Cameron Young,34.0,3397
Zach Bauchou,Kevin Yu,47.7,4766
Christiaan Bezuidenhout,Zach Bauchou,52.8,5279
Christiaan Bezuidenhout,Daniel Berger,60.3,6034
Christiaan Bezuidenhout,Zac Blair,48.7,4872
Christiaan Bezuidenhout,Chandler Blanchet,61.7,6172
Christiaan Bezuidenhout,Keegan Bradley,46.0,4604
Christiaan Bezuidenhout,Michael Brennan,52.6,5258
Christiaan Bezuidenhout,Brian Campbell,64.5,6455
Christiaan Bezuidenhout,Rafael Campos,64.6,6460
Christiaan Bezuidenhout,Ricky Castillo,54.1,5409
Christiaan Bezuidenhout,Bud Cauley,43.1,4305
Christiaan Bezuidenhout,Davis Chatfield,58.6,5861
Christiaan Bezuidenhout,Luke Clanton,56.4,5640
Christiaan Bezuidenhout,Eric Cole,52.5,5246
Christiaan Bezuidenhout,Pierceson Coody,62.2,6220
Christiaan Bezuidenhout,Joel Dahmen,53.7,5372
Christiaan Bezuidenhout,Cam Davis,72.4,7241
Christiaan Bezuidenhout,Jason Day,58.7,5871
Christiaan Bezuidenhout,Zecheng Dou,60.5,6047
Christiaan Bezuidenhout,Adrien Dumont de Chassart,60.5,6048
Christiaan Bezuidenhout,Nick Dunlap,64.2,6425
Christiaan Bezuidenhout,Nico Echavarria,53.8,5377
Christiaan Bezuidenhout,Austin Eckroat,60.7,6068
Christiaan Bezuidenhout,Harris English,49.3,4932
Christiaan Bezuidenhout,Tony Finau,56.1,5606
Christiaan Bezuidenhout,Patrick Fishburn,54.7,5466
Christiaan Bezuidenhout,Steven Fisk,62.9,6294
Christiaan Bezuidenhout,Alex Fitzpatrick,38.6,3865
Christiaan Bezuidenhout,Brice Garnett,60.2,6019
Christiaan Bezuidenhout,Ryan Gerard,45.3,4532
Christiaan Bezuidenhout,Doug Ghim,45.3,4534
Christiaan Bezuidenhout,Lucas Glover,54.1,5412
Christiaan Bezuidenhout,Max Greyserman,60.8,6081
Christiaan Bezuidenhout,Ben Griffin,41.7,4174
Christiaan Bezuidenhout,Lanto Griffin,60.8,6081
Christiaan Bezuidenhout,Emiliano Grillo,47.5,4750
Christiaan Bezuidenhout,Harry Hall,60.3,6029
Christiaan Bezuidenhout,Brian Harman,49.2,4918
Christiaan Bezuidenhout,Garrick Higgo,68.2,6821
Christiaan Bezuidenhout,Joe Highsmith,66.1,6609
Christiaan Bezuidenhout,Kensei Hirata,69.0,6901
Christiaan Bezuidenhout,Ryo Hisatsune,50.5,5050
Christiaan Bezuidenhout,Lee Hodges,53.7,5372
Christiaan Bezuidenhout,Rico Hoey,54.0,5400
Christiaan Bezuidenhout,Tom Hoge,56.1,5612
Christiaan Bezuidenhout,Rasmus Hojgaard,61.6,6164
Christiaan Bezuidenhout,Billy Horschel,55.8,5584
Christiaan Bezuidenhout,Beau Hossler,53.7,5365
Christiaan Bezuidenhout,Mark Hubbard,55.2,5523
Christiaan Bezuidenhout,Mackenzie Hughes,54.4,5439
Christiaan Bezuidenhout,Sungjae Im,54.0,5398
Christiaan Bezuidenhout,Stephan Jaeger,60.7,6072
Christiaan Bezuidenhout,Ben James,49.7,4970
Christiaan Bezuidenhout,Takumi Kanaya,59.7,5972
Christiaan Bezuidenhout,Jeffrey Kang,60.0,5996
Christiaan Bezuidenhout,Johnny Keefer,52.5,5250
Christiaan Bezuidenhout,Michael Kim,52.9,5288
Christiaan Bezuidenhout,Tom Kim,38.9,3893
Christiaan Bezuidenhout,Chris Kirk,52.2,5217
Christiaan Bezuidenhout,Patton Kizzire,81.4,8139
Christiaan Bezuidenhout,Brooks Koepka,50.9,5085
Christiaan Bezuidenhout,Ben Kohles,43.9,4391
Christiaan Bezuidenhout,Jackson Koivun,42.5,4247
Christiaan Bezuidenhout,Matt Kuchar,51.7,5171
Christiaan Bezuidenhout,Christo Lamprecht,83.5,8348
Christiaan Bezuidenhout,Hank Lebioda,61.2,6117
Christiaan Bezuidenhout,Haotong Li,69.7,6966
Christiaan Bezuidenhout,David Lipsky,57.8,5778
Christiaan Bezuidenhout,Luke List,59.6,5956
Christiaan Bezuidenhout,Justin Lower,61.9,6194
Christiaan Bezuidenhout,Peter Malnati,74.0,7396
Christiaan Bezuidenhout,Hideki Matsuyama,43.8,4377
Christiaan Bezuidenhout,Denny McCarthy,55.9,5592
Christiaan Bezuidenhout,Matt McCarty,59.1,5910
Christiaan Bezuidenhout,Max McGreevy,52.2,5217
Christiaan Bezuidenhout,Maverick McNealy,50.5,5050
Christiaan Bezuidenhout,Mac Meissner,50.3,5028
Christiaan Bezuidenhout,Keith Mitchell,49.8,4978
Christiaan Bezuidenhout,Taylor Moore,59.7,5971
Christiaan Bezuidenhout,William Mouw,53.1,5307
Christiaan Bezuidenhout,Rasmus Neergaard-Petersen,53.3,5327
Christiaan Bezuidenhout,Alex Noren,55.0,5498
Christiaan Bezuidenhout,Andrew Novak,53.7,5368
Christiaan Bezuidenhout,Pontus Nyholm,65.9,6593
Christiaan Bezuidenhout,Thorbjorn Olesen,63.9,6390
Christiaan Bezuidenhout,John Parry,55.9,5594
Christiaan Bezuidenhout,Matthieu Pavon,59.6,5956
Christiaan Bezuidenhout,Taylor Pendrith,59.8,5978
Christiaan Bezuidenhout,Marco Penge,51.3,5130
Christiaan Bezuidenhout,Chandler Phillips,55.0,5500
Christiaan Bezuidenhout,J.T. Poston,49.6,4960
Christiaan Bezuidenhout,Aldrich Potgieter,62.2,6224
Christiaan Bezuidenhout,Seamus Power,63.4,6342
Christiaan Bezuidenhout,Andrew Putnam,56.1,5609
Christiaan Bezuidenhout,Aaron Rai,42.0,4197
Christiaan Bezuidenhout,Chad Ramey,69.7,6968
Christiaan Bezuidenhout,Davis Riley,68.2,6821
Christiaan Bezuidenhout,Patrick Rodgers,69.3,6925
Christiaan Bezuidenhout,Kevin Roy,59.7,5972
Christiaan Bezuidenhout,Marcelo Rozo,65.5,6555
Christiaan Bezuidenhout,Adrien Saddier,61.8,6175
Christiaan Bezuidenhout,Gordon Sargent,68.3,6831
Christiaan Bezuidenhout,Adam Schenk,70.4,7038
Christiaan Bezuidenhout,Matti Schmid,63.6,6359
Christiaan Bezuidenhout,Ben Silverman,59.8,5978
Christiaan Bezuidenhout,Webb Simpson,71.6,7164
Christiaan Bezuidenhout,Alex Smalley,52.8,5278
Christiaan Bezuidenhout,Jordan Smith,48.2,4825
Christiaan Bezuidenhout,Austin Smotherman,63.6,6363
Christiaan Bezuidenhout,Brandt Snedeker,56.4,5639
Christiaan Bezuidenhout,Jordan Spieth,57.7,5771
Christiaan Bezuidenhout,Sam Stevens,59.0,5902
Christiaan Bezuidenhout,Sepp Straka,61.3,6127
Christiaan Bezuidenhout,Kevin Streelman,59.2,5918
Christiaan Bezuidenhout,Jackson Suber,47.9,4791
Christiaan Bezuidenhout,Adam Svensson,64.7,6473
Christiaan Bezuidenhout,Jesper Svensson,58.8,5877
Christiaan Bezuidenhout,Nick Taylor,54.0,5405
Christiaan Bezuidenhout,Sahith Theegala,52.8,5283
Christiaan Bezuidenhout,Justin Thomas,40.1,4007
Christiaan Bezuidenhout,Davis Thompson,52.2,5217
Christiaan Bezuidenhout,Alejandro Tosti,71.1,7106
Christiaan Bezuidenhout,Erik van Rooyen,58.1,5814
Christiaan Bezuidenhout,John VanDerLaan,64.1,6413
Christiaan Bezuidenhout,Karl Vilips,64.7,6475
Christiaan Bezuidenhout,Camilo Villegas,62.4,6243
Christiaan Bezuidenhout,Danny Walker,75.6,7563
Christiaan Bezuidenhout,Matt Wallace,47.2,4716
Christiaan Bezuidenhout,Vince Whaley,68.6,6863
Christiaan Bezuidenhout,Aaron Wise,55.2,5518
Christiaan Bezuidenhout,Dylan Wu,64.7,6469
Christiaan Bezuidenhout,Cameron Young,36.6,3658
Christiaan Bezuidenhout,Kevin Yu,50.5,5045
Daniel Berger,Zach Bauchou,42.4,4238
Daniel Berger,Christiaan Bezuidenhout,39.7,3966
Daniel Berger,Zac Blair,38.4,3843
Daniel Berger,Chandler Blanchet,51.4,5143
Daniel Berger,Keegan Bradley,35.9,3588
Daniel Berger,Michael Brennan,42.2,4217
Daniel Berger,Brian Campbell,54.4,5441
Daniel Berger,Rafael Campos,54.5,5447
Daniel Berger,Ricky Castillo,43.7,4367
Daniel Berger,Bud Cauley,33.1,3309
Daniel Berger,Davis Chatfield,48.2,4821
Daniel Berger,Luke Clanton,46.0,4597
Daniel Berger,Eric Cole,42.1,4206
Daniel Berger,Pierceson Coody,51.9,5193
Daniel Berger,Joel Dahmen,43.3,4329
Daniel Berger,Cam Davis,63.0,6304
Daniel Berger,Jason Day,48.3,4832
Daniel Berger,Zecheng Dou,50.1,5013
Daniel Berger,Adrien Dumont de Chassart,50.1,5014
Daniel Berger,Nick Dunlap,54.1,5410
Daniel Berger,Nico Echavarria,43.3,4334
Daniel Berger,Austin Eckroat,50.3,5034
Daniel Berger,Harris English,39.0,3900
Daniel Berger,Tony Finau,45.6,4563
Daniel Berger,Patrick Fishburn,44.2,4423
Daniel Berger,Steven Fisk,52.7,5271
Daniel Berger,Alex Fitzpatrick,29.1,2909
Daniel Berger,Brice Garnett,49.8,4985
Daniel Berger,Ryan Gerard,35.2,3520
Daniel Berger,Doug Ghim,35.2,3522
Daniel Berger,Lucas Glover,43.7,4370
Daniel Berger,Max Greyserman,50.5,5048
Daniel Berger,Ben Griffin,31.9,3189
Daniel Berger,Lanto Griffin,50.5,5048
Daniel Berger,Emiliano Grillo,37.3,3726
Daniel Berger,Harry Hall,49.9,4995
Daniel Berger,Brian Harman,38.9,3886
Daniel Berger,Garrick Higgo,58.4,5836
Daniel Berger,Joe Highsmith,56.1,5607
Daniel Berger,Kensei Hirata,59.2,5925
Daniel Berger,Ryo Hisatsune,40.1,4014
Daniel Berger,Lee Hodges,43.3,4329
Daniel Berger,Rico Hoey,43.6,4357
Daniel Berger,Tom Hoge,45.7,4569
Daniel Berger,Rasmus Hojgaard,51.4,5135
Daniel Berger,Billy Horschel,45.4,4541
Daniel Berger,Beau Hossler,43.2,4323
Daniel Berger,Mark Hubbard,44.8,4480
Daniel Berger,Mackenzie Hughes,44.0,4396
Daniel Berger,Sungjae Im,43.6,4356
Daniel Berger,Stephan Jaeger,50.4,5039
Daniel Berger,Ben James,39.4,3937
Daniel Berger,Takumi Kanaya,49.4,4935
Daniel Berger,Jeffrey Kang,49.6,4960
Daniel Berger,Johnny Keefer,42.1,4209
Daniel Berger,Michael Kim,42.5,4246
Daniel Berger,Tom Kim,29.3,2934
Daniel Berger,Chris Kirk,41.8,4177
Daniel Berger,Patton Kizzire,73.6,7357
Daniel Berger,Brooks Koepka,40.5,4048
Daniel Berger,Ben Kohles,33.9,3389
Daniel Berger,Jackson Koivun,32.6,3256
Daniel Berger,Matt Kuchar,41.3,4132
Daniel Berger,Christo Lamprecht,76.2,7615
Daniel Berger,Hank Lebioda,50.9,5086
Daniel Berger,Haotong Li,60.0,5996
Daniel Berger,David Lipsky,47.4,4737
Daniel Berger,Luke List,49.2,4919
Daniel Berger,Justin Lower,51.7,5166
Daniel Berger,Peter Malnati,64.8,6480
Daniel Berger,Hideki Matsuyama,33.8,3375
Daniel Berger,Denny McCarthy,45.5,4548
Daniel Berger,Matt McCarty,48.7,4872
Daniel Berger,Max McGreevy,41.8,4177
Daniel Berger,Maverick McNealy,40.1,4014
Daniel Berger,Mac Meissner,39.9,3993
Daniel Berger,Keith Mitchell,39.4,3945
Daniel Berger,Taylor Moore,49.3,4934
Daniel Berger,William Mouw,42.7,4266
Daniel Berger,Rasmus Neergaard-Petersen,42.9,4285
Daniel Berger,Alex Noren,44.5,4455
Daniel Berger,Andrew Novak,43.3,4325
Daniel Berger,Pontus Nyholm,55.9,5589
Daniel Berger,Thorbjorn Olesen,53.7,5373
Daniel Berger,John Parry,45.5,4551
Daniel Berger,Matthieu Pavon,49.2,4919
Daniel Berger,Taylor Pendrith,49.4,4942
Daniel Berger,Marco Penge,40.9,4091
Daniel Berger,Chandler Phillips,44.6,4457
Daniel Berger,J.T. Poston,39.3,3927
Daniel Berger,Aldrich Potgieter,52.0,5197
Daniel Berger,Seamus Power,53.2,5322
Daniel Berger,Andrew Putnam,45.7,4566
Daniel Berger,Aaron Rai,32.1,3210
Daniel Berger,Chad Ramey,60.0,5998
Daniel Berger,Davis Riley,58.4,5837
Daniel Berger,Patrick Rodgers,59.5,5951
Daniel Berger,Kevin Roy,49.4,4935
Daniel Berger,Marcelo Rozo,55.5,5548
Daniel Berger,Adrien Saddier,51.5,5146
Daniel Berger,Gordon Sargent,58.5,5847
Daniel Berger,Adam Schenk,60.8,6076
Daniel Berger,Matti Schmid,53.4,5340
Daniel Berger,Ben Silverman,49.4,4942
Daniel Berger,Webb Simpson,62.2,6217
Daniel Berger,Alex Smalley,42.4,4237
Daniel Berger,Jordan Smith,38.0,3797
Daniel Berger,Austin Smotherman,53.4,5344
Daniel Berger,Brandt Snedeker,46.0,4597
Daniel Berger,Jordan Spieth,47.3,4730
Daniel Berger,Sam Stevens,48.6,4863
Daniel Berger,Sepp Straka,51.0,5096
Daniel Berger,Kevin Streelman,48.8,4880
Daniel Berger,Jackson Suber,37.7,3765
Daniel Berger,Adam Svensson,54.6,5460
Daniel Berger,Jesper Svensson,48.4,4838
Daniel Berger,Nick Taylor,43.6,4362
Daniel Berger,Sahith Theegala,42.4,4242
Daniel Berger,Justin Thomas,30.4,3037
Daniel Berger,Davis Thompson,41.8,4177
Daniel Berger,Alejandro Tosti,61.5,6152
Daniel Berger,Erik van Rooyen,47.7,4774
Daniel Berger,John VanDerLaan,54.0,5397
Daniel Berger,Karl Vilips,54.6,5463
Daniel Berger,Camilo Villegas,52.2,5217
Daniel Berger,Danny Walker,66.7,6672
Daniel Berger,Matt Wallace,36.9,3694
Daniel Berger,Vince Whaley,58.8,5883
Daniel Berger,Aaron Wise,44.8,4475
Daniel Berger,Dylan Wu,54.6,5457
Daniel Berger,Cameron Young,27.2,2725
Daniel Berger,Kevin Yu,40.1,4009
Zac Blair,Zach Bauchou,54.1,5407
Zac Blair,Christiaan Bezuidenhout,51.3,5128
Zac Blair,Daniel Berger,61.6,6157
Zac Blair,Chandler Blanchet,62.9,6294
Zac Blair,Keegan Bradley,47.3,4731
Zac Blair,Michael Brennan,53.9,5385
Zac Blair,Brian Campbell,65.7,6573
Zac Blair,Rafael Campos,65.8,6578
Zac Blair,Ricky Castillo,55.4,5536
Zac Blair,Bud Cauley,44.3,4431
Zac Blair,Davis Chatfield,59.9,5985
Zac Blair,Luke Clanton,57.7,5766
Zac Blair,Eric Cole,53.7,5374
Zac Blair,Pierceson Coody,63.4,6341
Zac Blair,Joel Dahmen,55.0,5499
Zac Blair,Cam Davis,73.5,7347
Zac Blair,Jason Day,60.0,5995
Zac Blair,Zecheng Dou,61.7,6170
Zac Blair,Adrien Dumont de Chassart,61.7,6171
Zac Blair,Nick Dunlap,65.4,6544
Zac Blair,Nico Echavarria,55.0,5504
Zac Blair,Austin Eckroat,61.9,6190
Zac Blair,Harris English,50.6,5060
Zac Blair,Tony Finau,57.3,5731
Zac Blair,Patrick Fishburn,55.9,5592
Zac Blair,Steven Fisk,64.1,6414
Zac Blair,Alex Fitzpatrick,39.9,3988
Zac Blair,Brice Garnett,61.4,6142
Zac Blair,Ryan Gerard,46.6,4659
Zac Blair,Doug Ghim,46.6,4661
Zac Blair,Lucas Glover,55.4,5539
Zac Blair,Max Greyserman,62.0,6204
Zac Blair,Ben Griffin,43.0,4299
Zac Blair,Lanto Griffin,62.0,6203
Zac Blair,Emiliano Grillo,48.8,4877
Zac Blair,Harry Hall,61.5,6152
Zac Blair,Brian Harman,50.5,5045
Zac Blair,Garrick Higgo,69.3,6934
Zac Blair,Joe Highsmith,67.3,6726
Zac Blair,Kensei Hirata,70.1,7013
Zac Blair,Ryo Hisatsune,51.8,5177
Zac Blair,Lee Hodges,55.0,5499
Zac Blair,Rico Hoey,55.3,5527
Zac Blair,Tom Hoge,57.4,5738
Zac Blair,Rasmus Hojgaard,62.9,6286
Zac Blair,Billy Horschel,57.1,5710
Zac Blair,Beau Hossler,54.9,5492
Zac Blair,Mark Hubbard,56.5,5649
Zac Blair,Mackenzie Hughes,55.7,5566
Zac Blair,Sungjae Im,55.3,5525
Zac Blair,Stephan Jaeger,61.9,6195
Zac Blair,Ben James,51.0,5098
Zac Blair,Takumi Kanaya,61.0,6095
Zac Blair,Jeffrey Kang,61.2,6119
Zac Blair,Johnny Keefer,53.8,5378
Zac Blair,Michael Kim,54.2,5415
Zac Blair,Tom Kim,40.2,4016
Zac Blair,Chris Kirk,53.4,5345
Zac Blair,Patton Kizzire,82.2,8224
Zac Blair,Brooks Koepka,52.1,5213
Zac Blair,Ben Kohles,45.2,4517
Zac Blair,Jackson Koivun,43.7,4373
Zac Blair,Matt Kuchar,53.0,5299
Zac Blair,Christo Lamprecht,84.3,8427
Zac Blair,Hank Lebioda,62.4,6239
Zac Blair,Haotong Li,70.8,7077
Zac Blair,David Lipsky,59.0,5903
Zac Blair,Luke List,60.8,6080
Zac Blair,Justin Lower,63.1,6315
Zac Blair,Peter Malnati,75.0,7499
Zac Blair,Hideki Matsuyama,45.0,4503
Zac Blair,Denny McCarthy,57.2,5717
Zac Blair,Matt McCarty,60.3,6034
Zac Blair,Max McGreevy,53.4,5344
Zac Blair,Maverick McNealy,51.8,5177
Zac Blair,Mac Meissner,51.6,5156
Zac Blair,Keith Mitchell,51.1,5106
Zac Blair,Taylor Moore,60.9,6094
Zac Blair,William Mouw,54.3,5435
Zac Blair,Rasmus Neergaard-Petersen,54.5,5454
Zac Blair,Alex Noren,56.2,5625
Zac Blair,Andrew Novak,54.9,5495
Zac Blair,Pontus Nyholm,67.1,6710
Zac Blair,Thorbjorn Olesen,65.1,6510
Zac Blair,John Parry,57.2,5720
Zac Blair,Matthieu Pavon,60.8,6080
Zac Blair,Taylor Pendrith,61.0,6101
Zac Blair,Marco Penge,52.6,5257
Zac Blair,Chandler Phillips,56.3,5626
Zac Blair,J.T. Poston,50.9,5087
Zac Blair,Aldrich Potgieter,63.4,6345
Zac Blair,Seamus Power,64.6,6462
Zac Blair,Andrew Putnam,57.3,5735
Zac Blair,Aaron Rai,43.2,4323
Zac Blair,Chad Ramey,70.8,7078
Zac Blair,Davis Riley,69.3,6934
Zac Blair,Patrick Rodgers,70.4,7037
Zac Blair,Kevin Roy,61.0,6095
Zac Blair,Marcelo Rozo,66.7,6672
Zac Blair,Adrien Saddier,63.0,6297
Zac Blair,Gordon Sargent,69.4,6944
Zac Blair,Adam Schenk,71.5,7148
Zac Blair,Matti Schmid,64.8,6479
Zac Blair,Ben Silverman,61.0,6101
Zac Blair,Webb Simpson,72.7,7271
Zac Blair,Alex Smalley,54.1,5406
Zac Blair,Jordan Smith,49.5,4953
Zac Blair,Austin Smotherman,64.8,6483
Zac Blair,Brandt Snedeker,57.7,5765
Zac Blair,Jordan Spieth,59.0,5896
Zac Blair,Sam Stevens,60.3,6026
Zac Blair,Sepp Straka,62.5,6249
Zac Blair,Kevin Streelman,60.4,6042
Zac Blair,Jackson Suber,49.2,4919
Zac Blair,Adam Svensson,65.9,6591
Zac Blair,Jesper Svensson,60.0,6001
Zac Blair,Nick Taylor,55.3,5532
Zac Blair,Sahith Theegala,54.1,5411
Zac Blair,Justin Thomas,41.3,4131
Zac Blair,Davis Thompson,53.4,5344
Zac Blair,Alejandro Tosti,72.1,7214
Zac Blair,Erik van Rooyen,59.4,5939
Zac Blair,John VanDerLaan,65.3,6532
Zac Blair,Karl Vilips,65.9,6593
Zac Blair,Camilo Villegas,63.6,6364
Zac Blair,Danny Walker,76.6,7662
Zac Blair,Matt Wallace,48.4,4844
Zac Blair,Vince Whaley,69.8,6976
Zac Blair,Aaron Wise,56.4,5645
Zac Blair,Dylan Wu,65.9,6587
Zac Blair,Cameron Young,37.8,3779
Zac Blair,Kevin Yu,51.7,5173
Chandler Blanchet,Zach Bauchou,41.0,4098
Chandler Blanchet,Christiaan Bezuidenhout,38.3,3828
Chandler Blanchet,Daniel Berger,48.6,4857
Chandler Blanchet,Zac Blair,37.1,3706
Chandler Blanchet,Keegan Bradley,34.5,3454
Chandler Blanchet,Michael Brennan,40.8,4077
Chandler Blanchet,Brian Campbell,53.0,5299
Chandler Blanchet,Rafael Campos,53.0,5304
Chandler Blanchet,Ricky Castillo,42.3,4225
Chandler Blanchet,Bud Cauley,31.8,3180
Chandler Blanchet,Davis Chatfield,46.8,4678
Chandler Blanchet,Luke Clanton,44.5,4455
Chandler Blanchet,Eric Cole,40.7,4066
Chandler Blanchet,Pierceson Coody,50.5,5050
Chandler Blanchet,Joel Dahmen,41.9,4188
Chandler Blanchet,Cam Davis,61.7,6168
Chandler Blanchet,Jason Day,46.9,4689
Chandler Blanchet,Zecheng Dou,48.7,4869
Chandler Blanchet,Adrien Dumont de Chassart,48.7,4871
Chandler Blanchet,Nick Dunlap,52.7,5267
Chandler Blanchet,Nico Echavarria,41.9,4193
Chandler Blanchet,Austin Eckroat,48.9,4891
Chandler Blanchet,Harris English,37.6,3763
Chandler Blanchet,Tony Finau,44.2,4420
Chandler Blanchet,Patrick Fishburn,42.8,4281
Chandler Blanchet,Steven Fisk,51.3,5128
Chandler Blanchet,Alex Fitzpatrick,27.9,2787
Chandler Blanchet,Brice Garnett,48.4,4841
Chandler Blanchet,Ryan Gerard,33.9,3388
Chandler Blanchet,Doug Ghim,33.9,3390
Chandler Blanchet,Lucas Glover,42.3,4228
Chandler Blanchet,Max Greyserman,49.1,4905
Chandler Blanchet,Ben Griffin,30.6,3061
Chandler Blanchet,Lanto Griffin,49.0,4905
Chandler Blanchet,Emiliano Grillo,35.9,3590
Chandler Blanchet,Harry Hall,48.5,4851
Chandler Blanchet,Brian Harman,37.5,3749
Chandler Blanchet,Garrick Higgo,57.0,5696
Chandler Blanchet,Joe Highsmith,54.6,5465
Chandler Blanchet,Kensei Hirata,57.8,5785
Chandler Blanchet,Ryo Hisatsune,38.8,3875
Chandler Blanchet,Lee Hodges,41.9,4188
Chandler Blanchet,Rico Hoey,42.2,4216
Chandler Blanchet,Tom Hoge,44.3,4427
Chandler Blanchet,Rasmus Hojgaard,49.9,4992
Chandler Blanchet,Billy Horschel,44.0,4399
Chandler Blanchet,Beau Hossler,41.8,4182
Chandler Blanchet,Mark Hubbard,43.4,4338
Chandler Blanchet,Mackenzie Hughes,42.5,4255
Chandler Blanchet,Sungjae Im,42.1,4214
Chandler Blanchet,Stephan Jaeger,49.0,4896
Chandler Blanchet,Ben James,38.0,3799
Chandler Blanchet,Takumi Kanaya,47.9,4792
Chandler Blanchet,Jeffrey Kang,48.2,4817
Chandler Blanchet,Johnny Keefer,40.7,4069
Chandler Blanchet,Michael Kim,41.1,4106
Chandler Blanchet,Tom Kim,28.1,2812
Chandler Blanchet,Chris Kirk,40.4,4037
Chandler Blanchet,Patton Kizzire,72.4,7238
Chandler Blanchet,Brooks Koepka,39.1,3910
Chandler Blanchet,Ben Kohles,32.6,3258
Chandler Blanchet,Jackson Koivun,31.3,3128
Chandler Blanchet,Matt Kuchar,39.9,3993
Chandler Blanchet,Christo Lamprecht,75.0,7503
Chandler Blanchet,Hank Lebioda,49.4,4943
Chandler Blanchet,Haotong Li,58.6,5857
Chandler Blanchet,David Lipsky,45.9,4594
Chandler Blanchet,Luke List,47.8,4776
Chandler Blanchet,Justin Lower,50.2,5022
Chandler Blanchet,Peter Malnati,63.5,6345
Chandler Blanchet,Hideki Matsuyama,32.5,3245
Chandler Blanchet,Denny McCarthy,44.1,4406
Chandler Blanchet,Matt McCarty,47.3,4729
Chandler Blanchet,Max McGreevy,40.4,4037
Chandler Blanchet,Maverick McNealy,38.8,3875
Chandler Blanchet,Mac Meissner,38.5,3855
Chandler Blanchet,Keith Mitchell,38.1,3807
Chandler Blanchet,Taylor Moore,47.9,4791
Chandler Blanchet,William Mouw,41.3,4125
Chandler Blanchet,Rasmus Neergaard-Petersen,41.4,4145
Chandler Blanchet,Alex Noren,43.1,4313
Chandler Blanchet,Andrew Novak,41.8,4185
Chandler Blanchet,Pontus Nyholm,54.5,5447
Chandler Blanchet,Thorbjorn Olesen,52.3,5230
Chandler Blanchet,John Parry,44.1,4409
Chandler Blanchet,Matthieu Pavon,47.8,4776
Chandler Blanchet,Taylor Pendrith,48.0,4798
Chandler Blanchet,Marco Penge,39.5,3952
Chandler Blanchet,Chandler Phillips,43.1,4315
Chandler Blanchet,J.T. Poston,37.9,3789
Chandler Blanchet,Aldrich Potgieter,50.5,5054
Chandler Blanchet,Seamus Power,51.8,5179
Chandler Blanchet,Andrew Putnam,44.2,4424
Chandler Blanchet,Aaron Rai,30.8,3082
Chandler Blanchet,Chad Ramey,58.6,5859
Chandler Blanchet,Davis Riley,57.0,5696
Chandler Blanchet,Patrick Rodgers,58.1,5811
Chandler Blanchet,Kevin Roy,47.9,4792
Chandler Blanchet,Marcelo Rozo,54.1,5406
Chandler Blanchet,Adrien Saddier,50.0,5003
Chandler Blanchet,Gordon Sargent,57.1,5707
Chandler Blanchet,Adam Schenk,59.4,5937
Chandler Blanchet,Matti Schmid,52.0,5197
Chandler Blanchet,Ben Silverman,48.0,4798
Chandler Blanchet,Webb Simpson,60.8,6079
Chandler Blanchet,Alex Smalley,41.0,4097
Chandler Blanchet,Jordan Smith,36.6,3661
Chandler Blanchet,Austin Smotherman,52.0,5201
Chandler Blanchet,Brandt Snedeker,44.5,4454
Chandler Blanchet,Jordan Spieth,45.9,4587
Chandler Blanchet,Sam Stevens,47.2,4720
Chandler Blanchet,Sepp Straka,49.5,4952
Chandler Blanchet,Kevin Streelman,47.4,4737
Chandler Blanchet,Jackson Suber,36.3,3630
Chandler Blanchet,Adam Svensson,53.2,5318
Chandler Blanchet,Jesper Svensson,46.9,4695
Chandler Blanchet,Nick Taylor,42.2,4221
Chandler Blanchet,Sahith Theegala,41.0,4102
Chandler Blanchet,Justin Thomas,29.1,2912
Chandler Blanchet,Davis Thompson,40.4,4037
Chandler Blanchet,Alejandro Tosti,60.1,6014
Chandler Blanchet,Erik van Rooyen,46.3,4631
Chandler Blanchet,John VanDerLaan,52.5,5254
Chandler Blanchet,Karl Vilips,53.2,5320
Chandler Blanchet,Camilo Villegas,50.7,5074
Chandler Blanchet,Danny Walker,65.4,6540
Chandler Blanchet,Matt Wallace,35.6,3559
Chandler Blanchet,Vince Whaley,57.4,5743
Chandler Blanchet,Aaron Wise,43.3,4333
Chandler Blanchet,Dylan Wu,53.1,5314
Chandler Blanchet,Cameron Young,26.1,2607
Chandler Blanchet,Kevin Yu,38.7,3871
Keegan Bradley,Zach Bauchou,56.7,5673
Keegan Bradley,Christiaan Bezuidenhout,54.0,5396
Keegan Bradley,Daniel Berger,64.1,6412
Keegan Bradley,Zac Blair,52.7,5269
Keegan Bradley,Chandler Blanchet,65.5,6546
Keegan Bradley,Michael Brennan,56.5,5652
Keegan Bradley,Brian Campbell,68.2,6818
Keegan Bradley,Rafael Campos,68.2,6823
Keegan Bradley,Ricky Castillo,58.0,5802
Keegan Bradley,Bud Cauley,47.0,4699
Keegan Bradley,Davis Chatfield,62.4,6244
Keegan Bradley,Luke Clanton,60.3,6028
Keegan Bradley,Eric Cole,56.4,5641
Keegan Bradley,Pierceson Coody,65.9,6592
Keegan Bradley,Joel Dahmen,57.6,5764
Keegan Bradley,Cam Davis,75.6,7564
Keegan Bradley,Jason Day,62.5,6254
Keegan Bradley,Zecheng Dou,64.2,6424
Keegan Bradley,Adrien Dumont de Chassart,64.3,6426
Keegan Bradley,Nick Dunlap,67.9,6789
Keegan Bradley,Nico Echavarria,57.7,5770
Keegan Bradley,Austin Eckroat,64.4,6445
Keegan Bradley,Harris English,53.3,5329
Keegan Bradley,Tony Finau,59.9,5994
Keegan Bradley,Patrick Fishburn,58.6,5857
Keegan Bradley,Steven Fisk,66.6,6663
Keegan Bradley,Alex Fitzpatrick,42.5,4250
Keegan Bradley,Brice Garnett,64.0,6398
Keegan Bradley,Ryan Gerard,49.3,4928
Keegan Bradley,Doug Ghim,49.3,4930
Keegan Bradley,Lucas Glover,58.0,5805
Keegan Bradley,Max Greyserman,64.6,6458
Keegan Bradley,Ben Griffin,45.7,4565
Keegan Bradley,Lanto Griffin,64.6,6457
Keegan Bradley,Emiliano Grillo,51.5,5146
Keegan Bradley,Harry Hall,64.1,6408
Keegan Bradley,Brian Harman,53.1,5314
Keegan Bradley,Garrick Higgo,71.7,7167
Keegan Bradley,Joe Highsmith,69.7,6965
Keegan Bradley,Kensei Hirata,72.4,7243
Keegan Bradley,Ryo Hisatsune,54.5,5446
Keegan Bradley,Lee Hodges,57.6,5765
Keegan Bradley,Rico Hoey,57.9,5792
Keegan Bradley,Tom Hoge,60.0,6001
Keegan Bradley,Rasmus Hojgaard,65.4,6538
Keegan Bradley,Billy Horschel,59.7,5973
Keegan Bradley,Beau Hossler,57.6,5758
Keegan Bradley,Mark Hubbard,59.1,5913
Keegan Bradley,Mackenzie Hughes,58.3,5831
Keegan Bradley,Sungjae Im,57.9,5791
Keegan Bradley,Stephan Jaeger,64.5,6449
Keegan Bradley,Ben James,53.7,5367
Keegan Bradley,Takumi Kanaya,63.5,6351
Keegan Bradley,Jeffrey Kang,63.8,6375
Keegan Bradley,Johnny Keefer,56.4,5645
Keegan Bradley,Michael Kim,56.8,5682
Keegan Bradley,Tom Kim,42.8,4279
Keegan Bradley,Chris Kirk,56.1,5612
Keegan Bradley,Patton Kizzire,83.9,8394
Keegan Bradley,Brooks Koepka,54.8,5481
Keegan Bradley,Ben Kohles,47.9,4786
Keegan Bradley,Jackson Koivun,46.4,4640
Keegan Bradley,Matt Kuchar,55.7,5566
Keegan Bradley,Christo Lamprecht,85.8,8584
Keegan Bradley,Hank Lebioda,64.9,6493
Keegan Bradley,Haotong Li,73.0,7305
Keegan Bradley,David Lipsky,61.6,6163
Keegan Bradley,Luke List,63.4,6336
Keegan Bradley,Justin Lower,65.7,6566
Keegan Bradley,Peter Malnati,77.1,7708
Keegan Bradley,Hideki Matsuyama,47.7,4771
Keegan Bradley,Denny McCarthy,59.8,5981
Keegan Bradley,Matt McCarty,62.9,6292
Keegan Bradley,Max McGreevy,56.1,5612
Keegan Bradley,Maverick McNealy,54.5,5446
Keegan Bradley,Mac Meissner,54.2,5424
Keegan Bradley,Keith Mitchell,53.7,5375
Keegan Bradley,Taylor Moore,63.5,6351
Keegan Bradley,William Mouw,57.0,5701
Keegan Bradley,Rasmus Neergaard-Petersen,57.2,5721
Keegan Bradley,Alex Noren,58.9,5889
Keegan Bradley,Andrew Novak,57.6,5761
Keegan Bradley,Pontus Nyholm,69.5,6950
Keegan Bradley,Thorbjorn Olesen,67.6,6756
Keegan Bradley,John Parry,59.8,5983
Keegan Bradley,Matthieu Pavon,63.4,6336
Keegan Bradley,Taylor Pendrith,63.6,6358
Keegan Bradley,Marco Penge,55.3,5525
Keegan Bradley,Chandler Phillips,58.9,5891
Keegan Bradley,J.T. Poston,53.6,5356
Keegan Bradley,Aldrich Potgieter,66.0,6596
Keegan Bradley,Seamus Power,67.1,6710
Keegan Bradley,Andrew Putnam,60.0,5998
Keegan Bradley,Aaron Rai,45.9,4589
Keegan Bradley,Chad Ramey,73.1,7306
Keegan Bradley,Davis Riley,71.7,7167
Keegan Bradley,Patrick Rodgers,72.7,7266
Keegan Bradley,Kevin Roy,63.5,6351
Keegan Bradley,Marcelo Rozo,69.1,6913
Keegan Bradley,Adrien Saddier,65.5,6549
Keegan Bradley,Gordon Sargent,71.8,7176
Keegan Bradley,Adam Schenk,73.7,7372
Keegan Bradley,Matti Schmid,67.3,6726
Keegan Bradley,Ben Silverman,63.6,6358
Keegan Bradley,Webb Simpson,74.9,7491
Keegan Bradley,Alex Smalley,56.7,5672
Keegan Bradley,Jordan Smith,52.2,5222
Keegan Bradley,Austin Smotherman,67.3,6730
Keegan Bradley,Brandt Snedeker,60.3,6028
Keegan Bradley,Jordan Spieth,61.6,6156
Keegan Bradley,Sam Stevens,62.8,6283
Keegan Bradley,Sepp Straka,65.0,6502
Keegan Bradley,Kevin Streelman,63.0,6300
Keegan Bradley,Jackson Suber,51.9,5188
Keegan Bradley,Adam Svensson,68.3,6835
Keegan Bradley,Jesper Svensson,62.6,6260
Keegan Bradley,Nick Taylor,58.0,5797
Keegan Bradley,Sahith Theegala,56.8,5677
Keegan Bradley,Justin Thomas,44.0,4396
Keegan Bradley,Davis Thompson,56.1,5612
Keegan Bradley,Alejandro Tosti,74.4,7437
Keegan Bradley,Erik van Rooyen,62.0,6198
Keegan Bradley,John VanDerLaan,67.8,6778
Keegan Bradley,Karl Vilips,68.4,6837
Keegan Bradley,Camilo Villegas,66.1,6614
Keegan Bradley,Danny Walker,78.6,7864
Keegan Bradley,Matt Wallace,51.1,5113
Keegan Bradley,Vince Whaley,72.1,7207
Keegan Bradley,Aaron Wise,59.1,5909
Keegan Bradley,Dylan Wu,68.3,6831
Keegan Bradley,Cameron Young,40.4,4038
Keegan Bradley,Kevin Yu,54.4,5441
Michael Brennan,Zach Bauchou,50.2,5021
Michael Brennan,Christiaan Bezuidenhout,47.4,4742
Michael Brennan,Daniel Berger,57.8,5783
Michael Brennan,Zac Blair,46.1,4615
Michael Brennan,Chandler Blanchet,59.2,5923
Michael Brennan,Keegan Bradley,43.5,4348
Michael Brennan,Brian Campbell,62.1,6211
Michael Brennan,Rafael Campos,62.2,6216
Michael Brennan,Ricky Castillo,51.5,5152
Michael Brennan,Bud Cauley,40.5,4052
Michael Brennan,Davis Chatfield,56.1,5607
Michael Brennan,Luke Clanton,53.8,5384
Michael Brennan,Eric Cole,49.9,4988
Michael Brennan,Pierceson Coody,59.7,5971
Michael Brennan,Joel Dahmen,51.1,5114
Michael Brennan,Cam Davis,70.2,7021
Michael Brennan,Jason Day,56.2,5617
Michael Brennan,Zecheng Dou,58.0,5795
Michael Brennan,Adrien Dumont de Chassart,58.0,5797
Michael Brennan,Nick Dunlap,61.8,6180
Michael Brennan,Nico Echavarria,51.2,5119
Michael Brennan,Austin Eckroat,58.2,5817
Michael Brennan,Harris English,46.7,4674
Michael Brennan,Tony Finau,53.5,5349
Michael Brennan,Patrick Fishburn,52.1,5208
Michael Brennan,Steven Fisk,60.5,6047
Michael Brennan,Alex Fitzpatrick,36.2,3619
Michael Brennan,Brice Garnett,57.7,5768
Michael Brennan,Ryan Gerard,42.8,4277
Michael Brennan,Doug Ghim,42.8,4279
Michael Brennan,Lucas Glover,51.5,5155
Michael Brennan,Max Greyserman,58.3,5830
Michael Brennan,Ben Griffin,39.2,3923
Michael Brennan,Lanto Griffin,58.3,5830
Michael Brennan,Emiliano Grillo,44.9,4493
Michael Brennan,Harry Hall,57.8,5778
Michael Brennan,Brian Harman,46.6,4660
Michael Brennan,Garrick Higgo,65.9,6586
Michael Brennan,Joe Highsmith,63.7,6369
Michael Brennan,Kensei Hirata,66.7,6669
Michael Brennan,Ryo Hisatsune,47.9,4791
Michael Brennan,Lee Hodges,51.1,5114
Michael Brennan,Rico Hoey,51.4,5142
Michael Brennan,Tom Hoge,53.6,5355
Michael Brennan,Rasmus Hojgaard,59.1,5915
Michael Brennan,Billy Horschel,53.3,5328
Michael Brennan,Beau Hossler,51.1,5108
Michael Brennan,Mark Hubbard,52.7,5266
Michael Brennan,Mackenzie Hughes,51.8,5182
Michael Brennan,Sungjae Im,51.4,5141
Michael Brennan,Stephan Jaeger,58.2,5821
Michael Brennan,Ben James,47.1,4712
Michael Brennan,Takumi Kanaya,57.2,5719
Michael Brennan,Jeffrey Kang,57.4,5744
Michael Brennan,Johnny Keefer,49.9,4992
Michael Brennan,Michael Kim,50.3,5030
Michael Brennan,Tom Kim,36.5,3647
Michael Brennan,Chris Kirk,49.6,4959
Michael Brennan,Patton Kizzire,79.6,7961
Michael Brennan,Brooks Koepka,48.3,4827
Michael Brennan,Ben Kohles,41.4,4137
Michael Brennan,Jackson Koivun,40.0,3995
Michael Brennan,Matt Kuchar,49.1,4913
Michael Brennan,Christo Lamprecht,81.8,8183
Michael Brennan,Hank Lebioda,58.7,5867
Michael Brennan,Haotong Li,67.4,6736
Michael Brennan,David Lipsky,55.2,5523
Michael Brennan,Luke List,57.0,5703
Michael Brennan,Justin Lower,59.4,5945
Michael Brennan,Peter Malnati,71.8,7181
Michael Brennan,Hideki Matsuyama,41.2,4123
Michael Brennan,Denny McCarthy,53.3,5335
Michael Brennan,Matt McCarty,56.6,5657
Michael Brennan,Max McGreevy,49.6,4959
Michael Brennan,Maverick McNealy,47.9,4791
Michael Brennan,Mac Meissner,47.7,4770
Michael Brennan,Keith Mitchell,47.2,4720
Michael Brennan,Taylor Moore,57.2,5718
Michael Brennan,William Mouw,50.5,5049
Michael Brennan,Rasmus Neergaard-Petersen,50.7,5069
Michael Brennan,Alex Noren,52.4,5241
Michael Brennan,Andrew Novak,51.1,5110
Michael Brennan,Pontus Nyholm,63.5,6352
Michael Brennan,Thorbjorn Olesen,61.5,6145
Michael Brennan,John Parry,53.4,5337
Michael Brennan,Matthieu Pavon,57.0,5703
Michael Brennan,Taylor Pendrith,57.3,5726
Michael Brennan,Marco Penge,48.7,4871
Michael Brennan,Chandler Phillips,52.4,5243
Michael Brennan,J.T. Poston,47.0,4702
Michael Brennan,Aldrich Potgieter,59.8,5976
Michael Brennan,Seamus Power,61.0,6096
Michael Brennan,Andrew Putnam,53.5,5352
Michael Brennan,Aaron Rai,39.5,3946
Michael Brennan,Chad Ramey,67.4,6738
Michael Brennan,Davis Riley,65.9,6586
Michael Brennan,Patrick Rodgers,66.9,6694
Michael Brennan,Kevin Roy,57.2,5719
Michael Brennan,Marcelo Rozo,63.1,6313
Michael Brennan,Adrien Saddier,59.3,5926
Michael Brennan,Gordon Sargent,66.0,6597
Michael Brennan,Adam Schenk,68.1,6810
Michael Brennan,Matti Schmid,61.1,6113
Michael Brennan,Ben Silverman,57.3,5726
Michael Brennan,Webb Simpson,69.4,6941
Michael Brennan,Alex Smalley,50.2,5020
Michael Brennan,Jordan Smith,45.7,4567
Michael Brennan,Austin Smotherman,61.2,6118
Michael Brennan,Brandt Snedeker,53.8,5383
Michael Brennan,Jordan Spieth,55.2,5516
Michael Brennan,Sam Stevens,56.5,5648
Michael Brennan,Sepp Straka,58.8,5877
Michael Brennan,Kevin Streelman,56.6,5665
Michael Brennan,Jackson Suber,45.3,4534
Michael Brennan,Adam Svensson,62.3,6229
Michael Brennan,Jesper Svensson,56.2,5623
Michael Brennan,Nick Taylor,51.5,5147
Michael Brennan,Sahith Theegala,50.3,5025
Michael Brennan,Justin Thomas,37.6,3759
Michael Brennan,Davis Thompson,49.6,4959
Michael Brennan,Alejandro Tosti,68.8,6881
Michael Brennan,Erik van Rooyen,55.6,5560
Michael Brennan,John VanDerLaan,61.7,6169
Michael Brennan,Karl Vilips,62.3,6231
Michael Brennan,Camilo Villegas,59.9,5995
Michael Brennan,Danny Walker,73.6,7355
Michael Brennan,Matt Wallace,44.6,4459
Michael Brennan,Vince Whaley,66.3,6630
Michael Brennan,Aaron Wise,52.6,5261
Michael Brennan,Dylan Wu,62.3,6226
Michael Brennan,Cameron Young,34.2,3417
Michael Brennan,Kevin Yu,47.9,4787
Brian Campbell,Zach Bauchou,38.1,3809
Brian Campbell,Christiaan Bezuidenhout,35.5,3545
Brian Campbell,Daniel Berger,45.6,4559
Brian Campbell,Zac Blair,34.3,3427
Brian Campbell,Chandler Blanchet,47.0,4701
Brian Campbell,Keegan Bradley,31.8,3182
Brian Campbell,Michael Brennan,37.9,3789
Brian Campbell,Rafael Campos,50.1,5005
Brian Campbell,Ricky Castillo,39.3,3935
Brian Campbell,Bud Cauley,29.2,2918
Brian Campbell,Davis Chatfield,43.8,4381
Brian Campbell,Luke Clanton,41.6,4161
Brian Campbell,Eric Cole,37.8,3778
Brian Campbell,Pierceson Coody,47.5,4751
Brian Campbell,Joel Dahmen,39.0,3898
Brian Campbell,Cam Davis,58.8,5879
Brian Campbell,Jason Day,43.9,4392
Brian Campbell,Zecheng Dou,45.7,4571
Brian Campbell,Adrien Dumont de Chassart,45.7,4573
Brian Campbell,Nick Dunlap,49.7,4968
Brian Campbell,Nico Echavarria,39.0,3903
Brian Campbell,Austin Eckroat,45.9,4593
Brian Campbell,Harris English,34.8,3482
Brian Campbell,Tony Finau,41.3,4126
Brian Campbell,Patrick Fishburn,39.9,3989
Brian Campbell,Steven Fisk,48.3,4829
Brian Campbell,Alex Fitzpatrick,25.4,2541
Brian Campbell,Brice Garnett,45.4,4543
Brian Campbell,Ryan Gerard,31.2,3118
Brian Campbell,Doug Ghim,31.2,3120
Brian Campbell,Lucas Glover,39.4,3937
Brian Campbell,Max Greyserman,46.1,4607
Brian Campbell,Ben Griffin,28.0,2804
Brian Campbell,Lanto Griffin,46.1,4606
Brian Campbell,Emiliano Grillo,33.1,3314
Brian Campbell,Harry Hall,45.5,4553
Brian Campbell,Brian Harman,34.7,3469
Brian Campbell,Garrick Higgo,54.0,5400
Brian Campbell,Joe Highsmith,51.7,5167
Brian Campbell,Kensei Hirata,54.9,5490
Brian Campbell,Ryo Hisatsune,35.9,3592
Brian Campbell,Lee Hodges,39.0,3898
Brian Campbell,Rico Hoey,39.3,3925
Brian Campbell,Tom Hoge,41.3,4133
Brian Campbell,Rasmus Hojgaard,46.9,4693
Brian Campbell,Billy Horschel,41.1,4105
Brian Campbell,Beau Hossler,38.9,3892
Brian Campbell,Mark Hubbard,40.5,4045
Brian Campbell,Mackenzie Hughes,39.6,3963
Brian Campbell,Sungjae Im,39.2,3924
Brian Campbell,Stephan Jaeger,46.0,4597
Brian Campbell,Ben James,35.2,3517
Brian Campbell,Takumi Kanaya,44.9,4494
Brian Campbell,Jeffrey Kang,45.2,4519
Brian Campbell,Johnny Keefer,37.8,3782
Brian Campbell,Michael Kim,38.2,3817
Brian Campbell,Tom Kim,25.6,2565
Brian Campbell,Chris Kirk,37.5,3750
Brian Campbell,Patton Kizzire,69.8,6982
Brian Campbell,Brooks Koepka,36.3,3625
Brian Campbell,Ben Kohles,29.9,2993
Brian Campbell,Jackson Koivun,28.7,2867
Brian Campbell,Matt Kuchar,37.1,3706
Brian Campbell,Christo Lamprecht,72.6,7259
Brian Campbell,Hank Lebioda,46.4,4644
Brian Campbell,Haotong Li,55.6,5563
Brian Campbell,David Lipsky,43.0,4298
Brian Campbell,Luke List,44.8,4478
Brian Campbell,Justin Lower,47.2,4724
Brian Campbell,Peter Malnati,60.6,6060
Brian Campbell,Hideki Matsuyama,29.8,2980
Brian Campbell,Denny McCarthy,41.1,4113
Brian Campbell,Matt McCarty,44.3,4432
Brian Campbell,Max McGreevy,37.5,3750
Brian Campbell,Maverick McNealy,35.9,3592
Brian Campbell,Mac Meissner,35.7,3571
Brian Campbell,Keith Mitchell,35.3,3525
Brian Campbell,Taylor Moore,44.9,4493
Brian Campbell,William Mouw,38.4,3836
Brian Campbell,Rasmus Neergaard-Petersen,38.6,3855
Brian Campbell,Alex Noren,40.2,4021
Brian Campbell,Andrew Novak,38.9,3894
Brian Campbell,Pontus Nyholm,51.5,5149
Brian Campbell,Thorbjorn Olesen,49.3,4931
Brian Campbell,John Parry,41.1,4115
Brian Campbell,Matthieu Pavon,44.8,4478
Brian Campbell,Taylor Pendrith,45.0,4501
Brian Campbell,Marco Penge,36.7,3667
Brian Campbell,Chandler Phillips,40.2,4023
Brian Campbell,J.T. Poston,35.1,3508
Brian Campbell,Aldrich Potgieter,47.6,4755
Brian Campbell,Seamus Power,48.8,4880
Brian Campbell,Andrew Putnam,41.3,4130
Brian Campbell,Aaron Rai,28.2,2824
Brian Campbell,Chad Ramey,55.6,5564
Brian Campbell,Davis Riley,54.0,5400
Brian Campbell,Patrick Rodgers,55.2,5516
Brian Campbell,Kevin Roy,44.9,4494
Brian Campbell,Marcelo Rozo,51.1,5108
Brian Campbell,Adrien Saddier,47.0,4704
Brian Campbell,Gordon Sargent,54.1,5411
Brian Campbell,Adam Schenk,56.4,5644
Brian Campbell,Matti Schmid,49.0,4898
Brian Campbell,Ben Silverman,45.0,4501
Brian Campbell,Webb Simpson,57.9,5789
Brian Campbell,Alex Smalley,38.1,3808
Brian Campbell,Jordan Smith,33.8,3383
Brian Campbell,Austin Smotherman,49.0,4903
Brian Campbell,Brandt Snedeker,41.6,4160
Brian Campbell,Jordan Spieth,42.9,4291
Brian Campbell,Sam Stevens,44.2,4423
Brian Campbell,Sepp Straka,46.5,4654
Brian Campbell,Kevin Streelman,44.4,4440
Brian Campbell,Jackson Suber,33.5,3353
Brian Campbell,Adam Svensson,50.2,5019
Brian Campbell,Jesper Svensson,44.0,4398
Brian Campbell,Nick Taylor,39.3,3930
Brian Campbell,Sahith Theegala,38.1,3813
Brian Campbell,Justin Thomas,26.6,2661
Brian Campbell,Davis Thompson,37.5,3750
Brian Campbell,Alejandro Tosti,57.2,5722
Brian Campbell,Erik van Rooyen,43.3,4334
Brian Campbell,John VanDerLaan,49.6,4955
Brian Campbell,Karl Vilips,50.2,5021
Brian Campbell,Camilo Villegas,47.8,4775
Brian Campbell,Danny Walker,62.6,6260
Brian Campbell,Matt Wallace,32.8,3284
Brian Campbell,Vince Whaley,54.5,5447
Brian Campbell,Aaron Wise,40.4,4041
Brian Campbell,Dylan Wu,50.2,5015
Brian Campbell,Cameron Young,23.7,2369
Brian Campbell,Kevin Yu,35.9,3588
Rafael Campos,Zach Bauchou,38.0,3804
Rafael Campos,Christiaan Bezuidenhout,35.4,3540
Rafael Campos,Daniel Berger,45.5,4553
Rafael Campos,Zac Blair,34.2,3422
Rafael Campos,Chandler Blanchet,47.0,4696
Rafael Campos,Keegan Bradley,31.8,3177
Rafael Campos,Michael Brennan,37.8,3784
Rafael Campos,Brian Campbell,49.9,4995
Rafael Campos,Ricky Castillo,39.3,3929
Rafael Campos,Bud Cauley,29.1,2913
Rafael Campos,Davis Chatfield,43.8,4376
Rafael Campos,Luke Clanton,41.6,4155
Rafael Campos,Eric Cole,37.7,3773
Rafael Campos,Pierceson Coody,47.5,4746
Rafael Campos,Joel Dahmen,38.9,3893
Rafael Campos,Cam Davis,58.7,5873
Rafael Campos,Jason Day,43.9,4387
Rafael Campos,Zecheng Dou,45.7,4566
Rafael Campos,Adrien Dumont de Chassart,45.7,4567
Rafael Campos,Nick Dunlap,49.6,4962
Rafael Campos,Nico Echavarria,39.0,3898
Rafael Campos,Austin Eckroat,45.9,4587
Rafael Campos,Harris English,34.8,3477
Rafael Campos,Tony Finau,41.2,4121
Rafael Campos,Patrick Fishburn,39.8,3984
Rafael Campos,Steven Fisk,48.2,4823
Rafael Campos,Alex Fitzpatrick,25.4,2537
Rafael Campos,Brice Garnett,45.4,4538
Rafael Campos,Ryan Gerard,31.1,3113
Rafael Campos,Doug Ghim,31.2,3115
Rafael Campos,Lucas Glover,39.3,3932
Rafael Campos,Max Greyserman,46.0,4601
Rafael Campos,Ben Griffin,28.0,2799
Rafael Campos,Lanto Griffin,46.0,4601
Rafael Campos,Emiliano Grillo,33.1,3309
Rafael Campos,Harry Hall,45.5,4548
Rafael Campos,Brian Harman,34.6,3464
Rafael Campos,Garrick Higgo,53.9,5394
Rafael Campos,Joe Highsmith,51.6,5161
Rafael Campos,Kensei Hirata,54.8,5484
Rafael Campos,Ryo Hisatsune,35.9,3587
Rafael Campos,Lee Hodges,38.9,3893
Rafael Campos,Rico Hoey,39.2,3920
Rafael Campos,Tom Hoge,41.3,4127
Rafael Campos,Rasmus Hojgaard,46.9,4688
Rafael Campos,Billy Horschel,41.0,4100
Rafael Campos,Beau Hossler,38.9,3887
Rafael Campos,Mark Hubbard,40.4,4040
Rafael Campos,Mackenzie Hughes,39.6,3958
Rafael Campos,Sungjae Im,39.2,3918
Rafael Campos,Stephan Jaeger,45.9,4592
Rafael Campos,Ben James,35.1,3512
Rafael Campos,Takumi Kanaya,44.9,4489
Rafael Campos,Jeffrey Kang,45.1,4514
Rafael Campos,Johnny Keefer,37.8,3776
Rafael Campos,Michael Kim,38.1,3812
Rafael Campos,Tom Kim,25.6,2560
Rafael Campos,Chris Kirk,37.4,3745
Rafael Campos,Patton Kizzire,69.8,6977
Rafael Campos,Brooks Koepka,36.2,3620
Rafael Campos,Ben Kohles,29.9,2988
Rafael Campos,Jackson Koivun,28.6,2863
Rafael Campos,Matt Kuchar,37.0,3701
Rafael Campos,Christo Lamprecht,72.5,7254
Rafael Campos,Hank Lebioda,46.4,4639
Rafael Campos,Haotong Li,55.6,5557
Rafael Campos,David Lipsky,42.9,4293
Rafael Campos,Luke List,44.7,4473
Rafael Campos,Justin Lower,47.2,4718
Rafael Campos,Peter Malnati,60.5,6055
Rafael Campos,Hideki Matsuyama,29.8,2976
Rafael Campos,Denny McCarthy,41.1,4107
Rafael Campos,Matt McCarty,44.3,4426
Rafael Campos,Max McGreevy,37.4,3745
Rafael Campos,Maverick McNealy,35.9,3587
Rafael Campos,Mac Meissner,35.7,3566
Rafael Campos,Keith Mitchell,35.2,3520
Rafael Campos,Taylor Moore,44.9,4488
Rafael Campos,William Mouw,38.3,3831
Rafael Campos,Rasmus Neergaard-Petersen,38.5,3850
Rafael Campos,Alex Noren,40.2,4016
Rafael Campos,Andrew Novak,38.9,3889
Rafael Campos,Pontus Nyholm,51.4,5144
Rafael Campos,Thorbjorn Olesen,49.3,4926
Rafael Campos,John Parry,41.1,4109
Rafael Campos,Matthieu Pavon,44.7,4473
Rafael Campos,Taylor Pendrith,45.0,4495
Rafael Campos,Marco Penge,36.6,3662
Rafael Campos,Chandler Phillips,40.2,4017
Rafael Campos,J.T. Poston,35.0,3503
Rafael Campos,Aldrich Potgieter,47.5,4750
Rafael Campos,Seamus Power,48.7,4875
Rafael Campos,Andrew Putnam,41.2,4124
Rafael Campos,Aaron Rai,28.2,2819
Rafael Campos,Chad Ramey,55.6,5559
Rafael Campos,Davis Riley,53.9,5394
Rafael Campos,Patrick Rodgers,55.1,5511
Rafael Campos,Kevin Roy,44.9,4489
Rafael Campos,Marcelo Rozo,51.0,5102
Rafael Campos,Adrien Saddier,47.0,4699
Rafael Campos,Gordon Sargent,54.1,5405
Rafael Campos,Adam Schenk,56.4,5639
Rafael Campos,Matti Schmid,48.9,4892
Rafael Campos,Ben Silverman,45.0,4495
Rafael Campos,Webb Simpson,57.8,5783
Rafael Campos,Alex Smalley,38.0,3803
Rafael Campos,Jordan Smith,33.8,3378
Rafael Campos,Austin Smotherman,49.0,4897
Rafael Campos,Brandt Snedeker,41.5,4155
Rafael Campos,Jordan Spieth,42.9,4286
Rafael Campos,Sam Stevens,44.2,4417
Rafael Campos,Sepp Straka,46.5,4648
Rafael Campos,Kevin Streelman,44.3,4434
Rafael Campos,Jackson Suber,33.5,3347
Rafael Campos,Adam Svensson,50.1,5014
Rafael Campos,Jesper Svensson,43.9,4393
Rafael Campos,Nick Taylor,39.2,3925
Rafael Campos,Sahith Theegala,38.1,3808
Rafael Campos,Justin Thomas,26.6,2656
Rafael Campos,Davis Thompson,37.4,3744
Rafael Campos,Alejandro Tosti,57.2,5717
Rafael Campos,Erik van Rooyen,43.3,4329
Rafael Campos,John VanDerLaan,49.5,4950
Rafael Campos,Karl Vilips,50.2,5016
Rafael Campos,Camilo Villegas,47.7,4770
Rafael Campos,Danny Walker,62.5,6254
Rafael Campos,Matt Wallace,32.8,3279
Rafael Campos,Vince Whaley,54.4,5442
Rafael Campos,Aaron Wise,40.4,4035
Rafael Campos,Dylan Wu,50.1,5010
Rafael Campos,Cameron Young,23.7,2365
Rafael Campos,Kevin Yu,35.8,3582
Ricky Castillo,Zach Bauchou,48.7,4870
Ricky Castillo,Christiaan Bezuidenhout,45.9,4591
Ricky Castillo,Daniel Berger,56.3,5633
Ricky Castillo,Zac Blair,44.6,4464
Ricky Castillo,Chandler Blanchet,57.7,5775
Ricky Castillo,Keegan Bradley,42.0,4198
Ricky Castillo,Michael Brennan,48.5,4848
Ricky Castillo,Brian Campbell,60.7,6065
Ricky Castillo,Rafael Campos,60.7,6071
Ricky Castillo,Bud Cauley,39.1,3906
Ricky Castillo,Davis Chatfield,54.6,5456
Ricky Castillo,Luke Clanton,52.3,5233
Ricky Castillo,Eric Cole,48.4,4836
Ricky Castillo,Pierceson Coody,58.2,5823
Ricky Castillo,Joel Dahmen,49.6,4962
Ricky Castillo,Cam Davis,68.9,6888
Ricky Castillo,Jason Day,54.7,5467
Ricky Castillo,Zecheng Dou,56.5,5646
Ricky Castillo,Adrien Dumont de Chassart,56.5,5647
Ricky Castillo,Nick Dunlap,60.3,6034
Ricky Castillo,Nico Echavarria,49.7,4967
Ricky Castillo,Austin Eckroat,56.7,5667
Ricky Castillo,Harris English,45.2,4523
Ricky Castillo,Tony Finau,52.0,5198
Ricky Castillo,Patrick Fishburn,50.6,5057
Ricky Castillo,Steven Fisk,59.0,5900
Ricky Castillo,Alex Fitzpatrick,34.8,3478
Ricky Castillo,Brice Garnett,56.2,5618
Ricky Castillo,Ryan Gerard,41.3,4128
Ricky Castillo,Doug Ghim,41.3,4130
Ricky Castillo,Lucas Glover,50.0,5003
Ricky Castillo,Max Greyserman,56.8,5681
Ricky Castillo,Ben Griffin,37.8,3777
Ricky Castillo,Lanto Griffin,56.8,5681
Ricky Castillo,Emiliano Grillo,43.4,4342
Ricky Castillo,Harry Hall,56.3,5628
Ricky Castillo,Brian Harman,45.1,4509
Ricky Castillo,Garrick Higgo,64.5,6446
Ricky Castillo,Joe Highsmith,62.3,6225
Ricky Castillo,Kensei Hirata,65.3,6530
Ricky Castillo,Ryo Hisatsune,46.4,4640
Ricky Castillo,Lee Hodges,49.6,4962
Ricky Castillo,Rico Hoey,49.9,4990
Ricky Castillo,Tom Hoge,52.0,5204
Ricky Castillo,Rasmus Hojgaard,57.7,5766
Ricky Castillo,Billy Horschel,51.8,5176
Ricky Castillo,Beau Hossler,49.6,4956
Ricky Castillo,Mark Hubbard,51.1,5114
Ricky Castillo,Mackenzie Hughes,50.3,5030
Ricky Castillo,Sungjae Im,49.9,4989
Ricky Castillo,Stephan Jaeger,56.7,5672
Ricky Castillo,Ben James,45.6,4561
Ricky Castillo,Takumi Kanaya,55.7,5569
Ricky Castillo,Jeffrey Kang,55.9,5594
Ricky Castillo,Johnny Keefer,48.4,4840
Ricky Castillo,Michael Kim,48.8,4878
Ricky Castillo,Tom Kim,35.1,3505
Ricky Castillo,Chris Kirk,48.1,4807
Ricky Castillo,Patton Kizzire,78.5,7851
Ricky Castillo,Brooks Koepka,46.8,4675
Ricky Castillo,Ben Kohles,39.9,3989
Ricky Castillo,Jackson Koivun,38.5,3849
Ricky Castillo,Matt Kuchar,47.6,4761
Ricky Castillo,Christo Lamprecht,80.8,8080
Ricky Castillo,Hank Lebioda,57.2,5718
Ricky Castillo,Haotong Li,66.0,6598
Ricky Castillo,David Lipsky,53.7,5372
Ricky Castillo,Luke List,55.5,5553
Ricky Castillo,Justin Lower,58.0,5796
Ricky Castillo,Peter Malnati,70.5,7051
Ricky Castillo,Hideki Matsuyama,39.8,3975
Ricky Castillo,Denny McCarthy,51.8,5183
Ricky Castillo,Matt McCarty,55.1,5507
Ricky Castillo,Max McGreevy,48.1,4807
Ricky Castillo,Maverick McNealy,46.4,4640
Ricky Castillo,Mac Meissner,46.2,4618
Ricky Castillo,Keith Mitchell,45.7,4569
Ricky Castillo,Taylor Moore,55.7,5568
Ricky Castillo,William Mouw,49.0,4898
Ricky Castillo,Rasmus Neergaard-Petersen,49.2,4917
Ricky Castillo,Alex Noren,50.9,5089
Ricky Castillo,Andrew Novak,49.6,4958
Ricky Castillo,Pontus Nyholm,62.1,6208
Ricky Castillo,Thorbjorn Olesen,60.0,5999
Ricky Castillo,John Parry,51.9,5186
Ricky Castillo,Matthieu Pavon,55.5,5553
Ricky Castillo,Taylor Pendrith,55.8,5576
Ricky Castillo,Marco Penge,47.2,4720
Ricky Castillo,Chandler Phillips,50.9,5091
Ricky Castillo,J.T. Poston,45.5,4550
Ricky Castillo,Aldrich Potgieter,58.3,5828
Ricky Castillo,Seamus Power,59.5,5949
Ricky Castillo,Andrew Putnam,52.0,5201
Ricky Castillo,Aaron Rai,38.0,3800
Ricky Castillo,Chad Ramey,66.0,6599
Ricky Castillo,Davis Riley,64.5,6446
Ricky Castillo,Patrick Rodgers,65.5,6555
Ricky Castillo,Kevin Roy,55.7,5569
Ricky Castillo,Marcelo Rozo,61.7,6169
Ricky Castillo,Adrien Saddier,57.8,5777
Ricky Castillo,Gordon Sargent,64.6,6456
Ricky Castillo,Adam Schenk,66.7,6673
Ricky Castillo,Matti Schmid,59.7,5967
Ricky Castillo,Ben Silverman,55.8,5576
Ricky Castillo,Webb Simpson,68.1,6806
Ricky Castillo,Alex Smalley,48.7,4868
Ricky Castillo,Jordan Smith,44.2,4417
Ricky Castillo,Austin Smotherman,59.7,5971
Ricky Castillo,Brandt Snedeker,52.3,5232
Ricky Castillo,Jordan Spieth,53.7,5365
Ricky Castillo,Sam Stevens,55.0,5498
Ricky Castillo,Sepp Straka,57.3,5728
Ricky Castillo,Kevin Streelman,55.1,5515
Ricky Castillo,Jackson Suber,43.8,4384
Ricky Castillo,Adam Svensson,60.8,6084
Ricky Castillo,Jesper Svensson,54.7,5473
Ricky Castillo,Nick Taylor,50.0,4995
Ricky Castillo,Sahith Theegala,48.7,4873
Ricky Castillo,Justin Thomas,36.2,3615
Ricky Castillo,Davis Thompson,48.1,4807
Ricky Castillo,Alejandro Tosti,67.4,6745
Ricky Castillo,Erik van Rooyen,54.1,5409
Ricky Castillo,John VanDerLaan,60.2,6022
Ricky Castillo,Karl Vilips,60.9,6086
Ricky Castillo,Camilo Villegas,58.5,5847
Ricky Castillo,Danny Walker,72.3,7229
Ricky Castillo,Matt Wallace,43.1,4309
Ricky Castillo,Vince Whaley,64.9,6490
Ricky Castillo,Aaron Wise,51.1,5110
Ricky Castillo,Dylan Wu,60.8,6080
Ricky Castillo,Cameron Young,32.8,3278
Ricky Castillo,Kevin Yu,46.4,4636
Bud Cauley,Zach Bauchou,59.7,5968
Bud Cauley,Christiaan Bezuidenhout,56.9,5695
Bud Cauley,Daniel Berger,66.9,6691
Bud Cauley,Zac Blair,55.7,5569
Bud Cauley,Chandler Blanchet,68.2,6820
Bud Cauley,Keegan Bradley,53.0,5301
Bud Cauley,Michael Brennan,59.5,5948
Bud Cauley,Brian Campbell,70.8,7082
Bud Cauley,Rafael Campos,70.9,7087
Bud Cauley,Ricky Castillo,60.9,6094
Bud Cauley,Davis Chatfield,65.3,6527
Bud Cauley,Luke Clanton,63.2,6316
Bud Cauley,Eric Cole,59.4,5936
Bud Cauley,Pierceson Coody,68.6,6864
Bud Cauley,Joel Dahmen,60.6,6058
Bud Cauley,Cam Davis,77.9,7794
Bud Cauley,Jason Day,65.4,6536
Bud Cauley,Zecheng Dou,67.0,6702
Bud Cauley,Adrien Dumont de Chassart,67.0,6703
Bud Cauley,Nick Dunlap,70.5,7054
Bud Cauley,Nico Echavarria,60.6,6063
Bud Cauley,Austin Eckroat,67.2,6722
Bud Cauley,Harris English,56.3,5628
Bud Cauley,Tony Finau,62.8,6283
Bud Cauley,Patrick Fishburn,61.5,6149
Bud Cauley,Steven Fisk,69.3,6933
Bud Cauley,Alex Fitzpatrick,45.5,4548
Bud Cauley,Brice Garnett,66.8,6676
Bud Cauley,Ryan Gerard,52.3,5229
Bud Cauley,Doug Ghim,52.3,5231
Bud Cauley,Lucas Glover,61.0,6097
Bud Cauley,Max Greyserman,67.3,6734
Bud Cauley,Ben Griffin,48.7,4866
Bud Cauley,Lanto Griffin,67.3,6734
Bud Cauley,Emiliano Grillo,54.5,5447
Bud Cauley,Harry Hall,66.9,6686
Bud Cauley,Brian Harman,56.1,5613
Bud Cauley,Garrick Higgo,74.2,7417
Bud Cauley,Joe Highsmith,72.2,7224
Bud Cauley,Kensei Hirata,74.9,7490
Bud Cauley,Ryo Hisatsune,57.4,5744
Bud Cauley,Lee Hodges,60.6,6058
Bud Cauley,Rico Hoey,60.8,6085
Bud Cauley,Tom Hoge,62.9,6289
Bud Cauley,Rasmus Hojgaard,68.1,6812
Bud Cauley,Billy Horschel,62.6,6263
Bud Cauley,Beau Hossler,60.5,6052
Bud Cauley,Mark Hubbard,62.0,6204
Bud Cauley,Mackenzie Hughes,61.2,6123
Bud Cauley,Sungjae Im,60.8,6084
Bud Cauley,Stephan Jaeger,67.3,6726
Bud Cauley,Ben James,56.7,5665
Bud Cauley,Takumi Kanaya,66.3,6631
Bud Cauley,Jeffrey Kang,66.5,6655
Bud Cauley,Johnny Keefer,59.4,5940
Bud Cauley,Michael Kim,59.8,5976
Bud Cauley,Tom Kim,45.8,4578
Bud Cauley,Chris Kirk,59.1,5908
Bud Cauley,Patton Kizzire,85.7,8571
Bud Cauley,Brooks Koepka,57.8,5779
Bud Cauley,Ben Kohles,50.9,5087
Bud Cauley,Jackson Koivun,49.4,4941
Bud Cauley,Matt Kuchar,58.6,5863
Bud Cauley,Christo Lamprecht,87.5,8746
Bud Cauley,Hank Lebioda,67.7,6768
Bud Cauley,Haotong Li,75.5,7548
Bud Cauley,David Lipsky,64.5,6448
Bud Cauley,Luke List,66.2,6617
Bud Cauley,Justin Lower,68.4,6840
Bud Cauley,Peter Malnati,79.3,7931
Bud Cauley,Hideki Matsuyama,50.7,5072
Bud Cauley,Denny McCarthy,62.7,6270
Bud Cauley,Matt McCarty,65.7,6573
Bud Cauley,Max McGreevy,59.1,5908
Bud Cauley,Maverick McNealy,57.4,5744
Bud Cauley,Mac Meissner,57.2,5722
Bud Cauley,Keith Mitchell,56.7,5673
Bud Cauley,Taylor Moore,66.3,6631
Bud Cauley,William Mouw,60.0,5995
Bud Cauley,Rasmus Neergaard-Petersen,60.1,6015
Bud Cauley,Alex Noren,61.8,6180
Bud Cauley,Andrew Novak,60.5,6054
Bud Cauley,Pontus Nyholm,72.1,7209
Bud Cauley,Thorbjorn Olesen,70.2,7023
Bud Cauley,John Parry,62.7,6272
Bud Cauley,Matthieu Pavon,66.2,6617
Bud Cauley,Taylor Pendrith,66.4,6637
Bud Cauley,Marco Penge,58.2,5822
Bud Cauley,Chandler Phillips,61.8,6182
Bud Cauley,J.T. Poston,56.6,5655
Bud Cauley,Aldrich Potgieter,68.7,6868
Bud Cauley,Seamus Power,69.8,6978
Bud Cauley,Andrew Putnam,62.9,6286
Bud Cauley,Aaron Rai,48.9,4890
Bud Cauley,Chad Ramey,75.5,7549
Bud Cauley,Davis Riley,74.2,7417
Bud Cauley,Patrick Rodgers,75.1,7511
Bud Cauley,Kevin Roy,66.3,6631
Bud Cauley,Marcelo Rozo,71.7,7174
Bud Cauley,Adrien Saddier,68.2,6823
Bud Cauley,Gordon Sargent,74.3,7426
Bud Cauley,Adam Schenk,76.1,7613
Bud Cauley,Matti Schmid,69.9,6994
Bud Cauley,Ben Silverman,66.4,6637
Bud Cauley,Webb Simpson,77.3,7725
Bud Cauley,Alex Smalley,59.7,5967
Bud Cauley,Jordan Smith,55.2,5522
Bud Cauley,Austin Smotherman,70.0,6998
Bud Cauley,Brandt Snedeker,63.2,6316
Bud Cauley,Jordan Spieth,64.4,6441
Bud Cauley,Sam Stevens,65.7,6565
Bud Cauley,Sepp Straka,67.8,6777
Bud Cauley,Kevin Streelman,65.8,6581
Bud Cauley,Jackson Suber,54.9,5488
Bud Cauley,Adam Svensson,71.0,7099
Bud Cauley,Jesper Svensson,65.4,6542
Bud Cauley,Nick Taylor,60.9,6090
Bud Cauley,Sahith Theegala,59.7,5972
Bud Cauley,Justin Thomas,46.9,4695
Bud Cauley,Davis Thompson,59.1,5907
Bud Cauley,Alejandro Tosti,76.7,7674
Bud Cauley,Erik van Rooyen,64.8,6482
Bud Cauley,John VanDerLaan,70.4,7044
Bud Cauley,Karl Vilips,71.0,7100
Bud Cauley,Camilo Villegas,68.9,6886
Bud Cauley,Danny Walker,80.8,8077
Bud Cauley,Matt Wallace,54.1,5414
Bud Cauley,Vince Whaley,74.6,7455
Bud Cauley,Aaron Wise,62.0,6199
Bud Cauley,Dylan Wu,71.0,7095
Bud Cauley,Cameron Young,43.3,4333
Bud Cauley,Kevin Yu,57.4,5739
Davis Chatfield,Zach Bauchou,44.1,4414
Davis Chatfield,Christiaan Bezuidenhout,41.4,4139
Davis Chatfield,Daniel Berger,51.8,5179
Davis Chatfield,Zac Blair,40.1,4015
Davis Chatfield,Chandler Blanchet,53.2,5322
Davis Chatfield,Keegan Bradley,37.6,3756
Davis Chatfield,Michael Brennan,43.9,4393
Davis Chatfield,Brian Campbell,56.2,5619
Davis Chatfield,Rafael Campos,56.2,5624
Davis Chatfield,Ricky Castillo,45.4,4544
Davis Chatfield,Bud Cauley,34.7,3473
Davis Chatfield,Luke Clanton,47.8,4775
Davis Chatfield,Eric Cole,43.8,4382
Davis Chatfield,Pierceson Coody,53.7,5371
Davis Chatfield,Joel Dahmen,45.1,4506
Davis Chatfield,Cam Davis,64.7,6472
Davis Chatfield,Jason Day,50.1,5011
Davis Chatfield,Zecheng Dou,51.9,5191
Davis Chatfield,Adrien Dumont de Chassart,51.9,5193
Davis Chatfield,Nick Dunlap,55.9,5587
Davis Chatfield,Nico Echavarria,45.1,4511
Davis Chatfield,Austin Eckroat,52.1,5213
Davis Chatfield,Harris English,40.7,4073
Davis Chatfield,Tony Finau,47.4,4741
Davis Chatfield,Patrick Fishburn,46.0,4600
Davis Chatfield,Steven Fisk,54.5,5449
Davis Chatfield,Alex Fitzpatrick,30.6,3064
Davis Chatfield,Brice Garnett,51.6,5163
Davis Chatfield,Ryan Gerard,36.9,3688
Davis Chatfield,Doug Ghim,36.9,3690
Davis Chatfield,Lucas Glover,45.5,4547
Davis Chatfield,Max Greyserman,52.3,5227
Davis Chatfield,Ben Griffin,33.5,3350
Davis Chatfield,Lanto Griffin,52.3,5227
Davis Chatfield,Emiliano Grillo,39.0,3896
Davis Chatfield,Harry Hall,51.7,5173
Davis Chatfield,Brian Harman,40.6,4059
Davis Chatfield,Garrick Higgo,60.1,6010
Davis Chatfield,Joe Highsmith,57.8,5783
Davis Chatfield,Kensei Hirata,61.0,6098
Davis Chatfield,Ryo Hisatsune,41.9,4188
Davis Chatfield,Lee Hodges,45.1,4506
Davis Chatfield,Rico Hoey,45.3,4534
Davis Chatfield,Tom Hoge,47.5,4747
Davis Chatfield,Rasmus Hojgaard,53.1,5313
Davis Chatfield,Billy Horschel,47.2,4719
Davis Chatfield,Beau Hossler,45.0,4500
Davis Chatfield,Mark Hubbard,46.6,4657
Davis Chatfield,Mackenzie Hughes,45.7,4573
Davis Chatfield,Sungjae Im,45.3,4532
Davis Chatfield,Stephan Jaeger,52.2,5218
Davis Chatfield,Ben James,41.1,4110
Davis Chatfield,Takumi Kanaya,51.1,5114
Davis Chatfield,Jeffrey Kang,51.4,5139
Davis Chatfield,Johnny Keefer,43.9,4385
Davis Chatfield,Michael Kim,44.2,4423
Davis Chatfield,Tom Kim,30.9,3090
Davis Chatfield,Chris Kirk,43.5,4353
Davis Chatfield,Patton Kizzire,75.0,7501
Davis Chatfield,Brooks Koepka,42.2,4223
Davis Chatfield,Ben Kohles,35.5,3554
Davis Chatfield,Jackson Koivun,34.2,3419
Davis Chatfield,Matt Kuchar,43.1,4307
Davis Chatfield,Christo Lamprecht,77.5,7752
Davis Chatfield,Hank Lebioda,52.6,5265
Davis Chatfield,Haotong Li,61.7,6169
Davis Chatfield,David Lipsky,49.2,4916
Davis Chatfield,Luke List,51.0,5098
Davis Chatfield,Justin Lower,53.4,5344
Davis Chatfield,Peter Malnati,66.4,6644
Davis Chatfield,Hideki Matsuyama,35.4,3541
Davis Chatfield,Denny McCarthy,47.3,4726
Davis Chatfield,Matt McCarty,50.5,5051
Davis Chatfield,Max McGreevy,43.5,4353
Davis Chatfield,Maverick McNealy,41.9,4188
Davis Chatfield,Mac Meissner,41.7,4167
Davis Chatfield,Keith Mitchell,41.2,4118
Davis Chatfield,Taylor Moore,51.1,5113
Davis Chatfield,William Mouw,44.4,4442
Davis Chatfield,Rasmus Neergaard-Petersen,44.6,4462
Davis Chatfield,Alex Noren,46.3,4633
Davis Chatfield,Andrew Novak,45.0,4502
Davis Chatfield,Pontus Nyholm,57.7,5765
Davis Chatfield,Thorbjorn Olesen,55.5,5551
Davis Chatfield,John Parry,47.3,4729
Davis Chatfield,Matthieu Pavon,51.0,5098
Davis Chatfield,Taylor Pendrith,51.2,5120
Davis Chatfield,Marco Penge,42.7,4266
Davis Chatfield,Chandler Phillips,46.3,4634
Davis Chatfield,J.T. Poston,41.0,4100
Davis Chatfield,Aldrich Potgieter,53.8,5376
Davis Chatfield,Seamus Power,55.0,5500
Davis Chatfield,Andrew Putnam,47.4,4744
Davis Chatfield,Aaron Rai,33.7,3372
Davis Chatfield,Chad Ramey,61.7,6170
Davis Chatfield,Davis Riley,60.1,6011
Davis Chatfield,Patrick Rodgers,61.2,6124
Davis Chatfield,Kevin Roy,51.1,5114
Davis Chatfield,Marcelo Rozo,57.2,5725
Davis Chatfield,Adrien Saddier,53.2,5325
Davis Chatfield,Gordon Sargent,60.2,6021
Davis Chatfield,Adam Schenk,62.5,6247
Davis Chatfield,Matti Schmid,55.2,5518
Davis Chatfield,Ben Silverman,51.2,5120
Davis Chatfield,Webb Simpson,63.9,6386
Davis Chatfield,Alex Smalley,44.1,4413
Davis Chatfield,Jordan Smith,39.7,3969
Davis Chatfield,Austin Smotherman,55.2,5522
Davis Chatfield,Brandt Snedeker,47.7,4775
Davis Chatfield,Jordan Spieth,49.1,4908
Davis Chatfield,Sam Stevens,50.4,5042
Davis Chatfield,Sepp Straka,52.7,5274
Davis Chatfield,Kevin Streelman,50.6,5059
Davis Chatfield,Jackson Suber,39.4,3937
Davis Chatfield,Adam Svensson,56.4,5637
Davis Chatfield,Jesper Svensson,50.2,5017
Davis Chatfield,Nick Taylor,45.4,4539
Davis Chatfield,Sahith Theegala,44.2,4418
Davis Chatfield,Justin Thomas,32.0,3195
Davis Chatfield,Davis Thompson,43.5,4352
Davis Chatfield,Alejandro Tosti,63.2,6322
Davis Chatfield,Erik van Rooyen,49.5,4952
Davis Chatfield,John VanDerLaan,55.7,5575
Davis Chatfield,Karl Vilips,56.4,5640
Davis Chatfield,Camilo Villegas,54.0,5396
Davis Chatfield,Danny Walker,68.3,6833
Davis Chatfield,Matt Wallace,38.6,3864
Davis Chatfield,Vince Whaley,60.6,6057
Davis Chatfield,Aaron Wise,46.5,4653
Davis Chatfield,Dylan Wu,56.3,5634
Davis Chatfield,Cameron Young,28.8,2876
Davis Chatfield,Kevin Yu,41.8,4184
Luke Clanton,Zach Bauchou,46.4,4637
Luke Clanton,Christiaan Bezuidenhout,43.6,4360
Luke Clanton,Daniel Berger,54.0,5403
Luke Clanton,Zac Blair,42.3,4234
Luke Clanton,Chandler Blanchet,55.5,5545
Luke Clanton,Keegan Bradley,39.7,3972
Luke Clanton,Michael Brennan,46.2,4616
Luke Clanton,Brian Campbell,58.4,5839
Luke Clanton,Rafael Campos,58.4,5845
Luke Clanton,Ricky Castillo,47.7,4767
Luke Clanton,Bud Cauley,36.8,3684
Luke Clanton,Davis Chatfield,52.2,5225
Luke Clanton,Eric Cole,46.0,4604
Luke Clanton,Pierceson Coody,55.9,5594
Luke Clanton,Joel Dahmen,47.3,4729
Luke Clanton,Cam Davis,66.8,6679
Luke Clanton,Jason Day,52.4,5235
Luke Clanton,Zecheng Dou,54.2,5415
Luke Clanton,Adrien Dumont de Chassart,54.2,5417
Luke Clanton,Nick Dunlap,58.1,5808
Luke Clanton,Nico Echavarria,47.3,4735
Luke Clanton,Austin Eckroat,54.4,5437
Luke Clanton,Harris English,42.9,4293
Luke Clanton,Tony Finau,49.7,4965
Luke Clanton,Patrick Fishburn,48.2,4824
Luke Clanton,Steven Fisk,56.7,5671
Luke Clanton,Alex Fitzpatrick,32.6,3265
Luke Clanton,Brice Garnett,53.9,5387
Luke Clanton,Ryan Gerard,39.0,3902
Luke Clanton,Doug Ghim,39.0,3904
Luke Clanton,Lucas Glover,47.7,4770
Luke Clanton,Max Greyserman,54.5,5451
Luke Clanton,Ben Griffin,35.6,3558
Luke Clanton,Lanto Griffin,54.5,5450
Luke Clanton,Emiliano Grillo,41.1,4114
Luke Clanton,Harry Hall,54.0,5398
Luke Clanton,Brian Harman,42.8,4279
Luke Clanton,Garrick Higgo,62.3,6226
Luke Clanton,Joe Highsmith,60.0,6002
Luke Clanton,Kensei Hirata,63.1,6312
Luke Clanton,Ryo Hisatsune,44.1,4409
Luke Clanton,Lee Hodges,47.3,4730
Luke Clanton,Rico Hoey,47.6,4758
Luke Clanton,Tom Hoge,49.7,4971
Luke Clanton,Rasmus Hojgaard,55.4,5537
Luke Clanton,Billy Horschel,49.4,4943
Luke Clanton,Beau Hossler,47.2,4723
Luke Clanton,Mark Hubbard,48.8,4882
Luke Clanton,Mackenzie Hughes,48.0,4797
Luke Clanton,Sungjae Im,47.6,4756
Luke Clanton,Stephan Jaeger,54.4,5442
Luke Clanton,Ben James,43.3,4330
Luke Clanton,Takumi Kanaya,53.4,5338
Luke Clanton,Jeffrey Kang,53.6,5363
Luke Clanton,Johnny Keefer,46.1,4608
Luke Clanton,Michael Kim,46.5,4646
Luke Clanton,Tom Kim,32.9,3291
Luke Clanton,Chris Kirk,45.8,4575
Luke Clanton,Patton Kizzire,76.8,7677
Luke Clanton,Brooks Koepka,44.4,4444
Luke Clanton,Ben Kohles,37.7,3766
Luke Clanton,Jackson Koivun,36.3,3628
Luke Clanton,Matt Kuchar,45.3,4530
Luke Clanton,Christo Lamprecht,79.2,7917
Luke Clanton,Hank Lebioda,54.9,5488
Luke Clanton,Haotong Li,63.8,6382
Luke Clanton,David Lipsky,51.4,5140
Luke Clanton,Luke List,53.2,5322
Luke Clanton,Justin Lower,55.7,5567
Luke Clanton,Peter Malnati,68.5,6847
Luke Clanton,Hideki Matsuyama,37.5,3752
Luke Clanton,Denny McCarthy,49.5,4951
Luke Clanton,Matt McCarty,52.8,5275
Luke Clanton,Max McGreevy,45.8,4575
Luke Clanton,Maverick McNealy,44.1,4409
Luke Clanton,Mac Meissner,43.9,4387
Luke Clanton,Keith Mitchell,43.4,4338
Luke Clanton,Taylor Moore,53.4,5337
Luke Clanton,William Mouw,46.7,4665
Luke Clanton,Rasmus Neergaard-Petersen,46.9,4685
Luke Clanton,Alex Noren,48.6,4857
Luke Clanton,Andrew Novak,47.3,4726
Luke Clanton,Pontus Nyholm,59.8,5985
Luke Clanton,Thorbjorn Olesen,57.7,5772
Luke Clanton,John Parry,49.5,4953
Luke Clanton,Matthieu Pavon,53.2,5322
Luke Clanton,Taylor Pendrith,53.4,5345
Luke Clanton,Marco Penge,44.9,4488
Luke Clanton,Chandler Phillips,48.6,4858
Luke Clanton,J.T. Poston,43.2,4320
Luke Clanton,Aldrich Potgieter,56.0,5599
Luke Clanton,Seamus Power,57.2,5722
Luke Clanton,Andrew Putnam,49.7,4968
Luke Clanton,Aaron Rai,35.8,3580
Luke Clanton,Chad Ramey,63.8,6383
Luke Clanton,Davis Riley,62.3,6226
Luke Clanton,Patrick Rodgers,63.4,6338
Luke Clanton,Kevin Roy,53.4,5338
Luke Clanton,Marcelo Rozo,59.4,5945
Luke Clanton,Adrien Saddier,55.5,5548
Luke Clanton,Gordon Sargent,62.4,6237
Luke Clanton,Adam Schenk,64.6,6459
Luke Clanton,Matti Schmid,57.4,5739
Luke Clanton,Ben Silverman,53.4,5345
Luke Clanton,Webb Simpson,65.9,6595
Luke Clanton,Alex Smalley,46.4,4636
Luke Clanton,Jordan Smith,41.9,4188
Luke Clanton,Austin Smotherman,57.4,5744
Luke Clanton,Brandt Snedeker,50.0,4999
Luke Clanton,Jordan Spieth,51.3,5133
Luke Clanton,Sam Stevens,52.7,5266
Luke Clanton,Sepp Straka,55.0,5498
Luke Clanton,Kevin Streelman,52.8,5283
Luke Clanton,Jackson Suber,41.5,4155
Luke Clanton,Adam Svensson,58.6,5858
Luke Clanton,Jesper Svensson,52.4,5241
Luke Clanton,Nick Taylor,47.6,4763
Luke Clanton,Sahith Theegala,46.4,4641
Luke Clanton,Justin Thomas,34.0,3399
Luke Clanton,Davis Thompson,45.7,4575
Luke Clanton,Alejandro Tosti,65.3,6532
Luke Clanton,Erik van Rooyen,51.8,5177
Luke Clanton,John VanDerLaan,58.0,5796
Luke Clanton,Karl Vilips,58.6,5860
Luke Clanton,Camilo Villegas,56.2,5618
Luke Clanton,Danny Walker,70.3,7030
Luke Clanton,Matt Wallace,40.8,4081
Luke Clanton,Vince Whaley,62.7,6272
Luke Clanton,Aaron Wise,48.8,4877
Luke Clanton,Dylan Wu,58.5,5854
Luke Clanton,Cameron Young,30.7,3071
Luke Clanton,Kevin Yu,44.0,4405
Eric Cole,Zach Bauchou,50.3,5033
Eric Cole,Christiaan Bezuidenhout,47.5,4754
Eric Cole,Daniel Berger,57.9,5794
Eric Cole,Zac Blair,46.3,4626
Eric Cole,Chandler Blanchet,59.3,5934
Eric Cole,Keegan Bradley,43.6,4359
Eric Cole,Michael Brennan,50.1,5012
Eric Cole,Brian Campbell,62.2,6222
Eric Cole,Rafael Campos,62.3,6227
Eric Cole,Ricky Castillo,51.6,5164
Eric Cole,Bud Cauley,40.6,4064
Eric Cole,Davis Chatfield,56.2,5618
Eric Cole,Luke Clanton,54.0,5396
Eric Cole,Pierceson Coody,59.8,5983
Eric Cole,Joel Dahmen,51.3,5125
Eric Cole,Cam Davis,70.3,7031
Eric Cole,Jason Day,56.3,5629
Eric Cole,Zecheng Dou,58.1,5807
Eric Cole,Adrien Dumont de Chassart,58.1,5808
Eric Cole,Nick Dunlap,61.9,6192
Eric Cole,Nico Echavarria,51.3,5131
Eric Cole,Austin Eckroat,58.3,5828
Eric Cole,Harris English,46.9,4686
Eric Cole,Tony Finau,53.6,5361
Eric Cole,Patrick Fishburn,52.2,5220
Eric Cole,Steven Fisk,60.6,6058
Eric Cole,Alex Fitzpatrick,36.3,3630
Eric Cole,Brice Garnett,57.8,5779
Eric Cole,Ryan Gerard,42.9,4288
Eric Cole,Doug Ghim,42.9,4290
Eric Cole,Lucas Glover,51.7,5167
Eric Cole,Max Greyserman,58.4,5842
Eric Cole,Ben Griffin,39.3,3934
Eric Cole,Lanto Griffin,58.4,5841
Eric Cole,Emiliano Grillo,45.0,4504
Eric Cole,Harry Hall,57.9,5789
Eric Cole,Brian Harman,46.7,4671
Eric Cole,Garrick Higgo,66.0,6597
Eric Cole,Joe Highsmith,63.8,6380
Eric Cole,Kensei Hirata,66.8,6680
Eric Cole,Ryo Hisatsune,48.0,4803
Eric Cole,Lee Hodges,51.3,5126
Eric Cole,Rico Hoey,51.5,5154
Eric Cole,Tom Hoge,53.7,5367
Eric Cole,Rasmus Hojgaard,59.3,5926
Eric Cole,Billy Horschel,53.4,5339
Eric Cole,Beau Hossler,51.2,5119
Eric Cole,Mark Hubbard,52.8,5278
Eric Cole,Mackenzie Hughes,51.9,5193
Eric Cole,Sungjae Im,51.5,5152
Eric Cole,Stephan Jaeger,58.3,5833
Eric Cole,Ben James,47.2,4724
Eric Cole,Takumi Kanaya,57.3,5731
Eric Cole,Jeffrey Kang,57.6,5756
Eric Cole,Johnny Keefer,50.0,5004
Eric Cole,Michael Kim,50.4,5041
Eric Cole,Tom Kim,36.6,3658
Eric Cole,Chris Kirk,49.7,4971
Eric Cole,Patton Kizzire,79.7,7969
Eric Cole,Brooks Koepka,48.4,4839
Eric Cole,Ben Kohles,41.5,4148
Eric Cole,Jackson Koivun,40.1,4006
Eric Cole,Matt Kuchar,49.2,4925
Eric Cole,Christo Lamprecht,81.9,8190
Eric Cole,Hank Lebioda,58.8,5879
Eric Cole,Haotong Li,67.5,6747
Eric Cole,David Lipsky,55.3,5535
Eric Cole,Luke List,57.1,5715
Eric Cole,Justin Lower,59.6,5956
Eric Cole,Peter Malnati,71.9,7191
Eric Cole,Hideki Matsuyama,41.3,4134
Eric Cole,Denny McCarthy,53.5,5347
Eric Cole,Matt McCarty,56.7,5668
Eric Cole,Max McGreevy,49.7,4971
Eric Cole,Maverick McNealy,48.0,4803
Eric Cole,Mac Meissner,47.8,4781
Eric Cole,Keith Mitchell,47.3,4732
Eric Cole,Taylor Moore,57.3,5730
Eric Cole,William Mouw,50.6,5061
Eric Cole,Rasmus Neergaard-Petersen,50.8,5081
Eric Cole,Alex Noren,52.5,5253
Eric Cole,Andrew Novak,51.2,5122
Eric Cole,Pontus Nyholm,63.6,6363
Eric Cole,Thorbjorn Olesen,61.6,6157
Eric Cole,John Parry,53.5,5349
Eric Cole,Matthieu Pavon,57.1,5715
Eric Cole,Taylor Pendrith,57.4,5737
Eric Cole,Marco Penge,48.8,4883
Eric Cole,Chandler Phillips,52.5,5254
Eric Cole,J.T. Poston,47.1,4713
Eric Cole,Aldrich Potgieter,59.9,5987
Eric Cole,Seamus Power,61.1,6107
Eric Cole,Andrew Putnam,53.6,5364
Eric Cole,Aaron Rai,39.6,3957
Eric Cole,Chad Ramey,67.5,6748
Eric Cole,Davis Riley,66.0,6597
Eric Cole,Patrick Rodgers,67.0,6704
Eric Cole,Kevin Roy,57.3,5731
Eric Cole,Marcelo Rozo,63.2,6324
Eric Cole,Adrien Saddier,59.4,5937
Eric Cole,Gordon Sargent,66.1,6607
Eric Cole,Adam Schenk,68.2,6821
Eric Cole,Matti Schmid,61.2,6125
Eric Cole,Ben Silverman,57.4,5737
Eric Cole,Webb Simpson,69.5,6951
Eric Cole,Alex Smalley,50.3,5032
Eric Cole,Jordan Smith,45.8,4579
Eric Cole,Austin Smotherman,61.3,6129
Eric Cole,Brandt Snedeker,53.9,5395
Eric Cole,Jordan Spieth,55.3,5528
Eric Cole,Sam Stevens,56.6,5660
Eric Cole,Sepp Straka,58.9,5888
Eric Cole,Kevin Streelman,56.8,5677
Eric Cole,Jackson Suber,45.5,4546
Eric Cole,Adam Svensson,62.4,6240
Eric Cole,Jesper Svensson,56.4,5635
Eric Cole,Nick Taylor,51.6,5159
Eric Cole,Sahith Theegala,50.4,5037
Eric Cole,Justin Thomas,37.7,3770
Eric Cole,Davis Thompson,49.7,4970
Eric Cole,Alejandro Tosti,68.9,6891
Eric Cole,Erik van Rooyen,55.7,5571
Eric Cole,John VanDerLaan,61.8,6180
Eric Cole,Karl Vilips,62.4,6242
Eric Cole,Camilo Villegas,60.1,6006
Eric Cole,Danny Walker,73.6,7365
Eric Cole,Matt Wallace,44.7,4471
Eric Cole,Vince Whaley,66.4,6641
Eric Cole,Aaron Wise,52.7,5273
Eric Cole,Dylan Wu,62.4,6237
Eric Cole,Cameron Young,34.3,3428
Eric Cole,Kevin Yu,48.0,4799
Pierceson Coody,Zach Bauchou,40.5,4049
Pierceson Coody,Christiaan Bezuidenhout,37.8,3780
Pierceson Coody,Daniel Berger,48.1,4807
Pierceson Coody,Zac Blair,36.6,3659
Pierceson Coody,Chandler Blanchet,49.5,4950
Pierceson Coody,Keegan Bradley,34.1,3408
Pierceson Coody,Michael Brennan,40.3,4029
Pierceson Coody,Brian Campbell,52.5,5249
Pierceson Coody,Rafael Campos,52.5,5254
Pierceson Coody,Ricky Castillo,41.8,4177
Pierceson Coody,Bud Cauley,31.4,3136
Pierceson Coody,Davis Chatfield,46.3,4629
Pierceson Coody,Luke Clanton,44.1,4406
Pierceson Coody,Eric Cole,40.2,4017
Pierceson Coody,Joel Dahmen,41.4,4139
Pierceson Coody,Cam Davis,61.2,6120
Pierceson Coody,Jason Day,46.4,4639
Pierceson Coody,Zecheng Dou,48.2,4820
Pierceson Coody,Adrien Dumont de Chassart,48.2,4821
Pierceson Coody,Nick Dunlap,52.2,5217
Pierceson Coody,Nico Echavarria,41.4,4145
Pierceson Coody,Austin Eckroat,48.4,4841
Pierceson Coody,Harris English,37.2,3716
Pierceson Coody,Tony Finau,43.7,4371
Pierceson Coody,Patrick Fishburn,42.3,4232
Pierceson Coody,Steven Fisk,50.8,5078
Pierceson Coody,Alex Fitzpatrick,27.5,2745
Pierceson Coody,Brice Garnett,47.9,4791
Pierceson Coody,Ryan Gerard,33.4,3342
Pierceson Coody,Doug Ghim,33.4,3344
Pierceson Coody,Lucas Glover,41.8,4180
Pierceson Coody,Max Greyserman,48.6,4855
Pierceson Coody,Ben Griffin,30.2,3018
Pierceson Coody,Lanto Griffin,48.5,4855
Pierceson Coody,Emiliano Grillo,35.4,3544
Pierceson Coody,Harry Hall,48.0,4802
Pierceson Coody,Brian Harman,37.0,3702
Pierceson Coody,Garrick Higgo,56.5,5647
Pierceson Coody,Joe Highsmith,54.2,5415
Pierceson Coody,Kensei Hirata,57.4,5736
Pierceson Coody,Ryo Hisatsune,38.3,3828
Pierceson Coody,Lee Hodges,41.4,4140
Pierceson Coody,Rico Hoey,41.7,4167
Pierceson Coody,Tom Hoge,43.8,4377
Pierceson Coody,Rasmus Hojgaard,49.4,4942
Pierceson Coody,Billy Horschel,43.5,4350
Pierceson Coody,Beau Hossler,41.3,4133
Pierceson Coody,Mark Hubbard,42.9,4289
Pierceson Coody,Mackenzie Hughes,42.1,4206
Pierceson Coody,Sungjae Im,41.7,4166
Pierceson Coody,Stephan Jaeger,48.5,4846
Pierceson Coody,Ben James,37.5,3752
Pierceson Coody,Takumi Kanaya,47.4,4742
Pierceson Coody,Jeffrey Kang,47.7,4767
Pierceson Coody,Johnny Keefer,40.2,4021
Pierceson Coody,Michael Kim,40.6,4058
Pierceson Coody,Tom Kim,27.7,2770
Pierceson Coody,Chris Kirk,39.9,3989
Pierceson Coody,Patton Kizzire,72.0,7196
Pierceson Coody,Brooks Koepka,38.6,3862
Pierceson Coody,Ben Kohles,32.1,3213
Pierceson Coody,Jackson Koivun,30.8,3083
Pierceson Coody,Matt Kuchar,39.4,3944
Pierceson Coody,Christo Lamprecht,74.6,7463
Pierceson Coody,Hank Lebioda,48.9,4893
Pierceson Coody,Haotong Li,58.1,5808
Pierceson Coody,David Lipsky,45.4,4545
Pierceson Coody,Luke List,47.3,4726
Pierceson Coody,Justin Lower,49.7,4972
Pierceson Coody,Peter Malnati,63.0,6298
Pierceson Coody,Hideki Matsuyama,32.0,3200
Pierceson Coody,Denny McCarthy,43.6,4357
Pierceson Coody,Matt McCarty,46.8,4679
Pierceson Coody,Max McGreevy,39.9,3989
Pierceson Coody,Maverick McNealy,38.3,3828
Pierceson Coody,Mac Meissner,38.1,3807
Pierceson Coody,Keith Mitchell,37.6,3759
Pierceson Coody,Taylor Moore,47.4,4741
Pierceson Coody,William Mouw,40.8,4077
Pierceson Coody,Rasmus Neergaard-Petersen,41.0,4096
Pierceson Coody,Alex Noren,42.6,4264
Pierceson Coody,Andrew Novak,41.4,4136
Pierceson Coody,Pontus Nyholm,54.0,5398
Pierceson Coody,Thorbjorn Olesen,51.8,5180
Pierceson Coody,John Parry,43.6,4359
Pierceson Coody,Matthieu Pavon,47.3,4726
Pierceson Coody,Taylor Pendrith,47.5,4749
Pierceson Coody,Marco Penge,39.0,3904
Pierceson Coody,Chandler Phillips,42.7,4266
Pierceson Coody,J.T. Poston,37.4,3742
Pierceson Coody,Aldrich Potgieter,50.0,5004
Pierceson Coody,Seamus Power,51.3,5129
Pierceson Coody,Andrew Putnam,43.7,4374
Pierceson Coody,Aaron Rai,30.4,3038
Pierceson Coody,Chad Ramey,58.1,5810
Pierceson Coody,Davis Riley,56.5,5647
Pierceson Coody,Patrick Rodgers,57.6,5762
Pierceson Coody,Kevin Roy,47.4,4742
Pierceson Coody,Marcelo Rozo,53.6,5356
Pierceson Coody,Adrien Saddier,49.5,4953
Pierceson Coody,Gordon Sargent,56.6,5658
Pierceson Coody,Adam Schenk,58.9,5889
Pierceson Coody,Matti Schmid,51.5,5147
Pierceson Coody,Ben Silverman,47.5,4749
Pierceson Coody,Webb Simpson,60.3,6031
Pierceson Coody,Alex Smalley,40.5,4048
Pierceson Coody,Jordan Smith,36.1,3614
Pierceson Coody,Austin Smotherman,51.5,5152
Pierceson Coody,Brandt Snedeker,44.0,4405
Pierceson Coody,Jordan Spieth,45.4,4537
Pierceson Coody,Sam Stevens,46.7,4670
Pierceson Coody,Sepp Straka,49.0,4902
Pierceson Coody,Kevin Streelman,46.9,4687
Pierceson Coody,Jackson Suber,35.8,3583
Pierceson Coody,Adam Svensson,52.7,5268
Pierceson Coody,Jesper Svensson,46.5,4645
Pierceson Coody,Nick Taylor,41.7,4172
Pierceson Coody,Sahith Theegala,40.5,4053
Pierceson Coody,Justin Thomas,28.7,2869
Pierceson Coody,Davis Thompson,39.9,3989
Pierceson Coody,Alejandro Tosti,59.7,5966
Pierceson Coody,Erik van Rooyen,45.8,4581
Pierceson Coody,John VanDerLaan,52.0,5204
Pierceson Coody,Karl Vilips,52.7,5270
Pierceson Coody,Camilo Villegas,50.2,5024
Pierceson Coody,Danny Walker,64.9,6494
Pierceson Coody,Matt Wallace,35.1,3513
Pierceson Coody,Vince Whaley,56.9,5694
Pierceson Coody,Aaron Wise,42.8,4284
Pierceson Coody,Dylan Wu,52.6,5264
Pierceson Coody,Cameron Young,25.7,2566
Pierceson Coody,Kevin Yu,38.2,3823
Joel Dahmen,Zach Bauchou,49.1,4908
Joel Dahmen,Christiaan Bezuidenhout,46.3,4628
Joel Dahmen,Daniel Berger,56.7,5671
Joel Dahmen,Zac Blair,45.0,4501
Joel Dahmen,Chandler Blanchet,58.1,5812
Joel Dahmen,Keegan Bradley,42.4,4236
Joel Dahmen,Michael Brennan,48.9,4886
Joel Dahmen,Brian Campbell,61.0,6102
Joel Dahmen,Rafael Campos,61.1,6107
Joel Dahmen,Ricky Castillo,50.4,5038
Joel Dahmen,Bud Cauley,39.4,3942
Joel Dahmen,Davis Chatfield,54.9,5494
Joel Dahmen,Luke Clanton,52.7,5271
Joel Dahmen,Eric Cole,48.7,4875
Joel Dahmen,Pierceson Coody,58.6,5861
Joel Dahmen,Cam Davis,69.2,6921
Joel Dahmen,Jason Day,55.0,5505
Joel Dahmen,Zecheng Dou,56.8,5684
Joel Dahmen,Adrien Dumont de Chassart,56.8,5685
Joel Dahmen,Nick Dunlap,60.7,6071
Joel Dahmen,Nico Echavarria,50.1,5005
Joel Dahmen,Austin Eckroat,57.0,5705
Joel Dahmen,Harris English,45.6,4561
Joel Dahmen,Tony Finau,52.4,5236
Joel Dahmen,Patrick Fishburn,50.9,5095
Joel Dahmen,Steven Fisk,59.4,5937
Joel Dahmen,Alex Fitzpatrick,35.1,3513
Joel Dahmen,Brice Garnett,56.6,5656
Joel Dahmen,Ryan Gerard,41.7,4165
Joel Dahmen,Doug Ghim,41.7,4167
Joel Dahmen,Lucas Glover,50.4,5041
Joel Dahmen,Max Greyserman,57.2,5719
Joel Dahmen,Ben Griffin,38.1,3814
Joel Dahmen,Lanto Griffin,57.2,5718
Joel Dahmen,Emiliano Grillo,43.8,4380
Joel Dahmen,Harry Hall,56.7,5666
Joel Dahmen,Brian Harman,45.5,4546
Joel Dahmen,Garrick Higgo,64.8,6481
Joel Dahmen,Joe Highsmith,62.6,6262
Joel Dahmen,Kensei Hirata,65.6,6565
Joel Dahmen,Ryo Hisatsune,46.8,4678
Joel Dahmen,Lee Hodges,50.0,5000
Joel Dahmen,Rico Hoey,50.3,5028
Joel Dahmen,Tom Hoge,52.4,5242
Joel Dahmen,Rasmus Hojgaard,58.0,5804
Joel Dahmen,Billy Horschel,52.1,5214
Joel Dahmen,Beau Hossler,49.9,4994
Joel Dahmen,Mark Hubbard,51.5,5152
Joel Dahmen,Mackenzie Hughes,50.7,5068
Joel Dahmen,Sungjae Im,50.3,5027
Joel Dahmen,Stephan Jaeger,57.1,5709
Joel Dahmen,Ben James,46.0,4599
Joel Dahmen,Takumi Kanaya,56.1,5607
Joel Dahmen,Jeffrey Kang,56.3,5632
Joel Dahmen,Johnny Keefer,48.8,4878
Joel Dahmen,Michael Kim,49.2,4916
Joel Dahmen,Tom Kim,35.4,3540
Joel Dahmen,Chris Kirk,48.5,4845
Joel Dahmen,Patton Kizzire,78.8,7879
Joel Dahmen,Brooks Koepka,47.1,4713
Joel Dahmen,Ben Kohles,40.3,4026
Joel Dahmen,Jackson Koivun,38.9,3885
Joel Dahmen,Matt Kuchar,48.0,4799
Joel Dahmen,Christo Lamprecht,81.1,8106
Joel Dahmen,Hank Lebioda,57.6,5756
Joel Dahmen,Haotong Li,66.3,6633
Joel Dahmen,David Lipsky,54.1,5410
Joel Dahmen,Luke List,55.9,5591
Joel Dahmen,Justin Lower,58.3,5834
Joel Dahmen,Peter Malnati,70.8,7084
Joel Dahmen,Hideki Matsuyama,40.1,4012
Joel Dahmen,Denny McCarthy,52.2,5221
Joel Dahmen,Matt McCarty,55.4,5544
Joel Dahmen,Max McGreevy,48.5,4845
Joel Dahmen,Maverick McNealy,46.8,4678
Joel Dahmen,Mac Meissner,46.6,4656
Joel Dahmen,Keith Mitchell,46.1,4607
Joel Dahmen,Taylor Moore,56.1,5606
Joel Dahmen,William Mouw,49.4,4936
Joel Dahmen,Rasmus Neergaard-Petersen,49.6,4955
Joel Dahmen,Alex Noren,51.3,5127
Joel Dahmen,Andrew Novak,50.0,4996
Joel Dahmen,Pontus Nyholm,62.4,6245
Joel Dahmen,Thorbjorn Olesen,60.4,6036
Joel Dahmen,John Parry,52.2,5224
Joel Dahmen,Matthieu Pavon,55.9,5591
Joel Dahmen,Taylor Pendrith,56.1,5613
Joel Dahmen,Marco Penge,47.6,4758
Joel Dahmen,Chandler Phillips,51.3,5129
Joel Dahmen,J.T. Poston,45.9,4588
Joel Dahmen,Aldrich Potgieter,58.6,5865
Joel Dahmen,Seamus Power,59.9,5986
Joel Dahmen,Andrew Putnam,52.4,5239
Joel Dahmen,Aaron Rai,38.4,3836
Joel Dahmen,Chad Ramey,66.3,6634
Joel Dahmen,Davis Riley,64.8,6481
Joel Dahmen,Patrick Rodgers,65.9,6590
Joel Dahmen,Kevin Roy,56.1,5607
Joel Dahmen,Marcelo Rozo,62.1,6205
Joel Dahmen,Adrien Saddier,58.1,5815
Joel Dahmen,Gordon Sargent,64.9,6491
Joel Dahmen,Adam Schenk,67.1,6708
Joel Dahmen,Matti Schmid,60.0,6004
Joel Dahmen,Ben Silverman,56.1,5613
Joel Dahmen,Webb Simpson,68.4,6840
Joel Dahmen,Alex Smalley,49.1,4906
Joel Dahmen,Jordan Smith,44.5,4454
Joel Dahmen,Austin Smotherman,60.1,6008
Joel Dahmen,Brandt Snedeker,52.7,5270
Joel Dahmen,Jordan Spieth,54.0,5403
Joel Dahmen,Sam Stevens,55.4,5536
Joel Dahmen,Sepp Straka,57.7,5765
Joel Dahmen,Kevin Streelman,55.5,5553
Joel Dahmen,Jackson Suber,44.2,4421
Joel Dahmen,Adam Svensson,61.2,6120
Joel Dahmen,Jesper Svensson,55.1,5511
Joel Dahmen,Nick Taylor,50.3,5033
Joel Dahmen,Sahith Theegala,49.1,4912
Joel Dahmen,Justin Thomas,36.5,3651
Joel Dahmen,Davis Thompson,48.4,4845
Joel Dahmen,Alejandro Tosti,67.8,6779
Joel Dahmen,Erik van Rooyen,54.5,5447
Joel Dahmen,John VanDerLaan,60.6,6059
Joel Dahmen,Karl Vilips,61.2,6123
Joel Dahmen,Camilo Villegas,58.8,5884
Joel Dahmen,Danny Walker,72.6,7261
Joel Dahmen,Matt Wallace,43.5,4347
Joel Dahmen,Vince Whaley,65.3,6525
Joel Dahmen,Aaron Wise,51.5,5148
Joel Dahmen,Dylan Wu,61.2,6117
Joel Dahmen,Cameron Young,33.1,3313
Joel Dahmen,Kevin Yu,46.7,4674
Cam Davis,Zach Bauchou,30.0,2998
Cam Davis,Christiaan Bezuidenhout,27.6,2759
Cam Davis,Daniel Berger,37.0,3696
Cam Davis,Zac Blair,26.5,2653
Cam Davis,Chandler Blanchet,38.3,3832
Cam Davis,Keegan Bradley,24.4,2436
Cam Davis,Michael Brennan,29.8,2979
Cam Davis,Brian Campbell,41.2,4121
Cam Davis,Rafael Campos,41.3,4127
Cam Davis,Ricky Castillo,31.1,3112
Cam Davis,Bud Cauley,22.1,2206
Cam Davis,Davis Chatfield,35.3,3528
Cam Davis,Luke Clanton,33.2,3321
Cam Davis,Eric Cole,29.7,2969
Cam Davis,Pierceson Coody,38.8,3880
Cam Davis,Joel Dahmen,30.8,3079
Cam Davis,Jason Day,35.4,3538
Cam Davis,Zecheng Dou,37.1,3708
Cam Davis,Adrien Dumont de Chassart,37.1,3709
Cam Davis,Nick Dunlap,40.9,4090
Cam Davis,Nico Echavarria,30.8,3083
Cam Davis,Austin Eckroat,37.3,3729
Cam Davis,Harris English,27.0,2702
Cam Davis,Tony Finau,32.9,3289
Cam Davis,Patrick Fishburn,31.6,3163
Cam Davis,Steven Fisk,39.6,3955
Cam Davis,Alex Fitzpatrick,18.8,1884
Cam Davis,Brice Garnett,36.8,3681
Cam Davis,Ryan Gerard,23.8,2380
Cam Davis,Doug Ghim,23.8,2382
Cam Davis,Lucas Glover,31.1,3115
Cam Davis,Max Greyserman,37.4,3742
Cam Davis,Ben Griffin,21.1,2107
Cam Davis,Lanto Griffin,37.4,3741
Cam Davis,Emiliano Grillo,25.5,2553
Cam Davis,Harry Hall,36.9,3691
Cam Davis,Brian Harman,26.9,2690
Cam Davis,Garrick Higgo,45.2,4516
Cam Davis,Joe Highsmith,42.8,4285
Cam Davis,Kensei Hirata,46.1,4606
Cam Davis,Ryo Hisatsune,28.0,2800
Cam Davis,Lee Hodges,30.8,3079
Cam Davis,Rico Hoey,31.0,3104
Cam Davis,Tom Hoge,33.0,3295
Cam Davis,Rasmus Hojgaard,38.2,3824
Cam Davis,Billy Horschel,32.7,3270
Cam Davis,Beau Hossler,30.7,3073
Cam Davis,Mark Hubbard,32.1,3214
Cam Davis,Mackenzie Hughes,31.4,3139
Cam Davis,Sungjae Im,31.0,3102
Cam Davis,Stephan Jaeger,37.3,3733
Cam Davis,Ben James,27.3,2734
Cam Davis,Takumi Kanaya,36.3,3635
Cam Davis,Jeffrey Kang,36.6,3659
Cam Davis,Johnny Keefer,29.7,2972
Cam Davis,Michael Kim,30.0,3005
Cam Davis,Tom Kim,19.0,1904
Cam Davis,Chris Kirk,29.4,2943
Cam Davis,Patton Kizzire,61.7,6168
Cam Davis,Brooks Koepka,28.3,2830
Cam Davis,Ben Kohles,22.7,2271
Cam Davis,Jackson Koivun,21.6,2162
Cam Davis,Matt Kuchar,29.0,2904
Cam Davis,Christo Lamprecht,64.7,6474
Cam Davis,Hank Lebioda,37.8,3778
Cam Davis,Haotong Li,46.8,4679
Cam Davis,David Lipsky,34.5,3450
Cam Davis,Luke List,36.2,3620
Cam Davis,Justin Lower,38.5,3854
Cam Davis,Peter Malnati,51.9,5187
Cam Davis,Hideki Matsuyama,22.6,2260
Cam Davis,Denny McCarthy,32.8,3277
Cam Davis,Matt McCarty,35.8,3575
Cam Davis,Max McGreevy,29.4,2943
Cam Davis,Maverick McNealy,28.0,2800
Cam Davis,Mac Meissner,27.8,2782
Cam Davis,Keith Mitchell,27.4,2740
Cam Davis,Taylor Moore,36.3,3634
Cam Davis,William Mouw,30.2,3022
Cam Davis,Rasmus Neergaard-Petersen,30.4,3039
Cam Davis,Alex Noren,31.9,3192
Cam Davis,Andrew Novak,30.8,3075
Cam Davis,Pontus Nyholm,42.7,4267
Cam Davis,Thorbjorn Olesen,40.5,4054
Cam Davis,John Parry,32.8,3279
Cam Davis,Matthieu Pavon,36.2,3620
Cam Davis,Taylor Pendrith,36.4,3641
Cam Davis,Marco Penge,28.7,2868
Cam Davis,Chandler Phillips,31.9,3193
Cam Davis,J.T. Poston,27.2,2725
Cam Davis,Aldrich Potgieter,38.8,3884
Cam Davis,Seamus Power,40.0,4005
Cam Davis,Andrew Putnam,32.9,3293
Cam Davis,Aaron Rai,21.2,2125
Cam Davis,Chad Ramey,46.8,4681
Cam Davis,Davis Riley,45.2,4516
Cam Davis,Patrick Rodgers,46.3,4633
Cam Davis,Kevin Roy,36.3,3635
Cam Davis,Marcelo Rozo,42.3,4227
Cam Davis,Adrien Saddier,38.4,3835
Cam Davis,Gordon Sargent,45.3,4527
Cam Davis,Adam Schenk,47.6,4761
Cam Davis,Matti Schmid,40.2,4022
Cam Davis,Ben Silverman,36.4,3641
Cam Davis,Webb Simpson,49.1,4908
Cam Davis,Alex Smalley,30.0,2997
Cam Davis,Jordan Smith,26.1,2614
Cam Davis,Austin Smotherman,40.3,4026
Cam Davis,Brandt Snedeker,33.2,3321
Cam Davis,Jordan Spieth,34.4,3443
Cam Davis,Sam Stevens,35.7,3567
Cam Davis,Sepp Straka,37.9,3787
Cam Davis,Kevin Streelman,35.8,3583
Cam Davis,Jackson Suber,25.9,2586
Cam Davis,Adam Svensson,41.4,4140
Cam Davis,Jesper Svensson,35.4,3544
Cam Davis,Nick Taylor,31.1,3108
Cam Davis,Sahith Theegala,30.0,3001
Cam Davis,Justin Thomas,19.9,1985
Cam Davis,Davis Thompson,29.4,2943
Cam Davis,Alejandro Tosti,48.4,4840
Cam Davis,Erik van Rooyen,34.8,3484
Cam Davis,John VanDerLaan,40.8,4078
Cam Davis,Karl Vilips,41.4,4142
Cam Davis,Camilo Villegas,39.0,3904
Cam Davis,Danny Walker,53.9,5395
Cam Davis,Matt Wallace,25.3,2526
Cam Davis,Vince Whaley,45.6,4563
Cam Davis,Aaron Wise,32.1,3210
Cam Davis,Dylan Wu,41.4,4136
Cam Davis,Cameron Young,17.4,1741
Cam Davis,Kevin Yu,28.0,2797
Jason Day,Zach Bauchou,44.0,4404
Jason Day,Christiaan Bezuidenhout,41.3,4129
Jason Day,Daniel Berger,51.7,5168
Jason Day,Zac Blair,40.0,4005
Jason Day,Chandler Blanchet,53.1,5311
Jason Day,Keegan Bradley,37.5,3746
Jason Day,Michael Brennan,43.8,4383
Jason Day,Brian Campbell,56.1,5608
Jason Day,Rafael Campos,56.1,5613
Jason Day,Ricky Castillo,45.3,4533
Jason Day,Bud Cauley,34.6,3464
Jason Day,Davis Chatfield,49.9,4989
Jason Day,Luke Clanton,47.6,4765
Jason Day,Eric Cole,43.7,4371
Jason Day,Pierceson Coody,53.6,5361
Jason Day,Joel Dahmen,45.0,4495
Jason Day,Cam Davis,64.6,6462
Jason Day,Zecheng Dou,51.8,5181
Jason Day,Adrien Dumont de Chassart,51.8,5182
Jason Day,Nick Dunlap,55.8,5576
Jason Day,Nico Echavarria,45.0,4501
Jason Day,Austin Eckroat,52.0,5202
Jason Day,Harris English,40.6,4063
Jason Day,Tony Finau,47.3,4730
Jason Day,Patrick Fishburn,45.9,4589
Jason Day,Steven Fisk,54.4,5438
Jason Day,Alex Fitzpatrick,30.5,3055
Jason Day,Brice Garnett,51.5,5153
Jason Day,Ryan Gerard,36.8,3678
Jason Day,Doug Ghim,36.8,3680
Jason Day,Lucas Glover,45.4,4536
Jason Day,Max Greyserman,52.2,5216
Jason Day,Ben Griffin,33.4,3340
Jason Day,Lanto Griffin,52.2,5216
Jason Day,Emiliano Grillo,38.9,3886
Jason Day,Harry Hall,51.6,5163
Jason Day,Brian Harman,40.5,4049
Jason Day,Garrick Higgo,60.0,6000
Jason Day,Joe Highsmith,57.7,5772
Jason Day,Kensei Hirata,60.9,6087
Jason Day,Ryo Hisatsune,41.8,4177
Jason Day,Lee Hodges,45.0,4495
Jason Day,Rico Hoey,45.2,4523
Jason Day,Tom Hoge,47.4,4736
Jason Day,Rasmus Hojgaard,53.0,5303
Jason Day,Billy Horschel,47.1,4708
Jason Day,Beau Hossler,44.9,4489
Jason Day,Mark Hubbard,46.5,4647
Jason Day,Mackenzie Hughes,45.6,4563
Jason Day,Sungjae Im,45.2,4522
Jason Day,Stephan Jaeger,52.1,5207
Jason Day,Ben James,41.0,4100
Jason Day,Takumi Kanaya,51.0,5103
Jason Day,Jeffrey Kang,51.3,5128
Jason Day,Johnny Keefer,43.7,4375
Jason Day,Michael Kim,44.1,4412
Jason Day,Tom Kim,30.8,3081
Jason Day,Chris Kirk,43.4,4342
Jason Day,Patton Kizzire,74.9,7493
Jason Day,Brooks Koepka,42.1,4212
Jason Day,Ben Kohles,35.4,3544
Jason Day,Jackson Koivun,34.1,3409
Jason Day,Matt Kuchar,43.0,4297
Jason Day,Christo Lamprecht,77.4,7744
Jason Day,Hank Lebioda,52.5,5254
Jason Day,Haotong Li,61.6,6158
Jason Day,David Lipsky,49.0,4905
Jason Day,Luke List,50.9,5087
Jason Day,Justin Lower,53.3,5333
Jason Day,Peter Malnati,66.3,6635
Jason Day,Hideki Matsuyama,35.3,3531
Jason Day,Denny McCarthy,47.2,4716
Jason Day,Matt McCarty,50.4,5040
Jason Day,Max McGreevy,43.4,4342
Jason Day,Maverick McNealy,41.8,4177
Jason Day,Mac Meissner,41.6,4156
Jason Day,Keith Mitchell,41.1,4108
Jason Day,Taylor Moore,51.0,5102
Jason Day,William Mouw,44.3,4431
Jason Day,Rasmus Neergaard-Petersen,44.5,4451
Jason Day,Alex Noren,46.2,4622
Jason Day,Andrew Novak,44.9,4492
Jason Day,Pontus Nyholm,57.6,5755
Jason Day,Thorbjorn Olesen,55.4,5540
Jason Day,John Parry,47.2,4718
Jason Day,Matthieu Pavon,50.9,5087
Jason Day,Taylor Pendrith,51.1,5110
Jason Day,Marco Penge,42.6,4256
Jason Day,Chandler Phillips,46.2,4624
Jason Day,J.T. Poston,40.9,4089
Jason Day,Aldrich Potgieter,53.7,5365
Jason Day,Seamus Power,54.9,5489
Jason Day,Andrew Putnam,47.3,4733
Jason Day,Aaron Rai,33.6,3362
Jason Day,Chad Ramey,61.6,6160
Jason Day,Davis Riley,60.0,6000
Jason Day,Patrick Rodgers,61.1,6113
Jason Day,Kevin Roy,51.0,5103
Jason Day,Marcelo Rozo,57.1,5714
Jason Day,Adrien Saddier,53.1,5314
Jason Day,Gordon Sargent,60.1,6011
Jason Day,Adam Schenk,62.4,6237
Jason Day,Matti Schmid,55.1,5507
Jason Day,Ben Silverman,51.1,5110
Jason Day,Webb Simpson,63.8,6376
Jason Day,Alex Smalley,44.0,4403
Jason Day,Jordan Smith,39.6,3959
Jason Day,Austin Smotherman,55.1,5511
Jason Day,Brandt Snedeker,47.6,4764
Jason Day,Jordan Spieth,49.0,4898
Jason Day,Sam Stevens,50.3,5031
Jason Day,Sepp Straka,52.6,5264
Jason Day,Kevin Streelman,50.5,5048
Jason Day,Jackson Suber,39.3,3926
Jason Day,Adam Svensson,56.3,5627
Jason Day,Jesper Svensson,50.1,5006
Jason Day,Nick Taylor,45.3,4528
Jason Day,Sahith Theegala,44.1,4408
Jason Day,Justin Thomas,31.9,3186
Jason Day,Davis Thompson,43.4,4342
Jason Day,Alejandro Tosti,63.1,6312
Jason Day,Erik van Rooyen,49.4,4942
Jason Day,John VanDerLaan,55.6,5564
Jason Day,Karl Vilips,56.3,5629
Jason Day,Camilo Villegas,53.8,5385
Jason Day,Danny Walker,68.2,6823
Jason Day,Matt Wallace,38.5,3854
Jason Day,Vince Whaley,60.5,6046
Jason Day,Aaron Wise,46.4,4642
Jason Day,Dylan Wu,56.2,5623
Jason Day,Cameron Young,28.7,2867
Jason Day,Kevin Yu,41.7,4173
Zecheng Dou,Zach Bauchou,42.3,4226
Zecheng Dou,Christiaan Bezuidenhout,39.5,3953
Zecheng Dou,Daniel Berger,49.9,4987
Zecheng Dou,Zac Blair,38.3,3830
Zecheng Dou,Chandler Blanchet,51.3,5131
Zecheng Dou,Keegan Bradley,35.8,3576
Zecheng Dou,Michael Brennan,42.0,4205
Zecheng Dou,Brian Campbell,54.3,5429
Zecheng Dou,Rafael Campos,54.3,5434
Zecheng Dou,Ricky Castillo,43.5,4354
Zecheng Dou,Bud Cauley,33.0,3298
Zecheng Dou,Davis Chatfield,48.1,4809
Zecheng Dou,Luke Clanton,45.8,4585
Zecheng Dou,Eric Cole,41.9,4193
Zecheng Dou,Pierceson Coody,51.8,5180
Zecheng Dou,Joel Dahmen,43.2,4316
Zecheng Dou,Cam Davis,62.9,6292
Zecheng Dou,Jason Day,48.2,4819
Zecheng Dou,Adrien Dumont de Chassart,50.0,5001
Zecheng Dou,Nick Dunlap,54.0,5397
Zecheng Dou,Nico Echavarria,43.2,4322
Zecheng Dou,Austin Eckroat,50.2,5022
Zecheng Dou,Harris English,38.9,3888
Zecheng Dou,Tony Finau,45.5,4550
Zecheng Dou,Patrick Fishburn,44.1,4410
Zecheng Dou,Steven Fisk,52.6,5258
Zecheng Dou,Alex Fitzpatrick,29.0,2898
Zecheng Dou,Brice Garnett,49.7,4972
Zecheng Dou,Ryan Gerard,35.1,3508
Zecheng Dou,Doug Ghim,35.1,3510
Zecheng Dou,Lucas Glover,43.6,4357
Zecheng Dou,Max Greyserman,50.4,5036
Zecheng Dou,Ben Griffin,31.8,3177
Zecheng Dou,Lanto Griffin,50.4,5035
Zecheng Dou,Emiliano Grillo,37.1,3714
Zecheng Dou,Harry Hall,49.8,4982
Zecheng Dou,Brian Harman,38.7,3874
Zecheng Dou,Garrick Higgo,58.2,5824
Zecheng Dou,Joe Highsmith,55.9,5594
Zecheng Dou,Kensei Hirata,59.1,5912
Zecheng Dou,Ryo Hisatsune,40.0,4001
Zecheng Dou,Lee Hodges,43.2,4317
Zecheng Dou,Rico Hoey,43.4,4344
Zecheng Dou,Tom Hoge,45.6,4556
Zecheng Dou,Rasmus Hojgaard,51.2,5122
Zecheng Dou,Billy Horschel,45.3,4528
Zecheng Dou,Beau Hossler,43.1,4310
Zecheng Dou,Mark Hubbard,44.7,4467
Zecheng Dou,Mackenzie Hughes,43.8,4383
Zecheng Dou,Sungjae Im,43.4,4343
Zecheng Dou,Stephan Jaeger,50.3,5026
Zecheng Dou,Ben James,39.2,3924
Zecheng Dou,Takumi Kanaya,49.2,4922
Zecheng Dou,Jeffrey Kang,49.5,4948
Zecheng Dou,Johnny Keefer,42.0,4197
Zecheng Dou,Michael Kim,42.3,4234
Zecheng Dou,Tom Kim,29.2,2923
Zecheng Dou,Chris Kirk,41.6,4164
Zecheng Dou,Patton Kizzire,73.5,7346
Zecheng Dou,Brooks Koepka,40.4,4036
Zecheng Dou,Ben Kohles,33.8,3377
Zecheng Dou,Jackson Koivun,32.4,3244
Zecheng Dou,Matt Kuchar,41.2,4120
Zecheng Dou,Christo Lamprecht,76.1,7605
Zecheng Dou,Hank Lebioda,50.7,5073
Zecheng Dou,Haotong Li,59.8,5984
Zecheng Dou,David Lipsky,47.2,4724
Zecheng Dou,Luke List,49.1,4906
Zecheng Dou,Justin Lower,51.5,5153
Zecheng Dou,Peter Malnati,64.7,6468
Zecheng Dou,Hideki Matsuyama,33.6,3364
Zecheng Dou,Denny McCarthy,45.4,4536
Zecheng Dou,Matt McCarty,48.6,4859
Zecheng Dou,Max McGreevy,41.6,4164
Zecheng Dou,Maverick McNealy,40.0,4001
Zecheng Dou,Mac Meissner,39.8,3980
Zecheng Dou,Keith Mitchell,39.3,3932
Zecheng Dou,Taylor Moore,49.2,4921
Zecheng Dou,William Mouw,42.5,4253
Zecheng Dou,Rasmus Neergaard-Petersen,42.7,4273
Zecheng Dou,Alex Noren,44.4,4442
Zecheng Dou,Andrew Novak,43.1,4313
Zecheng Dou,Pontus Nyholm,55.8,5577
Zecheng Dou,Thorbjorn Olesen,53.6,5360
Zecheng Dou,John Parry,45.4,4538
Zecheng Dou,Matthieu Pavon,49.1,4906
Zecheng Dou,Taylor Pendrith,49.3,4929
Zecheng Dou,Marco Penge,40.8,4079
Zecheng Dou,Chandler Phillips,44.4,4444
Zecheng Dou,J.T. Poston,39.1,3914
Zecheng Dou,Aldrich Potgieter,51.8,5185
Zecheng Dou,Seamus Power,53.1,5309
Zecheng Dou,Andrew Putnam,45.5,4553
Zecheng Dou,Aaron Rai,32.0,3198
Zecheng Dou,Chad Ramey,59.9,5986
Zecheng Dou,Davis Riley,58.2,5824
Zecheng Dou,Patrick Rodgers,59.4,5939
Zecheng Dou,Kevin Roy,49.2,4922
Zecheng Dou,Marcelo Rozo,55.4,5536
Zecheng Dou,Adrien Saddier,51.3,5134
Zecheng Dou,Gordon Sargent,58.3,5835
Zecheng Dou,Adam Schenk,60.6,6064
Zecheng Dou,Matti Schmid,53.3,5327
Zecheng Dou,Ben Silverman,49.3,4929
Zecheng Dou,Webb Simpson,62.0,6204
Zecheng Dou,Alex Smalley,42.2,4224
Zecheng Dou,Jordan Smith,37.9,3785
Zecheng Dou,Austin Smotherman,53.3,5332
Zecheng Dou,Brandt Snedeker,45.8,4584
Zecheng Dou,Jordan Spieth,47.2,4717
Zecheng Dou,Sam Stevens,48.5,4850
Zecheng Dou,Sepp Straka,50.8,5083
Zecheng Dou,Kevin Streelman,48.7,4867
Zecheng Dou,Jackson Suber,37.5,3753
Zecheng Dou,Adam Svensson,54.5,5448
Zecheng Dou,Jesper Svensson,48.3,4825
Zecheng Dou,Nick Taylor,43.5,4349
Zecheng Dou,Sahith Theegala,42.3,4229
Zecheng Dou,Justin Thomas,30.3,3025
Zecheng Dou,Davis Thompson,41.6,4164
Zecheng Dou,Alejandro Tosti,61.4,6140
Zecheng Dou,Erik van Rooyen,47.6,4761
Zecheng Dou,John VanDerLaan,53.8,5384
Zecheng Dou,Karl Vilips,54.5,5450
Zecheng Dou,Camilo Villegas,52.0,5205
Zecheng Dou,Danny Walker,66.6,6660
Zecheng Dou,Matt Wallace,36.8,3682
Zecheng Dou,Vince Whaley,58.7,5871
Zecheng Dou,Aaron Wise,44.6,4462
Zecheng Dou,Dylan Wu,54.4,5444
Zecheng Dou,Cameron Young,27.1,2714
Zecheng Dou,Kevin Yu,40.0,3997
Adrien Dumont de Chassart,Zach Bauchou,42.2,4224
Adrien Dumont de Chassart,Christiaan Bezuidenhout,39.5,3952
Adrien Dumont de Chassart,Daniel Berger,49.9,4986
Adrien Dumont de Chassart,Zac Blair,38.3,3829
Adrien Dumont de Chassart,Chandler Blanchet,51.3,5129
Adrien Dumont de Chassart,Keegan Bradley,35.7,3574
Adrien Dumont de Chassart,Michael Brennan,42.0,4203
Adrien Dumont de Chassart,Brian Campbell,54.3,5427
Adrien Dumont de Chassart,Rafael Campos,54.3,5433
Adrien Dumont de Chassart,Ricky Castillo,43.5,4353
Adrien Dumont de Chassart,Bud Cauley,33.0,3297
Adrien Dumont de Chassart,Davis Chatfield,48.1,4807
Adrien Dumont de Chassart,Luke Clanton,45.8,4583
Adrien Dumont de Chassart,Eric Cole,41.9,4192
Adrien Dumont de Chassart,Pierceson Coody,51.8,5179
Adrien Dumont de Chassart,Joel Dahmen,43.2,4315
Adrien Dumont de Chassart,Cam Davis,62.9,6291
Adrien Dumont de Chassart,Jason Day,48.2,4818
Adrien Dumont de Chassart,Zecheng Dou,50.0,4999
Adrien Dumont de Chassart,Nick Dunlap,54.0,5395
Adrien Dumont de Chassart,Nico Echavarria,43.2,4320
Adrien Dumont de Chassart,Austin Eckroat,50.2,5020
Adrien Dumont de Chassart,Harris English,38.9,3887
Adrien Dumont de Chassart,Tony Finau,45.5,4548
Adrien Dumont de Chassart,Patrick Fishburn,44.1,4409
Adrien Dumont de Chassart,Steven Fisk,52.6,5257
Adrien Dumont de Chassart,Alex Fitzpatrick,29.0,2897
Adrien Dumont de Chassart,Brice Garnett,49.7,4970
Adrien Dumont de Chassart,Ryan Gerard,35.1,3507
Adrien Dumont de Chassart,Doug Ghim,35.1,3509
Adrien Dumont de Chassart,Lucas Glover,43.6,4356
Adrien Dumont de Chassart,Max Greyserman,50.3,5034
Adrien Dumont de Chassart,Ben Griffin,31.8,3176
Adrien Dumont de Chassart,Lanto Griffin,50.3,5034
Adrien Dumont de Chassart,Emiliano Grillo,37.1,3712
Adrien Dumont de Chassart,Harry Hall,49.8,4981
Adrien Dumont de Chassart,Brian Harman,38.7,3873
Adrien Dumont de Chassart,Garrick Higgo,58.2,5823
Adrien Dumont de Chassart,Joe Highsmith,55.9,5593
Adrien Dumont de Chassart,Kensei Hirata,59.1,5911
Adrien Dumont de Chassart,Ryo Hisatsune,40.0,4000
Adrien Dumont de Chassart,Lee Hodges,43.2,4315
Adrien Dumont de Chassart,Rico Hoey,43.4,4343
Adrien Dumont de Chassart,Tom Hoge,45.5,4555
Adrien Dumont de Chassart,Rasmus Hojgaard,51.2,5121
Adrien Dumont de Chassart,Billy Horschel,45.3,4527
Adrien Dumont de Chassart,Beau Hossler,43.1,4309
Adrien Dumont de Chassart,Mark Hubbard,44.7,4466
Adrien Dumont de Chassart,Mackenzie Hughes,43.8,4382
Adrien Dumont de Chassart,Sungjae Im,43.4,4342
Adrien Dumont de Chassart,Stephan Jaeger,50.2,5025
Adrien Dumont de Chassart,Ben James,39.2,3923
Adrien Dumont de Chassart,Takumi Kanaya,49.2,4921
Adrien Dumont de Chassart,Jeffrey Kang,49.5,4946
Adrien Dumont de Chassart,Johnny Keefer,42.0,4196
Adrien Dumont de Chassart,Michael Kim,42.3,4233
Adrien Dumont de Chassart,Tom Kim,29.2,2922
Adrien Dumont de Chassart,Chris Kirk,41.6,4163
Adrien Dumont de Chassart,Patton Kizzire,73.5,7345
Adrien Dumont de Chassart,Brooks Koepka,40.3,4034
Adrien Dumont de Chassart,Ben Kohles,33.8,3376
Adrien Dumont de Chassart,Jackson Koivun,32.4,3243
Adrien Dumont de Chassart,Matt Kuchar,41.2,4118
Adrien Dumont de Chassart,Christo Lamprecht,76.0,7604
Adrien Dumont de Chassart,Hank Lebioda,50.7,5072
Adrien Dumont de Chassart,Haotong Li,59.8,5983
Adrien Dumont de Chassart,David Lipsky,47.2,4723
Adrien Dumont de Chassart,Luke List,49.0,4905
Adrien Dumont de Chassart,Justin Lower,51.5,5152
Adrien Dumont de Chassart,Peter Malnati,64.7,6466
Adrien Dumont de Chassart,Hideki Matsuyama,33.6,3363
Adrien Dumont de Chassart,Denny McCarthy,45.3,4534
Adrien Dumont de Chassart,Matt McCarty,48.6,4858
Adrien Dumont de Chassart,Max McGreevy,41.6,4163
Adrien Dumont de Chassart,Maverick McNealy,40.0,4000
Adrien Dumont de Chassart,Mac Meissner,39.8,3979
Adrien Dumont de Chassart,Keith Mitchell,39.3,3931
Adrien Dumont de Chassart,Taylor Moore,49.2,4920
Adrien Dumont de Chassart,William Mouw,42.5,4252
Adrien Dumont de Chassart,Rasmus Neergaard-Petersen,42.7,4271
Adrien Dumont de Chassart,Alex Noren,44.4,4441
Adrien Dumont de Chassart,Andrew Novak,43.1,4311
Adrien Dumont de Chassart,Pontus Nyholm,55.8,5575
Adrien Dumont de Chassart,Thorbjorn Olesen,53.6,5359
Adrien Dumont de Chassart,John Parry,45.4,4537
Adrien Dumont de Chassart,Matthieu Pavon,49.1,4905
Adrien Dumont de Chassart,Taylor Pendrith,49.3,4928
Adrien Dumont de Chassart,Marco Penge,40.8,4078
Adrien Dumont de Chassart,Chandler Phillips,44.4,4443
Adrien Dumont de Chassart,J.T. Poston,39.1,3913
Adrien Dumont de Chassart,Aldrich Potgieter,51.8,5183
Adrien Dumont de Chassart,Seamus Power,53.1,5308
Adrien Dumont de Chassart,Andrew Putnam,45.5,4552
Adrien Dumont de Chassart,Aaron Rai,32.0,3197
Adrien Dumont de Chassart,Chad Ramey,59.8,5984
Adrien Dumont de Chassart,Davis Riley,58.2,5823
Adrien Dumont de Chassart,Patrick Rodgers,59.4,5937
Adrien Dumont de Chassart,Kevin Roy,49.2,4921
Adrien Dumont de Chassart,Marcelo Rozo,55.3,5534
Adrien Dumont de Chassart,Adrien Saddier,51.3,5132
Adrien Dumont de Chassart,Gordon Sargent,58.3,5834
Adrien Dumont de Chassart,Adam Schenk,60.6,6062
Adrien Dumont de Chassart,Matti Schmid,53.3,5326
Adrien Dumont de Chassart,Ben Silverman,49.3,4928
Adrien Dumont de Chassart,Webb Simpson,62.0,6203
Adrien Dumont de Chassart,Alex Smalley,42.2,4223
Adrien Dumont de Chassart,Jordan Smith,37.8,3784
Adrien Dumont de Chassart,Austin Smotherman,53.3,5330
Adrien Dumont de Chassart,Brandt Snedeker,45.8,4583
Adrien Dumont de Chassart,Jordan Spieth,47.2,4716
Adrien Dumont de Chassart,Sam Stevens,48.5,4849
Adrien Dumont de Chassart,Sepp Straka,50.8,5082
Adrien Dumont de Chassart,Kevin Streelman,48.7,4866
Adrien Dumont de Chassart,Jackson Suber,37.5,3752
Adrien Dumont de Chassart,Adam Svensson,54.5,5446
Adrien Dumont de Chassart,Jesper Svensson,48.2,4824
Adrien Dumont de Chassart,Nick Taylor,43.5,4348
Adrien Dumont de Chassart,Sahith Theegala,42.3,4228
Adrien Dumont de Chassart,Justin Thomas,30.2,3024
Adrien Dumont de Chassart,Davis Thompson,41.6,4163
Adrien Dumont de Chassart,Alejandro Tosti,61.4,6138
Adrien Dumont de Chassart,Erik van Rooyen,47.6,4760
Adrien Dumont de Chassart,John VanDerLaan,53.8,5383
Adrien Dumont de Chassart,Karl Vilips,54.5,5449
Adrien Dumont de Chassart,Camilo Villegas,52.0,5203
Adrien Dumont de Chassart,Danny Walker,66.6,6659
Adrien Dumont de Chassart,Matt Wallace,36.8,3681
Adrien Dumont de Chassart,Vince Whaley,58.7,5869
Adrien Dumont de Chassart,Aaron Wise,44.6,4461
Adrien Dumont de Chassart,Dylan Wu,54.4,5443
Adrien Dumont de Chassart,Cameron Young,27.1,2713
Adrien Dumont de Chassart,Kevin Yu,40.0,3996
Nick Dunlap,Zach Bauchou,38.4,3840
Nick Dunlap,Christiaan Bezuidenhout,35.8,3575
Nick Dunlap,Daniel Berger,45.9,4590
Nick Dunlap,Zac Blair,34.6,3456
Nick Dunlap,Chandler Blanchet,47.3,4733
Nick Dunlap,Keegan Bradley,32.1,3211
Nick Dunlap,Michael Brennan,38.2,3820
Nick Dunlap,Brian Campbell,50.3,5032
Nick Dunlap,Rafael Campos,50.4,5038
Nick Dunlap,Ricky Castillo,39.7,3966
Nick Dunlap,Bud Cauley,29.5,2946
Nick Dunlap,Davis Chatfield,44.1,4413
Nick Dunlap,Luke Clanton,41.9,4192
Nick Dunlap,Eric Cole,38.1,3808
Nick Dunlap,Pierceson Coody,47.8,4783
Nick Dunlap,Joel Dahmen,39.3,3929
Nick Dunlap,Cam Davis,59.1,5910
Nick Dunlap,Jason Day,44.2,4424
Nick Dunlap,Zecheng Dou,46.0,4603
Nick Dunlap,Adrien Dumont de Chassart,46.0,4605
Nick Dunlap,Nico Echavarria,39.3,3934
Nick Dunlap,Austin Eckroat,46.2,4625
Nick Dunlap,Harris English,35.1,3512
Nick Dunlap,Tony Finau,41.6,4158
Nick Dunlap,Patrick Fishburn,40.2,4020
Nick Dunlap,Steven Fisk,48.6,4861
Nick Dunlap,Alex Fitzpatrick,25.7,2567
Nick Dunlap,Brice Garnett,45.8,4575
Nick Dunlap,Ryan Gerard,31.5,3147
Nick Dunlap,Doug Ghim,31.5,3148
Nick Dunlap,Lucas Glover,39.7,3968
Nick Dunlap,Max Greyserman,46.4,4639
Nick Dunlap,Ben Griffin,28.3,2831
Nick Dunlap,Lanto Griffin,46.4,4638
Nick Dunlap,Emiliano Grillo,33.4,3344
Nick Dunlap,Harry Hall,45.9,4585
Nick Dunlap,Brian Harman,35.0,3498
Nick Dunlap,Garrick Higgo,54.3,5432
Nick Dunlap,Joe Highsmith,52.0,5199
Nick Dunlap,Kensei Hirata,55.2,5521
Nick Dunlap,Ryo Hisatsune,36.2,3622
Nick Dunlap,Lee Hodges,39.3,3929
Nick Dunlap,Rico Hoey,39.6,3956
Nick Dunlap,Tom Hoge,41.6,4164
Nick Dunlap,Rasmus Hojgaard,47.3,4725
Nick Dunlap,Billy Horschel,41.4,4137
Nick Dunlap,Beau Hossler,39.2,3923
Nick Dunlap,Mark Hubbard,40.8,4076
Nick Dunlap,Mackenzie Hughes,39.9,3994
Nick Dunlap,Sungjae Im,39.5,3955
Nick Dunlap,Stephan Jaeger,46.3,4629
Nick Dunlap,Ben James,35.5,3547
Nick Dunlap,Takumi Kanaya,45.3,4526
Nick Dunlap,Jeffrey Kang,45.5,4551
Nick Dunlap,Johnny Keefer,38.1,3812
Nick Dunlap,Michael Kim,38.5,3848
Nick Dunlap,Tom Kim,25.9,2591
Nick Dunlap,Chris Kirk,37.8,3780
Nick Dunlap,Patton Kizzire,70.1,7010
Nick Dunlap,Brooks Koepka,36.6,3655
Nick Dunlap,Ben Kohles,30.2,3021
Nick Dunlap,Jackson Koivun,28.9,2895
Nick Dunlap,Matt Kuchar,37.4,3737
Nick Dunlap,Christo Lamprecht,72.9,7285
Nick Dunlap,Hank Lebioda,46.8,4676
Nick Dunlap,Haotong Li,55.9,5595
Nick Dunlap,David Lipsky,43.3,4330
Nick Dunlap,Luke List,45.1,4510
Nick Dunlap,Justin Lower,47.6,4756
Nick Dunlap,Peter Malnati,60.9,6091
Nick Dunlap,Hideki Matsuyama,30.1,3008
Nick Dunlap,Denny McCarthy,41.4,4144
Nick Dunlap,Matt McCarty,44.6,4463
Nick Dunlap,Max McGreevy,37.8,3780
Nick Dunlap,Maverick McNealy,36.2,3622
Nick Dunlap,Mac Meissner,36.0,3601
Nick Dunlap,Keith Mitchell,35.5,3555
Nick Dunlap,Taylor Moore,45.3,4525
Nick Dunlap,William Mouw,38.7,3867
Nick Dunlap,Rasmus Neergaard-Petersen,38.9,3886
Nick Dunlap,Alex Noren,40.5,4052
Nick Dunlap,Andrew Novak,39.3,3925
Nick Dunlap,Pontus Nyholm,51.8,5181
Nick Dunlap,Thorbjorn Olesen,49.6,4963
Nick Dunlap,John Parry,41.5,4146
Nick Dunlap,Matthieu Pavon,45.1,4510
Nick Dunlap,Taylor Pendrith,45.3,4533
Nick Dunlap,Marco Penge,37.0,3697
Nick Dunlap,Chandler Phillips,40.5,4054
Nick Dunlap,J.T. Poston,35.4,3538
Nick Dunlap,Aldrich Potgieter,47.9,4787
Nick Dunlap,Seamus Power,49.1,4912
Nick Dunlap,Andrew Putnam,41.6,4161
Nick Dunlap,Aaron Rai,28.5,2851
Nick Dunlap,Chad Ramey,56.0,5596
Nick Dunlap,Davis Riley,54.3,5432
Nick Dunlap,Patrick Rodgers,55.5,5548
Nick Dunlap,Kevin Roy,45.3,4526
Nick Dunlap,Marcelo Rozo,51.4,5140
Nick Dunlap,Adrien Saddier,47.4,4736
Nick Dunlap,Gordon Sargent,54.4,5443
Nick Dunlap,Adam Schenk,56.8,5676
Nick Dunlap,Matti Schmid,49.3,4930
Nick Dunlap,Ben Silverman,45.3,4532
Nick Dunlap,Webb Simpson,58.2,5820
Nick Dunlap,Alex Smalley,38.4,3839
Nick Dunlap,Jordan Smith,34.1,3413
Nick Dunlap,Austin Smotherman,49.3,4935
Nick Dunlap,Brandt Snedeker,41.9,4191
Nick Dunlap,Jordan Spieth,43.2,4323
Nick Dunlap,Sam Stevens,44.5,4455
Nick Dunlap,Sepp Straka,46.9,4686
Nick Dunlap,Kevin Streelman,44.7,4471
Nick Dunlap,Jackson Suber,33.8,3382
Nick Dunlap,Adam Svensson,50.5,5051
Nick Dunlap,Jesper Svensson,44.3,4430
Nick Dunlap,Nick Taylor,39.6,3961
Nick Dunlap,Sahith Theegala,38.4,3844
Nick Dunlap,Justin Thomas,26.9,2687
Nick Dunlap,Davis Thompson,37.8,3780
Nick Dunlap,Alejandro Tosti,57.5,5754
Nick Dunlap,Erik van Rooyen,43.7,4366
Nick Dunlap,John VanDerLaan,49.9,4988
Nick Dunlap,Karl Vilips,50.5,5053
Nick Dunlap,Camilo Villegas,48.1,4807
Nick Dunlap,Danny Walker,62.9,6290
Nick Dunlap,Matt Wallace,33.1,3313
Nick Dunlap,Vince Whaley,54.8,5479
Nick Dunlap,Aaron Wise,40.7,4072
Nick Dunlap,Dylan Wu,50.5,5047
Nick Dunlap,Cameron Young,23.9,2394
Nick Dunlap,Kevin Yu,36.2,3618
Nico Echavarria,Zach Bauchou,49.0,4902
Nico Echavarria,Christiaan Bezuidenhout,46.2,4623
Nico Echavarria,Daniel Berger,56.7,5666
Nico Echavarria,Zac Blair,45.0,4496
Nico Echavarria,Chandler Blanchet,58.1,5807
Nico Echavarria,Keegan Bradley,42.3,4230
Nico Echavarria,Michael Brennan,48.8,4881
Nico Echavarria,Brian Campbell,61.0,6097
Nico Echavarria,Rafael Campos,61.0,6102
Nico Echavarria,Ricky Castillo,50.3,5033
Nico Echavarria,Bud Cauley,39.4,3937
Nico Echavarria,Davis Chatfield,54.9,5489
Nico Echavarria,Luke Clanton,52.7,5265
Nico Echavarria,Eric Cole,48.7,4869
Nico Echavarria,Pierceson Coody,58.6,5855
Nico Echavarria,Joel Dahmen,49.9,4995
Nico Echavarria,Cam Davis,69.2,6917
Nico Echavarria,Jason Day,55.0,5499
Nico Echavarria,Zecheng Dou,56.8,5678
Nico Echavarria,Adrien Dumont de Chassart,56.8,5680
Nico Echavarria,Nick Dunlap,60.7,6066
Nico Echavarria,Austin Eckroat,57.0,5700
Nico Echavarria,Harris English,45.6,4556
Nico Echavarria,Tony Finau,52.3,5230
Nico Echavarria,Patrick Fishburn,50.9,5089
Nico Echavarria,Steven Fisk,59.3,5931
Nico Echavarria,Alex Fitzpatrick,35.1,3508
Nico Echavarria,Brice Garnett,56.5,5650
Nico Echavarria,Ryan Gerard,41.6,4160
Nico Echavarria,Doug Ghim,41.6,4162
Nico Echavarria,Lucas Glover,50.4,5036
Nico Echavarria,Max Greyserman,57.1,5713
Nico Echavarria,Ben Griffin,38.1,3808
Nico Echavarria,Lanto Griffin,57.1,5713
Nico Echavarria,Emiliano Grillo,43.7,4374
Nico Echavarria,Harry Hall,56.6,5660
Nico Echavarria,Brian Harman,45.4,4541
Nico Echavarria,Garrick Higgo,64.8,6476
Nico Echavarria,Joe Highsmith,62.6,6256
Nico Echavarria,Kensei Hirata,65.6,6560
Nico Echavarria,Ryo Hisatsune,46.7,4673
Nico Echavarria,Lee Hodges,49.9,4995
Nico Echavarria,Rico Hoey,50.2,5023
Nico Echavarria,Tom Hoge,52.4,5237
Nico Echavarria,Rasmus Hojgaard,58.0,5798
Nico Echavarria,Billy Horschel,52.1,5209
Nico Echavarria,Beau Hossler,49.9,4988
Nico Echavarria,Mark Hubbard,51.5,5147
Nico Echavarria,Mackenzie Hughes,50.6,5062
Nico Echavarria,Sungjae Im,50.2,5021
Nico Echavarria,Stephan Jaeger,57.0,5704
Nico Echavarria,Ben James,45.9,4593
Nico Echavarria,Takumi Kanaya,56.0,5602
Nico Echavarria,Jeffrey Kang,56.3,5627
Nico Echavarria,Johnny Keefer,48.7,4873
Nico Echavarria,Michael Kim,49.1,4911
Nico Echavarria,Tom Kim,35.4,3535
Nico Echavarria,Chris Kirk,48.4,4840
Nico Echavarria,Patton Kizzire,78.7,7875
Nico Echavarria,Brooks Koepka,47.1,4708
Nico Echavarria,Ben Kohles,40.2,4021
Nico Echavarria,Jackson Koivun,38.8,3880
Nico Echavarria,Matt Kuchar,47.9,4794
Nico Echavarria,Christo Lamprecht,81.0,8103
Nico Echavarria,Hank Lebioda,57.5,5750
Nico Echavarria,Haotong Li,66.3,6628
Nico Echavarria,David Lipsky,54.0,5405
Nico Echavarria,Luke List,55.9,5586
Nico Echavarria,Justin Lower,58.3,5828
Nico Echavarria,Peter Malnati,70.8,7080
Nico Echavarria,Hideki Matsuyama,40.1,4007
Nico Echavarria,Denny McCarthy,52.2,5216
Nico Echavarria,Matt McCarty,55.4,5539
Nico Echavarria,Max McGreevy,48.4,4840
Nico Echavarria,Maverick McNealy,46.7,4672
Nico Echavarria,Mac Meissner,46.5,4651
Nico Echavarria,Keith Mitchell,46.0,4601
Nico Echavarria,Taylor Moore,56.0,5601
Nico Echavarria,William Mouw,49.3,4930
Nico Echavarria,Rasmus Neergaard-Petersen,49.5,4950
Nico Echavarria,Alex Noren,51.2,5122
Nico Echavarria,Andrew Novak,49.9,4991
Nico Echavarria,Pontus Nyholm,62.4,6240
Nico Echavarria,Thorbjorn Olesen,60.3,6031
Nico Echavarria,John Parry,52.2,5218
Nico Echavarria,Matthieu Pavon,55.9,5586
Nico Echavarria,Taylor Pendrith,56.1,5608
Nico Echavarria,Marco Penge,47.5,4752
Nico Echavarria,Chandler Phillips,51.2,5124
Nico Echavarria,J.T. Poston,45.8,4583
Nico Echavarria,Aldrich Potgieter,58.6,5859
Nico Echavarria,Seamus Power,59.8,5981
Nico Echavarria,Andrew Putnam,52.3,5234
Nico Echavarria,Aaron Rai,38.3,3831
Nico Echavarria,Chad Ramey,66.3,6629
Nico Echavarria,Davis Riley,64.8,6476
Nico Echavarria,Patrick Rodgers,65.8,6585
Nico Echavarria,Kevin Roy,56.0,5602
Nico Echavarria,Marcelo Rozo,62.0,6200
Nico Echavarria,Adrien Saddier,58.1,5809
Nico Echavarria,Gordon Sargent,64.9,6486
Nico Echavarria,Adam Schenk,67.0,6703
Nico Echavarria,Matti Schmid,60.0,5998
Nico Echavarria,Ben Silverman,56.1,5608
Nico Echavarria,Webb Simpson,68.3,6835
Nico Echavarria,Alex Smalley,49.0,4901
Nico Echavarria,Jordan Smith,44.5,4449
Nico Echavarria,Austin Smotherman,60.0,6003
Nico Echavarria,Brandt Snedeker,52.6,5264
Nico Echavarria,Jordan Spieth,54.0,5398
Nico Echavarria,Sam Stevens,55.3,5530
Nico Echavarria,Sepp Straka,57.6,5760
Nico Echavarria,Kevin Streelman,55.5,5547
Nico Echavarria,Jackson Suber,44.2,4416
Nico Echavarria,Adam Svensson,61.2,6115
Nico Echavarria,Jesper Svensson,55.1,5505
Nico Echavarria,Nick Taylor,50.3,5028
Nico Echavarria,Sahith Theegala,49.1,4906
Nico Echavarria,Justin Thomas,36.5,3646
Nico Echavarria,Davis Thompson,48.4,4839
Nico Echavarria,Alejandro Tosti,67.7,6774
Nico Echavarria,Erik van Rooyen,54.4,5441
Nico Echavarria,John VanDerLaan,60.5,6054
Nico Echavarria,Karl Vilips,61.2,6117
Nico Echavarria,Camilo Villegas,58.8,5879
Nico Echavarria,Danny Walker,72.6,7256
Nico Echavarria,Matt Wallace,43.4,4342
Nico Echavarria,Vince Whaley,65.2,6520
Nico Echavarria,Aaron Wise,51.4,5142
Nico Echavarria,Dylan Wu,61.1,6112
Nico Echavarria,Cameron Young,33.1,3308
Nico Echavarria,Kevin Yu,46.7,4668
Austin Eckroat,Zach Bauchou,42.0,4204
Austin Eckroat,Christiaan Bezuidenhout,39.3,3932
Austin Eckroat,Daniel Berger,49.7,4966
Austin Eckroat,Zac Blair,38.1,3810
Austin Eckroat,Chandler Blanchet,51.1,5109
Austin Eckroat,Keegan Bradley,35.6,3555
Austin Eckroat,Michael Brennan,41.8,4183
Austin Eckroat,Brian Campbell,54.1,5407
Austin Eckroat,Rafael Campos,54.1,5413
Austin Eckroat,Ricky Castillo,43.3,4333
Austin Eckroat,Bud Cauley,32.8,3278
Austin Eckroat,Davis Chatfield,47.9,4787
Austin Eckroat,Luke Clanton,45.6,4563
Austin Eckroat,Eric Cole,41.7,4172
Austin Eckroat,Pierceson Coody,51.6,5159
Austin Eckroat,Joel Dahmen,43.0,4295
Austin Eckroat,Cam Davis,62.7,6271
Austin Eckroat,Jason Day,48.0,4798
Austin Eckroat,Zecheng Dou,49.8,4978
Austin Eckroat,Adrien Dumont de Chassart,49.8,4980
Austin Eckroat,Nick Dunlap,53.8,5375
Austin Eckroat,Nico Echavarria,43.0,4300
Austin Eckroat,Harris English,38.7,3867
Austin Eckroat,Tony Finau,45.3,4528
Austin Eckroat,Patrick Fishburn,43.9,4388
Austin Eckroat,Steven Fisk,52.4,5237
Austin Eckroat,Alex Fitzpatrick,28.8,2879
Austin Eckroat,Brice Garnett,49.5,4950
Austin Eckroat,Ryan Gerard,34.9,3488
Austin Eckroat,Doug Ghim,34.9,3490
Austin Eckroat,Lucas Glover,43.4,4336
Austin Eckroat,Max Greyserman,50.1,5014
Austin Eckroat,Ben Griffin,31.6,3158
Austin Eckroat,Lanto Griffin,50.1,5013
Austin Eckroat,Emiliano Grillo,36.9,3693
Austin Eckroat,Harry Hall,49.6,4960
Austin Eckroat,Brian Harman,38.5,3853
Austin Eckroat,Garrick Higgo,58.0,5803
Austin Eckroat,Joe Highsmith,55.7,5573
Austin Eckroat,Kensei Hirata,58.9,5891
Austin Eckroat,Ryo Hisatsune,39.8,3980
Austin Eckroat,Lee Hodges,43.0,4295
Austin Eckroat,Rico Hoey,43.2,4323
Austin Eckroat,Tom Hoge,45.3,4535
Austin Eckroat,Rasmus Hojgaard,51.0,5101
Austin Eckroat,Billy Horschel,45.1,4507
Austin Eckroat,Beau Hossler,42.9,4289
Austin Eckroat,Mark Hubbard,44.5,4445
Austin Eckroat,Mackenzie Hughes,43.6,4362
Austin Eckroat,Sungjae Im,43.2,4322
Austin Eckroat,Stephan Jaeger,50.0,5005
Austin Eckroat,Ben James,39.0,3904
Austin Eckroat,Takumi Kanaya,49.0,4901
Austin Eckroat,Jeffrey Kang,49.3,4926
Austin Eckroat,Johnny Keefer,41.8,4176
Austin Eckroat,Michael Kim,42.1,4213
Austin Eckroat,Tom Kim,29.0,2905
Austin Eckroat,Chris Kirk,41.4,4143
Austin Eckroat,Patton Kizzire,73.3,7328
Austin Eckroat,Brooks Koepka,40.1,4015
Austin Eckroat,Ben Kohles,33.6,3357
Austin Eckroat,Jackson Koivun,32.2,3225
Austin Eckroat,Matt Kuchar,41.0,4098
Austin Eckroat,Christo Lamprecht,75.9,7588
Austin Eckroat,Hank Lebioda,50.5,5052
Austin Eckroat,Haotong Li,59.6,5963
Austin Eckroat,David Lipsky,47.0,4703
Austin Eckroat,Luke List,48.8,4885
Austin Eckroat,Justin Lower,51.3,5131
Austin Eckroat,Peter Malnati,64.5,6447
Austin Eckroat,Hideki Matsuyama,33.4,3344
Austin Eckroat,Denny McCarthy,45.1,4514
Austin Eckroat,Matt McCarty,48.4,4838
Austin Eckroat,Max McGreevy,41.4,4143
Austin Eckroat,Maverick McNealy,39.8,3980
Austin Eckroat,Mac Meissner,39.6,3959
Austin Eckroat,Keith Mitchell,39.1,3911
Austin Eckroat,Taylor Moore,49.0,4900
Austin Eckroat,William Mouw,42.3,4232
Austin Eckroat,Rasmus Neergaard-Petersen,42.5,4251
Austin Eckroat,Alex Noren,44.2,4421
Austin Eckroat,Andrew Novak,42.9,4291
Austin Eckroat,Pontus Nyholm,55.6,5555
Austin Eckroat,Thorbjorn Olesen,53.4,5339
Austin Eckroat,John Parry,45.2,4516
Austin Eckroat,Matthieu Pavon,48.8,4885
Austin Eckroat,Taylor Pendrith,49.1,4907
Austin Eckroat,Marco Penge,40.6,4058
Austin Eckroat,Chandler Phillips,44.2,4423
Austin Eckroat,J.T. Poston,38.9,3894
Austin Eckroat,Aldrich Potgieter,51.6,5163
Austin Eckroat,Seamus Power,52.9,5288
Austin Eckroat,Andrew Putnam,45.3,4532
Austin Eckroat,Aaron Rai,31.8,3179
Austin Eckroat,Chad Ramey,59.6,5965
Austin Eckroat,Davis Riley,58.0,5803
Austin Eckroat,Patrick Rodgers,59.2,5918
Austin Eckroat,Kevin Roy,49.0,4901
Austin Eckroat,Marcelo Rozo,55.1,5514
Austin Eckroat,Adrien Saddier,51.1,5112
Austin Eckroat,Gordon Sargent,58.1,5814
Austin Eckroat,Adam Schenk,60.4,6043
Austin Eckroat,Matti Schmid,53.1,5306
Austin Eckroat,Ben Silverman,49.1,4907
Austin Eckroat,Webb Simpson,61.8,6184
Austin Eckroat,Alex Smalley,42.0,4203
Austin Eckroat,Jordan Smith,37.6,3765
Austin Eckroat,Austin Smotherman,53.1,5310
Austin Eckroat,Brandt Snedeker,45.6,4562
Austin Eckroat,Jordan Spieth,47.0,4695
Austin Eckroat,Sam Stevens,48.3,4829
Austin Eckroat,Sepp Straka,50.6,5061
Austin Eckroat,Kevin Streelman,48.5,4846
Austin Eckroat,Jackson Suber,37.3,3733
Austin Eckroat,Adam Svensson,54.3,5426
Austin Eckroat,Jesper Svensson,48.0,4804
Austin Eckroat,Nick Taylor,43.3,4328
Austin Eckroat,Sahith Theegala,42.1,4208
Austin Eckroat,Justin Thomas,30.1,3007
Austin Eckroat,Davis Thompson,41.4,4143
Austin Eckroat,Alejandro Tosti,61.2,6119
Austin Eckroat,Erik van Rooyen,47.4,4739
Austin Eckroat,John VanDerLaan,53.6,5363
Austin Eckroat,Karl Vilips,54.3,5428
Austin Eckroat,Camilo Villegas,51.8,5183
Austin Eckroat,Danny Walker,66.4,6640
Austin Eckroat,Matt Wallace,36.6,3661
Austin Eckroat,Vince Whaley,58.5,5850
Austin Eckroat,Aaron Wise,44.4,4441
Austin Eckroat,Dylan Wu,54.2,5422
Austin Eckroat,Cameron Young,27.0,2696
Austin Eckroat,Kevin Yu,39.8,3976
Harris English,Zach Bauchou,53.5,5347
Harris English,Christiaan Bezuidenhout,50.7,5068
Harris English,Daniel Berger,61.0,6100
Harris English,Zac Blair,49.4,4940
Harris English,Chandler Blanchet,62.4,6237
Harris English,Keegan Bradley,46.7,4671
Harris English,Michael Brennan,53.3,5326
Harris English,Brian Campbell,65.2,6518
Harris English,Rafael Campos,65.2,6523
Harris English,Ricky Castillo,54.8,5477
Harris English,Bud Cauley,43.7,4372
Harris English,Davis Chatfield,59.3,5927
Harris English,Luke Clanton,57.1,5707
Harris English,Eric Cole,53.1,5314
Harris English,Pierceson Coody,62.8,6284
Harris English,Joel Dahmen,54.4,5439
Harris English,Cam Davis,73.0,7298
Harris English,Jason Day,59.4,5937
Harris English,Zecheng Dou,61.1,6112
Harris English,Adrien Dumont de Chassart,61.1,6113
Harris English,Nick Dunlap,64.9,6488
Harris English,Nico Echavarria,54.4,5444
Harris English,Austin Eckroat,61.3,6133
Harris English,Tony Finau,56.7,5673
Harris English,Patrick Fishburn,55.3,5533
Harris English,Steven Fisk,63.6,6358
Harris English,Alex Fitzpatrick,39.3,3930
Harris English,Brice Garnett,60.8,6085
Harris English,Ryan Gerard,46.0,4600
Harris English,Doug Ghim,46.0,4601
Harris English,Lucas Glover,54.8,5480
Harris English,Max Greyserman,61.5,6146
Harris English,Ben Griffin,42.4,4240
Harris English,Lanto Griffin,61.5,6146
Harris English,Emiliano Grillo,48.2,4817
Harris English,Harry Hall,60.9,6095
Harris English,Brian Harman,49.9,4985
Harris English,Garrick Higgo,68.8,6881
Harris English,Joe Highsmith,66.7,6671
Harris English,Kensei Hirata,69.6,6961
Harris English,Ryo Hisatsune,51.2,5118
Harris English,Lee Hodges,54.4,5439
Harris English,Rico Hoey,54.7,5467
Harris English,Tom Hoge,56.8,5679
Harris English,Rasmus Hojgaard,62.3,6229
Harris English,Billy Horschel,56.5,5651
Harris English,Beau Hossler,54.3,5433
Harris English,Mark Hubbard,55.9,5590
Harris English,Mackenzie Hughes,55.1,5507
Harris English,Sungjae Im,54.7,5466
Harris English,Stephan Jaeger,61.4,6137
Harris English,Ben James,50.4,5038
Harris English,Takumi Kanaya,60.4,6037
Harris English,Jeffrey Kang,60.6,6062
Harris English,Johnny Keefer,53.2,5318
Harris English,Michael Kim,53.6,5356
Harris English,Tom Kim,39.6,3958
Harris English,Chris Kirk,52.8,5285
Harris English,Patton Kizzire,81.8,8184
Harris English,Brooks Koepka,51.5,5153
Harris English,Ben Kohles,44.6,4458
Harris English,Jackson Koivun,43.1,4314
Harris English,Matt Kuchar,52.4,5239
Harris English,Christo Lamprecht,83.9,8390
Harris English,Hank Lebioda,61.8,6182
Harris English,Haotong Li,70.3,7025
Harris English,David Lipsky,58.4,5845
Harris English,Luke List,60.2,6022
Harris English,Justin Lower,62.6,6258
Harris English,Peter Malnati,74.5,7451
Harris English,Hideki Matsuyama,44.4,4444
Harris English,Denny McCarthy,56.6,5659
Harris English,Matt McCarty,59.8,5976
Harris English,Max McGreevy,52.8,5285
Harris English,Maverick McNealy,51.2,5117
Harris English,Mac Meissner,51.0,5096
Harris English,Keith Mitchell,50.5,5046
Harris English,Taylor Moore,60.4,6036
Harris English,William Mouw,53.8,5375
Harris English,Rasmus Neergaard-Petersen,53.9,5395
Harris English,Alex Noren,55.7,5565
Harris English,Andrew Novak,54.4,5435
Harris English,Pontus Nyholm,66.6,6655
Harris English,Thorbjorn Olesen,64.5,6454
Harris English,John Parry,56.6,5661
Harris English,Matthieu Pavon,60.2,6022
Harris English,Taylor Pendrith,60.4,6044
Harris English,Marco Penge,52.0,5197
Harris English,Chandler Phillips,55.7,5567
Harris English,J.T. Poston,50.3,5028
Harris English,Aldrich Potgieter,62.9,6288
Harris English,Seamus Power,64.1,6406
Harris English,Andrew Putnam,56.8,5676
Harris English,Aaron Rai,42.6,4264
Harris English,Chad Ramey,70.3,7027
Harris English,Davis Riley,68.8,6881
Harris English,Patrick Rodgers,69.8,6985
Harris English,Kevin Roy,60.4,6037
Harris English,Marcelo Rozo,66.2,6617
Harris English,Adrien Saddier,62.4,6240
Harris English,Gordon Sargent,68.9,6891
Harris English,Adam Schenk,71.0,7096
Harris English,Matti Schmid,64.2,6423
Harris English,Ben Silverman,60.4,6044
Harris English,Webb Simpson,72.2,7221
Harris English,Alex Smalley,53.5,5346
Harris English,Jordan Smith,48.9,4893
Harris English,Austin Smotherman,64.3,6427
Harris English,Brandt Snedeker,57.1,5706
Harris English,Jordan Spieth,58.4,5837
Harris English,Sam Stevens,59.7,5968
Harris English,Sepp Straka,61.9,6192
Harris English,Kevin Streelman,59.8,5984
Harris English,Jackson Suber,48.6,4859
Harris English,Adam Svensson,65.4,6536
Harris English,Jesper Svensson,59.4,5943
Harris English,Nick Taylor,54.7,5472
Harris English,Sahith Theegala,53.5,5351
Harris English,Justin Thomas,40.7,4073
Harris English,Davis Thompson,52.8,5285
Harris English,Alejandro Tosti,71.6,7164
Harris English,Erik van Rooyen,58.8,5880
Harris English,John VanDerLaan,64.8,6476
Harris English,Karl Vilips,65.4,6538
Harris English,Camilo Villegas,63.1,6307
Harris English,Danny Walker,76.2,7616
Harris English,Matt Wallace,47.8,4784
Harris English,Vince Whaley,69.2,6923
Harris English,Aaron Wise,55.9,5586
Harris English,Dylan Wu,65.3,6532
Harris English,Cameron Young,37.2,3722
Harris English,Kevin Yu,51.1,5113
Tony Finau,Zach Bauchou,46.7,4672
Tony Finau,Christiaan Bezuidenhout,43.9,4394
Tony Finau,Daniel Berger,54.4,5437
Tony Finau,Zac Blair,42.7,4269
Tony Finau,Chandler Blanchet,55.8,5580
Tony Finau,Keegan Bradley,40.1,4006
Tony Finau,Michael Brennan,46.5,4651
Tony Finau,Brian Campbell,58.7,5874
Tony Finau,Rafael Campos,58.8,5879
Tony Finau,Ricky Castillo,48.0,4802
Tony Finau,Bud Cauley,37.2,3717
Tony Finau,Davis Chatfield,52.6,5259
Tony Finau,Luke Clanton,50.3,5035
Tony Finau,Eric Cole,46.4,4639
Tony Finau,Pierceson Coody,56.3,5629
Tony Finau,Joel Dahmen,47.6,4764
Tony Finau,Cam Davis,67.1,6711
Tony Finau,Jason Day,52.7,5270
Tony Finau,Zecheng Dou,54.5,5450
Tony Finau,Adrien Dumont de Chassart,54.5,5452
Tony Finau,Nick Dunlap,58.4,5842
Tony Finau,Nico Echavarria,47.7,4770
Tony Finau,Austin Eckroat,54.7,5472
Tony Finau,Harris English,43.3,4327
Tony Finau,Patrick Fishburn,48.6,4859
Tony Finau,Steven Fisk,57.1,5706
Tony Finau,Alex Fitzpatrick,33.0,3296
Tony Finau,Brice Garnett,54.2,5422
Tony Finau,Ryan Gerard,39.4,3936
Tony Finau,Doug Ghim,39.4,3938
Tony Finau,Lucas Glover,48.1,4805
Tony Finau,Max Greyserman,54.9,5486
Tony Finau,Ben Griffin,35.9,3590
Tony Finau,Lanto Griffin,54.9,5485
Tony Finau,Emiliano Grillo,41.5,4148
Tony Finau,Harry Hall,54.3,5432
Tony Finau,Brian Harman,43.1,4313
Tony Finau,Garrick Higgo,62.6,6259
Tony Finau,Joe Highsmith,60.4,6036
Tony Finau,Kensei Hirata,63.4,6345
Tony Finau,Ryo Hisatsune,44.4,4444
Tony Finau,Lee Hodges,47.6,4765
Tony Finau,Rico Hoey,47.9,4793
Tony Finau,Tom Hoge,50.1,5006
Tony Finau,Rasmus Hojgaard,55.7,5571
Tony Finau,Billy Horschel,49.8,4978
Tony Finau,Beau Hossler,47.6,4758
Tony Finau,Mark Hubbard,49.2,4916
Tony Finau,Mackenzie Hughes,48.3,4832
Tony Finau,Sungjae Im,47.9,4791
Tony Finau,Stephan Jaeger,54.8,5476
Tony Finau,Ben James,43.6,4365
Tony Finau,Takumi Kanaya,53.7,5373
Tony Finau,Jeffrey Kang,54.0,5398
Tony Finau,Johnny Keefer,46.4,4643
Tony Finau,Michael Kim,46.8,4681
Tony Finau,Tom Kim,33.2,3323
Tony Finau,Chris Kirk,46.1,4610
Tony Finau,Patton Kizzire,77.0,7703
Tony Finau,Brooks Koepka,44.8,4479
Tony Finau,Ben Kohles,38.0,3799
Tony Finau,Jackson Koivun,36.6,3661
Tony Finau,Matt Kuchar,45.6,4564
Tony Finau,Christo Lamprecht,79.4,7942
Tony Finau,Hank Lebioda,55.2,5523
Tony Finau,Haotong Li,64.1,6414
Tony Finau,David Lipsky,51.8,5175
Tony Finau,Luke List,53.6,5357
Tony Finau,Justin Lower,56.0,5602
Tony Finau,Peter Malnati,68.8,6878
Tony Finau,Hideki Matsuyama,37.9,3785
Tony Finau,Denny McCarthy,49.9,4986
Tony Finau,Matt McCarty,53.1,5310
Tony Finau,Max McGreevy,46.1,4610
Tony Finau,Maverick McNealy,44.4,4444
Tony Finau,Mac Meissner,44.2,4422
Tony Finau,Keith Mitchell,43.7,4373
Tony Finau,Taylor Moore,53.7,5372
Tony Finau,William Mouw,47.0,4700
Tony Finau,Rasmus Neergaard-Petersen,47.2,4720
Tony Finau,Alex Noren,48.9,4892
Tony Finau,Andrew Novak,47.6,4761
Tony Finau,Pontus Nyholm,60.2,6019
Tony Finau,Thorbjorn Olesen,58.1,5806
Tony Finau,John Parry,49.9,4988
Tony Finau,Matthieu Pavon,53.6,5357
Tony Finau,Taylor Pendrith,53.8,5380
Tony Finau,Marco Penge,45.2,4523
Tony Finau,Chandler Phillips,48.9,4893
Tony Finau,J.T. Poston,43.5,4355
Tony Finau,Aldrich Potgieter,56.3,5633
Tony Finau,Seamus Power,57.6,5756
Tony Finau,Andrew Putnam,50.0,5003
Tony Finau,Aaron Rai,36.1,3613
Tony Finau,Chad Ramey,64.2,6416
Tony Finau,Davis Riley,62.6,6260
Tony Finau,Patrick Rodgers,63.7,6371
Tony Finau,Kevin Roy,53.7,5373
Tony Finau,Marcelo Rozo,59.8,5978
Tony Finau,Adrien Saddier,55.8,5583
Tony Finau,Gordon Sargent,62.7,6270
Tony Finau,Adam Schenk,64.9,6491
Tony Finau,Matti Schmid,57.7,5774
Tony Finau,Ben Silverman,53.8,5379
Tony Finau,Webb Simpson,66.3,6627
Tony Finau,Alex Smalley,46.7,4671
Tony Finau,Jordan Smith,42.2,4222
Tony Finau,Austin Smotherman,57.8,5778
Tony Finau,Brandt Snedeker,50.3,5034
Tony Finau,Jordan Spieth,51.7,5168
Tony Finau,Sam Stevens,53.0,5301
Tony Finau,Sepp Straka,55.3,5533
Tony Finau,Kevin Streelman,53.2,5318
Tony Finau,Jackson Suber,41.9,4189
Tony Finau,Adam Svensson,58.9,5892
Tony Finau,Jesper Svensson,52.8,5276
Tony Finau,Nick Taylor,48.0,4798
Tony Finau,Sahith Theegala,46.8,4676
Tony Finau,Justin Thomas,34.3,3431
Tony Finau,Davis Thompson,46.1,4610
Tony Finau,Alejandro Tosti,65.6,6564
Tony Finau,Erik van Rooyen,52.1,5212
Tony Finau,John VanDerLaan,58.3,5830
Tony Finau,Karl Vilips,58.9,5894
Tony Finau,Camilo Villegas,56.5,5653
Tony Finau,Danny Walker,70.6,7061
Tony Finau,Matt Wallace,41.2,4116
Tony Finau,Vince Whaley,63.0,6305
Tony Finau,Aaron Wise,49.1,4912
Tony Finau,Dylan Wu,58.9,5888
Tony Finau,Cameron Young,31.0,3101
Tony Finau,Kevin Yu,44.4,4439
Patrick Fishburn,Zach Bauchou,48.1,4813
Patrick Fishburn,Christiaan Bezuidenhout,45.3,4534
Patrick Fishburn,Daniel Berger,55.8,5577
Patrick Fishburn,Zac Blair,44.1,4408
Patrick Fishburn,Chandler Blanchet,57.2,5719
Patrick Fishburn,Keegan Bradley,41.4,4143
Patrick Fishburn,Michael Brennan,47.9,4792
Patrick Fishburn,Brian Campbell,60.1,6011
Patrick Fishburn,Rafael Campos,60.2,6016
Patrick Fishburn,Ricky Castillo,49.4,4943
Patrick Fishburn,Bud Cauley,38.5,3851
Patrick Fishburn,Davis Chatfield,54.0,5400
Patrick Fishburn,Luke Clanton,51.8,5176
Patrick Fishburn,Eric Cole,47.8,4780
Patrick Fishburn,Pierceson Coody,57.7,5768
Patrick Fishburn,Joel Dahmen,49.1,4905
Patrick Fishburn,Cam Davis,68.4,6837
Patrick Fishburn,Jason Day,54.1,5411
Patrick Fishburn,Zecheng Dou,55.9,5590
Patrick Fishburn,Adrien Dumont de Chassart,55.9,5591
Patrick Fishburn,Nick Dunlap,59.8,5980
Patrick Fishburn,Nico Echavarria,49.1,4911
Patrick Fishburn,Austin Eckroat,56.1,5612
Patrick Fishburn,Harris English,44.7,4467
Patrick Fishburn,Tony Finau,51.4,5141
Patrick Fishburn,Steven Fisk,58.4,5844
Patrick Fishburn,Alex Fitzpatrick,34.3,3425
Patrick Fishburn,Brice Garnett,55.6,5562
Patrick Fishburn,Ryan Gerard,40.7,4073
Patrick Fishburn,Doug Ghim,40.7,4075
Patrick Fishburn,Lucas Glover,49.5,4946
Patrick Fishburn,Max Greyserman,56.3,5625
Patrick Fishburn,Ben Griffin,37.2,3723
Patrick Fishburn,Lanto Griffin,56.2,5625
Patrick Fishburn,Emiliano Grillo,42.9,4287
Patrick Fishburn,Harry Hall,55.7,5572
Patrick Fishburn,Brian Harman,44.5,4452
Patrick Fishburn,Garrick Higgo,63.9,6393
Patrick Fishburn,Joe Highsmith,61.7,6171
Patrick Fishburn,Kensei Hirata,64.8,6477
Patrick Fishburn,Ryo Hisatsune,45.8,4584
Patrick Fishburn,Lee Hodges,49.1,4906
Patrick Fishburn,Rico Hoey,49.3,4934
Patrick Fishburn,Tom Hoge,51.5,5147
Patrick Fishburn,Rasmus Hojgaard,57.1,5711
Patrick Fishburn,Billy Horschel,51.2,5119
Patrick Fishburn,Beau Hossler,49.0,4899
Patrick Fishburn,Mark Hubbard,50.6,5058
Patrick Fishburn,Mackenzie Hughes,49.7,4973
Patrick Fishburn,Sungjae Im,49.3,4932
Patrick Fishburn,Stephan Jaeger,56.2,5616
Patrick Fishburn,Ben James,45.0,4505
Patrick Fishburn,Takumi Kanaya,55.1,5513
Patrick Fishburn,Jeffrey Kang,55.4,5538
Patrick Fishburn,Johnny Keefer,47.8,4784
Patrick Fishburn,Michael Kim,48.2,4821
Patrick Fishburn,Tom Kim,34.5,3453
Patrick Fishburn,Chris Kirk,47.5,4751
Patrick Fishburn,Patton Kizzire,78.1,7809
Patrick Fishburn,Brooks Koepka,46.2,4619
Patrick Fishburn,Ben Kohles,39.3,3935
Patrick Fishburn,Jackson Koivun,37.9,3795
Patrick Fishburn,Matt Kuchar,47.0,4705
Patrick Fishburn,Christo Lamprecht,80.4,8041
Patrick Fishburn,Hank Lebioda,56.6,5663
Patrick Fishburn,Haotong Li,65.5,6546
Patrick Fishburn,David Lipsky,53.2,5316
Patrick Fishburn,Luke List,55.0,5497
Patrick Fishburn,Justin Lower,57.4,5741
Patrick Fishburn,Peter Malnati,70.0,7002
Patrick Fishburn,Hideki Matsuyama,39.2,3921
Patrick Fishburn,Denny McCarthy,51.3,5127
Patrick Fishburn,Matt McCarty,54.5,5450
Patrick Fishburn,Max McGreevy,47.5,4751
Patrick Fishburn,Maverick McNealy,45.8,4584
Patrick Fishburn,Mac Meissner,45.6,4562
Patrick Fishburn,Keith Mitchell,45.1,4513
Patrick Fishburn,Taylor Moore,55.1,5512
Patrick Fishburn,William Mouw,48.4,4841
Patrick Fishburn,Rasmus Neergaard-Petersen,48.6,4861
Patrick Fishburn,Alex Noren,50.3,5033
Patrick Fishburn,Andrew Novak,49.0,4902
Patrick Fishburn,Pontus Nyholm,61.5,6154
Patrick Fishburn,Thorbjorn Olesen,59.4,5944
Patrick Fishburn,John Parry,51.3,5129
Patrick Fishburn,Matthieu Pavon,55.0,5497
Patrick Fishburn,Taylor Pendrith,55.2,5520
Patrick Fishburn,Marco Penge,46.6,4663
Patrick Fishburn,Chandler Phillips,50.3,5034
Patrick Fishburn,J.T. Poston,44.9,4494
Patrick Fishburn,Aldrich Potgieter,57.7,5772
Patrick Fishburn,Seamus Power,58.9,5894
Patrick Fishburn,Andrew Putnam,51.4,5144
Patrick Fishburn,Aaron Rai,37.5,3746
Patrick Fishburn,Chad Ramey,65.5,6547
Patrick Fishburn,Davis Riley,63.9,6393
Patrick Fishburn,Patrick Rodgers,65.0,6502
Patrick Fishburn,Kevin Roy,55.1,5513
Patrick Fishburn,Marcelo Rozo,61.1,6115
Patrick Fishburn,Adrien Saddier,57.2,5722
Patrick Fishburn,Gordon Sargent,64.0,6403
Patrick Fishburn,Adam Schenk,66.2,6621
Patrick Fishburn,Matti Schmid,59.1,5912
Patrick Fishburn,Ben Silverman,55.2,5520
Patrick Fishburn,Webb Simpson,67.5,6755
Patrick Fishburn,Alex Smalley,48.1,4812
Patrick Fishburn,Jordan Smith,43.6,4361
Patrick Fishburn,Austin Smotherman,59.2,5916
Patrick Fishburn,Brandt Snedeker,51.8,5175
Patrick Fishburn,Jordan Spieth,53.1,5309
Patrick Fishburn,Sam Stevens,54.4,5442
Patrick Fishburn,Sepp Straka,56.7,5672
Patrick Fishburn,Kevin Streelman,54.6,5459
Patrick Fishburn,Jackson Suber,43.3,4328
Patrick Fishburn,Adam Svensson,60.3,6029
Patrick Fishburn,Jesper Svensson,54.2,5417
Patrick Fishburn,Nick Taylor,49.4,4939
Patrick Fishburn,Sahith Theegala,48.2,4817
Patrick Fishburn,Justin Thomas,35.6,3562
Patrick Fishburn,Davis Thompson,47.5,4750
Patrick Fishburn,Alejandro Tosti,66.9,6694
Patrick Fishburn,Erik van Rooyen,53.5,5353
Patrick Fishburn,John VanDerLaan,59.7,5968
Patrick Fishburn,Karl Vilips,60.3,6031
Patrick Fishburn,Camilo Villegas,57.9,5792
Patrick Fishburn,Danny Walker,71.8,7181
Patrick Fishburn,Matt Wallace,42.5,4254
Patrick Fishburn,Vince Whaley,64.4,6437
Patrick Fishburn,Aaron Wise,50.5,5053
Patrick Fishburn,Dylan Wu,60.3,6025
Patrick Fishburn,Cameron Young,32.3,3227
Patrick Fishburn,Kevin Yu,45.8,4579
Steven Fisk,Zach Bauchou,39.7,3974
Steven Fisk,Christiaan Bezuidenhout,37.1,3706
Steven Fisk,Daniel Berger,47.3,4729
Steven Fisk,Zac Blair,35.9,3586
Steven Fisk,Chandler Blanchet,48.7,4872
Steven Fisk,Keegan Bradley,33.4,3337
Steven Fisk,Michael Brennan,39.5,3953
Steven Fisk,Brian Campbell,51.7,5171
Steven Fisk,Rafael Campos,51.8,5177
Steven Fisk,Ricky Castillo,41.0,4100
Steven Fisk,Bud Cauley,30.7,3067
Steven Fisk,Davis Chatfield,45.5,4551
Steven Fisk,Luke Clanton,43.3,4329
Steven Fisk,Eric Cole,39.4,3942
Steven Fisk,Pierceson Coody,49.2,4922
Steven Fisk,Joel Dahmen,40.6,4063
Steven Fisk,Cam Davis,60.4,6045
Steven Fisk,Jason Day,45.6,4562
Steven Fisk,Zecheng Dou,47.4,4742
Steven Fisk,Adrien Dumont de Chassart,47.4,4743
Steven Fisk,Nick Dunlap,51.4,5139
Steven Fisk,Nico Echavarria,40.7,4069
Steven Fisk,Austin Eckroat,47.6,4763
Steven Fisk,Harris English,36.4,3642
Steven Fisk,Tony Finau,42.9,4294
Steven Fisk,Patrick Fishburn,41.6,4156
Steven Fisk,Alex Fitzpatrick,26.8,2680
Steven Fisk,Brice Garnett,47.1,4714
Steven Fisk,Ryan Gerard,32.7,3271
Steven Fisk,Doug Ghim,32.7,3273
Steven Fisk,Lucas Glover,41.0,4103
Steven Fisk,Max Greyserman,47.8,4777
Steven Fisk,Ben Griffin,29.5,2950
Steven Fisk,Lanto Griffin,47.8,4777
Steven Fisk,Emiliano Grillo,34.7,3471
Steven Fisk,Harry Hall,47.2,4724
Steven Fisk,Brian Harman,36.3,3628
Steven Fisk,Garrick Higgo,55.7,5569
Steven Fisk,Joe Highsmith,53.4,5338
Steven Fisk,Kensei Hirata,56.6,5659
Steven Fisk,Ryo Hisatsune,37.5,3753
Steven Fisk,Lee Hodges,40.6,4064
Steven Fisk,Rico Hoey,40.9,4091
Steven Fisk,Tom Hoge,43.0,4300
Steven Fisk,Rasmus Hojgaard,48.6,4864
Steven Fisk,Billy Horschel,42.7,4273
Steven Fisk,Beau Hossler,40.6,4057
Steven Fisk,Mark Hubbard,42.1,4212
Steven Fisk,Mackenzie Hughes,41.3,4130
Steven Fisk,Sungjae Im,40.9,4090
Steven Fisk,Stephan Jaeger,47.7,4768
Steven Fisk,Ben James,36.8,3678
Steven Fisk,Takumi Kanaya,46.6,4664
Steven Fisk,Jeffrey Kang,46.9,4690
Steven Fisk,Johnny Keefer,39.5,3946
Steven Fisk,Michael Kim,39.8,3982
Steven Fisk,Tom Kim,27.0,2705
Steven Fisk,Chris Kirk,39.1,3914
Steven Fisk,Patton Kizzire,71.3,7130
Steven Fisk,Brooks Koepka,37.9,3787
Steven Fisk,Ben Kohles,31.4,3144
Steven Fisk,Jackson Koivun,30.1,3015
Steven Fisk,Matt Kuchar,38.7,3869
Steven Fisk,Christo Lamprecht,74.0,7400
Steven Fisk,Hank Lebioda,48.1,4815
Steven Fisk,Haotong Li,57.3,5732
Steven Fisk,David Lipsky,44.7,4467
Steven Fisk,Luke List,46.5,4648
Steven Fisk,Justin Lower,48.9,4894
Steven Fisk,Peter Malnati,62.2,6224
Steven Fisk,Hideki Matsuyama,31.3,3131
Steven Fisk,Denny McCarthy,42.8,4280
Steven Fisk,Matt McCarty,46.0,4601
Steven Fisk,Max McGreevy,39.1,3914
Steven Fisk,Maverick McNealy,37.5,3753
Steven Fisk,Mac Meissner,37.3,3733
Steven Fisk,Keith Mitchell,36.9,3686
Steven Fisk,Taylor Moore,46.6,4663
Steven Fisk,William Mouw,40.0,4001
Steven Fisk,Rasmus Neergaard-Petersen,40.2,4020
Steven Fisk,Alex Noren,41.9,4188
Steven Fisk,Andrew Novak,40.6,4060
Steven Fisk,Pontus Nyholm,53.2,5320
Steven Fisk,Thorbjorn Olesen,51.0,5102
Steven Fisk,John Parry,42.8,4282
Steven Fisk,Matthieu Pavon,46.5,4648
Steven Fisk,Taylor Pendrith,46.7,4671
Steven Fisk,Marco Penge,38.3,3829
Steven Fisk,Chandler Phillips,41.9,4189
Steven Fisk,J.T. Poston,36.7,3668
Steven Fisk,Aldrich Potgieter,49.3,4926
Steven Fisk,Seamus Power,50.5,5051
Steven Fisk,Andrew Putnam,43.0,4297
Steven Fisk,Aaron Rai,29.7,2970
Steven Fisk,Chad Ramey,57.3,5733
Steven Fisk,Davis Riley,55.7,5570
Steven Fisk,Patrick Rodgers,56.9,5686
Steven Fisk,Kevin Roy,46.6,4664
Steven Fisk,Marcelo Rozo,52.8,5279
Steven Fisk,Adrien Saddier,48.8,4875
Steven Fisk,Gordon Sargent,55.8,5581
Steven Fisk,Adam Schenk,58.1,5813
Steven Fisk,Matti Schmid,50.7,5069
Steven Fisk,Ben Silverman,46.7,4671
Steven Fisk,Webb Simpson,59.6,5956
Steven Fisk,Alex Smalley,39.7,3973
Steven Fisk,Jordan Smith,35.4,3541
Steven Fisk,Austin Smotherman,50.7,5074
Steven Fisk,Brandt Snedeker,43.3,4328
Steven Fisk,Jordan Spieth,44.6,4460
Steven Fisk,Sam Stevens,45.9,4593
Steven Fisk,Sepp Straka,48.2,4825
Steven Fisk,Kevin Streelman,46.1,4610
Steven Fisk,Jackson Suber,35.1,3510
Steven Fisk,Adam Svensson,51.9,5190
Steven Fisk,Jesper Svensson,45.7,4568
Steven Fisk,Nick Taylor,41.0,4096
Steven Fisk,Sahith Theegala,39.8,3978
Steven Fisk,Justin Thomas,28.0,2803
Steven Fisk,Davis Thompson,39.1,3913
Steven Fisk,Alejandro Tosti,58.9,5890
Steven Fisk,Erik van Rooyen,45.0,4504
Steven Fisk,John VanDerLaan,51.3,5127
Steven Fisk,Karl Vilips,51.9,5192
Steven Fisk,Camilo Villegas,49.5,4946
Steven Fisk,Danny Walker,64.2,6421
Steven Fisk,Matt Wallace,34.4,3441
Steven Fisk,Vince Whaley,56.2,5617
Steven Fisk,Aaron Wise,42.1,4208
Steven Fisk,Dylan Wu,51.9,5186
Steven Fisk,Cameron Young,25.0,2504
Steven Fisk,Kevin Yu,37.5,3749
Alex Fitzpatrick,Zach Bauchou,64.0,6401
Alex Fitzpatrick,Christiaan Bezuidenhout,61.4,6135
Alex Fitzpatrick,Daniel Berger,70.9,7091
Alex Fitzpatrick,Zac Blair,60.1,6012
Alex Fitzpatrick,Chandler Blanchet,72.1,7213
Alex Fitzpatrick,Keegan Bradley,57.5,5750
Alex Fitzpatrick,Michael Brennan,63.8,6381
Alex Fitzpatrick,Brian Campbell,74.6,7459
Alex Fitzpatrick,Rafael Campos,74.6,7463
Alex Fitzpatrick,Ricky Castillo,65.2,6522
Alex Fitzpatrick,Bud Cauley,54.5,5452
Alex Fitzpatrick,Davis Chatfield,69.4,6936
Alex Fitzpatrick,Luke Clanton,67.4,6735
Alex Fitzpatrick,Eric Cole,63.7,6370
Alex Fitzpatrick,Pierceson Coody,72.5,7255
Alex Fitzpatrick,Joel Dahmen,64.9,6487
Alex Fitzpatrick,Cam Davis,81.2,8116
Alex Fitzpatrick,Jason Day,69.5,6945
Alex Fitzpatrick,Zecheng Dou,71.0,7102
Alex Fitzpatrick,Adrien Dumont de Chassart,71.0,7103
Alex Fitzpatrick,Nick Dunlap,74.3,7433
Alex Fitzpatrick,Nico Echavarria,64.9,6492
Alex Fitzpatrick,Austin Eckroat,71.2,7121
Alex Fitzpatrick,Harris English,60.7,6070
Alex Fitzpatrick,Tony Finau,67.0,6704
Alex Fitzpatrick,Patrick Fishburn,65.7,6575
Alex Fitzpatrick,Steven Fisk,73.2,7320
Alex Fitzpatrick,Brice Garnett,70.8,7078
Alex Fitzpatrick,Ryan Gerard,56.8,5679
Alex Fitzpatrick,Doug Ghim,56.8,5681
Alex Fitzpatrick,Lucas Glover,65.3,6525
Alex Fitzpatrick,Max Greyserman,71.3,7133
Alex Fitzpatrick,Ben Griffin,53.2,5318
Alex Fitzpatrick,Lanto Griffin,71.3,7132
Alex Fitzpatrick,Emiliano Grillo,58.9,5893
Alex Fitzpatrick,Harry Hall,70.9,7087
Alex Fitzpatrick,Brian Harman,60.6,6056
Alex Fitzpatrick,Garrick Higgo,77.7,7770
Alex Fitzpatrick,Joe Highsmith,75.9,7591
Alex Fitzpatrick,Kensei Hirata,78.4,7837
Alex Fitzpatrick,Ryo Hisatsune,61.8,6183
Alex Fitzpatrick,Lee Hodges,64.9,6487
Alex Fitzpatrick,Rico Hoey,65.1,6513
Alex Fitzpatrick,Tom Hoge,67.1,6709
Alex Fitzpatrick,Rasmus Hojgaard,72.1,7206
Alex Fitzpatrick,Billy Horschel,66.8,6684
Alex Fitzpatrick,Beau Hossler,64.8,6481
Alex Fitzpatrick,Mark Hubbard,66.3,6627
Alex Fitzpatrick,Mackenzie Hughes,65.5,6550
Alex Fitzpatrick,Sungjae Im,65.1,6512
Alex Fitzpatrick,Stephan Jaeger,71.2,7125
Alex Fitzpatrick,Ben James,61.1,6107
Alex Fitzpatrick,Takumi Kanaya,70.4,7035
Alex Fitzpatrick,Jeffrey Kang,70.6,7057
Alex Fitzpatrick,Johnny Keefer,63.7,6373
Alex Fitzpatrick,Michael Kim,64.1,6409
Alex Fitzpatrick,Tom Kim,50.3,5029
Alex Fitzpatrick,Chris Kirk,63.4,6342
Alex Fitzpatrick,Patton Kizzire,88.1,8812
Alex Fitzpatrick,Brooks Koepka,62.2,6217
Alex Fitzpatrick,Ben Kohles,55.4,5538
Alex Fitzpatrick,Jackson Koivun,53.9,5393
Alex Fitzpatrick,Matt Kuchar,63.0,6299
Alex Fitzpatrick,Christo Lamprecht,89.7,8965
Alex Fitzpatrick,Hank Lebioda,71.6,7165
Alex Fitzpatrick,Haotong Li,78.9,7891
Alex Fitzpatrick,David Lipsky,68.6,6861
Alex Fitzpatrick,Luke List,70.2,7021
Alex Fitzpatrick,Justin Lower,72.3,7232
Alex Fitzpatrick,Peter Malnati,82.4,8240
Alex Fitzpatrick,Hideki Matsuyama,55.2,5524
Alex Fitzpatrick,Denny McCarthy,66.9,6691
Alex Fitzpatrick,Matt McCarty,69.8,6980
Alex Fitzpatrick,Max McGreevy,63.4,6342
Alex Fitzpatrick,Maverick McNealy,61.8,6183
Alex Fitzpatrick,Mac Meissner,61.6,6162
Alex Fitzpatrick,Keith Mitchell,61.1,6114
Alex Fitzpatrick,Taylor Moore,70.3,7034
Alex Fitzpatrick,William Mouw,64.3,6427
Alex Fitzpatrick,Rasmus Neergaard-Petersen,64.5,6445
Alex Fitzpatrick,Alex Noren,66.0,6605
Alex Fitzpatrick,Andrew Novak,64.8,6483
Alex Fitzpatrick,Pontus Nyholm,75.8,7577
Alex Fitzpatrick,Thorbjorn Olesen,74.0,7404
Alex Fitzpatrick,John Parry,66.9,6693
Alex Fitzpatrick,Matthieu Pavon,70.2,7021
Alex Fitzpatrick,Taylor Pendrith,70.4,7041
Alex Fitzpatrick,Marco Penge,62.6,6259
Alex Fitzpatrick,Chandler Phillips,66.1,6606
Alex Fitzpatrick,J.T. Poston,61.0,6096
Alex Fitzpatrick,Aldrich Potgieter,72.6,7258
Alex Fitzpatrick,Seamus Power,73.6,7362
Alex Fitzpatrick,Andrew Putnam,67.1,6707
Alex Fitzpatrick,Aaron Rai,53.4,5342
Alex Fitzpatrick,Chad Ramey,78.9,7892
Alex Fitzpatrick,Davis Riley,77.7,7770
Alex Fitzpatrick,Patrick Rodgers,78.6,7857
Alex Fitzpatrick,Kevin Roy,70.4,7035
Alex Fitzpatrick,Marcelo Rozo,75.4,7545
Alex Fitzpatrick,Adrien Saddier,72.2,7216
Alex Fitzpatrick,Gordon Sargent,77.8,7778
Alex Fitzpatrick,Adam Schenk,79.5,7950
Alex Fitzpatrick,Matti Schmid,73.8,7376
Alex Fitzpatrick,Ben Silverman,70.4,7041
Alex Fitzpatrick,Webb Simpson,80.5,8053
Alex Fitzpatrick,Alex Smalley,64.0,6400
Alex Fitzpatrick,Jordan Smith,59.7,5966
Alex Fitzpatrick,Austin Smotherman,73.8,7380
Alex Fitzpatrick,Brandt Snedeker,67.3,6735
Alex Fitzpatrick,Jordan Spieth,68.5,6854
Alex Fitzpatrick,Sam Stevens,69.7,6972
Alex Fitzpatrick,Sepp Straka,71.7,7173
Alex Fitzpatrick,Kevin Streelman,69.9,6987
Alex Fitzpatrick,Jackson Suber,59.3,5934
Alex Fitzpatrick,Adam Svensson,74.7,7474
Alex Fitzpatrick,Jesper Svensson,69.5,6950
Alex Fitzpatrick,Nick Taylor,65.2,6518
Alex Fitzpatrick,Sahith Theegala,64.0,6404
Alex Fitzpatrick,Justin Thomas,51.5,5147
Alex Fitzpatrick,Davis Thompson,63.4,6342
Alex Fitzpatrick,Alejandro Tosti,80.1,8006
Alex Fitzpatrick,Erik van Rooyen,68.9,6894
Alex Fitzpatrick,John VanDerLaan,74.2,7423
Alex Fitzpatrick,Karl Vilips,74.8,7476
Alex Fitzpatrick,Camilo Villegas,72.8,7275
Alex Fitzpatrick,Danny Walker,83.7,8372
Alex Fitzpatrick,Matt Wallace,58.6,5860
Alex Fitzpatrick,Vince Whaley,78.1,7805
Alex Fitzpatrick,Aaron Wise,66.2,6623
Alex Fitzpatrick,Dylan Wu,74.7,7471
Alex Fitzpatrick,Cameron Young,47.8,4783
Alex Fitzpatrick,Kevin Yu,61.8,6179
Brice Garnett,Zach Bauchou,42.5,4253
Brice Garnett,Christiaan Bezuidenhout,39.8,3981
Brice Garnett,Daniel Berger,50.2,5015
Brice Garnett,Zac Blair,38.6,3858
Brice Garnett,Chandler Blanchet,51.6,5159
Brice Garnett,Keegan Bradley,36.0,3602
Brice Garnett,Michael Brennan,42.3,4232
Brice Garnett,Brian Campbell,54.6,5457
Brice Garnett,Rafael Campos,54.6,5462
Brice Garnett,Ricky Castillo,43.8,4382
Brice Garnett,Bud Cauley,33.2,3324
Brice Garnett,Davis Chatfield,48.4,4837
Brice Garnett,Luke Clanton,46.1,4613
Brice Garnett,Eric Cole,42.2,4221
Brice Garnett,Pierceson Coody,52.1,5209
Brice Garnett,Joel Dahmen,43.4,4344
Brice Garnett,Cam Davis,63.2,6319
Brice Garnett,Jason Day,48.5,4847
Brice Garnett,Zecheng Dou,50.3,5028
Brice Garnett,Adrien Dumont de Chassart,50.3,5030
Brice Garnett,Nick Dunlap,54.2,5425
Brice Garnett,Nico Echavarria,43.5,4350
Brice Garnett,Austin Eckroat,50.5,5050
Brice Garnett,Harris English,39.2,3915
Brice Garnett,Tony Finau,45.8,4578
Brice Garnett,Patrick Fishburn,44.4,4438
Brice Garnett,Steven Fisk,52.9,5286
Brice Garnett,Alex Fitzpatrick,29.2,2922
Brice Garnett,Ryan Gerard,35.3,3535
Brice Garnett,Doug Ghim,35.4,3537
Brice Garnett,Lucas Glover,43.8,4385
Brice Garnett,Max Greyserman,50.6,5064
Brice Garnett,Ben Griffin,32.0,3202
Brice Garnett,Lanto Griffin,50.6,5063
Brice Garnett,Emiliano Grillo,37.4,3740
Brice Garnett,Harry Hall,50.1,5010
Brice Garnett,Brian Harman,39.0,3901
Brice Garnett,Garrick Higgo,58.5,5852
Brice Garnett,Joe Highsmith,56.2,5622
Brice Garnett,Kensei Hirata,59.4,5940
Brice Garnett,Ryo Hisatsune,40.3,4029
Brice Garnett,Lee Hodges,43.4,4345
Brice Garnett,Rico Hoey,43.7,4372
Brice Garnett,Tom Hoge,45.8,4584
Brice Garnett,Rasmus Hojgaard,51.5,5151
Brice Garnett,Billy Horschel,45.6,4556
Brice Garnett,Beau Hossler,43.4,4338
Brice Garnett,Mark Hubbard,44.9,4495
Brice Garnett,Mackenzie Hughes,44.1,4411
Brice Garnett,Sungjae Im,43.7,4371
Brice Garnett,Stephan Jaeger,50.5,5055
Brice Garnett,Ben James,39.5,3952
Brice Garnett,Takumi Kanaya,49.5,4951
Brice Garnett,Jeffrey Kang,49.8,4976
Brice Garnett,Johnny Keefer,42.2,4225
Brice Garnett,Michael Kim,42.6,4262
Brice Garnett,Tom Kim,29.5,2948
Brice Garnett,Chris Kirk,41.9,4192
Brice Garnett,Patton Kizzire,73.7,7370
Brice Garnett,Brooks Koepka,40.6,4063
Brice Garnett,Ben Kohles,34.0,3403
Brice Garnett,Jackson Koivun,32.7,3270
Brice Garnett,Matt Kuchar,41.5,4147
Brice Garnett,Christo Lamprecht,76.3,7627
Brice Garnett,Hank Lebioda,51.0,5102
Brice Garnett,Haotong Li,60.1,6011
Brice Garnett,David Lipsky,47.5,4753
Brice Garnett,Luke List,49.3,4935
Brice Garnett,Justin Lower,51.8,5181
Brice Garnett,Peter Malnati,64.9,6494
Brice Garnett,Hideki Matsuyama,33.9,3390
Brice Garnett,Denny McCarthy,45.6,4564
Brice Garnett,Matt McCarty,48.9,4887
Brice Garnett,Max McGreevy,41.9,4192
Brice Garnett,Maverick McNealy,40.3,4029
Brice Garnett,Mac Meissner,40.1,4008
Brice Garnett,Keith Mitchell,39.6,3960
Brice Garnett,Taylor Moore,49.5,4950
Brice Garnett,William Mouw,42.8,4281
Brice Garnett,Rasmus Neergaard-Petersen,43.0,4300
Brice Garnett,Alex Noren,44.7,4470
Brice Garnett,Andrew Novak,43.4,4341
Brice Garnett,Pontus Nyholm,56.0,5605
Brice Garnett,Thorbjorn Olesen,53.9,5389
Brice Garnett,John Parry,45.7,4566
Brice Garnett,Matthieu Pavon,49.3,4935
Brice Garnett,Taylor Pendrith,49.6,4957
Brice Garnett,Marco Penge,41.1,4106
Brice Garnett,Chandler Phillips,44.7,4472
Brice Garnett,J.T. Poston,39.4,3942
Brice Garnett,Aldrich Potgieter,52.1,5213
Brice Garnett,Seamus Power,53.4,5338
Brice Garnett,Andrew Putnam,45.8,4581
Brice Garnett,Aaron Rai,32.2,3224
Brice Garnett,Chad Ramey,60.1,6013
Brice Garnett,Davis Riley,58.5,5852
Brice Garnett,Patrick Rodgers,59.7,5966
Brice Garnett,Kevin Roy,49.5,4951
Brice Garnett,Marcelo Rozo,55.6,5564
Brice Garnett,Adrien Saddier,51.6,5162
Brice Garnett,Gordon Sargent,58.6,5863
Brice Garnett,Adam Schenk,60.9,6091
Brice Garnett,Matti Schmid,53.6,5355
Brice Garnett,Ben Silverman,49.6,4957
Brice Garnett,Webb Simpson,62.3,6231
Brice Garnett,Alex Smalley,42.5,4252
Brice Garnett,Jordan Smith,38.1,3812
Brice Garnett,Austin Smotherman,53.6,5360
Brice Garnett,Brandt Snedeker,46.1,4612
Brice Garnett,Jordan Spieth,47.5,4745
Brice Garnett,Sam Stevens,48.8,4879
Brice Garnett,Sepp Straka,51.1,5111
Brice Garnett,Kevin Streelman,49.0,4896
Brice Garnett,Jackson Suber,37.8,3780
Brice Garnett,Adam Svensson,54.8,5476
Brice Garnett,Jesper Svensson,48.5,4854
Brice Garnett,Nick Taylor,43.8,4377
Brice Garnett,Sahith Theegala,42.6,4257
Brice Garnett,Justin Thomas,30.5,3050
Brice Garnett,Davis Thompson,41.9,4192
Brice Garnett,Alejandro Tosti,61.7,6167
Brice Garnett,Erik van Rooyen,47.9,4789
Brice Garnett,John VanDerLaan,54.1,5413
Brice Garnett,Karl Vilips,54.8,5478
Brice Garnett,Camilo Villegas,52.3,5233
Brice Garnett,Danny Walker,66.9,6686
Brice Garnett,Matt Wallace,37.1,3709
Brice Garnett,Vince Whaley,59.0,5898
Brice Garnett,Aaron Wise,44.9,4490
Brice Garnett,Dylan Wu,54.7,5472
Brice Garnett,Cameron Young,27.4,2738
Brice Garnett,Kevin Yu,40.2,4024
Ryan Gerard,Zach Bauchou,57.4,5744
Ryan Gerard,Christiaan Bezuidenhout,54.7,5468
Ryan Gerard,Daniel Berger,64.8,6480
Ryan Gerard,Zac Blair,53.4,5341
Ryan Gerard,Chandler Blanchet,66.1,6612
Ryan Gerard,Keegan Bradley,50.7,5072
Ryan Gerard,Michael Brennan,57.2,5723
Ryan Gerard,Brian Campbell,68.8,6882
Ryan Gerard,Rafael Campos,68.9,6887
Ryan Gerard,Ricky Castillo,58.7,5872
Ryan Gerard,Bud Cauley,47.7,4771
Ryan Gerard,Davis Chatfield,63.1,6312
Ryan Gerard,Luke Clanton,61.0,6098
Ryan Gerard,Eric Cole,57.1,5712
Ryan Gerard,Pierceson Coody,66.6,6658
Ryan Gerard,Joel Dahmen,58.3,5835
Ryan Gerard,Cam Davis,76.2,7620
Ryan Gerard,Jason Day,63.2,6322
Ryan Gerard,Zecheng Dou,64.9,6492
Ryan Gerard,Adrien Dumont de Chassart,64.9,6493
Ryan Gerard,Nick Dunlap,68.5,6853
Ryan Gerard,Nico Echavarria,58.4,5840
Ryan Gerard,Austin Eckroat,65.1,6512
Ryan Gerard,Harris English,54.0,5400
Ryan Gerard,Tony Finau,60.6,6064
Ryan Gerard,Patrick Fishburn,59.3,5927
Ryan Gerard,Steven Fisk,67.3,6729
Ryan Gerard,Alex Fitzpatrick,43.2,4321
Ryan Gerard,Brice Garnett,64.7,6465
Ryan Gerard,Doug Ghim,50.0,5002
Ryan Gerard,Lucas Glover,58.8,5875
Ryan Gerard,Max Greyserman,65.2,6525
Ryan Gerard,Ben Griffin,46.4,4637
Ryan Gerard,Lanto Griffin,65.2,6524
Ryan Gerard,Emiliano Grillo,52.2,5218
Ryan Gerard,Harry Hall,64.7,6475
Ryan Gerard,Brian Harman,53.9,5386
Ryan Gerard,Garrick Higgo,72.3,7228
Ryan Gerard,Joe Highsmith,70.3,7028
Ryan Gerard,Kensei Hirata,73.0,7303
Ryan Gerard,Ryo Hisatsune,55.2,5517
Ryan Gerard,Lee Hodges,58.4,5835
Ryan Gerard,Rico Hoey,58.6,5863
Ryan Gerard,Tom Hoge,60.7,6070
Ryan Gerard,Rasmus Hojgaard,66.0,6604
Ryan Gerard,Billy Horschel,60.4,6043
Ryan Gerard,Beau Hossler,58.3,5829
Ryan Gerard,Mark Hubbard,59.8,5983
Ryan Gerard,Mackenzie Hughes,59.0,5901
Ryan Gerard,Sungjae Im,58.6,5861
Ryan Gerard,Stephan Jaeger,65.2,6516
Ryan Gerard,Ben James,54.4,5438
Ryan Gerard,Takumi Kanaya,64.2,6419
Ryan Gerard,Jeffrey Kang,64.4,6443
Ryan Gerard,Johnny Keefer,57.2,5716
Ryan Gerard,Michael Kim,57.5,5753
Ryan Gerard,Tom Kim,43.5,4350
Ryan Gerard,Chris Kirk,56.8,5683
Ryan Gerard,Patton Kizzire,84.4,8437
Ryan Gerard,Brooks Koepka,55.5,5552
Ryan Gerard,Ben Kohles,48.6,4857
Ryan Gerard,Jackson Koivun,47.1,4712
Ryan Gerard,Matt Kuchar,56.4,5638
Ryan Gerard,Christo Lamprecht,86.2,8624
Ryan Gerard,Hank Lebioda,65.6,6559
Ryan Gerard,Haotong Li,73.6,7364
Ryan Gerard,David Lipsky,62.3,6232
Ryan Gerard,Luke List,64.0,6404
Ryan Gerard,Justin Lower,66.3,6632
Ryan Gerard,Peter Malnati,77.6,7763
Ryan Gerard,Hideki Matsuyama,48.4,4843
Ryan Gerard,Denny McCarthy,60.5,6050
Ryan Gerard,Matt McCarty,63.6,6360
Ryan Gerard,Max McGreevy,56.8,5683
Ryan Gerard,Maverick McNealy,55.2,5517
Ryan Gerard,Mac Meissner,55.0,5496
Ryan Gerard,Keith Mitchell,54.5,5446
Ryan Gerard,Taylor Moore,64.2,6418
Ryan Gerard,William Mouw,57.7,5772
Ryan Gerard,Rasmus Neergaard-Petersen,57.9,5791
Ryan Gerard,Alex Noren,59.6,5959
Ryan Gerard,Andrew Novak,58.3,5831
Ryan Gerard,Pontus Nyholm,70.1,7013
Ryan Gerard,Thorbjorn Olesen,68.2,6821
Ryan Gerard,John Parry,60.5,6052
Ryan Gerard,Matthieu Pavon,64.0,6404
Ryan Gerard,Taylor Pendrith,64.3,6425
Ryan Gerard,Marco Penge,56.0,5596
Ryan Gerard,Chandler Phillips,59.6,5961
Ryan Gerard,J.T. Poston,54.3,5428
Ryan Gerard,Aldrich Potgieter,66.6,6662
Ryan Gerard,Seamus Power,67.7,6775
Ryan Gerard,Andrew Putnam,60.7,6067
Ryan Gerard,Aaron Rai,46.6,4661
Ryan Gerard,Chad Ramey,73.7,7365
Ryan Gerard,Davis Riley,72.3,7228
Ryan Gerard,Patrick Rodgers,73.3,7325
Ryan Gerard,Kevin Roy,64.2,6419
Ryan Gerard,Marcelo Rozo,69.8,6977
Ryan Gerard,Adrien Saddier,66.1,6615
Ryan Gerard,Gordon Sargent,72.4,7237
Ryan Gerard,Adam Schenk,74.3,7431
Ryan Gerard,Matti Schmid,67.9,6791
Ryan Gerard,Ben Silverman,64.3,6425
Ryan Gerard,Webb Simpson,75.5,7548
Ryan Gerard,Alex Smalley,57.4,5743
Ryan Gerard,Jordan Smith,52.9,5294
Ryan Gerard,Austin Smotherman,67.9,6795
Ryan Gerard,Brandt Snedeker,61.0,6097
Ryan Gerard,Jordan Spieth,62.2,6225
Ryan Gerard,Sam Stevens,63.5,6352
Ryan Gerard,Sepp Straka,65.7,6568
Ryan Gerard,Kevin Streelman,63.7,6367
Ryan Gerard,Jackson Suber,52.6,5260
Ryan Gerard,Adam Svensson,69.0,6899
Ryan Gerard,Jesper Svensson,63.3,6328
Ryan Gerard,Nick Taylor,58.7,5868
Ryan Gerard,Sahith Theegala,57.5,5748
Ryan Gerard,Justin Thomas,44.7,4467
Ryan Gerard,Davis Thompson,56.8,5683
Ryan Gerard,Alejandro Tosti,74.9,7494
Ryan Gerard,Erik van Rooyen,62.7,6267
Ryan Gerard,John VanDerLaan,68.4,6842
Ryan Gerard,Karl Vilips,69.0,6901
Ryan Gerard,Camilo Villegas,66.8,6680
Ryan Gerard,Danny Walker,79.2,7916
Ryan Gerard,Matt Wallace,51.8,5185
Ryan Gerard,Vince Whaley,72.7,7268
Ryan Gerard,Aaron Wise,59.8,5979
Ryan Gerard,Dylan Wu,69.0,6895
Ryan Gerard,Cameron Young,41.1,4108
Ryan Gerard,Kevin Yu,55.1,5513
Doug Ghim,Zach Bauchou,57.4,5742
Doug Ghim,Christiaan Bezuidenhout,54.7,5466
Doug Ghim,Daniel Berger,64.8,6478
Doug Ghim,Zac Blair,53.4,5339
Doug Ghim,Chandler Blanchet,66.1,6610
Doug Ghim,Keegan Bradley,50.7,5070
Doug Ghim,Michael Brennan,57.2,5721
Doug Ghim,Brian Campbell,68.8,6880
Doug Ghim,Rafael Campos,68.8,6885
Doug Ghim,Ricky Castillo,58.7,5870
Doug Ghim,Bud Cauley,47.7,4769
Doug Ghim,Davis Chatfield,63.1,6310
Doug Ghim,Luke Clanton,61.0,6096
Doug Ghim,Eric Cole,57.1,5710
Doug Ghim,Pierceson Coody,66.6,6656
Doug Ghim,Joel Dahmen,58.3,5833
Doug Ghim,Cam Davis,76.2,7618
Doug Ghim,Jason Day,63.2,6320
Doug Ghim,Zecheng Dou,64.9,6490
Doug Ghim,Adrien Dumont de Chassart,64.9,6491
Doug Ghim,Nick Dunlap,68.5,6852
Doug Ghim,Nico Echavarria,58.4,5838
Doug Ghim,Austin Eckroat,65.1,6510
Doug Ghim,Harris English,54.0,5399
Doug Ghim,Tony Finau,60.6,6062
Doug Ghim,Patrick Fishburn,59.3,5925
Doug Ghim,Steven Fisk,67.3,6727
Doug Ghim,Alex Fitzpatrick,43.2,4319
Doug Ghim,Brice Garnett,64.6,6463
Doug Ghim,Ryan Gerard,50.0,4998
Doug Ghim,Lucas Glover,58.7,5873
Doug Ghim,Max Greyserman,65.2,6523
Doug Ghim,Ben Griffin,46.4,4635
Doug Ghim,Lanto Griffin,65.2,6522
Doug Ghim,Emiliano Grillo,52.2,5216
Doug Ghim,Harry Hall,64.7,6473
Doug Ghim,Brian Harman,53.8,5384
Doug Ghim,Garrick Higgo,72.3,7226
Doug Ghim,Joe Highsmith,70.3,7026
Doug Ghim,Kensei Hirata,73.0,7301
Doug Ghim,Ryo Hisatsune,55.2,5515
Doug Ghim,Lee Hodges,58.3,5833
Doug Ghim,Rico Hoey,58.6,5861
Doug Ghim,Tom Hoge,60.7,6068
Doug Ghim,Rasmus Hojgaard,66.0,6603
Doug Ghim,Billy Horschel,60.4,6041
Doug Ghim,Beau Hossler,58.3,5827
Doug Ghim,Mark Hubbard,59.8,5981
Doug Ghim,Mackenzie Hughes,59.0,5899
Doug Ghim,Sungjae Im,58.6,5859
Doug Ghim,Stephan Jaeger,65.1,6514
Doug Ghim,Ben James,54.4,5436
Doug Ghim,Takumi Kanaya,64.2,6417
Doug Ghim,Jeffrey Kang,64.4,6441
Doug Ghim,Johnny Keefer,57.1,5714
Doug Ghim,Michael Kim,57.5,5751
Doug Ghim,Tom Kim,43.5,4348
Doug Ghim,Chris Kirk,56.8,5681
Doug Ghim,Patton Kizzire,84.4,8436
Doug Ghim,Brooks Koepka,55.5,5551
Doug Ghim,Ben Kohles,48.6,4855
Doug Ghim,Jackson Koivun,47.1,4710
Doug Ghim,Matt Kuchar,56.4,5636
Doug Ghim,Christo Lamprecht,86.2,8623
Doug Ghim,Hank Lebioda,65.6,6558
Doug Ghim,Haotong Li,73.6,7362
Doug Ghim,David Lipsky,62.3,6230
Doug Ghim,Luke List,64.0,6402
Doug Ghim,Justin Lower,66.3,6631
Doug Ghim,Peter Malnati,77.6,7761
Doug Ghim,Hideki Matsuyama,48.4,4841
Doug Ghim,Denny McCarthy,60.5,6048
Doug Ghim,Matt McCarty,63.6,6358
Doug Ghim,Max McGreevy,56.8,5681
Doug Ghim,Maverick McNealy,55.2,5515
Doug Ghim,Mac Meissner,54.9,5494
Doug Ghim,Keith Mitchell,54.4,5444
Doug Ghim,Taylor Moore,64.2,6416
Doug Ghim,William Mouw,57.7,5770
Doug Ghim,Rasmus Neergaard-Petersen,57.9,5789
Doug Ghim,Alex Noren,59.6,5957
Doug Ghim,Andrew Novak,58.3,5829
Doug Ghim,Pontus Nyholm,70.1,7011
Doug Ghim,Thorbjorn Olesen,68.2,6819
Doug Ghim,John Parry,60.5,6051
Doug Ghim,Matthieu Pavon,64.0,6402
Doug Ghim,Taylor Pendrith,64.2,6423
Doug Ghim,Marco Penge,55.9,5594
Doug Ghim,Chandler Phillips,59.6,5959
Doug Ghim,J.T. Poston,54.3,5426
Doug Ghim,Aldrich Potgieter,66.6,6660
Doug Ghim,Seamus Power,67.7,6773
Doug Ghim,Andrew Putnam,60.7,6065
Doug Ghim,Aaron Rai,46.6,4659
Doug Ghim,Chad Ramey,73.6,7364
Doug Ghim,Davis Riley,72.3,7226
Doug Ghim,Patrick Rodgers,73.2,7324
Doug Ghim,Kevin Roy,64.2,6417
Doug Ghim,Marcelo Rozo,69.8,6975
Doug Ghim,Adrien Saddier,66.1,6613
Doug Ghim,Gordon Sargent,72.4,7235
Doug Ghim,Adam Schenk,74.3,7429
Doug Ghim,Matti Schmid,67.9,6789
Doug Ghim,Ben Silverman,64.2,6423
Doug Ghim,Webb Simpson,75.5,7546
Doug Ghim,Alex Smalley,57.4,5741
Doug Ghim,Jordan Smith,52.9,5292
Doug Ghim,Austin Smotherman,67.9,6793
Doug Ghim,Brandt Snedeker,61.0,6095
Doug Ghim,Jordan Spieth,62.2,6223
Doug Ghim,Sam Stevens,63.5,6350
Doug Ghim,Sepp Straka,65.7,6566
Doug Ghim,Kevin Streelman,63.7,6366
Doug Ghim,Jackson Suber,52.6,5258
Doug Ghim,Adam Svensson,69.0,6897
Doug Ghim,Jesper Svensson,63.3,6326
Doug Ghim,Nick Taylor,58.7,5866
Doug Ghim,Sahith Theegala,57.5,5746
Doug Ghim,Justin Thomas,44.6,4465
Doug Ghim,Davis Thompson,56.8,5681
Doug Ghim,Alejandro Tosti,74.9,7493
Doug Ghim,Erik van Rooyen,62.6,6265
Doug Ghim,John VanDerLaan,68.4,6840
Doug Ghim,Karl Vilips,69.0,6899
Doug Ghim,Camilo Villegas,66.8,6678
Doug Ghim,Danny Walker,79.1,7914
Doug Ghim,Matt Wallace,51.8,5183
Doug Ghim,Vince Whaley,72.7,7266
Doug Ghim,Aaron Wise,59.8,5977
Doug Ghim,Dylan Wu,68.9,6894
Doug Ghim,Cameron Young,41.1,4106
Doug Ghim,Kevin Yu,55.1,5511
Lucas Glover,Zach Bauchou,48.7,4867
Lucas Glover,Christiaan Bezuidenhout,45.9,4588
Lucas Glover,Daniel Berger,56.3,5630
Lucas Glover,Zac Blair,44.6,4461
Lucas Glover,Chandler Blanchet,57.7,5772
Lucas Glover,Keegan Bradley,42.0,4195
Lucas Glover,Michael Brennan,48.5,4845
Lucas Glover,Brian Campbell,60.6,6063
Lucas Glover,Rafael Campos,60.7,6068
Lucas Glover,Ricky Castillo,50.0,4997
Lucas Glover,Bud Cauley,39.0,3903
Lucas Glover,Davis Chatfield,54.5,5453
Lucas Glover,Luke Clanton,52.3,5230
Lucas Glover,Eric Cole,48.3,4833
Lucas Glover,Pierceson Coody,58.2,5820
Lucas Glover,Joel Dahmen,49.6,4959
Lucas Glover,Cam Davis,68.9,6885
Lucas Glover,Jason Day,54.6,5464
Lucas Glover,Zecheng Dou,56.4,5643
Lucas Glover,Adrien Dumont de Chassart,56.4,5644
Lucas Glover,Nick Dunlap,60.3,6032
Lucas Glover,Nico Echavarria,49.6,4964
Lucas Glover,Austin Eckroat,56.6,5664
Lucas Glover,Harris English,45.2,4520
Lucas Glover,Tony Finau,51.9,5195
Lucas Glover,Patrick Fishburn,50.5,5054
Lucas Glover,Steven Fisk,59.0,5897
Lucas Glover,Alex Fitzpatrick,34.7,3475
Lucas Glover,Brice Garnett,56.2,5615
Lucas Glover,Ryan Gerard,41.2,4125
Lucas Glover,Doug Ghim,41.3,4127
Lucas Glover,Max Greyserman,56.8,5678
Lucas Glover,Ben Griffin,37.7,3774
Lucas Glover,Lanto Griffin,56.8,5678
Lucas Glover,Emiliano Grillo,43.4,4339
Lucas Glover,Harry Hall,56.3,5625
Lucas Glover,Brian Harman,45.1,4506
Lucas Glover,Garrick Higgo,64.4,6443
Lucas Glover,Joe Highsmith,62.2,6223
Lucas Glover,Kensei Hirata,65.3,6527
Lucas Glover,Ryo Hisatsune,46.4,4637
Lucas Glover,Lee Hodges,49.6,4959
Lucas Glover,Rico Hoey,49.9,4987
Lucas Glover,Tom Hoge,52.0,5201
Lucas Glover,Rasmus Hojgaard,57.6,5763
Lucas Glover,Billy Horschel,51.7,5173
Lucas Glover,Beau Hossler,49.5,4953
Lucas Glover,Mark Hubbard,51.1,5111
Lucas Glover,Mackenzie Hughes,50.3,5027
Lucas Glover,Sungjae Im,49.9,4986
Lucas Glover,Stephan Jaeger,56.7,5669
Lucas Glover,Ben James,45.6,4558
Lucas Glover,Takumi Kanaya,55.7,5566
Lucas Glover,Jeffrey Kang,55.9,5591
Lucas Glover,Johnny Keefer,48.4,4837
Lucas Glover,Michael Kim,48.7,4875
Lucas Glover,Tom Kim,35.0,3502
Lucas Glover,Chris Kirk,48.0,4804
Lucas Glover,Patton Kizzire,78.5,7849
Lucas Glover,Brooks Koepka,46.7,4672
Lucas Glover,Ben Kohles,39.9,3986
Lucas Glover,Jackson Koivun,38.5,3846
Lucas Glover,Matt Kuchar,47.6,4758
Lucas Glover,Christo Lamprecht,80.8,8078
Lucas Glover,Hank Lebioda,57.2,5715
Lucas Glover,Haotong Li,66.0,6595
Lucas Glover,David Lipsky,53.7,5369
Lucas Glover,Luke List,55.5,5550
Lucas Glover,Justin Lower,57.9,5793
Lucas Glover,Peter Malnati,70.5,7049
Lucas Glover,Hideki Matsuyama,39.7,3972
Lucas Glover,Denny McCarthy,51.8,5180
Lucas Glover,Matt McCarty,55.0,5504
Lucas Glover,Max McGreevy,48.0,4804
Lucas Glover,Maverick McNealy,46.4,4637
Lucas Glover,Mac Meissner,46.2,4615
Lucas Glover,Keith Mitchell,45.7,4566
Lucas Glover,Taylor Moore,55.7,5565
Lucas Glover,William Mouw,48.9,4895
Lucas Glover,Rasmus Neergaard-Petersen,49.1,4914
Lucas Glover,Alex Noren,50.9,5086
Lucas Glover,Andrew Novak,49.6,4955
Lucas Glover,Pontus Nyholm,62.1,6206
Lucas Glover,Thorbjorn Olesen,60.0,5996
Lucas Glover,John Parry,51.8,5183
Lucas Glover,Matthieu Pavon,55.5,5550
Lucas Glover,Taylor Pendrith,55.7,5573
Lucas Glover,Marco Penge,47.2,4717
Lucas Glover,Chandler Phillips,50.9,5088
Lucas Glover,J.T. Poston,45.5,4547
Lucas Glover,Aldrich Potgieter,58.2,5825
Lucas Glover,Seamus Power,59.5,5946
Lucas Glover,Andrew Putnam,52.0,5198
Lucas Glover,Aaron Rai,38.0,3797
Lucas Glover,Chad Ramey,66.0,6597
Lucas Glover,Davis Riley,64.4,6443
Lucas Glover,Patrick Rodgers,65.5,6552
Lucas Glover,Kevin Roy,55.7,5566
Lucas Glover,Marcelo Rozo,61.7,6166
Lucas Glover,Adrien Saddier,57.7,5775
Lucas Glover,Gordon Sargent,64.5,6453
Lucas Glover,Adam Schenk,66.7,6670
Lucas Glover,Matti Schmid,59.6,5964
Lucas Glover,Ben Silverman,55.7,5573
Lucas Glover,Webb Simpson,68.0,6803
Lucas Glover,Alex Smalley,48.7,4865
Lucas Glover,Jordan Smith,44.1,4414
Lucas Glover,Austin Smotherman,59.7,5968
Lucas Glover,Brandt Snedeker,52.3,5229
Lucas Glover,Jordan Spieth,53.6,5362
Lucas Glover,Sam Stevens,55.0,5495
Lucas Glover,Sepp Straka,57.2,5725
Lucas Glover,Kevin Streelman,55.1,5512
Lucas Glover,Jackson Suber,43.8,4381
Lucas Glover,Adam Svensson,60.8,6081
Lucas Glover,Jesper Svensson,54.7,5470
Lucas Glover,Nick Taylor,49.9,4992
Lucas Glover,Sahith Theegala,48.7,4871
Lucas Glover,Justin Thomas,36.1,3612
Lucas Glover,Davis Thompson,48.0,4804
Lucas Glover,Alejandro Tosti,67.4,6742
Lucas Glover,Erik van Rooyen,54.1,5406
Lucas Glover,John VanDerLaan,60.2,6020
Lucas Glover,Karl Vilips,60.8,6083
Lucas Glover,Camilo Villegas,58.4,5844
Lucas Glover,Danny Walker,72.3,7227
Lucas Glover,Matt Wallace,43.1,4306
Lucas Glover,Vince Whaley,64.9,6487
Lucas Glover,Aaron Wise,51.1,5107
Lucas Glover,Dylan Wu,60.8,6077
Lucas Glover,Cameron Young,32.8,3276
Lucas Glover,Kevin Yu,46.3,4633
Max Greyserman,Zach Bauchou,41.9,4191
Max Greyserman,Christiaan Bezuidenhout,39.2,3919
Max Greyserman,Daniel Berger,49.5,4952
Max Greyserman,Zac Blair,38.0,3796
Max Greyserman,Chandler Blanchet,50.9,5095
Max Greyserman,Keegan Bradley,35.4,3542
Max Greyserman,Michael Brennan,41.7,4170
Max Greyserman,Brian Campbell,53.9,5393
Max Greyserman,Rafael Campos,54.0,5399
Max Greyserman,Ricky Castillo,43.2,4319
Max Greyserman,Bud Cauley,32.7,3266
Max Greyserman,Davis Chatfield,47.7,4773
Max Greyserman,Luke Clanton,45.5,4549
Max Greyserman,Eric Cole,41.6,4158
Max Greyserman,Pierceson Coody,51.4,5145
Max Greyserman,Joel Dahmen,42.8,4281
Max Greyserman,Cam Davis,62.6,6258
Max Greyserman,Jason Day,47.8,4784
Max Greyserman,Zecheng Dou,49.6,4964
Max Greyserman,Adrien Dumont de Chassart,49.7,4966
Max Greyserman,Nick Dunlap,53.6,5361
Max Greyserman,Nico Echavarria,42.9,4287
Max Greyserman,Austin Eckroat,49.9,4986
Max Greyserman,Harris English,38.5,3854
Max Greyserman,Tony Finau,45.1,4514
Max Greyserman,Patrick Fishburn,43.7,4375
Max Greyserman,Steven Fisk,52.2,5223
Max Greyserman,Alex Fitzpatrick,28.7,2867
Max Greyserman,Brice Garnett,49.4,4936
Max Greyserman,Ryan Gerard,34.8,3475
Max Greyserman,Doug Ghim,34.8,3477
Max Greyserman,Lucas Glover,43.2,4322
Max Greyserman,Ben Griffin,31.5,3145
Max Greyserman,Lanto Griffin,50.0,4999
Max Greyserman,Emiliano Grillo,36.8,3680
Max Greyserman,Harry Hall,49.5,4946
Max Greyserman,Brian Harman,38.4,3840
Max Greyserman,Garrick Higgo,57.9,5789
Max Greyserman,Joe Highsmith,55.6,5559
Max Greyserman,Kensei Hirata,58.8,5877
Max Greyserman,Ryo Hisatsune,39.7,3967
Max Greyserman,Lee Hodges,42.8,4282
Max Greyserman,Rico Hoey,43.1,4309
Max Greyserman,Tom Hoge,45.2,4521
Max Greyserman,Rasmus Hojgaard,50.9,5087
Max Greyserman,Billy Horschel,44.9,4493
Max Greyserman,Beau Hossler,42.8,4275
Max Greyserman,Mark Hubbard,44.3,4432
Max Greyserman,Mackenzie Hughes,43.5,4348
Max Greyserman,Sungjae Im,43.1,4308
Max Greyserman,Stephan Jaeger,49.9,4991
Max Greyserman,Ben James,38.9,3890
Max Greyserman,Takumi Kanaya,48.9,4887
Max Greyserman,Jeffrey Kang,49.1,4912
Max Greyserman,Johnny Keefer,41.6,4162
Max Greyserman,Michael Kim,42.0,4199
Max Greyserman,Tom Kim,28.9,2893
Max Greyserman,Chris Kirk,41.3,4130
Max Greyserman,Patton Kizzire,73.2,7317
Max Greyserman,Brooks Koepka,40.0,4001
Max Greyserman,Ben Kohles,33.4,3344
Max Greyserman,Jackson Koivun,32.1,3212
Max Greyserman,Matt Kuchar,40.8,4085
Max Greyserman,Christo Lamprecht,75.8,7577
Max Greyserman,Hank Lebioda,50.4,5038
Max Greyserman,Haotong Li,59.5,5949
Max Greyserman,David Lipsky,46.9,4689
Max Greyserman,Luke List,48.7,4871
Max Greyserman,Justin Lower,51.2,5117
Max Greyserman,Peter Malnati,64.3,6434
Max Greyserman,Hideki Matsuyama,33.3,3331
Max Greyserman,Denny McCarthy,45.0,4500
Max Greyserman,Matt McCarty,48.2,4824
Max Greyserman,Max McGreevy,41.3,4130
Max Greyserman,Maverick McNealy,39.7,3967
Max Greyserman,Mac Meissner,39.5,3946
Max Greyserman,Keith Mitchell,39.0,3898
Max Greyserman,Taylor Moore,48.9,4886
Max Greyserman,William Mouw,42.2,4218
Max Greyserman,Rasmus Neergaard-Petersen,42.4,4238
Max Greyserman,Alex Noren,44.1,4407
Max Greyserman,Andrew Novak,42.8,4278
Max Greyserman,Pontus Nyholm,55.4,5541
Max Greyserman,Thorbjorn Olesen,53.2,5325
Max Greyserman,John Parry,45.0,4503
Max Greyserman,Matthieu Pavon,48.7,4871
Max Greyserman,Taylor Pendrith,48.9,4893
Max Greyserman,Marco Penge,40.4,4044
Max Greyserman,Chandler Phillips,44.1,4409
Max Greyserman,J.T. Poston,38.8,3880
Max Greyserman,Aldrich Potgieter,51.5,5149
Max Greyserman,Seamus Power,52.7,5274
Max Greyserman,Andrew Putnam,45.2,4518
Max Greyserman,Aaron Rai,31.7,3167
Max Greyserman,Chad Ramey,59.5,5951
Max Greyserman,Davis Riley,57.9,5789
Max Greyserman,Patrick Rodgers,59.0,5904
Max Greyserman,Kevin Roy,48.9,4887
Max Greyserman,Marcelo Rozo,55.0,5500
Max Greyserman,Adrien Saddier,51.0,5098
Max Greyserman,Gordon Sargent,58.0,5800
Max Greyserman,Adam Schenk,60.3,6029
Max Greyserman,Matti Schmid,52.9,5292
Max Greyserman,Ben Silverman,48.9,4893
Max Greyserman,Webb Simpson,61.7,6170
Max Greyserman,Alex Smalley,41.9,4189
Max Greyserman,Jordan Smith,37.5,3751
Max Greyserman,Austin Smotherman,53.0,5296
Max Greyserman,Brandt Snedeker,45.5,4548
Max Greyserman,Jordan Spieth,46.8,4681
Max Greyserman,Sam Stevens,48.1,4815
Max Greyserman,Sepp Straka,50.5,5047
Max Greyserman,Kevin Streelman,48.3,4832
Max Greyserman,Jackson Suber,37.2,3719
Max Greyserman,Adam Svensson,54.1,5412
Max Greyserman,Jesper Svensson,47.9,4790
Max Greyserman,Nick Taylor,43.1,4314
Max Greyserman,Sahith Theegala,41.9,4195
Max Greyserman,Justin Thomas,29.9,2994
Max Greyserman,Davis Thompson,41.3,4129
Max Greyserman,Alejandro Tosti,61.1,6105
Max Greyserman,Erik van Rooyen,47.3,4725
Max Greyserman,John VanDerLaan,53.5,5349
Max Greyserman,Karl Vilips,54.1,5414
Max Greyserman,Camilo Villegas,51.7,5169
Max Greyserman,Danny Walker,66.3,6627
Max Greyserman,Matt Wallace,36.5,3648
Max Greyserman,Vince Whaley,58.4,5836
Max Greyserman,Aaron Wise,44.3,4427
Max Greyserman,Dylan Wu,54.1,5408
Max Greyserman,Cameron Young,26.8,2685
Max Greyserman,Kevin Yu,39.6,3963
Ben Griffin,Zach Bauchou,61.0,6098
Ben Griffin,Christiaan Bezuidenhout,58.3,5826
Ben Griffin,Daniel Berger,68.1,6811
Ben Griffin,Zac Blair,57.0,5701
Ben Griffin,Chandler Blanchet,69.4,6939
Ben Griffin,Keegan Bradley,54.3,5435
Ben Griffin,Michael Brennan,60.8,6077
Ben Griffin,Brian Campbell,72.0,7196
Ben Griffin,Rafael Campos,72.0,7201
Ben Griffin,Ricky Castillo,62.2,6223
Ben Griffin,Bud Cauley,51.3,5134
Ben Griffin,Davis Chatfield,66.5,6650
Ben Griffin,Luke Clanton,64.4,6442
Ben Griffin,Eric Cole,60.7,6066
Ben Griffin,Pierceson Coody,69.8,6982
Ben Griffin,Joel Dahmen,61.9,6186
Ben Griffin,Cam Davis,78.9,7893
Ben Griffin,Jason Day,66.6,6660
Ben Griffin,Zecheng Dou,68.2,6823
Ben Griffin,Adrien Dumont de Chassart,68.2,6824
Ben Griffin,Nick Dunlap,71.7,7169
Ben Griffin,Nico Echavarria,61.9,6192
Ben Griffin,Austin Eckroat,68.4,6842
Ben Griffin,Harris English,57.6,5760
Ben Griffin,Tony Finau,64.1,6410
Ben Griffin,Patrick Fishburn,62.8,6277
Ben Griffin,Steven Fisk,70.5,7050
Ben Griffin,Alex Fitzpatrick,46.8,4682
Ben Griffin,Brice Garnett,68.0,6798
Ben Griffin,Ryan Gerard,53.6,5363
Ben Griffin,Doug Ghim,53.6,5365
Ben Griffin,Lucas Glover,62.3,6226
Ben Griffin,Max Greyserman,68.5,6855
Ben Griffin,Lanto Griffin,68.5,6854
Ben Griffin,Emiliano Grillo,55.8,5580
Ben Griffin,Harry Hall,68.1,6807
Ben Griffin,Brian Harman,57.5,5746
Ben Griffin,Garrick Higgo,75.2,7524
Ben Griffin,Joe Highsmith,73.4,7336
Ben Griffin,Kensei Hirata,76.0,7595
Ben Griffin,Ryo Hisatsune,58.7,5875
Ben Griffin,Lee Hodges,61.9,6187
Ben Griffin,Rico Hoey,62.1,6213
Ben Griffin,Tom Hoge,64.2,6416
Ben Griffin,Rasmus Hojgaard,69.3,6931
Ben Griffin,Billy Horschel,63.9,6389
Ben Griffin,Beau Hossler,61.8,6181
Ben Griffin,Mark Hubbard,63.3,6331
Ben Griffin,Mackenzie Hughes,62.5,6251
Ben Griffin,Sungjae Im,62.1,6212
Ben Griffin,Stephan Jaeger,68.5,6846
Ben Griffin,Ben James,58.0,5797
Ben Griffin,Takumi Kanaya,67.5,6753
Ben Griffin,Jeffrey Kang,67.8,6776
Ben Griffin,Johnny Keefer,60.7,6070
Ben Griffin,Michael Kim,61.1,6106
Ben Griffin,Tom Kim,47.1,4711
Ben Griffin,Chris Kirk,60.4,6038
Ben Griffin,Patton Kizzire,86.5,8646
Ben Griffin,Brooks Koepka,59.1,5910
Ben Griffin,Ben Kohles,52.2,5221
Ben Griffin,Jackson Koivun,50.8,5075
Ben Griffin,Matt Kuchar,59.9,5993
Ben Griffin,Christo Lamprecht,88.1,8814
Ben Griffin,Hank Lebioda,68.9,6888
Ben Griffin,Haotong Li,76.5,7653
Ben Griffin,David Lipsky,65.7,6572
Ben Griffin,Luke List,67.4,6739
Ben Griffin,Justin Lower,69.6,6958
Ben Griffin,Peter Malnati,80.3,8025
Ben Griffin,Hideki Matsuyama,52.1,5206
Ben Griffin,Denny McCarthy,64.0,6396
Ben Griffin,Matt McCarty,67.0,6696
Ben Griffin,Max McGreevy,60.4,6038
Ben Griffin,Maverick McNealy,58.7,5875
Ben Griffin,Mac Meissner,58.5,5854
Ben Griffin,Keith Mitchell,58.1,5805
Ben Griffin,Taylor Moore,67.5,6752
Ben Griffin,William Mouw,61.2,6125
Ben Griffin,Rasmus Neergaard-Petersen,61.4,6144
Ben Griffin,Alex Noren,63.1,6308
Ben Griffin,Andrew Novak,61.8,6183
Ben Griffin,Pontus Nyholm,73.2,7321
Ben Griffin,Thorbjorn Olesen,71.4,7138
Ben Griffin,John Parry,64.0,6398
Ben Griffin,Matthieu Pavon,67.4,6739
Ben Griffin,Taylor Pendrith,67.6,6759
Ben Griffin,Marco Penge,59.5,5953
Ben Griffin,Chandler Phillips,63.1,6309
Ben Griffin,J.T. Poston,57.9,5787
Ben Griffin,Aldrich Potgieter,69.9,6986
Ben Griffin,Seamus Power,70.9,7094
Ben Griffin,Andrew Putnam,64.1,6413
Ben Griffin,Aaron Rai,50.2,5024
Ben Griffin,Chad Ramey,76.5,7654
Ben Griffin,Davis Riley,75.2,7524
Ben Griffin,Patrick Rodgers,76.2,7616
Ben Griffin,Kevin Roy,67.5,6753
Ben Griffin,Marcelo Rozo,72.9,7287
Ben Griffin,Adrien Saddier,69.4,6941
Ben Griffin,Gordon Sargent,75.3,7533
Ben Griffin,Adam Schenk,77.2,7716
Ben Griffin,Matti Schmid,71.1,7110
Ben Griffin,Ben Silverman,67.6,6759
Ben Griffin,Webb Simpson,78.3,7825
Ben Griffin,Alex Smalley,61.0,6097
Ben Griffin,Jordan Smith,56.5,5654
Ben Griffin,Austin Smotherman,71.1,7114
Ben Griffin,Brandt Snedeker,64.4,6442
Ben Griffin,Jordan Spieth,65.7,6566
Ben Griffin,Sam Stevens,66.9,6688
Ben Griffin,Sepp Straka,69.0,6897
Ben Griffin,Kevin Streelman,67.0,6703
Ben Griffin,Jackson Suber,56.2,5621
Ben Griffin,Adam Svensson,72.1,7213
Ben Griffin,Jesper Svensson,66.7,6665
Ben Griffin,Nick Taylor,62.2,6218
Ben Griffin,Sahith Theegala,61.0,6102
Ben Griffin,Justin Thomas,48.3,4829
Ben Griffin,Davis Thompson,60.4,6037
Ben Griffin,Alejandro Tosti,77.8,7775
Ben Griffin,Erik van Rooyen,66.1,6606
Ben Griffin,John VanDerLaan,71.6,7159
Ben Griffin,Karl Vilips,72.1,7214
Ben Griffin,Camilo Villegas,70.0,7004
Ben Griffin,Danny Walker,81.7,8167
Ben Griffin,Matt Wallace,55.5,5547
Ben Griffin,Vince Whaley,75.6,7562
Ben Griffin,Aaron Wise,63.3,6327
Ben Griffin,Dylan Wu,72.1,7209
Ben Griffin,Cameron Young,44.7,4465
Ben Griffin,Kevin Yu,58.7,5871
Lanto Griffin,Zach Bauchou,41.9,4191
Lanto Griffin,Christiaan Bezuidenhout,39.2,3919
Lanto Griffin,Daniel Berger,49.5,4952
Lanto Griffin,Zac Blair,38.0,3797
Lanto Griffin,Chandler Blanchet,51.0,5095
Lanto Griffin,Keegan Bradley,35.4,3543
Lanto Griffin,Michael Brennan,41.7,4170
Lanto Griffin,Brian Campbell,53.9,5394
Lanto Griffin,Rafael Campos,54.0,5399
Lanto Griffin,Ricky Castillo,43.2,4319
Lanto Griffin,Bud Cauley,32.7,3266
Lanto Griffin,Davis Chatfield,47.7,4773
Lanto Griffin,Luke Clanton,45.5,4550
Lanto Griffin,Eric Cole,41.6,4159
Lanto Griffin,Pierceson Coody,51.5,5145
Lanto Griffin,Joel Dahmen,42.8,4282
Lanto Griffin,Cam Davis,62.6,6259
Lanto Griffin,Jason Day,47.8,4784
Lanto Griffin,Zecheng Dou,49.6,4965
Lanto Griffin,Adrien Dumont de Chassart,49.7,4966
Lanto Griffin,Nick Dunlap,53.6,5362
Lanto Griffin,Nico Echavarria,42.9,4287
Lanto Griffin,Austin Eckroat,49.9,4987
Lanto Griffin,Harris English,38.5,3854
Lanto Griffin,Tony Finau,45.1,4515
Lanto Griffin,Patrick Fishburn,43.8,4375
Lanto Griffin,Steven Fisk,52.2,5223
Lanto Griffin,Alex Fitzpatrick,28.7,2868
Lanto Griffin,Brice Garnett,49.4,4937
Lanto Griffin,Ryan Gerard,34.8,3476
Lanto Griffin,Doug Ghim,34.8,3478
Lanto Griffin,Lucas Glover,43.2,4322
Lanto Griffin,Max Greyserman,50.0,5001
Lanto Griffin,Ben Griffin,31.5,3146
Lanto Griffin,Emiliano Grillo,36.8,3680
Lanto Griffin,Harry Hall,49.5,4947
Lanto Griffin,Brian Harman,38.4,3840
Lanto Griffin,Garrick Higgo,57.9,5789
Lanto Griffin,Joe Highsmith,55.6,5559
Lanto Griffin,Kensei Hirata,58.8,5878
Lanto Griffin,Ryo Hisatsune,39.7,3967
Lanto Griffin,Lee Hodges,42.8,4282
Lanto Griffin,Rico Hoey,43.1,4310
Lanto Griffin,Tom Hoge,45.2,4521
Lanto Griffin,Rasmus Hojgaard,50.9,5087
Lanto Griffin,Billy Horschel,44.9,4493
Lanto Griffin,Beau Hossler,42.8,4276
Lanto Griffin,Mark Hubbard,44.3,4432
Lanto Griffin,Mackenzie Hughes,43.5,4349
Lanto Griffin,Sungjae Im,43.1,4308
Lanto Griffin,Stephan Jaeger,49.9,4991
Lanto Griffin,Ben James,38.9,3891
Lanto Griffin,Takumi Kanaya,48.9,4887
Lanto Griffin,Jeffrey Kang,49.1,4913
Lanto Griffin,Johnny Keefer,41.6,4163
Lanto Griffin,Michael Kim,42.0,4199
Lanto Griffin,Tom Kim,28.9,2893
Lanto Griffin,Chris Kirk,41.3,4130
Lanto Griffin,Patton Kizzire,73.2,7317
Lanto Griffin,Brooks Koepka,40.0,4002
Lanto Griffin,Ben Kohles,33.4,3345
Lanto Griffin,Jackson Koivun,32.1,3213
Lanto Griffin,Matt Kuchar,40.9,4085
Lanto Griffin,Christo Lamprecht,75.8,7578
Lanto Griffin,Hank Lebioda,50.4,5038
Lanto Griffin,Haotong Li,59.5,5950
Lanto Griffin,David Lipsky,46.9,4689
Lanto Griffin,Luke List,48.7,4871
Lanto Griffin,Justin Lower,51.2,5118
Lanto Griffin,Peter Malnati,64.3,6435
Lanto Griffin,Hideki Matsuyama,33.3,3332
Lanto Griffin,Denny McCarthy,45.0,4501
Lanto Griffin,Matt McCarty,48.2,4824
Lanto Griffin,Max McGreevy,41.3,4130
Lanto Griffin,Maverick McNealy,39.7,3967
Lanto Griffin,Mac Meissner,39.5,3946
Lanto Griffin,Keith Mitchell,39.0,3898
Lanto Griffin,Taylor Moore,48.9,4886
Lanto Griffin,William Mouw,42.2,4219
Lanto Griffin,Rasmus Neergaard-Petersen,42.4,4238
Lanto Griffin,Alex Noren,44.1,4408
Lanto Griffin,Andrew Novak,42.8,4278
Lanto Griffin,Pontus Nyholm,55.4,5542
Lanto Griffin,Thorbjorn Olesen,53.3,5325
Lanto Griffin,John Parry,45.0,4503
Lanto Griffin,Matthieu Pavon,48.7,4871
Lanto Griffin,Taylor Pendrith,48.9,4894
Lanto Griffin,Marco Penge,40.4,4045
Lanto Griffin,Chandler Phillips,44.1,4409
Lanto Griffin,J.T. Poston,38.8,3881
Lanto Griffin,Aldrich Potgieter,51.5,5150
Lanto Griffin,Seamus Power,52.7,5274
Lanto Griffin,Andrew Putnam,45.2,4518
Lanto Griffin,Aaron Rai,31.7,3167
Lanto Griffin,Chad Ramey,59.5,5952
Lanto Griffin,Davis Riley,57.9,5790
Lanto Griffin,Patrick Rodgers,59.0,5904
Lanto Griffin,Kevin Roy,48.9,4887
Lanto Griffin,Marcelo Rozo,55.0,5501
Lanto Griffin,Adrien Saddier,51.0,5098
Lanto Griffin,Gordon Sargent,58.0,5800
Lanto Griffin,Adam Schenk,60.3,6030
Lanto Griffin,Matti Schmid,52.9,5292
Lanto Griffin,Ben Silverman,48.9,4894
Lanto Griffin,Webb Simpson,61.7,6171
Lanto Griffin,Alex Smalley,41.9,4190
Lanto Griffin,Jordan Smith,37.5,3752
Lanto Griffin,Austin Smotherman,53.0,5297
Lanto Griffin,Brandt Snedeker,45.5,4549
Lanto Griffin,Jordan Spieth,46.8,4682
Lanto Griffin,Sam Stevens,48.2,4815
Lanto Griffin,Sepp Straka,50.5,5048
Lanto Griffin,Kevin Streelman,48.3,4832
Lanto Griffin,Jackson Suber,37.2,3720
Lanto Griffin,Adam Svensson,54.1,5413
Lanto Griffin,Jesper Svensson,47.9,4790
Lanto Griffin,Nick Taylor,43.1,4315
Lanto Griffin,Sahith Theegala,42.0,4195
Lanto Griffin,Justin Thomas,29.9,2995
Lanto Griffin,Davis Thompson,41.3,4130
Lanto Griffin,Alejandro Tosti,61.1,6106
Lanto Griffin,Erik van Rooyen,47.3,4726
Lanto Griffin,John VanDerLaan,53.5,5349
Lanto Griffin,Karl Vilips,54.1,5415
Lanto Griffin,Camilo Villegas,51.7,5170
Lanto Griffin,Danny Walker,66.3,6628
Lanto Griffin,Matt Wallace,36.5,3649
Lanto Griffin,Vince Whaley,58.4,5836
Lanto Griffin,Aaron Wise,44.3,4428
Lanto Griffin,Dylan Wu,54.1,5409
Lanto Griffin,Cameron Young,26.9,2685
Lanto Griffin,Kevin Yu,39.6,3963
Emiliano Grillo,Zach Bauchou,55.3,5529
Emiliano Grillo,Christiaan Bezuidenhout,52.5,5250
Emiliano Grillo,Daniel Berger,62.7,6274
Emiliano Grillo,Zac Blair,51.2,5123
Emiliano Grillo,Chandler Blanchet,64.1,6410
Emiliano Grillo,Keegan Bradley,48.5,4854
Emiliano Grillo,Michael Brennan,55.1,5507
Emiliano Grillo,Brian Campbell,66.9,6686
Emiliano Grillo,Rafael Campos,66.9,6691
Emiliano Grillo,Ricky Castillo,56.6,5658
Emiliano Grillo,Bud Cauley,45.5,4553
Emiliano Grillo,Davis Chatfield,61.0,6104
Emiliano Grillo,Luke Clanton,58.9,5886
Emiliano Grillo,Eric Cole,55.0,5496
Emiliano Grillo,Pierceson Coody,64.6,6456
Emiliano Grillo,Joel Dahmen,56.2,5620
Emiliano Grillo,Cam Davis,74.5,7447
Emiliano Grillo,Jason Day,61.1,6114
Emiliano Grillo,Zecheng Dou,62.9,6286
Emiliano Grillo,Adrien Dumont de Chassart,62.9,6288
Emiliano Grillo,Nick Dunlap,66.6,6656
Emiliano Grillo,Nico Echavarria,56.3,5626
Emiliano Grillo,Austin Eckroat,63.1,6307
Emiliano Grillo,Harris English,51.8,5183
Emiliano Grillo,Tony Finau,58.5,5852
Emiliano Grillo,Patrick Fishburn,57.1,5713
Emiliano Grillo,Steven Fisk,65.3,6529
Emiliano Grillo,Alex Fitzpatrick,41.1,4107
Emiliano Grillo,Brice Garnett,62.6,6260
Emiliano Grillo,Ryan Gerard,47.8,4782
Emiliano Grillo,Doug Ghim,47.8,4784
Emiliano Grillo,Lucas Glover,56.6,5661
Emiliano Grillo,Max Greyserman,63.2,6320
Emiliano Grillo,Ben Griffin,44.2,4420
Emiliano Grillo,Lanto Griffin,63.2,6320
Emiliano Grillo,Harry Hall,62.7,6269
Emiliano Grillo,Brian Harman,51.7,5168
Emiliano Grillo,Garrick Higgo,70.4,7041
Emiliano Grillo,Joe Highsmith,68.4,6836
Emiliano Grillo,Kensei Hirata,71.2,7119
Emiliano Grillo,Ryo Hisatsune,53.0,5300
Emiliano Grillo,Lee Hodges,56.2,5620
Emiliano Grillo,Rico Hoey,56.5,5648
Emiliano Grillo,Tom Hoge,58.6,5858
Emiliano Grillo,Rasmus Hojgaard,64.0,6402
Emiliano Grillo,Billy Horschel,58.3,5831
Emiliano Grillo,Beau Hossler,56.1,5614
Emiliano Grillo,Mark Hubbard,57.7,5770
Emiliano Grillo,Mackenzie Hughes,56.9,5687
Emiliano Grillo,Sungjae Im,56.5,5647
Emiliano Grillo,Stephan Jaeger,63.1,6311
Emiliano Grillo,Ben James,52.2,5220
Emiliano Grillo,Takumi Kanaya,62.1,6213
Emiliano Grillo,Jeffrey Kang,62.4,6237
Emiliano Grillo,Johnny Keefer,55.0,5500
Emiliano Grillo,Michael Kim,55.4,5537
Emiliano Grillo,Tom Kim,41.4,4136
Emiliano Grillo,Chris Kirk,54.7,5467
Emiliano Grillo,Patton Kizzire,83.0,8302
Emiliano Grillo,Brooks Koepka,53.4,5335
Emiliano Grillo,Ben Kohles,46.4,4639
Emiliano Grillo,Jackson Koivun,44.9,4495
Emiliano Grillo,Matt Kuchar,54.2,5421
Emiliano Grillo,Christo Lamprecht,85.0,8500
Emiliano Grillo,Hank Lebioda,63.6,6356
Emiliano Grillo,Haotong Li,71.8,7182
Emiliano Grillo,David Lipsky,60.2,6022
Emiliano Grillo,Luke List,62.0,6197
Emiliano Grillo,Justin Lower,64.3,6430
Emiliano Grillo,Peter Malnati,76.0,7596
Emiliano Grillo,Hideki Matsuyama,46.3,4625
Emiliano Grillo,Denny McCarthy,58.4,5838
Emiliano Grillo,Matt McCarty,61.5,6152
Emiliano Grillo,Max McGreevy,54.7,5467
Emiliano Grillo,Maverick McNealy,53.0,5300
Emiliano Grillo,Mac Meissner,52.8,5278
Emiliano Grillo,Keith Mitchell,52.3,5229
Emiliano Grillo,Taylor Moore,62.1,6212
Emiliano Grillo,William Mouw,55.6,5556
Emiliano Grillo,Rasmus Neergaard-Petersen,55.8,5576
Emiliano Grillo,Alex Noren,57.5,5746
Emiliano Grillo,Andrew Novak,56.2,5616
Emiliano Grillo,Pontus Nyholm,68.2,6820
Emiliano Grillo,Thorbjorn Olesen,66.2,6623
Emiliano Grillo,John Parry,58.4,5840
Emiliano Grillo,Matthieu Pavon,62.0,6197
Emiliano Grillo,Taylor Pendrith,62.2,6219
Emiliano Grillo,Marco Penge,53.8,5380
Emiliano Grillo,Chandler Phillips,57.5,5747
Emiliano Grillo,J.T. Poston,52.1,5210
Emiliano Grillo,Aldrich Potgieter,64.6,6460
Emiliano Grillo,Seamus Power,65.8,6576
Emiliano Grillo,Andrew Putnam,58.6,5855
Emiliano Grillo,Aaron Rai,44.4,4444
Emiliano Grillo,Chad Ramey,71.8,7183
Emiliano Grillo,Davis Riley,70.4,7041
Emiliano Grillo,Patrick Rodgers,71.4,7142
Emiliano Grillo,Kevin Roy,62.1,6213
Emiliano Grillo,Marcelo Rozo,67.8,6783
Emiliano Grillo,Adrien Saddier,64.1,6412
Emiliano Grillo,Gordon Sargent,70.5,7051
Emiliano Grillo,Adam Schenk,72.5,7251
Emiliano Grillo,Matti Schmid,65.9,6592
Emiliano Grillo,Ben Silverman,62.2,6219
Emiliano Grillo,Webb Simpson,73.7,7373
Emiliano Grillo,Alex Smalley,55.3,5527
Emiliano Grillo,Jordan Smith,50.8,5075
Emiliano Grillo,Austin Smotherman,66.0,6596
Emiliano Grillo,Brandt Snedeker,58.9,5885
Emiliano Grillo,Jordan Spieth,60.2,6015
Emiliano Grillo,Sam Stevens,61.4,6144
Emiliano Grillo,Sepp Straka,63.6,6365
Emiliano Grillo,Kevin Streelman,61.6,6160
Emiliano Grillo,Jackson Suber,50.4,5042
Emiliano Grillo,Adam Svensson,67.0,6703
Emiliano Grillo,Jesper Svensson,61.2,6120
Emiliano Grillo,Nick Taylor,56.5,5653
Emiliano Grillo,Sahith Theegala,55.3,5533
Emiliano Grillo,Justin Thomas,42.5,4251
Emiliano Grillo,Davis Thompson,54.7,5466
Emiliano Grillo,Alejandro Tosti,73.2,7317
Emiliano Grillo,Erik van Rooyen,60.6,6058
Emiliano Grillo,John VanDerLaan,66.4,6645
Emiliano Grillo,Karl Vilips,67.0,6705
Emiliano Grillo,Camilo Villegas,64.8,6479
Emiliano Grillo,Danny Walker,77.6,7755
Emiliano Grillo,Matt Wallace,49.7,4967
Emiliano Grillo,Vince Whaley,70.8,7082
Emiliano Grillo,Aaron Wise,57.7,5766
Emiliano Grillo,Dylan Wu,67.0,6699
Emiliano Grillo,Cameron Young,39.0,3896
Emiliano Grillo,Kevin Yu,53.0,5296
Harry Hall,Zach Bauchou,42.4,4243
Harry Hall,Christiaan Bezuidenhout,39.7,3971
Harry Hall,Daniel Berger,50.1,5005
Harry Hall,Zac Blair,38.5,3848
Harry Hall,Chandler Blanchet,51.5,5149
Harry Hall,Keegan Bradley,35.9,3592
Harry Hall,Michael Brennan,42.2,4222
Harry Hall,Brian Campbell,54.5,5447
Harry Hall,Rafael Campos,54.5,5452
Harry Hall,Ricky Castillo,43.7,4372
Harry Hall,Bud Cauley,33.1,3314
Harry Hall,Davis Chatfield,48.3,4827
Harry Hall,Luke Clanton,46.0,4602
Harry Hall,Eric Cole,42.1,4211
Harry Hall,Pierceson Coody,52.0,5198
Harry Hall,Joel Dahmen,43.3,4334
Harry Hall,Cam Davis,63.1,6309
Harry Hall,Jason Day,48.4,4837
Harry Hall,Zecheng Dou,50.2,5018
Harry Hall,Adrien Dumont de Chassart,50.2,5019
Harry Hall,Nick Dunlap,54.1,5415
Harry Hall,Nico Echavarria,43.4,4340
Harry Hall,Austin Eckroat,50.4,5040
Harry Hall,Harris English,39.1,3905
Harry Hall,Tony Finau,45.7,4568
Harry Hall,Patrick Fishburn,44.3,4428
Harry Hall,Steven Fisk,52.8,5276
Harry Hall,Alex Fitzpatrick,29.1,2913
Harry Hall,Brice Garnett,49.9,4990
Harry Hall,Ryan Gerard,35.3,3525
Harry Hall,Doug Ghim,35.3,3527
Harry Hall,Lucas Glover,43.7,4375
Harry Hall,Max Greyserman,50.5,5054
Harry Hall,Ben Griffin,31.9,3193
Harry Hall,Lanto Griffin,50.5,5053
Harry Hall,Emiliano Grillo,37.3,3731
Harry Hall,Brian Harman,38.9,3891
Harry Hall,Garrick Higgo,58.4,5842
Harry Hall,Joe Highsmith,56.1,5612
Harry Hall,Kensei Hirata,59.3,5930
Harry Hall,Ryo Hisatsune,40.2,4019
Harry Hall,Lee Hodges,43.3,4334
Harry Hall,Rico Hoey,43.6,4362
Harry Hall,Tom Hoge,45.7,4574
Harry Hall,Rasmus Hojgaard,51.4,5140
Harry Hall,Billy Horschel,45.5,4546
Harry Hall,Beau Hossler,43.3,4328
Harry Hall,Mark Hubbard,44.8,4485
Harry Hall,Mackenzie Hughes,44.0,4401
Harry Hall,Sungjae Im,43.6,4361
Harry Hall,Stephan Jaeger,50.4,5044
Harry Hall,Ben James,39.4,3942
Harry Hall,Takumi Kanaya,49.4,4940
Harry Hall,Jeffrey Kang,49.7,4966
Harry Hall,Johnny Keefer,42.1,4215
Harry Hall,Michael Kim,42.5,4252
Harry Hall,Tom Kim,29.4,2939
Harry Hall,Chris Kirk,41.8,4182
Harry Hall,Patton Kizzire,73.6,7361
Harry Hall,Brooks Koepka,40.5,4053
Harry Hall,Ben Kohles,33.9,3393
Harry Hall,Jackson Koivun,32.6,3261
Harry Hall,Matt Kuchar,41.4,4137
Harry Hall,Christo Lamprecht,76.2,7619
Harry Hall,Hank Lebioda,50.9,5091
Harry Hall,Haotong Li,60.0,6002
Harry Hall,David Lipsky,47.4,4742
Harry Hall,Luke List,49.2,4924
Harry Hall,Justin Lower,51.7,5171
Harry Hall,Peter Malnati,64.8,6484
Harry Hall,Hideki Matsuyama,33.8,3380
Harry Hall,Denny McCarthy,45.5,4554
Harry Hall,Matt McCarty,48.8,4877
Harry Hall,Max McGreevy,41.8,4182
Harry Hall,Maverick McNealy,40.2,4019
Harry Hall,Mac Meissner,40.0,3998
Harry Hall,Keith Mitchell,39.5,3950
Harry Hall,Taylor Moore,49.4,4939
Harry Hall,William Mouw,42.7,4271
Harry Hall,Rasmus Neergaard-Petersen,42.9,4290
Harry Hall,Alex Noren,44.6,4460
Harry Hall,Andrew Novak,43.3,4331
Harry Hall,Pontus Nyholm,55.9,5595
Harry Hall,Thorbjorn Olesen,53.8,5378
Harry Hall,John Parry,45.6,4556
Harry Hall,Matthieu Pavon,49.2,4924
Harry Hall,Taylor Pendrith,49.5,4947
Harry Hall,Marco Penge,41.0,4096
Harry Hall,Chandler Phillips,44.6,4462
Harry Hall,J.T. Poston,39.3,3932
Harry Hall,Aldrich Potgieter,52.0,5203
Harry Hall,Seamus Power,53.3,5327
Harry Hall,Andrew Putnam,45.7,4571
Harry Hall,Aaron Rai,32.1,3215
Harry Hall,Chad Ramey,60.0,6003
Harry Hall,Davis Riley,58.4,5842
Harry Hall,Patrick Rodgers,59.6,5956
Harry Hall,Kevin Roy,49.4,4940
Harry Hall,Marcelo Rozo,55.5,5554
Harry Hall,Adrien Saddier,51.5,5152
Harry Hall,Gordon Sargent,58.5,5852
Harry Hall,Adam Schenk,60.8,6081
Harry Hall,Matti Schmid,53.5,5345
Harry Hall,Ben Silverman,49.5,4947
Harry Hall,Webb Simpson,62.2,6222
Harry Hall,Alex Smalley,42.4,4242
Harry Hall,Jordan Smith,38.0,3802
Harry Hall,Austin Smotherman,53.5,5350
Harry Hall,Brandt Snedeker,46.0,4602
Harry Hall,Jordan Spieth,47.3,4735
Harry Hall,Sam Stevens,48.7,4868
Harry Hall,Sepp Straka,51.0,5101
Harry Hall,Kevin Streelman,48.9,4885
Harry Hall,Jackson Suber,37.7,3770
Harry Hall,Adam Svensson,54.7,5466
Harry Hall,Jesper Svensson,48.4,4843
Harry Hall,Nick Taylor,43.7,4367
Harry Hall,Sahith Theegala,42.5,4247
Harry Hall,Justin Thomas,30.4,3041
Harry Hall,Davis Thompson,41.8,4182
Harry Hall,Alejandro Tosti,61.6,6157
Harry Hall,Erik van Rooyen,47.8,4779
Harry Hall,John VanDerLaan,54.0,5402
Harry Hall,Karl Vilips,54.7,5468
Harry Hall,Camilo Villegas,52.2,5223
Harry Hall,Danny Walker,66.8,6676
Harry Hall,Matt Wallace,37.0,3699
Harry Hall,Vince Whaley,58.9,5888
Harry Hall,Aaron Wise,44.8,4480
Harry Hall,Dylan Wu,54.6,5462
Harry Hall,Cameron Young,27.3,2729
Harry Hall,Kevin Yu,40.1,4014
Brian Harman,Zach Bauchou,53.6,5362
Brian Harman,Christiaan Bezuidenhout,50.8,5082
Brian Harman,Daniel Berger,61.1,6114
Brian Harman,Zac Blair,49.5,4955
Brian Harman,Chandler Blanchet,62.5,6251
Brian Harman,Keegan Bradley,46.9,4686
Brian Harman,Michael Brennan,53.4,5340
Brian Harman,Brian Campbell,65.3,6531
Brian Harman,Rafael Campos,65.4,6536
Brian Harman,Ricky Castillo,54.9,5491
Brian Harman,Bud Cauley,43.9,4387
Brian Harman,Davis Chatfield,59.4,5941
Brian Harman,Luke Clanton,57.2,5721
Brian Harman,Eric Cole,53.3,5329
Brian Harman,Pierceson Coody,63.0,6298
Brian Harman,Joel Dahmen,54.5,5454
Brian Harman,Cam Davis,73.1,7310
Brian Harman,Jason Day,59.5,5951
Brian Harman,Zecheng Dou,61.3,6126
Brian Harman,Adrien Dumont de Chassart,61.3,6127
Brian Harman,Nick Dunlap,65.0,6502
Brian Harman,Nico Echavarria,54.6,5459
Brian Harman,Austin Eckroat,61.5,6147
Brian Harman,Harris English,50.1,5015
Brian Harman,Tony Finau,56.9,5687
Brian Harman,Patrick Fishburn,55.5,5548
Brian Harman,Steven Fisk,63.7,6372
Brian Harman,Alex Fitzpatrick,39.4,3944
Brian Harman,Brice Garnett,61.0,6099
Brian Harman,Ryan Gerard,46.1,4614
Brian Harman,Doug Ghim,46.2,4616
Brian Harman,Lucas Glover,54.9,5494
Brian Harman,Max Greyserman,61.6,6160
Brian Harman,Ben Griffin,42.5,4254
Brian Harman,Lanto Griffin,61.6,6160
Brian Harman,Emiliano Grillo,48.3,4832
Brian Harman,Harry Hall,61.1,6109
Brian Harman,Garrick Higgo,68.9,6894
Brian Harman,Joe Highsmith,66.8,6685
Brian Harman,Kensei Hirata,69.7,6974
Brian Harman,Ryo Hisatsune,51.3,5132
Brian Harman,Lee Hodges,54.5,5454
Brian Harman,Rico Hoey,54.8,5482
Brian Harman,Tom Hoge,56.9,5693
Brian Harman,Rasmus Hojgaard,62.4,6243
Brian Harman,Billy Horschel,56.7,5666
Brian Harman,Beau Hossler,54.5,5448
Brian Harman,Mark Hubbard,56.0,5605
Brian Harman,Mackenzie Hughes,55.2,5521
Brian Harman,Sungjae Im,54.8,5480
Brian Harman,Stephan Jaeger,61.5,6151
Brian Harman,Ben James,50.5,5053
Brian Harman,Takumi Kanaya,60.5,6051
Brian Harman,Jeffrey Kang,60.8,6076
Brian Harman,Johnny Keefer,53.3,5333
Brian Harman,Michael Kim,53.7,5370
Brian Harman,Tom Kim,39.7,3972
Brian Harman,Chris Kirk,53.0,5299
Brian Harman,Patton Kizzire,81.9,8194
Brian Harman,Brooks Koepka,51.7,5168
Brian Harman,Ben Kohles,44.7,4472
Brian Harman,Jackson Koivun,43.3,4328
Brian Harman,Matt Kuchar,52.5,5254
Brian Harman,Christo Lamprecht,84.0,8399
Brian Harman,Hank Lebioda,62.0,6196
Brian Harman,Haotong Li,70.4,7038
Brian Harman,David Lipsky,58.6,5859
Brian Harman,Luke List,60.4,6036
Brian Harman,Justin Lower,62.7,6272
Brian Harman,Peter Malnati,74.6,7462
Brian Harman,Hideki Matsuyama,44.6,4458
Brian Harman,Denny McCarthy,56.7,5673
Brian Harman,Matt McCarty,59.9,5990
Brian Harman,Max McGreevy,53.0,5299
Brian Harman,Maverick McNealy,51.3,5132
Brian Harman,Mac Meissner,51.1,5110
Brian Harman,Keith Mitchell,50.6,5061
Brian Harman,Taylor Moore,60.5,6051
Brian Harman,William Mouw,53.9,5390
Brian Harman,Rasmus Neergaard-Petersen,54.1,5409
Brian Harman,Alex Noren,55.8,5580
Brian Harman,Andrew Novak,54.5,5450
Brian Harman,Pontus Nyholm,66.7,6668
Brian Harman,Thorbjorn Olesen,64.7,6468
Brian Harman,John Parry,56.8,5675
Brian Harman,Matthieu Pavon,60.4,6036
Brian Harman,Taylor Pendrith,60.6,6058
Brian Harman,Marco Penge,52.1,5212
Brian Harman,Chandler Phillips,55.8,5582
Brian Harman,J.T. Poston,50.4,5042
Brian Harman,Aldrich Potgieter,63.0,6302
Brian Harman,Seamus Power,64.2,6420
Brian Harman,Andrew Putnam,56.9,5690
Brian Harman,Aaron Rai,42.8,4278
Brian Harman,Chad Ramey,70.4,7039
Brian Harman,Davis Riley,68.9,6894
Brian Harman,Patrick Rodgers,70.0,6997
Brian Harman,Kevin Roy,60.5,6051
Brian Harman,Marcelo Rozo,66.3,6631
Brian Harman,Adrien Saddier,62.5,6254
Brian Harman,Gordon Sargent,69.0,6904
Brian Harman,Adam Schenk,71.1,7109
Brian Harman,Matti Schmid,64.4,6436
Brian Harman,Ben Silverman,60.6,6058
Brian Harman,Webb Simpson,72.3,7233
Brian Harman,Alex Smalley,53.6,5360
Brian Harman,Jordan Smith,49.1,4907
Brian Harman,Austin Smotherman,64.4,6441
Brian Harman,Brandt Snedeker,57.2,5721
Brian Harman,Jordan Spieth,58.5,5852
Brian Harman,Sam Stevens,59.8,5982
Brian Harman,Sepp Straka,62.1,6206
Brian Harman,Kevin Streelman,60.0,5998
Brian Harman,Jackson Suber,48.7,4874
Brian Harman,Adam Svensson,65.5,6549
Brian Harman,Jesper Svensson,59.6,5957
Brian Harman,Nick Taylor,54.9,5487
Brian Harman,Sahith Theegala,53.7,5366
Brian Harman,Justin Thomas,40.9,4087
Brian Harman,Davis Thompson,53.0,5299
Brian Harman,Alejandro Tosti,71.8,7176
Brian Harman,Erik van Rooyen,58.9,5895
Brian Harman,John VanDerLaan,64.9,6490
Brian Harman,Karl Vilips,65.5,6551
Brian Harman,Camilo Villegas,63.2,6321
Brian Harman,Danny Walker,76.3,7627
Brian Harman,Matt Wallace,48.0,4799
Brian Harman,Vince Whaley,69.4,6936
Brian Harman,Aaron Wise,56.0,5600
Brian Harman,Dylan Wu,65.5,6545
Brian Harman,Cameron Young,37.4,3736
Brian Harman,Kevin Yu,51.3,5128
Garrick Higgo,Zach Bauchou,34.3,3433
Garrick Higgo,Christiaan Bezuidenhout,31.8,3179
Garrick Higgo,Daniel Berger,41.6,4164
Garrick Higgo,Zac Blair,30.7,3066
Garrick Higgo,Chandler Blanchet,43.0,4304
Garrick Higgo,Keegan Bradley,28.3,2833
Garrick Higgo,Michael Brennan,34.1,3414
Garrick Higgo,Brian Campbell,46.0,4600
Garrick Higgo,Rafael Campos,46.1,4606
Garrick Higgo,Ricky Castillo,35.5,3554
Garrick Higgo,Bud Cauley,25.8,2583
Garrick Higgo,Davis Chatfield,39.9,3990
Garrick Higgo,Luke Clanton,37.7,3774
Garrick Higgo,Eric Cole,34.0,3403
Garrick Higgo,Pierceson Coody,43.5,4353
Garrick Higgo,Joel Dahmen,35.2,3519
Garrick Higgo,Cam Davis,54.8,5484
Garrick Higgo,Jason Day,40.0,4000
Garrick Higgo,Zecheng Dou,41.8,4176
Garrick Higgo,Adrien Dumont de Chassart,41.8,4177
Garrick Higgo,Nick Dunlap,45.7,4568
Garrick Higgo,Nico Echavarria,35.2,3524
Garrick Higgo,Austin Eckroat,42.0,4197
Garrick Higgo,Harris English,31.2,3119
Garrick Higgo,Tony Finau,37.4,3741
Garrick Higgo,Patrick Fishburn,36.1,3607
Garrick Higgo,Steven Fisk,44.3,4431
Garrick Higgo,Alex Fitzpatrick,22.3,2230
Garrick Higgo,Brice Garnett,41.5,4148
Garrick Higgo,Ryan Gerard,27.7,2772
Garrick Higgo,Doug Ghim,27.7,2774
Garrick Higgo,Lucas Glover,35.6,3557
Garrick Higgo,Max Greyserman,42.1,4211
Garrick Higgo,Ben Griffin,24.8,2476
Garrick Higgo,Lanto Griffin,42.1,4211
Garrick Higgo,Emiliano Grillo,29.6,2959
Garrick Higgo,Harry Hall,41.6,4158
Garrick Higgo,Brian Harman,31.1,3106
Garrick Higgo,Joe Highsmith,47.7,4767
Garrick Higgo,Kensei Hirata,50.9,5090
Garrick Higgo,Ryo Hisatsune,32.2,3224
Garrick Higgo,Lee Hodges,35.2,3519
Garrick Higgo,Rico Hoey,35.5,3545
Garrick Higgo,Tom Hoge,37.5,3747
Garrick Higgo,Rasmus Hojgaard,43.0,4296
Garrick Higgo,Billy Horschel,37.2,3720
Garrick Higgo,Beau Hossler,35.1,3513
Garrick Higgo,Mark Hubbard,36.6,3662
Garrick Higgo,Mackenzie Hughes,35.8,3582
Garrick Higgo,Sungjae Im,35.4,3544
Garrick Higgo,Stephan Jaeger,42.0,4202
Garrick Higgo,Ben James,31.5,3153
Garrick Higgo,Takumi Kanaya,41.0,4100
Garrick Higgo,Jeffrey Kang,41.2,4125
Garrick Higgo,Johnny Keefer,34.1,3407
Garrick Higgo,Michael Kim,34.4,3441
Garrick Higgo,Tom Kim,22.5,2252
Garrick Higgo,Chris Kirk,33.8,3376
Garrick Higgo,Patton Kizzire,66.2,6623
Garrick Higgo,Brooks Koepka,32.6,3256
Garrick Higgo,Ben Kohles,26.5,2654
Garrick Higgo,Jackson Koivun,25.4,2536
Garrick Higgo,Matt Kuchar,33.3,3334
Garrick Higgo,Christo Lamprecht,69.1,6915
Garrick Higgo,Hank Lebioda,42.5,4248
Garrick Higgo,Haotong Li,51.6,5164
Garrick Higgo,David Lipsky,39.1,3908
Garrick Higgo,Luke List,40.8,4085
Garrick Higgo,Justin Lower,43.3,4326
Garrick Higgo,Peter Malnati,56.7,5669
Garrick Higgo,Hideki Matsuyama,26.4,2642
Garrick Higgo,Denny McCarthy,37.3,3727
Garrick Higgo,Matt McCarty,40.4,4039
Garrick Higgo,Max McGreevy,33.8,3376
Garrick Higgo,Maverick McNealy,32.2,3224
Garrick Higgo,Mac Meissner,32.0,3204
Garrick Higgo,Keith Mitchell,31.6,3160
Garrick Higgo,Taylor Moore,41.0,4099
Garrick Higgo,William Mouw,34.6,3459
Garrick Higgo,Rasmus Neergaard-Petersen,34.8,3478
Garrick Higgo,Alex Noren,36.4,3638
Garrick Higgo,Andrew Novak,35.2,3516
Garrick Higgo,Pontus Nyholm,47.5,4749
Garrick Higgo,Thorbjorn Olesen,45.3,4532
Garrick Higgo,John Parry,37.3,3729
Garrick Higgo,Matthieu Pavon,40.8,4085
Garrick Higgo,Taylor Pendrith,41.1,4107
Garrick Higgo,Marco Penge,33.0,3296
Garrick Higgo,Chandler Phillips,36.4,3640
Garrick Higgo,J.T. Poston,31.4,3143
Garrick Higgo,Aldrich Potgieter,43.6,4358
Garrick Higgo,Seamus Power,44.8,4481
Garrick Higgo,Andrew Putnam,37.4,3744
Garrick Higgo,Aaron Rai,24.9,2495
Garrick Higgo,Chad Ramey,51.7,5166
Garrick Higgo,Davis Riley,50.0,5000
Garrick Higgo,Patrick Rodgers,51.2,5118
Garrick Higgo,Kevin Roy,41.0,4100
Garrick Higgo,Marcelo Rozo,47.1,4708
Garrick Higgo,Adrien Saddier,43.1,4307
Garrick Higgo,Gordon Sargent,50.1,5011
Garrick Higgo,Adam Schenk,52.5,5247
Garrick Higgo,Matti Schmid,45.0,4499
Garrick Higgo,Ben Silverman,41.1,4107
Garrick Higgo,Webb Simpson,53.9,5393
Garrick Higgo,Alex Smalley,34.3,3432
Garrick Higgo,Jordan Smith,30.2,3024
Garrick Higgo,Austin Smotherman,45.0,4503
Garrick Higgo,Brandt Snedeker,37.7,3773
Garrick Higgo,Jordan Spieth,39.0,3901
Garrick Higgo,Sam Stevens,40.3,4030
Garrick Higgo,Sepp Straka,42.6,4257
Garrick Higgo,Kevin Streelman,40.5,4047
Garrick Higgo,Jackson Suber,30.0,2995
Garrick Higgo,Adam Svensson,46.2,4619
Garrick Higgo,Jesper Svensson,40.1,4006
Garrick Higgo,Nick Taylor,35.5,3550
Garrick Higgo,Sahith Theegala,34.4,3437
Garrick Higgo,Justin Thomas,23.4,2342
Garrick Higgo,Davis Thompson,33.8,3376
Garrick Higgo,Alejandro Tosti,53.3,5325
Garrick Higgo,Erik van Rooyen,39.4,3944
Garrick Higgo,John VanDerLaan,45.6,4556
Garrick Higgo,Karl Vilips,46.2,4622
Garrick Higgo,Camilo Villegas,43.8,4377
Garrick Higgo,Danny Walker,58.7,5874
Garrick Higgo,Matt Wallace,29.3,2930
Garrick Higgo,Vince Whaley,50.5,5048
Garrick Higgo,Aaron Wise,36.6,3657
Garrick Higgo,Dylan Wu,46.2,4616
Garrick Higgo,Cameron Young,20.7,2071
Garrick Higgo,Kevin Yu,32.2,3220
Joe Highsmith,Zach Bauchou,36.5,3651
Joe Highsmith,Christiaan Bezuidenhout,33.9,3391
Joe Highsmith,Daniel Berger,43.9,4393
Joe Highsmith,Zac Blair,32.7,3274
Joe Highsmith,Chandler Blanchet,45.4,4535
Joe Highsmith,Keegan Bradley,30.3,3035
Joe Highsmith,Michael Brennan,36.3,3631
Joe Highsmith,Brian Campbell,48.3,4833
Joe Highsmith,Rafael Campos,48.4,4839
Joe Highsmith,Ricky Castillo,37.7,3775
Joe Highsmith,Bud Cauley,27.8,2776
Joe Highsmith,Davis Chatfield,42.2,4217
Joe Highsmith,Luke Clanton,40.0,3998
Joe Highsmith,Eric Cole,36.2,3620
Joe Highsmith,Pierceson Coody,45.8,4585
Joe Highsmith,Joel Dahmen,37.4,3738
Joe Highsmith,Cam Davis,57.2,5715
Joe Highsmith,Jason Day,42.3,4228
Joe Highsmith,Zecheng Dou,44.1,4406
Joe Highsmith,Adrien Dumont de Chassart,44.1,4407
Joe Highsmith,Nick Dunlap,48.0,4801
Joe Highsmith,Nico Echavarria,37.4,3744
Joe Highsmith,Austin Eckroat,44.3,4427
Joe Highsmith,Harris English,33.3,3329
Joe Highsmith,Tony Finau,39.6,3964
Joe Highsmith,Patrick Fishburn,38.3,3829
Joe Highsmith,Steven Fisk,46.6,4662
Joe Highsmith,Alex Fitzpatrick,24.1,2409
Joe Highsmith,Brice Garnett,43.8,4378
Joe Highsmith,Ryan Gerard,29.7,2972
Joe Highsmith,Doug Ghim,29.7,2974
Joe Highsmith,Lucas Glover,37.8,3777
Joe Highsmith,Max Greyserman,44.4,4441
Joe Highsmith,Ben Griffin,26.6,2664
Joe Highsmith,Lanto Griffin,44.4,4441
Joe Highsmith,Emiliano Grillo,31.6,3164
Joe Highsmith,Harry Hall,43.9,4388
Joe Highsmith,Brian Harman,33.2,3315
Joe Highsmith,Garrick Higgo,52.3,5233
Joe Highsmith,Kensei Hirata,53.2,5324
Joe Highsmith,Ryo Hisatsune,34.4,3437
Joe Highsmith,Lee Hodges,37.4,3739
Joe Highsmith,Rico Hoey,37.7,3765
Joe Highsmith,Tom Hoge,39.7,3970
Joe Highsmith,Rasmus Hojgaard,45.3,4527
Joe Highsmith,Billy Horschel,39.4,3943
Joe Highsmith,Beau Hossler,37.3,3733
Joe Highsmith,Mark Hubbard,38.8,3884
Joe Highsmith,Mackenzie Hughes,38.0,3803
Joe Highsmith,Sungjae Im,37.6,3764
Joe Highsmith,Stephan Jaeger,44.3,4432
Joe Highsmith,Ben James,33.6,3363
Joe Highsmith,Takumi Kanaya,43.3,4329
Joe Highsmith,Jeffrey Kang,43.5,4354
Joe Highsmith,Johnny Keefer,36.2,3624
Joe Highsmith,Michael Kim,36.6,3659
Joe Highsmith,Tom Kim,24.3,2432
Joe Highsmith,Chris Kirk,35.9,3592
Joe Highsmith,Patton Kizzire,68.3,6835
Joe Highsmith,Brooks Koepka,34.7,3469
Joe Highsmith,Ben Kohles,28.5,2849
Joe Highsmith,Jackson Koivun,27.3,2726
Joe Highsmith,Matt Kuchar,35.5,3549
Joe Highsmith,Christo Lamprecht,71.2,7118
Joe Highsmith,Hank Lebioda,44.8,4478
Joe Highsmith,Haotong Li,54.0,5397
Joe Highsmith,David Lipsky,41.3,4135
Joe Highsmith,Luke List,43.1,4313
Joe Highsmith,Justin Lower,45.6,4557
Joe Highsmith,Peter Malnati,59.0,5898
Joe Highsmith,Hideki Matsuyama,28.4,2837
Joe Highsmith,Denny McCarthy,39.5,3951
Joe Highsmith,Matt McCarty,42.7,4267
Joe Highsmith,Max McGreevy,35.9,3592
Joe Highsmith,Maverick McNealy,34.4,3436
Joe Highsmith,Mac Meissner,34.2,3417
Joe Highsmith,Keith Mitchell,33.7,3371
Joe Highsmith,Taylor Moore,43.3,4328
Joe Highsmith,William Mouw,36.8,3677
Joe Highsmith,Rasmus Neergaard-Petersen,37.0,3696
Joe Highsmith,Alex Noren,38.6,3860
Joe Highsmith,Andrew Novak,37.3,3735
Joe Highsmith,Pontus Nyholm,49.8,4982
Joe Highsmith,Thorbjorn Olesen,47.6,4765
Joe Highsmith,John Parry,39.5,3953
Joe Highsmith,Matthieu Pavon,43.1,4313
Joe Highsmith,Taylor Pendrith,43.4,4336
Joe Highsmith,Marco Penge,35.1,3511
Joe Highsmith,Chandler Phillips,38.6,3862
Joe Highsmith,J.T. Poston,33.5,3354
Joe Highsmith,Aldrich Potgieter,45.9,4589
Joe Highsmith,Seamus Power,47.1,4713
Joe Highsmith,Andrew Putnam,39.7,3968
Joe Highsmith,Aaron Rai,26.8,2684
Joe Highsmith,Chad Ramey,54.0,5399
Joe Highsmith,Davis Riley,52.3,5233
Joe Highsmith,Patrick Rodgers,53.5,5351
Joe Highsmith,Kevin Roy,43.3,4329
Joe Highsmith,Marcelo Rozo,49.4,4941
Joe Highsmith,Adrien Saddier,45.4,4538
Joe Highsmith,Gordon Sargent,52.4,5244
Joe Highsmith,Adam Schenk,54.8,5479
Joe Highsmith,Matti Schmid,47.3,4731
Joe Highsmith,Ben Silverman,43.4,4336
Joe Highsmith,Webb Simpson,56.2,5624
Joe Highsmith,Alex Smalley,36.5,3650
Joe Highsmith,Jordan Smith,32.3,3232
Joe Highsmith,Austin Smotherman,47.4,4736
Joe Highsmith,Brandt Snedeker,40.0,3997
Joe Highsmith,Jordan Spieth,41.3,4127
Joe Highsmith,Sam Stevens,42.6,4258
Joe Highsmith,Sepp Straka,44.9,4488
Joe Highsmith,Kevin Streelman,42.7,4275
Joe Highsmith,Jackson Suber,32.0,3201
Joe Highsmith,Adam Svensson,48.5,4852
Joe Highsmith,Jesper Svensson,42.3,4234
Joe Highsmith,Nick Taylor,37.7,3770
Joe Highsmith,Sahith Theegala,36.5,3655
Joe Highsmith,Justin Thomas,25.3,2525
Joe Highsmith,Davis Thompson,35.9,3592
Joe Highsmith,Alejandro Tosti,55.6,5557
Joe Highsmith,Erik van Rooyen,41.7,4170
Joe Highsmith,John VanDerLaan,47.9,4789
Joe Highsmith,Karl Vilips,48.5,4854
Joe Highsmith,Camilo Villegas,46.1,4609
Joe Highsmith,Danny Walker,61.0,6100
Joe Highsmith,Matt Wallace,31.3,3134
Joe Highsmith,Vince Whaley,52.8,5281
Joe Highsmith,Aaron Wise,38.8,3879
Joe Highsmith,Dylan Wu,48.5,4848
Joe Highsmith,Cameron Young,22.4,2242
Joe Highsmith,Kevin Yu,34.3,3432
Kensei Hirata,Zach Bauchou,33.5,3350
Kensei Hirata,Christiaan Bezuidenhout,31.0,3099
Kensei Hirata,Daniel Berger,40.8,4075
Kensei Hirata,Zac Blair,29.9,2987
Kensei Hirata,Chandler Blanchet,42.2,4215
Kensei Hirata,Keegan Bradley,27.6,2757
Kensei Hirata,Michael Brennan,33.3,3331
Kensei Hirata,Brian Campbell,45.1,4510
Kensei Hirata,Rafael Campos,45.2,4516
Kensei Hirata,Ricky Castillo,34.7,3470
Kensei Hirata,Bud Cauley,25.1,2510
Kensei Hirata,Davis Chatfield,39.0,3902
Kensei Hirata,Luke Clanton,36.9,3688
Kensei Hirata,Eric Cole,33.2,3320
Kensei Hirata,Pierceson Coody,42.6,4264
Kensei Hirata,Joel Dahmen,34.4,3435
Kensei Hirata,Cam Davis,53.9,5394
Kensei Hirata,Jason Day,39.1,3913
Kensei Hirata,Zecheng Dou,40.9,4088
Kensei Hirata,Adrien Dumont de Chassart,40.9,4089
Kensei Hirata,Nick Dunlap,44.8,4479
Kensei Hirata,Nico Echavarria,34.4,3440
Kensei Hirata,Austin Eckroat,41.1,4109
Kensei Hirata,Harris English,30.4,3039
Kensei Hirata,Tony Finau,36.6,3655
Kensei Hirata,Patrick Fishburn,35.2,3523
Kensei Hirata,Steven Fisk,43.4,4341
Kensei Hirata,Alex Fitzpatrick,21.6,2163
Kensei Hirata,Brice Garnett,40.6,4060
Kensei Hirata,Ryan Gerard,27.0,2697
Kensei Hirata,Doug Ghim,27.0,2699
Kensei Hirata,Lucas Glover,34.7,3473
Kensei Hirata,Max Greyserman,41.2,4123
Kensei Hirata,Ben Griffin,24.0,2405
Kensei Hirata,Lanto Griffin,41.2,4122
Kensei Hirata,Emiliano Grillo,28.8,2881
Kensei Hirata,Harry Hall,40.7,4070
Kensei Hirata,Brian Harman,30.3,3026
Kensei Hirata,Garrick Higgo,49.1,4910
Kensei Hirata,Joe Highsmith,46.8,4676
Kensei Hirata,Ryo Hisatsune,31.4,3143
Kensei Hirata,Lee Hodges,34.4,3435
Kensei Hirata,Rico Hoey,34.6,3461
Kensei Hirata,Tom Hoge,36.6,3661
Kensei Hirata,Rasmus Hojgaard,42.1,4207
Kensei Hirata,Billy Horschel,36.3,3635
Kensei Hirata,Beau Hossler,34.3,3430
Kensei Hirata,Mark Hubbard,35.8,3577
Kensei Hirata,Mackenzie Hughes,35.0,3498
Kensei Hirata,Sungjae Im,34.6,3460
Kensei Hirata,Stephan Jaeger,41.1,4113
Kensei Hirata,Ben James,30.7,3072
Kensei Hirata,Takumi Kanaya,40.1,4012
Kensei Hirata,Jeffrey Kang,40.4,4037
Kensei Hirata,Johnny Keefer,33.2,3324
Kensei Hirata,Michael Kim,33.6,3358
Kensei Hirata,Tom Kim,21.8,2185
Kensei Hirata,Chris Kirk,32.9,3294
Kensei Hirata,Patton Kizzire,65.4,6540
Kensei Hirata,Brooks Koepka,31.7,3175
Kensei Hirata,Ben Kohles,25.8,2580
Kensei Hirata,Jackson Koivun,24.6,2464
Kensei Hirata,Matt Kuchar,32.5,3252
Kensei Hirata,Christo Lamprecht,68.3,6834
Kensei Hirata,Hank Lebioda,41.6,4159
Kensei Hirata,Haotong Li,50.7,5074
Kensei Hirata,David Lipsky,38.2,3821
Kensei Hirata,Luke List,40.0,3997
Kensei Hirata,Justin Lower,42.4,4237
Kensei Hirata,Peter Malnati,55.8,5580
Kensei Hirata,Hideki Matsuyama,25.7,2569
Kensei Hirata,Denny McCarthy,36.4,3642
Kensei Hirata,Matt McCarty,39.5,3951
Kensei Hirata,Max McGreevy,32.9,3293
Kensei Hirata,Maverick McNealy,31.4,3143
Kensei Hirata,Mac Meissner,31.2,3124
Kensei Hirata,Keith Mitchell,30.8,3080
Kensei Hirata,Taylor Moore,40.1,4011
Kensei Hirata,William Mouw,33.8,3376
Kensei Hirata,Rasmus Neergaard-Petersen,33.9,3394
Kensei Hirata,Alex Noren,35.5,3553
Kensei Hirata,Andrew Novak,34.3,3432
Kensei Hirata,Pontus Nyholm,46.6,4659
Kensei Hirata,Thorbjorn Olesen,44.4,4442
Kensei Hirata,John Parry,36.4,3644
Kensei Hirata,Matthieu Pavon,40.0,3997
Kensei Hirata,Taylor Pendrith,40.2,4019
Kensei Hirata,Marco Penge,32.1,3214
Kensei Hirata,Chandler Phillips,35.5,3555
Kensei Hirata,J.T. Poston,30.6,3063
Kensei Hirata,Aldrich Potgieter,42.7,4269
Kensei Hirata,Seamus Power,43.9,4392
Kensei Hirata,Andrew Putnam,36.6,3658
Kensei Hirata,Aaron Rai,24.2,2423
Kensei Hirata,Chad Ramey,50.8,5076
Kensei Hirata,Davis Riley,49.1,4910
Kensei Hirata,Patrick Rodgers,50.3,5027
Kensei Hirata,Kevin Roy,40.1,4012
Kensei Hirata,Marcelo Rozo,46.2,4618
Kensei Hirata,Adrien Saddier,42.2,4218
Kensei Hirata,Gordon Sargent,49.2,4921
Kensei Hirata,Adam Schenk,51.6,5156
Kensei Hirata,Matti Schmid,44.1,4409
Kensei Hirata,Ben Silverman,40.2,4019
Kensei Hirata,Webb Simpson,53.0,5303
Kensei Hirata,Alex Smalley,33.5,3349
Kensei Hirata,Jordan Smith,29.5,2946
Kensei Hirata,Austin Smotherman,44.1,4414
Kensei Hirata,Brandt Snedeker,36.9,3687
Kensei Hirata,Jordan Spieth,38.1,3814
Kensei Hirata,Sam Stevens,39.4,3943
Kensei Hirata,Sepp Straka,41.7,4169
Kensei Hirata,Kevin Streelman,39.6,3959
Kensei Hirata,Jackson Suber,29.2,2917
Kensei Hirata,Adam Svensson,45.3,4529
Kensei Hirata,Jesper Svensson,39.2,3919
Kensei Hirata,Nick Taylor,34.7,3466
Kensei Hirata,Sahith Theegala,33.5,3354
Kensei Hirata,Justin Thomas,22.7,2273
Kensei Hirata,Davis Thompson,32.9,3293
Kensei Hirata,Alejandro Tosti,52.4,5235
Kensei Hirata,Erik van Rooyen,38.6,3857
Kensei Hirata,John VanDerLaan,44.7,4466
Kensei Hirata,Karl Vilips,45.3,4532
Kensei Hirata,Camilo Villegas,42.9,4288
Kensei Hirata,Danny Walker,57.9,5785
Kensei Hirata,Matt Wallace,28.5,2852
Kensei Hirata,Vince Whaley,49.6,4957
Kensei Hirata,Aaron Wise,35.7,3572
Kensei Hirata,Dylan Wu,45.3,4526
Kensei Hirata,Cameron Young,20.1,2007
Kensei Hirata,Kevin Yu,31.4,3139
Ryo Hisatsune,Zach Bauchou,52.3,5230
Ryo Hisatsune,Christiaan Bezuidenhout,49.5,4950
Ryo Hisatsune,Daniel Berger,59.9,5986
Ryo Hisatsune,Zac Blair,48.2,4823
Ryo Hisatsune,Chandler Blanchet,61.2,6125
Ryo Hisatsune,Keegan Bradley,45.5,4554
Ryo Hisatsune,Michael Brennan,52.1,5209
Ryo Hisatsune,Brian Campbell,64.1,6408
Ryo Hisatsune,Rafael Campos,64.1,6413
Ryo Hisatsune,Ricky Castillo,53.6,5360
Ryo Hisatsune,Bud Cauley,42.6,4256
Ryo Hisatsune,Davis Chatfield,58.1,5812
Ryo Hisatsune,Luke Clanton,55.9,5591
Ryo Hisatsune,Eric Cole,52.0,5197
Ryo Hisatsune,Pierceson Coody,61.7,6172
Ryo Hisatsune,Joel Dahmen,53.2,5322
Ryo Hisatsune,Cam Davis,72.0,7200
Ryo Hisatsune,Jason Day,58.2,5823
Ryo Hisatsune,Zecheng Dou,60.0,5999
Ryo Hisatsune,Adrien Dumont de Chassart,60.0,6000
Ryo Hisatsune,Nick Dunlap,63.8,6378
Ryo Hisatsune,Nico Echavarria,53.3,5327
Ryo Hisatsune,Austin Eckroat,60.2,6020
Ryo Hisatsune,Harris English,48.8,4882
Ryo Hisatsune,Tony Finau,55.6,5556
Ryo Hisatsune,Patrick Fishburn,54.2,5416
Ryo Hisatsune,Steven Fisk,62.5,6247
Ryo Hisatsune,Alex Fitzpatrick,38.2,3817
Ryo Hisatsune,Brice Garnett,59.7,5971
Ryo Hisatsune,Ryan Gerard,44.8,4483
Ryo Hisatsune,Doug Ghim,44.8,4485
Ryo Hisatsune,Lucas Glover,53.6,5363
Ryo Hisatsune,Max Greyserman,60.3,6033
Ryo Hisatsune,Ben Griffin,41.3,4125
Ryo Hisatsune,Lanto Griffin,60.3,6033
Ryo Hisatsune,Emiliano Grillo,47.0,4700
Ryo Hisatsune,Harry Hall,59.8,5981
Ryo Hisatsune,Brian Harman,48.7,4868
Ryo Hisatsune,Garrick Higgo,67.8,6776
Ryo Hisatsune,Joe Highsmith,65.6,6563
Ryo Hisatsune,Kensei Hirata,68.6,6857
Ryo Hisatsune,Lee Hodges,53.2,5322
Ryo Hisatsune,Rico Hoey,53.5,5350
Ryo Hisatsune,Tom Hoge,55.6,5563
Ryo Hisatsune,Rasmus Hojgaard,61.2,6117
Ryo Hisatsune,Billy Horschel,55.3,5535
Ryo Hisatsune,Beau Hossler,53.2,5316
Ryo Hisatsune,Mark Hubbard,54.7,5474
Ryo Hisatsune,Mackenzie Hughes,53.9,5390
Ryo Hisatsune,Sungjae Im,53.5,5349
Ryo Hisatsune,Stephan Jaeger,60.2,6024
Ryo Hisatsune,Ben James,49.2,4920
Ryo Hisatsune,Takumi Kanaya,59.2,5923
Ryo Hisatsune,Jeffrey Kang,59.5,5948
Ryo Hisatsune,Johnny Keefer,52.0,5201
Ryo Hisatsune,Michael Kim,52.4,5238
Ryo Hisatsune,Tom Kim,38.5,3845
Ryo Hisatsune,Chris Kirk,51.7,5167
Ryo Hisatsune,Patton Kizzire,81.1,8105
Ryo Hisatsune,Brooks Koepka,50.4,5036
Ryo Hisatsune,Ben Kohles,43.4,4342
Ryo Hisatsune,Jackson Koivun,42.0,4198
Ryo Hisatsune,Matt Kuchar,51.2,5122
Ryo Hisatsune,Christo Lamprecht,83.2,8317
Ryo Hisatsune,Hank Lebioda,60.7,6070
Ryo Hisatsune,Haotong Li,69.2,6922
Ryo Hisatsune,David Lipsky,57.3,5729
Ryo Hisatsune,Luke List,59.1,5908
Ryo Hisatsune,Justin Lower,61.5,6146
Ryo Hisatsune,Peter Malnati,73.6,7355
Ryo Hisatsune,Hideki Matsuyama,43.3,4327
Ryo Hisatsune,Denny McCarthy,55.4,5542
Ryo Hisatsune,Matt McCarty,58.6,5862
Ryo Hisatsune,Max McGreevy,51.7,5167
Ryo Hisatsune,Maverick McNealy,50.0,5000
Ryo Hisatsune,Mac Meissner,49.8,4978
Ryo Hisatsune,Keith Mitchell,49.3,4929
Ryo Hisatsune,Taylor Moore,59.2,5922
Ryo Hisatsune,William Mouw,52.6,5258
Ryo Hisatsune,Rasmus Neergaard-Petersen,52.8,5278
Ryo Hisatsune,Alex Noren,54.5,5449
Ryo Hisatsune,Andrew Novak,53.2,5318
Ryo Hisatsune,Pontus Nyholm,65.5,6547
Ryo Hisatsune,Thorbjorn Olesen,63.4,6344
Ryo Hisatsune,John Parry,55.4,5545
Ryo Hisatsune,Matthieu Pavon,59.1,5908
Ryo Hisatsune,Taylor Pendrith,59.3,5930
Ryo Hisatsune,Marco Penge,50.8,5080
Ryo Hisatsune,Chandler Phillips,54.5,5451
Ryo Hisatsune,J.T. Poston,49.1,4910
Ryo Hisatsune,Aldrich Potgieter,61.8,6176
Ryo Hisatsune,Seamus Power,63.0,6295
Ryo Hisatsune,Andrew Putnam,55.6,5560
Ryo Hisatsune,Aaron Rai,41.5,4148
Ryo Hisatsune,Chad Ramey,69.2,6924
Ryo Hisatsune,Davis Riley,67.8,6776
Ryo Hisatsune,Patrick Rodgers,68.8,6881
Ryo Hisatsune,Kevin Roy,59.2,5923
Ryo Hisatsune,Marcelo Rozo,65.1,6509
Ryo Hisatsune,Adrien Saddier,61.3,6128
Ryo Hisatsune,Gordon Sargent,67.9,6786
Ryo Hisatsune,Adam Schenk,69.9,6995
Ryo Hisatsune,Matti Schmid,63.1,6312
Ryo Hisatsune,Ben Silverman,59.3,5930
Ryo Hisatsune,Webb Simpson,71.2,7121
Ryo Hisatsune,Alex Smalley,52.3,5229
Ryo Hisatsune,Jordan Smith,47.8,4775
Ryo Hisatsune,Austin Smotherman,63.2,6317
Ryo Hisatsune,Brandt Snedeker,55.9,5590
Ryo Hisatsune,Jordan Spieth,57.2,5722
Ryo Hisatsune,Sam Stevens,58.5,5853
Ryo Hisatsune,Sepp Straka,60.8,6079
Ryo Hisatsune,Kevin Streelman,58.7,5870
Ryo Hisatsune,Jackson Suber,47.4,4742
Ryo Hisatsune,Adam Svensson,64.3,6426
Ryo Hisatsune,Jesper Svensson,58.3,5829
Ryo Hisatsune,Nick Taylor,53.6,5355
Ryo Hisatsune,Sahith Theegala,52.3,5234
Ryo Hisatsune,Justin Thomas,39.6,3959
Ryo Hisatsune,Davis Thompson,51.7,5167
Ryo Hisatsune,Alejandro Tosti,70.6,7063
Ryo Hisatsune,Erik van Rooyen,57.7,5765
Ryo Hisatsune,John VanDerLaan,63.7,6366
Ryo Hisatsune,Karl Vilips,64.3,6428
Ryo Hisatsune,Camilo Villegas,62.0,6196
Ryo Hisatsune,Danny Walker,75.2,7523
Ryo Hisatsune,Matt Wallace,46.7,4667
Ryo Hisatsune,Vince Whaley,68.2,6819
Ryo Hisatsune,Aaron Wise,54.7,5469
Ryo Hisatsune,Dylan Wu,64.2,6423
Ryo Hisatsune,Cameron Young,36.1,3611
Ryo Hisatsune,Kevin Yu,50.0,4996
Lee Hodges,Zach Bauchou,49.1,4907
Lee Hodges,Christiaan Bezuidenhout,46.3,4628
Lee Hodges,Daniel Berger,56.7,5671
Lee Hodges,Zac Blair,45.0,4501
Lee Hodges,Chandler Blanchet,58.1,5812
Lee Hodges,Keegan Bradley,42.4,4235
Lee Hodges,Michael Brennan,48.9,4886
Lee Hodges,Brian Campbell,61.0,6102
Lee Hodges,Rafael Campos,61.1,6107
Lee Hodges,Ricky Castillo,50.4,5038
Lee Hodges,Bud Cauley,39.4,3942
Lee Hodges,Davis Chatfield,54.9,5494
Lee Hodges,Luke Clanton,52.7,5270
Lee Hodges,Eric Cole,48.7,4874
Lee Hodges,Pierceson Coody,58.6,5860
Lee Hodges,Joel Dahmen,50.0,5000
Lee Hodges,Cam Davis,69.2,6921
Lee Hodges,Jason Day,55.0,5505
Lee Hodges,Zecheng Dou,56.8,5683
Lee Hodges,Adrien Dumont de Chassart,56.8,5685
Lee Hodges,Nick Dunlap,60.7,6071
Lee Hodges,Nico Echavarria,50.1,5005
Lee Hodges,Austin Eckroat,57.0,5705
Lee Hodges,Harris English,45.6,4561
Lee Hodges,Tony Finau,52.4,5235
Lee Hodges,Patrick Fishburn,50.9,5094
Lee Hodges,Steven Fisk,59.4,5936
Lee Hodges,Alex Fitzpatrick,35.1,3513
Lee Hodges,Brice Garnett,56.6,5655
Lee Hodges,Ryan Gerard,41.6,4165
Lee Hodges,Doug Ghim,41.7,4167
Lee Hodges,Lucas Glover,50.4,5041
Lee Hodges,Max Greyserman,57.2,5718
Lee Hodges,Ben Griffin,38.1,3813
Lee Hodges,Lanto Griffin,57.2,5718
Lee Hodges,Emiliano Grillo,43.8,4380
Lee Hodges,Harry Hall,56.7,5666
Lee Hodges,Brian Harman,45.5,4546
Lee Hodges,Garrick Higgo,64.8,6481
Lee Hodges,Joe Highsmith,62.6,6261
Lee Hodges,Kensei Hirata,65.6,6565
Lee Hodges,Ryo Hisatsune,46.8,4678
Lee Hodges,Rico Hoey,50.3,5028
Lee Hodges,Tom Hoge,52.4,5242
Lee Hodges,Rasmus Hojgaard,58.0,5804
Lee Hodges,Billy Horschel,52.1,5214
Lee Hodges,Beau Hossler,49.9,4994
Lee Hodges,Mark Hubbard,51.5,5152
Lee Hodges,Mackenzie Hughes,50.7,5068
Lee Hodges,Sungjae Im,50.3,5027
Lee Hodges,Stephan Jaeger,57.1,5709
Lee Hodges,Ben James,46.0,4598
Lee Hodges,Takumi Kanaya,56.1,5607
Lee Hodges,Jeffrey Kang,56.3,5632
Lee Hodges,Johnny Keefer,48.8,4878
Lee Hodges,Michael Kim,49.2,4916
Lee Hodges,Tom Kim,35.4,3540
Lee Hodges,Chris Kirk,48.4,4845
Lee Hodges,Patton Kizzire,78.8,7879
Lee Hodges,Brooks Koepka,47.1,4713
Lee Hodges,Ben Kohles,40.3,4026
Lee Hodges,Jackson Koivun,38.9,3885
Lee Hodges,Matt Kuchar,48.0,4799
Lee Hodges,Christo Lamprecht,81.1,8106
Lee Hodges,Hank Lebioda,57.6,5756
Lee Hodges,Haotong Li,66.3,6633
Lee Hodges,David Lipsky,54.1,5410
Lee Hodges,Luke List,55.9,5591
Lee Hodges,Justin Lower,58.3,5833
Lee Hodges,Peter Malnati,70.8,7084
Lee Hodges,Hideki Matsuyama,40.1,4012
Lee Hodges,Denny McCarthy,52.2,5221
Lee Hodges,Matt McCarty,55.4,5544
Lee Hodges,Max McGreevy,48.4,4845
Lee Hodges,Maverick McNealy,46.8,4678
Lee Hodges,Mac Meissner,46.6,4656
Lee Hodges,Keith Mitchell,46.1,4607
Lee Hodges,Taylor Moore,56.1,5606
Lee Hodges,William Mouw,49.4,4935
Lee Hodges,Rasmus Neergaard-Petersen,49.6,4955
Lee Hodges,Alex Noren,51.3,5127
Lee Hodges,Andrew Novak,50.0,4996
Lee Hodges,Pontus Nyholm,62.4,6245
Lee Hodges,Thorbjorn Olesen,60.4,6036
Lee Hodges,John Parry,52.2,5224
Lee Hodges,Matthieu Pavon,55.9,5591
Lee Hodges,Taylor Pendrith,56.1,5613
Lee Hodges,Marco Penge,47.6,4757
Lee Hodges,Chandler Phillips,51.3,5129
Lee Hodges,J.T. Poston,45.9,4588
Lee Hodges,Aldrich Potgieter,58.6,5865
Lee Hodges,Seamus Power,59.9,5986
Lee Hodges,Andrew Putnam,52.4,5239
Lee Hodges,Aaron Rai,38.4,3836
Lee Hodges,Chad Ramey,66.3,6634
Lee Hodges,Davis Riley,64.8,6481
Lee Hodges,Patrick Rodgers,65.9,6590
Lee Hodges,Kevin Roy,56.1,5607
Lee Hodges,Marcelo Rozo,62.1,6205
Lee Hodges,Adrien Saddier,58.1,5815
Lee Hodges,Gordon Sargent,64.9,6491
Lee Hodges,Adam Schenk,67.1,6708
Lee Hodges,Matti Schmid,60.0,6003
Lee Hodges,Ben Silverman,56.1,5613
Lee Hodges,Webb Simpson,68.4,6840
Lee Hodges,Alex Smalley,49.1,4906
Lee Hodges,Jordan Smith,44.5,4454
Lee Hodges,Austin Smotherman,60.1,6008
Lee Hodges,Brandt Snedeker,52.7,5270
Lee Hodges,Jordan Spieth,54.0,5403
Lee Hodges,Sam Stevens,55.4,5536
Lee Hodges,Sepp Straka,57.6,5765
Lee Hodges,Kevin Streelman,55.5,5552
Lee Hodges,Jackson Suber,44.2,4421
Lee Hodges,Adam Svensson,61.2,6120
Lee Hodges,Jesper Svensson,55.1,5511
Lee Hodges,Nick Taylor,50.3,5033
Lee Hodges,Sahith Theegala,49.1,4911
Lee Hodges,Justin Thomas,36.5,3651
Lee Hodges,Davis Thompson,48.4,4845
Lee Hodges,Alejandro Tosti,67.8,6779
Lee Hodges,Erik van Rooyen,54.5,5447
Lee Hodges,John VanDerLaan,60.6,6059
Lee Hodges,Karl Vilips,61.2,6122
Lee Hodges,Camilo Villegas,58.8,5884
Lee Hodges,Danny Walker,72.6,7261
Lee Hodges,Matt Wallace,43.5,4347
Lee Hodges,Vince Whaley,65.3,6525
Lee Hodges,Aaron Wise,51.5,5147
Lee Hodges,Dylan Wu,61.2,6117
Lee Hodges,Cameron Young,33.1,3313
Lee Hodges,Kevin Yu,46.7,4673
Rico Hoey,Zach Bauchou,48.8,4879
Rico Hoey,Christiaan Bezuidenhout,46.0,4600
Rico Hoey,Daniel Berger,56.4,5643
Rico Hoey,Zac Blair,44.7,4473
Rico Hoey,Chandler Blanchet,57.8,5784
Rico Hoey,Keegan Bradley,42.1,4208
Rico Hoey,Michael Brennan,48.6,4858
Rico Hoey,Brian Campbell,60.7,6075
Rico Hoey,Rafael Campos,60.8,6080
Rico Hoey,Ricky Castillo,50.1,5010
Rico Hoey,Bud Cauley,39.2,3915
Rico Hoey,Davis Chatfield,54.7,5466
Rico Hoey,Luke Clanton,52.4,5242
Rico Hoey,Eric Cole,48.5,4846
Rico Hoey,Pierceson Coody,58.3,5833
Rico Hoey,Joel Dahmen,49.7,4972
Rico Hoey,Cam Davis,69.0,6896
Rico Hoey,Jason Day,54.8,5477
Rico Hoey,Zecheng Dou,56.6,5656
Rico Hoey,Adrien Dumont de Chassart,56.6,5657
Rico Hoey,Nick Dunlap,60.4,6044
Rico Hoey,Nico Echavarria,49.8,4977
Rico Hoey,Austin Eckroat,56.8,5677
Rico Hoey,Harris English,45.3,4533
Rico Hoey,Tony Finau,52.1,5207
Rico Hoey,Patrick Fishburn,50.7,5066
Rico Hoey,Steven Fisk,59.1,5909
Rico Hoey,Alex Fitzpatrick,34.9,3487
Rico Hoey,Brice Garnett,56.3,5628
Rico Hoey,Ryan Gerard,41.4,4137
Rico Hoey,Doug Ghim,41.4,4139
Rico Hoey,Lucas Glover,50.1,5013
Rico Hoey,Max Greyserman,56.9,5691
Rico Hoey,Ben Griffin,37.9,3787
Rico Hoey,Lanto Griffin,56.9,5690
Rico Hoey,Emiliano Grillo,43.5,4352
Rico Hoey,Harry Hall,56.4,5638
Rico Hoey,Brian Harman,45.2,4518
Rico Hoey,Garrick Higgo,64.5,6455
Rico Hoey,Joe Highsmith,62.3,6235
Rico Hoey,Kensei Hirata,65.4,6539
Rico Hoey,Ryo Hisatsune,46.5,4650
Rico Hoey,Lee Hodges,49.7,4972
Rico Hoey,Tom Hoge,52.1,5214
Rico Hoey,Rasmus Hojgaard,57.8,5776
Rico Hoey,Billy Horschel,51.9,5186
Rico Hoey,Beau Hossler,49.7,4966
Rico Hoey,Mark Hubbard,51.2,5124
Rico Hoey,Mackenzie Hughes,50.4,5040
Rico Hoey,Sungjae Im,50.0,4999
Rico Hoey,Stephan Jaeger,56.8,5682
Rico Hoey,Ben James,45.7,4571
Rico Hoey,Takumi Kanaya,55.8,5579
Rico Hoey,Jeffrey Kang,56.0,5604
Rico Hoey,Johnny Keefer,48.5,4850
Rico Hoey,Michael Kim,48.9,4888
Rico Hoey,Tom Kim,35.1,3514
Rico Hoey,Chris Kirk,48.2,4817
Rico Hoey,Patton Kizzire,78.6,7858
Rico Hoey,Brooks Koepka,46.9,4685
Rico Hoey,Ben Kohles,40.0,3999
Rico Hoey,Jackson Koivun,38.6,3858
Rico Hoey,Matt Kuchar,47.7,4771
Rico Hoey,Christo Lamprecht,80.9,8087
Rico Hoey,Hank Lebioda,57.3,5728
Rico Hoey,Haotong Li,66.1,6607
Rico Hoey,David Lipsky,53.8,5382
Rico Hoey,Luke List,55.6,5563
Rico Hoey,Justin Lower,58.1,5806
Rico Hoey,Peter Malnati,70.6,7060
Rico Hoey,Hideki Matsuyama,39.8,3985
Rico Hoey,Denny McCarthy,51.9,5193
Rico Hoey,Matt McCarty,55.2,5516
Rico Hoey,Max McGreevy,48.2,4817
Rico Hoey,Maverick McNealy,46.5,4650
Rico Hoey,Mac Meissner,46.3,4628
Rico Hoey,Keith Mitchell,45.8,4579
Rico Hoey,Taylor Moore,55.8,5578
Rico Hoey,William Mouw,49.1,4907
Rico Hoey,Rasmus Neergaard-Petersen,49.3,4927
Rico Hoey,Alex Noren,51.0,5099
Rico Hoey,Andrew Novak,49.7,4968
Rico Hoey,Pontus Nyholm,62.2,6218
Rico Hoey,Thorbjorn Olesen,60.1,6009
Rico Hoey,John Parry,52.0,5196
Rico Hoey,Matthieu Pavon,55.6,5563
Rico Hoey,Taylor Pendrith,55.9,5585
Rico Hoey,Marco Penge,47.3,4729
Rico Hoey,Chandler Phillips,51.0,5101
Rico Hoey,J.T. Poston,45.6,4560
Rico Hoey,Aldrich Potgieter,58.4,5837
Rico Hoey,Seamus Power,59.6,5959
Rico Hoey,Andrew Putnam,52.1,5211
Rico Hoey,Aaron Rai,38.1,3809
Rico Hoey,Chad Ramey,66.1,6608
Rico Hoey,Davis Riley,64.5,6455
Rico Hoey,Patrick Rodgers,65.6,6564
Rico Hoey,Kevin Roy,55.8,5579
Rico Hoey,Marcelo Rozo,61.8,6178
Rico Hoey,Adrien Saddier,57.9,5787
Rico Hoey,Gordon Sargent,64.7,6465
Rico Hoey,Adam Schenk,66.8,6682
Rico Hoey,Matti Schmid,59.8,5976
Rico Hoey,Ben Silverman,55.9,5585
Rico Hoey,Webb Simpson,68.1,6815
Rico Hoey,Alex Smalley,48.8,4878
Rico Hoey,Jordan Smith,44.3,4426
Rico Hoey,Austin Smotherman,59.8,5981
Rico Hoey,Brandt Snedeker,52.4,5242
Rico Hoey,Jordan Spieth,53.7,5375
Rico Hoey,Sam Stevens,55.1,5508
Rico Hoey,Sepp Straka,57.4,5737
Rico Hoey,Kevin Streelman,55.2,5525
Rico Hoey,Jackson Suber,43.9,4393
Rico Hoey,Adam Svensson,60.9,6093
Rico Hoey,Jesper Svensson,54.8,5483
Rico Hoey,Nick Taylor,50.1,5005
Rico Hoey,Sahith Theegala,48.8,4883
Rico Hoey,Justin Thomas,36.2,3624
Rico Hoey,Davis Thompson,48.2,4817
Rico Hoey,Alejandro Tosti,67.5,6754
Rico Hoey,Erik van Rooyen,54.2,5419
Rico Hoey,John VanDerLaan,60.3,6032
Rico Hoey,Karl Vilips,61.0,6095
Rico Hoey,Camilo Villegas,58.6,5857
Rico Hoey,Danny Walker,72.4,7237
Rico Hoey,Matt Wallace,43.2,4319
Rico Hoey,Vince Whaley,65.0,6499
Rico Hoey,Aaron Wise,51.2,5119
Rico Hoey,Dylan Wu,60.9,6090
Rico Hoey,Cameron Young,32.9,3287
Rico Hoey,Kevin Yu,46.5,4645
Tom Hoge,Zach Bauchou,46.7,4666
Tom Hoge,Christiaan Bezuidenhout,43.9,4388
Tom Hoge,Daniel Berger,54.3,5431
Tom Hoge,Zac Blair,42.6,4262
Tom Hoge,Chandler Blanchet,55.7,5573
Tom Hoge,Keegan Bradley,40.0,3999
Tom Hoge,Michael Brennan,46.4,4645
Tom Hoge,Brian Campbell,58.7,5867
Tom Hoge,Rafael Campos,58.7,5873
Tom Hoge,Ricky Castillo,48.0,4796
Tom Hoge,Bud Cauley,37.1,3711
Tom Hoge,Davis Chatfield,52.5,5253
Tom Hoge,Luke Clanton,50.3,5029
Tom Hoge,Eric Cole,46.3,4633
Tom Hoge,Pierceson Coody,56.2,5623
Tom Hoge,Joel Dahmen,47.6,4758
Tom Hoge,Cam Davis,67.0,6705
Tom Hoge,Jason Day,52.6,5264
Tom Hoge,Zecheng Dou,54.4,5444
Tom Hoge,Adrien Dumont de Chassart,54.5,5445
Tom Hoge,Nick Dunlap,58.4,5836
Tom Hoge,Nico Echavarria,47.6,4763
Tom Hoge,Austin Eckroat,54.7,5465
Tom Hoge,Harris English,43.2,4321
Tom Hoge,Tony Finau,49.9,4994
Tom Hoge,Patrick Fishburn,48.5,4853
Tom Hoge,Steven Fisk,57.0,5700
Tom Hoge,Alex Fitzpatrick,32.9,3291
Tom Hoge,Brice Garnett,54.2,5416
Tom Hoge,Ryan Gerard,39.3,3930
Tom Hoge,Doug Ghim,39.3,3932
Tom Hoge,Lucas Glover,48.0,4799
Tom Hoge,Max Greyserman,54.8,5479
Tom Hoge,Ben Griffin,35.8,3584
Tom Hoge,Lanto Griffin,54.8,5479
Tom Hoge,Emiliano Grillo,41.4,4142
Tom Hoge,Harry Hall,54.3,5426
Tom Hoge,Brian Harman,43.1,4307
Tom Hoge,Garrick Higgo,62.5,6253
Tom Hoge,Joe Highsmith,60.3,6030
Tom Hoge,Kensei Hirata,63.4,6339
Tom Hoge,Ryo Hisatsune,44.4,4437
Tom Hoge,Lee Hodges,47.6,4758
Tom Hoge,Rico Hoey,47.9,4786
Tom Hoge,Rasmus Hojgaard,55.7,5565
Tom Hoge,Billy Horschel,49.7,4972
Tom Hoge,Beau Hossler,47.5,4752
Tom Hoge,Mark Hubbard,49.1,4910
Tom Hoge,Mackenzie Hughes,48.3,4826
Tom Hoge,Sungjae Im,47.8,4785
Tom Hoge,Stephan Jaeger,54.7,5470
Tom Hoge,Ben James,43.6,4359
Tom Hoge,Takumi Kanaya,53.7,5367
Tom Hoge,Jeffrey Kang,53.9,5392
Tom Hoge,Johnny Keefer,46.4,4637
Tom Hoge,Michael Kim,46.7,4674
Tom Hoge,Tom Kim,33.2,3317
Tom Hoge,Chris Kirk,46.0,4604
Tom Hoge,Patton Kizzire,77.0,7699
Tom Hoge,Brooks Koepka,44.7,4473
Tom Hoge,Ben Kohles,37.9,3793
Tom Hoge,Jackson Koivun,36.5,3655
Tom Hoge,Matt Kuchar,45.6,4558
Tom Hoge,Christo Lamprecht,79.4,7938
Tom Hoge,Hank Lebioda,55.2,5517
Tom Hoge,Haotong Li,64.1,6408
Tom Hoge,David Lipsky,51.7,5169
Tom Hoge,Luke List,53.5,5351
Tom Hoge,Justin Lower,56.0,5595
Tom Hoge,Peter Malnati,68.7,6873
Tom Hoge,Hideki Matsuyama,37.8,3779
Tom Hoge,Denny McCarthy,49.8,4979
Tom Hoge,Matt McCarty,53.0,5304
Tom Hoge,Max McGreevy,46.0,4604
Tom Hoge,Maverick McNealy,44.4,4437
Tom Hoge,Mac Meissner,44.2,4416
Tom Hoge,Keith Mitchell,43.7,4367
Tom Hoge,Taylor Moore,53.7,5366
Tom Hoge,William Mouw,46.9,4694
Tom Hoge,Rasmus Neergaard-Petersen,47.1,4714
Tom Hoge,Alex Noren,48.9,4885
Tom Hoge,Andrew Novak,47.5,4754
Tom Hoge,Pontus Nyholm,60.1,6012
Tom Hoge,Thorbjorn Olesen,58.0,5800
Tom Hoge,John Parry,49.8,4982
Tom Hoge,Matthieu Pavon,53.5,5351
Tom Hoge,Taylor Pendrith,53.7,5373
Tom Hoge,Marco Penge,45.2,4517
Tom Hoge,Chandler Phillips,48.9,4887
Tom Hoge,J.T. Poston,43.5,4348
Tom Hoge,Aldrich Potgieter,56.3,5627
Tom Hoge,Seamus Power,57.5,5750
Tom Hoge,Andrew Putnam,50.0,4997
Tom Hoge,Aaron Rai,36.1,3607
Tom Hoge,Chad Ramey,64.1,6410
Tom Hoge,Davis Riley,62.5,6253
Tom Hoge,Patrick Rodgers,63.6,6365
Tom Hoge,Kevin Roy,53.7,5367
Tom Hoge,Marcelo Rozo,59.7,5972
Tom Hoge,Adrien Saddier,55.8,5576
Tom Hoge,Gordon Sargent,62.6,6264
Tom Hoge,Adam Schenk,64.9,6485
Tom Hoge,Matti Schmid,57.7,5767
Tom Hoge,Ben Silverman,53.7,5373
Tom Hoge,Webb Simpson,66.2,6621
Tom Hoge,Alex Smalley,46.6,4665
Tom Hoge,Jordan Smith,42.2,4216
Tom Hoge,Austin Smotherman,57.7,5772
Tom Hoge,Brandt Snedeker,50.3,5028
Tom Hoge,Jordan Spieth,51.6,5161
Tom Hoge,Sam Stevens,52.9,5295
Tom Hoge,Sepp Straka,55.3,5526
Tom Hoge,Kevin Streelman,53.1,5312
Tom Hoge,Jackson Suber,41.8,4183
Tom Hoge,Adam Svensson,58.9,5886
Tom Hoge,Jesper Svensson,52.7,5270
Tom Hoge,Nick Taylor,47.9,4791
Tom Hoge,Sahith Theegala,46.7,4670
Tom Hoge,Justin Thomas,34.3,3425
Tom Hoge,Davis Thompson,46.0,4603
Tom Hoge,Alejandro Tosti,65.6,6559
Tom Hoge,Erik van Rooyen,52.1,5206
Tom Hoge,John VanDerLaan,58.2,5824
Tom Hoge,Karl Vilips,58.9,5888
Tom Hoge,Camilo Villegas,56.5,5647
Tom Hoge,Danny Walker,70.6,7055
Tom Hoge,Matt Wallace,41.1,4109
Tom Hoge,Vince Whaley,63.0,6299
Tom Hoge,Aaron Wise,49.1,4906
Tom Hoge,Dylan Wu,58.8,5882
Tom Hoge,Cameron Young,31.0,3096
Tom Hoge,Kevin Yu,44.3,4433
Rasmus Hojgaard,Zach Bauchou,41.1,4106
Rasmus Hojgaard,Christiaan Bezuidenhout,38.4,3836
Rasmus Hojgaard,Daniel Berger,48.6,4865
Rasmus Hojgaard,Zac Blair,37.1,3714
Rasmus Hojgaard,Chandler Blanchet,50.1,5008
Rasmus Hojgaard,Keegan Bradley,34.6,3462
Rasmus Hojgaard,Michael Brennan,40.9,4085
Rasmus Hojgaard,Brian Campbell,53.1,5307
Rasmus Hojgaard,Rafael Campos,53.1,5312
Rasmus Hojgaard,Ricky Castillo,42.3,4234
Rasmus Hojgaard,Bud Cauley,31.9,3188
Rasmus Hojgaard,Davis Chatfield,46.9,4687
Rasmus Hojgaard,Luke Clanton,44.6,4463
Rasmus Hojgaard,Eric Cole,40.7,4074
Rasmus Hojgaard,Pierceson Coody,50.6,5058
Rasmus Hojgaard,Joel Dahmen,42.0,4196
Rasmus Hojgaard,Cam Davis,61.8,6176
Rasmus Hojgaard,Jason Day,47.0,4697
Rasmus Hojgaard,Zecheng Dou,48.8,4878
Rasmus Hojgaard,Adrien Dumont de Chassart,48.8,4879
Rasmus Hojgaard,Nick Dunlap,52.7,5275
Rasmus Hojgaard,Nico Echavarria,42.0,4202
Rasmus Hojgaard,Austin Eckroat,49.0,4899
Rasmus Hojgaard,Harris English,37.7,3771
Rasmus Hojgaard,Tony Finau,44.3,4429
Rasmus Hojgaard,Patrick Fishburn,42.9,4289
Rasmus Hojgaard,Steven Fisk,51.4,5136
Rasmus Hojgaard,Alex Fitzpatrick,27.9,2794
Rasmus Hojgaard,Brice Garnett,48.5,4849
Rasmus Hojgaard,Ryan Gerard,34.0,3396
Rasmus Hojgaard,Doug Ghim,34.0,3397
Rasmus Hojgaard,Lucas Glover,42.4,4237
Rasmus Hojgaard,Max Greyserman,49.1,4913
Rasmus Hojgaard,Ben Griffin,30.7,3069
Rasmus Hojgaard,Lanto Griffin,49.1,4913
Rasmus Hojgaard,Emiliano Grillo,36.0,3598
Rasmus Hojgaard,Harry Hall,48.6,4860
Rasmus Hojgaard,Brian Harman,37.6,3757
Rasmus Hojgaard,Garrick Higgo,57.0,5704
Rasmus Hojgaard,Joe Highsmith,54.7,5473
Rasmus Hojgaard,Kensei Hirata,57.9,5793
Rasmus Hojgaard,Ryo Hisatsune,38.8,3883
Rasmus Hojgaard,Lee Hodges,42.0,4196
Rasmus Hojgaard,Rico Hoey,42.2,4224
Rasmus Hojgaard,Tom Hoge,44.3,4435
Rasmus Hojgaard,Billy Horschel,44.1,4407
Rasmus Hojgaard,Beau Hossler,41.9,4190
Rasmus Hojgaard,Mark Hubbard,43.5,4346
Rasmus Hojgaard,Mackenzie Hughes,42.6,4263
Rasmus Hojgaard,Sungjae Im,42.2,4223
Rasmus Hojgaard,Stephan Jaeger,49.0,4904
Rasmus Hojgaard,Ben James,38.1,3807
Rasmus Hojgaard,Takumi Kanaya,48.0,4800
Rasmus Hojgaard,Jeffrey Kang,48.3,4825
Rasmus Hojgaard,Johnny Keefer,40.8,4078
Rasmus Hojgaard,Michael Kim,41.1,4114
Rasmus Hojgaard,Tom Kim,28.2,2819
Rasmus Hojgaard,Chris Kirk,40.5,4045
Rasmus Hojgaard,Patton Kizzire,72.4,7245
Rasmus Hojgaard,Brooks Koepka,39.2,3918
Rasmus Hojgaard,Ben Kohles,32.7,3266
Rasmus Hojgaard,Jackson Koivun,31.3,3135
Rasmus Hojgaard,Matt Kuchar,40.0,4001
Rasmus Hojgaard,Christo Lamprecht,75.1,7509
Rasmus Hojgaard,Hank Lebioda,49.5,4951
Rasmus Hojgaard,Haotong Li,58.7,5865
Rasmus Hojgaard,David Lipsky,46.0,4602
Rasmus Hojgaard,Luke List,47.8,4784
Rasmus Hojgaard,Justin Lower,50.3,5031
Rasmus Hojgaard,Peter Malnati,63.5,6353
Rasmus Hojgaard,Hideki Matsuyama,32.5,3253
Rasmus Hojgaard,Denny McCarthy,44.1,4414
Rasmus Hojgaard,Matt McCarty,47.4,4737
Rasmus Hojgaard,Max McGreevy,40.5,4045
Rasmus Hojgaard,Maverick McNealy,38.8,3883
Rasmus Hojgaard,Mac Meissner,38.6,3862
Rasmus Hojgaard,Keith Mitchell,38.1,3815
Rasmus Hojgaard,Taylor Moore,48.0,4799
Rasmus Hojgaard,William Mouw,41.3,4133
Rasmus Hojgaard,Rasmus Neergaard-Petersen,41.5,4153
Rasmus Hojgaard,Alex Noren,43.2,4321
Rasmus Hojgaard,Andrew Novak,41.9,4193
Rasmus Hojgaard,Pontus Nyholm,54.6,5455
Rasmus Hojgaard,Thorbjorn Olesen,52.4,5238
Rasmus Hojgaard,John Parry,44.2,4417
Rasmus Hojgaard,Matthieu Pavon,47.8,4784
Rasmus Hojgaard,Taylor Pendrith,48.1,4807
Rasmus Hojgaard,Marco Penge,39.6,3960
Rasmus Hojgaard,Chandler Phillips,43.2,4323
Rasmus Hojgaard,J.T. Poston,38.0,3797
Rasmus Hojgaard,Aldrich Potgieter,50.6,5062
Rasmus Hojgaard,Seamus Power,51.9,5187
Rasmus Hojgaard,Andrew Putnam,44.3,4432
Rasmus Hojgaard,Aaron Rai,30.9,3090
Rasmus Hojgaard,Chad Ramey,58.7,5867
Rasmus Hojgaard,Davis Riley,57.0,5704
Rasmus Hojgaard,Patrick Rodgers,58.2,5819
Rasmus Hojgaard,Kevin Roy,48.0,4800
Rasmus Hojgaard,Marcelo Rozo,54.1,5414
Rasmus Hojgaard,Adrien Saddier,50.1,5011
Rasmus Hojgaard,Gordon Sargent,57.1,5715
Rasmus Hojgaard,Adam Schenk,59.5,5945
Rasmus Hojgaard,Matti Schmid,52.1,5205
Rasmus Hojgaard,Ben Silverman,48.1,4807
Rasmus Hojgaard,Webb Simpson,60.9,6087
Rasmus Hojgaard,Alex Smalley,41.0,4105
Rasmus Hojgaard,Jordan Smith,36.7,3669
Rasmus Hojgaard,Austin Smotherman,52.1,5210
Rasmus Hojgaard,Brandt Snedeker,44.6,4462
Rasmus Hojgaard,Jordan Spieth,46.0,4595
Rasmus Hojgaard,Sam Stevens,47.3,4728
Rasmus Hojgaard,Sepp Straka,49.6,4961
Rasmus Hojgaard,Kevin Streelman,47.5,4745
Rasmus Hojgaard,Jackson Suber,36.4,3638
Rasmus Hojgaard,Adam Svensson,53.3,5326
Rasmus Hojgaard,Jesper Svensson,47.0,4703
Rasmus Hojgaard,Nick Taylor,42.3,4229
Rasmus Hojgaard,Sahith Theegala,41.1,4110
Rasmus Hojgaard,Justin Thomas,29.2,2919
Rasmus Hojgaard,Davis Thompson,40.4,4045
Rasmus Hojgaard,Alejandro Tosti,60.2,6022
Rasmus Hojgaard,Erik van Rooyen,46.4,4639
Rasmus Hojgaard,John VanDerLaan,52.6,5263
Rasmus Hojgaard,Karl Vilips,53.3,5328
Rasmus Hojgaard,Camilo Villegas,50.8,5082
Rasmus Hojgaard,Danny Walker,65.5,6548
Rasmus Hojgaard,Matt Wallace,35.7,3567
Rasmus Hojgaard,Vince Whaley,57.5,5751
Rasmus Hojgaard,Aaron Wise,43.4,4341
Rasmus Hojgaard,Dylan Wu,53.2,5322
Rasmus Hojgaard,Cameron Young,26.1,2614
Rasmus Hojgaard,Kevin Yu,38.8,3879
Billy Horschel,Zach Bauchou,46.9,4694
Billy Horschel,Christiaan Bezuidenhout,44.2,4416
Billy Horschel,Daniel Berger,54.6,5459
Billy Horschel,Zac Blair,42.9,4290
Billy Horschel,Chandler Blanchet,56.0,5601
Billy Horschel,Keegan Bradley,40.3,4027
Billy Horschel,Michael Brennan,46.7,4672
Billy Horschel,Brian Campbell,58.9,5895
Billy Horschel,Rafael Campos,59.0,5900
Billy Horschel,Ricky Castillo,48.2,4824
Billy Horschel,Bud Cauley,37.4,3737
Billy Horschel,Davis Chatfield,52.8,5281
Billy Horschel,Luke Clanton,50.6,5057
Billy Horschel,Eric Cole,46.6,4661
Billy Horschel,Pierceson Coody,56.5,5650
Billy Horschel,Joel Dahmen,47.9,4786
Billy Horschel,Cam Davis,67.3,6730
Billy Horschel,Jason Day,52.9,5292
Billy Horschel,Zecheng Dou,54.7,5472
Billy Horschel,Adrien Dumont de Chassart,54.7,5473
Billy Horschel,Nick Dunlap,58.6,5863
Billy Horschel,Nico Echavarria,47.9,4791
Billy Horschel,Austin Eckroat,54.9,5493
Billy Horschel,Harris English,43.5,4349
Billy Horschel,Tony Finau,50.2,5022
Billy Horschel,Patrick Fishburn,48.8,4881
Billy Horschel,Steven Fisk,57.3,5727
Billy Horschel,Alex Fitzpatrick,33.2,3316
Billy Horschel,Brice Garnett,54.4,5444
Billy Horschel,Ryan Gerard,39.6,3957
Billy Horschel,Doug Ghim,39.6,3959
Billy Horschel,Lucas Glover,48.3,4827
Billy Horschel,Max Greyserman,55.1,5507
Billy Horschel,Ben Griffin,36.1,3611
Billy Horschel,Lanto Griffin,55.1,5507
Billy Horschel,Emiliano Grillo,41.7,4169
Billy Horschel,Harry Hall,54.5,5454
Billy Horschel,Brian Harman,43.3,4334
Billy Horschel,Garrick Higgo,62.8,6280
Billy Horschel,Joe Highsmith,60.6,6057
Billy Horschel,Kensei Hirata,63.7,6365
Billy Horschel,Ryo Hisatsune,44.7,4465
Billy Horschel,Lee Hodges,47.9,4786
Billy Horschel,Rico Hoey,48.1,4814
Billy Horschel,Tom Hoge,50.3,5028
Billy Horschel,Rasmus Hojgaard,55.9,5593
Billy Horschel,Beau Hossler,47.8,4780
Billy Horschel,Mark Hubbard,49.4,4938
Billy Horschel,Mackenzie Hughes,48.5,4854
Billy Horschel,Sungjae Im,48.1,4813
Billy Horschel,Stephan Jaeger,55.0,5498
Billy Horschel,Ben James,43.9,4386
Billy Horschel,Takumi Kanaya,53.9,5395
Billy Horschel,Jeffrey Kang,54.2,5420
Billy Horschel,Johnny Keefer,46.6,4665
Billy Horschel,Michael Kim,47.0,4702
Billy Horschel,Tom Kim,33.4,3343
Billy Horschel,Chris Kirk,46.3,4632
Billy Horschel,Patton Kizzire,77.2,7720
Billy Horschel,Brooks Koepka,45.0,4500
Billy Horschel,Ben Kohles,38.2,3820
Billy Horschel,Jackson Koivun,36.8,3681
Billy Horschel,Matt Kuchar,45.9,4586
Billy Horschel,Christo Lamprecht,79.6,7958
Billy Horschel,Hank Lebioda,55.4,5544
Billy Horschel,Haotong Li,64.3,6435
Billy Horschel,David Lipsky,52.0,5197
Billy Horschel,Luke List,53.8,5379
Billy Horschel,Justin Lower,56.2,5623
Billy Horschel,Peter Malnati,69.0,6897
Billy Horschel,Hideki Matsuyama,38.1,3806
Billy Horschel,Denny McCarthy,50.1,5007
Billy Horschel,Matt McCarty,53.3,5332
Billy Horschel,Max McGreevy,46.3,4631
Billy Horschel,Maverick McNealy,44.7,4465
Billy Horschel,Mac Meissner,44.4,4444
Billy Horschel,Keith Mitchell,43.9,4394
Billy Horschel,Taylor Moore,53.9,5394
Billy Horschel,William Mouw,47.2,4722
Billy Horschel,Rasmus Neergaard-Petersen,47.4,4742
Billy Horschel,Alex Noren,49.1,4913
Billy Horschel,Andrew Novak,47.8,4782
Billy Horschel,Pontus Nyholm,60.4,6040
Billy Horschel,Thorbjorn Olesen,58.3,5828
Billy Horschel,John Parry,50.1,5010
Billy Horschel,Matthieu Pavon,53.8,5379
Billy Horschel,Taylor Pendrith,54.0,5401
Billy Horschel,Marco Penge,45.4,4544
Billy Horschel,Chandler Phillips,49.2,4915
Billy Horschel,J.T. Poston,43.8,4376
Billy Horschel,Aldrich Potgieter,56.5,5655
Billy Horschel,Seamus Power,57.8,5777
Billy Horschel,Andrew Putnam,50.2,5025
Billy Horschel,Aaron Rai,36.3,3633
Billy Horschel,Chad Ramey,64.4,6436
Billy Horschel,Davis Riley,62.8,6280
Billy Horschel,Patrick Rodgers,63.9,6391
Billy Horschel,Kevin Roy,53.9,5395
Billy Horschel,Marcelo Rozo,60.0,5999
Billy Horschel,Adrien Saddier,56.0,5604
Billy Horschel,Gordon Sargent,62.9,6291
Billy Horschel,Adam Schenk,65.1,6511
Billy Horschel,Matti Schmid,57.9,5795
Billy Horschel,Ben Silverman,54.0,5401
Billy Horschel,Webb Simpson,66.5,6646
Billy Horschel,Alex Smalley,46.9,4693
Billy Horschel,Jordan Smith,42.4,4243
Billy Horschel,Austin Smotherman,58.0,5799
Billy Horschel,Brandt Snedeker,50.6,5056
Billy Horschel,Jordan Spieth,51.9,5189
Billy Horschel,Sam Stevens,53.2,5323
Billy Horschel,Sepp Straka,55.5,5554
Billy Horschel,Kevin Streelman,53.4,5340
Billy Horschel,Jackson Suber,42.1,4210
Billy Horschel,Adam Svensson,59.1,5913
Billy Horschel,Jesper Svensson,53.0,5298
Billy Horschel,Nick Taylor,48.2,4819
Billy Horschel,Sahith Theegala,47.0,4698
Billy Horschel,Justin Thomas,34.5,3451
Billy Horschel,Davis Thompson,46.3,4631
Billy Horschel,Alejandro Tosti,65.8,6584
Billy Horschel,Erik van Rooyen,52.3,5234
Billy Horschel,John VanDerLaan,58.5,5851
Billy Horschel,Karl Vilips,59.2,5915
Billy Horschel,Camilo Villegas,56.7,5674
Billy Horschel,Danny Walker,70.8,7079
Billy Horschel,Matt Wallace,41.4,4137
Billy Horschel,Vince Whaley,63.3,6325
Billy Horschel,Aaron Wise,49.3,4934
Billy Horschel,Dylan Wu,59.1,5910
Billy Horschel,Cameron Young,31.2,3121
Billy Horschel,Kevin Yu,44.6,4461
Beau Hossler,Zach Bauchou,49.1,4914
Beau Hossler,Christiaan Bezuidenhout,46.3,4635
Beau Hossler,Daniel Berger,56.8,5677
Beau Hossler,Zac Blair,45.1,4508
Beau Hossler,Chandler Blanchet,58.2,5818
Beau Hossler,Keegan Bradley,42.4,4242
Beau Hossler,Michael Brennan,48.9,4892
Beau Hossler,Brian Campbell,61.1,6108
Beau Hossler,Rafael Campos,61.1,6113
Beau Hossler,Ricky Castillo,50.4,5044
Beau Hossler,Bud Cauley,39.5,3948
Beau Hossler,Davis Chatfield,55.0,5500
Beau Hossler,Luke Clanton,52.8,5277
Beau Hossler,Eric Cole,48.8,4881
Beau Hossler,Pierceson Coody,58.7,5867
Beau Hossler,Joel Dahmen,50.1,5006
Beau Hossler,Cam Davis,69.3,6927
Beau Hossler,Jason Day,55.1,5511
Beau Hossler,Zecheng Dou,56.9,5690
Beau Hossler,Adrien Dumont de Chassart,56.9,5691
Beau Hossler,Nick Dunlap,60.8,6077
Beau Hossler,Nico Echavarria,50.1,5012
Beau Hossler,Austin Eckroat,57.1,5711
Beau Hossler,Harris English,45.7,4567
Beau Hossler,Tony Finau,52.4,5242
Beau Hossler,Patrick Fishburn,51.0,5101
Beau Hossler,Steven Fisk,59.4,5943
Beau Hossler,Alex Fitzpatrick,35.2,3519
Beau Hossler,Brice Garnett,56.6,5662
Beau Hossler,Ryan Gerard,41.7,4171
Beau Hossler,Doug Ghim,41.7,4173
Beau Hossler,Lucas Glover,50.5,5047
Beau Hossler,Max Greyserman,57.2,5725
Beau Hossler,Ben Griffin,38.2,3819
Beau Hossler,Lanto Griffin,57.2,5724
Beau Hossler,Emiliano Grillo,43.9,4386
Beau Hossler,Harry Hall,56.7,5672
Beau Hossler,Brian Harman,45.5,4552
Beau Hossler,Garrick Higgo,64.9,6487
Beau Hossler,Joe Highsmith,62.7,6267
Beau Hossler,Kensei Hirata,65.7,6570
Beau Hossler,Ryo Hisatsune,46.8,4684
Beau Hossler,Lee Hodges,50.1,5006
Beau Hossler,Rico Hoey,50.3,5034
Beau Hossler,Tom Hoge,52.5,5248
Beau Hossler,Rasmus Hojgaard,58.1,5810
Beau Hossler,Billy Horschel,52.2,5220
Beau Hossler,Mark Hubbard,51.6,5158
Beau Hossler,Mackenzie Hughes,50.7,5074
Beau Hossler,Sungjae Im,50.3,5033
Beau Hossler,Stephan Jaeger,57.2,5715
Beau Hossler,Ben James,46.0,4605
Beau Hossler,Takumi Kanaya,56.1,5613
Beau Hossler,Jeffrey Kang,56.4,5638
Beau Hossler,Johnny Keefer,48.8,4885
Beau Hossler,Michael Kim,49.2,4922
Beau Hossler,Tom Kim,35.5,3546
Beau Hossler,Chris Kirk,48.5,4851
Beau Hossler,Patton Kizzire,78.8,7883
Beau Hossler,Brooks Koepka,47.2,4719
Beau Hossler,Ben Kohles,40.3,4032
Beau Hossler,Jackson Koivun,38.9,3891
Beau Hossler,Matt Kuchar,48.1,4805
Beau Hossler,Christo Lamprecht,81.1,8110
Beau Hossler,Hank Lebioda,57.6,5762
Beau Hossler,Haotong Li,66.4,6638
Beau Hossler,David Lipsky,54.2,5416
Beau Hossler,Luke List,56.0,5597
Beau Hossler,Justin Lower,58.4,5840
Beau Hossler,Peter Malnati,70.9,7089
Beau Hossler,Hideki Matsuyama,40.2,4018
Beau Hossler,Denny McCarthy,52.3,5228
Beau Hossler,Matt McCarty,55.5,5550
Beau Hossler,Max McGreevy,48.5,4851
Beau Hossler,Maverick McNealy,46.8,4684
Beau Hossler,Mac Meissner,46.6,4662
Beau Hossler,Keith Mitchell,46.1,4613
Beau Hossler,Taylor Moore,56.1,5612
Beau Hossler,William Mouw,49.4,4942
Beau Hossler,Rasmus Neergaard-Petersen,49.6,4962
Beau Hossler,Alex Noren,51.3,5133
Beau Hossler,Andrew Novak,50.0,5002
Beau Hossler,Pontus Nyholm,62.5,6251
Beau Hossler,Thorbjorn Olesen,60.4,6042
Beau Hossler,John Parry,52.3,5230
Beau Hossler,Matthieu Pavon,56.0,5597
Beau Hossler,Taylor Pendrith,56.2,5619
Beau Hossler,Marco Penge,47.6,4764
Beau Hossler,Chandler Phillips,51.4,5135
Beau Hossler,J.T. Poston,45.9,4594
Beau Hossler,Aldrich Potgieter,58.7,5871
Beau Hossler,Seamus Power,59.9,5992
Beau Hossler,Andrew Putnam,52.5,5245
Beau Hossler,Aaron Rai,38.4,3842
Beau Hossler,Chad Ramey,66.4,6640
Beau Hossler,Davis Riley,64.9,6487
Beau Hossler,Patrick Rodgers,66.0,6595
Beau Hossler,Kevin Roy,56.1,5613
Beau Hossler,Marcelo Rozo,62.1,6211
Beau Hossler,Adrien Saddier,58.2,5821
Beau Hossler,Gordon Sargent,65.0,6497
Beau Hossler,Adam Schenk,67.1,6713
Beau Hossler,Matti Schmid,60.1,6010
Beau Hossler,Ben Silverman,56.2,5619
Beau Hossler,Webb Simpson,68.5,6845
Beau Hossler,Alex Smalley,49.1,4913
Beau Hossler,Jordan Smith,44.6,4460
Beau Hossler,Austin Smotherman,60.1,6014
Beau Hossler,Brandt Snedeker,52.8,5276
Beau Hossler,Jordan Spieth,54.1,5409
Beau Hossler,Sam Stevens,55.4,5542
Beau Hossler,Sepp Straka,57.7,5771
Beau Hossler,Kevin Streelman,55.6,5559
Beau Hossler,Jackson Suber,44.3,4427
Beau Hossler,Adam Svensson,61.3,6126
Beau Hossler,Jesper Svensson,55.2,5517
Beau Hossler,Nick Taylor,50.4,5040
Beau Hossler,Sahith Theegala,49.2,4918
Beau Hossler,Justin Thomas,36.6,3657
Beau Hossler,Davis Thompson,48.5,4851
Beau Hossler,Alejandro Tosti,67.8,6785
Beau Hossler,Erik van Rooyen,54.5,5453
Beau Hossler,John VanDerLaan,60.7,6065
Beau Hossler,Karl Vilips,61.3,6128
Beau Hossler,Camilo Villegas,58.9,5890
Beau Hossler,Danny Walker,72.7,7266
Beau Hossler,Matt Wallace,43.5,4353
Beau Hossler,Vince Whaley,65.3,6531
Beau Hossler,Aaron Wise,51.5,5154
Beau Hossler,Dylan Wu,61.2,6123
Beau Hossler,Cameron Young,33.2,3319
Beau Hossler,Kevin Yu,46.8,4680
Mark Hubbard,Zach Bauchou,47.6,4755
Mark Hubbard,Christiaan Bezuidenhout,44.8,4477
Mark Hubbard,Daniel Berger,55.2,5520
Mark Hubbard,Zac Blair,43.5,4351
Mark Hubbard,Chandler Blanchet,56.6,5662
Mark Hubbard,Keegan Bradley,40.9,4087
Mark Hubbard,Michael Brennan,47.3,4734
Mark Hubbard,Brian Campbell,59.5,5955
Mark Hubbard,Rafael Campos,59.6,5960
Mark Hubbard,Ricky Castillo,48.9,4886
Mark Hubbard,Bud Cauley,38.0,3796
Mark Hubbard,Davis Chatfield,53.4,5343
Mark Hubbard,Luke Clanton,51.2,5118
Mark Hubbard,Eric Cole,47.2,4722
Mark Hubbard,Pierceson Coody,57.1,5711
Mark Hubbard,Joel Dahmen,48.5,4848
Mark Hubbard,Cam Davis,67.9,6786
Mark Hubbard,Jason Day,53.5,5353
Mark Hubbard,Zecheng Dou,55.3,5533
Mark Hubbard,Adrien Dumont de Chassart,55.3,5534
Mark Hubbard,Nick Dunlap,59.2,5924
Mark Hubbard,Nico Echavarria,48.5,4853
Mark Hubbard,Austin Eckroat,55.5,5555
Mark Hubbard,Harris English,44.1,4410
Mark Hubbard,Tony Finau,50.8,5084
Mark Hubbard,Patrick Fishburn,49.4,4942
Mark Hubbard,Steven Fisk,57.9,5788
Mark Hubbard,Alex Fitzpatrick,33.7,3373
Mark Hubbard,Brice Garnett,55.1,5505
Mark Hubbard,Ryan Gerard,40.2,4017
Mark Hubbard,Doug Ghim,40.2,4019
Mark Hubbard,Lucas Glover,48.9,4889
Mark Hubbard,Max Greyserman,55.7,5568
Mark Hubbard,Ben Griffin,36.7,3669
Mark Hubbard,Lanto Griffin,55.7,5568
Mark Hubbard,Emiliano Grillo,42.3,4230
Mark Hubbard,Harry Hall,55.2,5515
Mark Hubbard,Brian Harman,44.0,4395
Mark Hubbard,Garrick Higgo,63.4,6338
Mark Hubbard,Joe Highsmith,61.2,6116
Mark Hubbard,Kensei Hirata,64.2,6423
Mark Hubbard,Ryo Hisatsune,45.3,4526
Mark Hubbard,Lee Hodges,48.5,4848
Mark Hubbard,Rico Hoey,48.8,4876
Mark Hubbard,Tom Hoge,50.9,5090
Mark Hubbard,Rasmus Hojgaard,56.5,5654
Mark Hubbard,Billy Horschel,50.6,5062
Mark Hubbard,Beau Hossler,48.4,4842
Mark Hubbard,Mackenzie Hughes,49.2,4916
Mark Hubbard,Sungjae Im,48.7,4875
Mark Hubbard,Stephan Jaeger,55.6,5559
Mark Hubbard,Ben James,44.5,4447
Mark Hubbard,Takumi Kanaya,54.6,5456
Mark Hubbard,Jeffrey Kang,54.8,5481
Mark Hubbard,Johnny Keefer,47.3,4726
Mark Hubbard,Michael Kim,47.6,4764
Mark Hubbard,Tom Kim,34.0,3400
Mark Hubbard,Chris Kirk,46.9,4693
Mark Hubbard,Patton Kizzire,77.7,7766
Mark Hubbard,Brooks Koepka,45.6,4562
Mark Hubbard,Ben Kohles,38.8,3879
Mark Hubbard,Jackson Koivun,37.4,3740
Mark Hubbard,Matt Kuchar,46.5,4647
Mark Hubbard,Christo Lamprecht,80.0,8001
Mark Hubbard,Hank Lebioda,56.1,5606
Mark Hubbard,Haotong Li,64.9,6492
Mark Hubbard,David Lipsky,52.6,5259
Mark Hubbard,Luke List,54.4,5440
Mark Hubbard,Justin Lower,56.8,5684
Mark Hubbard,Peter Malnati,69.5,6952
Mark Hubbard,Hideki Matsuyama,38.7,3865
Mark Hubbard,Denny McCarthy,50.7,5069
Mark Hubbard,Matt McCarty,53.9,5393
Mark Hubbard,Max McGreevy,46.9,4693
Mark Hubbard,Maverick McNealy,45.3,4526
Mark Hubbard,Mac Meissner,45.0,4505
Mark Hubbard,Keith Mitchell,44.6,4456
Mark Hubbard,Taylor Moore,54.6,5455
Mark Hubbard,William Mouw,47.8,4783
Mark Hubbard,Rasmus Neergaard-Petersen,48.0,4803
Mark Hubbard,Alex Noren,49.8,4975
Mark Hubbard,Andrew Novak,48.4,4844
Mark Hubbard,Pontus Nyholm,61.0,6099
Mark Hubbard,Thorbjorn Olesen,58.9,5888
Mark Hubbard,John Parry,50.7,5072
Mark Hubbard,Matthieu Pavon,54.4,5440
Mark Hubbard,Taylor Pendrith,54.6,5463
Mark Hubbard,Marco Penge,46.1,4606
Mark Hubbard,Chandler Phillips,49.8,4977
Mark Hubbard,J.T. Poston,44.4,4437
Mark Hubbard,Aldrich Potgieter,57.2,5716
Mark Hubbard,Seamus Power,58.4,5838
Mark Hubbard,Andrew Putnam,50.9,5087
Mark Hubbard,Aaron Rai,36.9,3691
Mark Hubbard,Chad Ramey,64.9,6494
Mark Hubbard,Davis Riley,63.4,6339
Mark Hubbard,Patrick Rodgers,64.5,6449
Mark Hubbard,Kevin Roy,54.6,5456
Mark Hubbard,Marcelo Rozo,60.6,6059
Mark Hubbard,Adrien Saddier,56.7,5665
Mark Hubbard,Gordon Sargent,63.5,6349
Mark Hubbard,Adam Schenk,65.7,6569
Mark Hubbard,Matti Schmid,58.6,5855
Mark Hubbard,Ben Silverman,54.6,5462
Mark Hubbard,Webb Simpson,67.0,6703
Mark Hubbard,Alex Smalley,47.5,4754
Mark Hubbard,Jordan Smith,43.0,4304
Mark Hubbard,Austin Smotherman,58.6,5860
Mark Hubbard,Brandt Snedeker,51.2,5118
Mark Hubbard,Jordan Spieth,52.5,5251
Mark Hubbard,Sam Stevens,53.8,5384
Mark Hubbard,Sepp Straka,56.2,5615
Mark Hubbard,Kevin Streelman,54.0,5401
Mark Hubbard,Jackson Suber,42.7,4271
Mark Hubbard,Adam Svensson,59.7,5973
Mark Hubbard,Jesper Svensson,53.6,5359
Mark Hubbard,Nick Taylor,48.8,4881
Mark Hubbard,Sahith Theegala,47.6,4759
Mark Hubbard,Justin Thomas,35.1,3508
Mark Hubbard,Davis Thompson,46.9,4693
Mark Hubbard,Alejandro Tosti,66.4,6641
Mark Hubbard,Erik van Rooyen,53.0,5295
Mark Hubbard,John VanDerLaan,59.1,5912
Mark Hubbard,Karl Vilips,59.8,5976
Mark Hubbard,Camilo Villegas,57.4,5735
Mark Hubbard,Danny Walker,71.3,7132
Mark Hubbard,Matt Wallace,42.0,4197
Mark Hubbard,Vince Whaley,63.8,6383
Mark Hubbard,Aaron Wise,50.0,4995
Mark Hubbard,Dylan Wu,59.7,5970
Mark Hubbard,Cameron Young,31.8,3176
Mark Hubbard,Kevin Yu,45.2,4522
Mackenzie Hughes,Zach Bauchou,48.4,4840
Mackenzie Hughes,Christiaan Bezuidenhout,45.6,4561
Mackenzie Hughes,Daniel Berger,56.0,5604
Mackenzie Hughes,Zac Blair,44.3,4434
Mackenzie Hughes,Chandler Blanchet,57.5,5745
Mackenzie Hughes,Keegan Bradley,41.7,4169
Mackenzie Hughes,Michael Brennan,48.2,4818
Mackenzie Hughes,Brian Campbell,60.4,6037
Mackenzie Hughes,Rafael Campos,60.4,6042
Mackenzie Hughes,Ricky Castillo,49.7,4970
Mackenzie Hughes,Bud Cauley,38.8,3877
Mackenzie Hughes,Davis Chatfield,54.3,5427
Mackenzie Hughes,Luke Clanton,52.0,5203
Mackenzie Hughes,Eric Cole,48.1,4807
Mackenzie Hughes,Pierceson Coody,57.9,5794
Mackenzie Hughes,Joel Dahmen,49.3,4932
Mackenzie Hughes,Cam Davis,68.6,6861
Mackenzie Hughes,Jason Day,54.4,5437
Mackenzie Hughes,Zecheng Dou,56.2,5617
Mackenzie Hughes,Adrien Dumont de Chassart,56.2,5618
Mackenzie Hughes,Nick Dunlap,60.1,6006
Mackenzie Hughes,Nico Echavarria,49.4,4938
Mackenzie Hughes,Austin Eckroat,56.4,5638
Mackenzie Hughes,Harris English,44.9,4493
Mackenzie Hughes,Tony Finau,51.7,5168
Mackenzie Hughes,Patrick Fishburn,50.3,5027
Mackenzie Hughes,Steven Fisk,58.7,5870
Mackenzie Hughes,Alex Fitzpatrick,34.5,3450
Mackenzie Hughes,Brice Garnett,55.9,5589
Mackenzie Hughes,Ryan Gerard,41.0,4099
Mackenzie Hughes,Doug Ghim,41.0,4101
Mackenzie Hughes,Lucas Glover,49.7,4973
Mackenzie Hughes,Max Greyserman,56.5,5652
Mackenzie Hughes,Ben Griffin,37.5,3749
Mackenzie Hughes,Lanto Griffin,56.5,5651
Mackenzie Hughes,Emiliano Grillo,43.1,4313
Mackenzie Hughes,Harry Hall,56.0,5599
Mackenzie Hughes,Brian Harman,44.8,4479
Mackenzie Hughes,Garrick Higgo,64.2,6418
Mackenzie Hughes,Joe Highsmith,62.0,6197
Mackenzie Hughes,Kensei Hirata,65.0,6502
Mackenzie Hughes,Ryo Hisatsune,46.1,4610
Mackenzie Hughes,Lee Hodges,49.3,4932
Mackenzie Hughes,Rico Hoey,49.6,4960
Mackenzie Hughes,Tom Hoge,51.7,5174
Mackenzie Hughes,Rasmus Hojgaard,57.4,5737
Mackenzie Hughes,Billy Horschel,51.5,5146
Mackenzie Hughes,Beau Hossler,49.3,4926
Mackenzie Hughes,Mark Hubbard,50.8,5084
Mackenzie Hughes,Sungjae Im,49.6,4959
Mackenzie Hughes,Stephan Jaeger,56.4,5643
Mackenzie Hughes,Ben James,45.3,4531
Mackenzie Hughes,Takumi Kanaya,55.4,5540
Mackenzie Hughes,Jeffrey Kang,55.6,5565
Mackenzie Hughes,Johnny Keefer,48.1,4811
Mackenzie Hughes,Michael Kim,48.5,4848
Mackenzie Hughes,Tom Kim,34.8,3477
Mackenzie Hughes,Chris Kirk,47.8,4777
Mackenzie Hughes,Patton Kizzire,78.3,7829
Mackenzie Hughes,Brooks Koepka,46.5,4646
Mackenzie Hughes,Ben Kohles,39.6,3960
Mackenzie Hughes,Jackson Koivun,38.2,3820
Mackenzie Hughes,Matt Kuchar,47.3,4732
Mackenzie Hughes,Christo Lamprecht,80.6,8060
Mackenzie Hughes,Hank Lebioda,56.9,5689
Mackenzie Hughes,Haotong Li,65.7,6570
Mackenzie Hughes,David Lipsky,53.4,5343
Mackenzie Hughes,Luke List,55.2,5524
Mackenzie Hughes,Justin Lower,57.7,5767
Mackenzie Hughes,Peter Malnati,70.3,7026
Mackenzie Hughes,Hideki Matsuyama,39.5,3947
Mackenzie Hughes,Denny McCarthy,51.5,5154
Mackenzie Hughes,Matt McCarty,54.8,5477
Mackenzie Hughes,Max McGreevy,47.8,4777
Mackenzie Hughes,Maverick McNealy,46.1,4610
Mackenzie Hughes,Mac Meissner,45.9,4589
Mackenzie Hughes,Keith Mitchell,45.4,4539
Mackenzie Hughes,Taylor Moore,55.4,5539
Mackenzie Hughes,William Mouw,48.7,4868
Mackenzie Hughes,Rasmus Neergaard-Petersen,48.9,4888
Mackenzie Hughes,Alex Noren,50.6,5060
Mackenzie Hughes,Andrew Novak,49.3,4928
Mackenzie Hughes,Pontus Nyholm,61.8,6180
Mackenzie Hughes,Thorbjorn Olesen,59.7,5970
Mackenzie Hughes,John Parry,51.6,5156
Mackenzie Hughes,Matthieu Pavon,55.2,5524
Mackenzie Hughes,Taylor Pendrith,55.5,5546
Mackenzie Hughes,Marco Penge,46.9,4690
Mackenzie Hughes,Chandler Phillips,50.6,5061
Mackenzie Hughes,J.T. Poston,45.2,4521
Mackenzie Hughes,Aldrich Potgieter,58.0,5798
Mackenzie Hughes,Seamus Power,59.2,5920
Mackenzie Hughes,Andrew Putnam,51.7,5171
Mackenzie Hughes,Aaron Rai,37.7,3772
Mackenzie Hughes,Chad Ramey,65.7,6572
Mackenzie Hughes,Davis Riley,64.2,6418
Mackenzie Hughes,Patrick Rodgers,65.3,6527
Mackenzie Hughes,Kevin Roy,55.4,5540
Mackenzie Hughes,Marcelo Rozo,61.4,6140
Mackenzie Hughes,Adrien Saddier,57.5,5748
Mackenzie Hughes,Gordon Sargent,64.3,6428
Mackenzie Hughes,Adam Schenk,66.5,6646
Mackenzie Hughes,Matti Schmid,59.4,5938
Mackenzie Hughes,Ben Silverman,55.5,5546
Mackenzie Hughes,Webb Simpson,67.8,6779
Mackenzie Hughes,Alex Smalley,48.4,4839
Mackenzie Hughes,Jordan Smith,43.9,4387
Mackenzie Hughes,Austin Smotherman,59.4,5942
Mackenzie Hughes,Brandt Snedeker,52.0,5202
Mackenzie Hughes,Jordan Spieth,53.4,5335
Mackenzie Hughes,Sam Stevens,54.7,5468
Mackenzie Hughes,Sepp Straka,57.0,5698
Mackenzie Hughes,Kevin Streelman,54.9,5485
Mackenzie Hughes,Jackson Suber,43.5,4354
Mackenzie Hughes,Adam Svensson,60.6,6055
Mackenzie Hughes,Jesper Svensson,54.4,5443
Mackenzie Hughes,Nick Taylor,49.7,4966
Mackenzie Hughes,Sahith Theegala,48.4,4844
Mackenzie Hughes,Justin Thomas,35.9,3587
Mackenzie Hughes,Davis Thompson,47.8,4777
Mackenzie Hughes,Alejandro Tosti,67.2,6718
Mackenzie Hughes,Erik van Rooyen,53.8,5379
Mackenzie Hughes,John VanDerLaan,59.9,5994
Mackenzie Hughes,Karl Vilips,60.6,6057
Mackenzie Hughes,Camilo Villegas,58.2,5818
Mackenzie Hughes,Danny Walker,72.0,7204
Mackenzie Hughes,Matt Wallace,42.8,4280
Mackenzie Hughes,Vince Whaley,64.6,6462
Mackenzie Hughes,Aaron Wise,50.8,5080
Mackenzie Hughes,Dylan Wu,60.5,6051
Mackenzie Hughes,Cameron Young,32.5,3252
Mackenzie Hughes,Kevin Yu,46.1,4606
Sungjae Im,Zach Bauchou,48.8,4881
Sungjae Im,Christiaan Bezuidenhout,46.0,4602
Sungjae Im,Daniel Berger,56.4,5644
Sungjae Im,Zac Blair,44.7,4475
Sungjae Im,Chandler Blanchet,57.9,5786
Sungjae Im,Keegan Bradley,42.1,4209
Sungjae Im,Michael Brennan,48.6,4859
Sungjae Im,Brian Campbell,60.8,6076
Sungjae Im,Rafael Campos,60.8,6082
Sungjae Im,Ricky Castillo,50.1,5011
Sungjae Im,Bud Cauley,39.2,3916
Sungjae Im,Davis Chatfield,54.7,5468
Sungjae Im,Luke Clanton,52.4,5244
Sungjae Im,Eric Cole,48.5,4848
Sungjae Im,Pierceson Coody,58.3,5834
Sungjae Im,Joel Dahmen,49.7,4973
Sungjae Im,Cam Davis,69.0,6898
Sungjae Im,Jason Day,54.8,5478
Sungjae Im,Zecheng Dou,56.6,5657
Sungjae Im,Adrien Dumont de Chassart,56.6,5658
Sungjae Im,Nick Dunlap,60.5,6045
Sungjae Im,Nico Echavarria,49.8,4979
Sungjae Im,Austin Eckroat,56.8,5678
Sungjae Im,Harris English,45.3,4534
Sungjae Im,Tony Finau,52.1,5209
Sungjae Im,Patrick Fishburn,50.7,5068
Sungjae Im,Steven Fisk,59.1,5910
Sungjae Im,Alex Fitzpatrick,34.9,3488
Sungjae Im,Brice Garnett,56.3,5629
Sungjae Im,Ryan Gerard,41.4,4139
Sungjae Im,Doug Ghim,41.4,4141
Sungjae Im,Lucas Glover,50.1,5014
Sungjae Im,Max Greyserman,56.9,5692
Sungjae Im,Ben Griffin,37.9,3788
Sungjae Im,Lanto Griffin,56.9,5692
Sungjae Im,Emiliano Grillo,43.5,4353
Sungjae Im,Harry Hall,56.4,5639
Sungjae Im,Brian Harman,45.2,4520
Sungjae Im,Garrick Higgo,64.6,6456
Sungjae Im,Joe Highsmith,62.4,6236
Sungjae Im,Kensei Hirata,65.4,6540
Sungjae Im,Ryo Hisatsune,46.5,4651
Sungjae Im,Lee Hodges,49.7,4973
Sungjae Im,Rico Hoey,50.0,5001
Sungjae Im,Tom Hoge,52.2,5215
Sungjae Im,Rasmus Hojgaard,57.8,5777
Sungjae Im,Billy Horschel,51.9,5187
Sungjae Im,Beau Hossler,49.7,4967
Sungjae Im,Mark Hubbard,51.3,5125
Sungjae Im,Mackenzie Hughes,50.4,5041
Sungjae Im,Stephan Jaeger,56.8,5683
Sungjae Im,Ben James,45.7,4572
Sungjae Im,Takumi Kanaya,55.8,5580
Sungjae Im,Jeffrey Kang,56.1,5605
Sungjae Im,Johnny Keefer,48.5,4852
Sungjae Im,Michael Kim,48.9,4889
Sungjae Im,Tom Kim,35.2,3515
Sungjae Im,Chris Kirk,48.2,4818
Sungjae Im,Patton Kizzire,78.6,7859
Sungjae Im,Brooks Koepka,46.9,4687
Sungjae Im,Ben Kohles,40.0,4000
Sungjae Im,Jackson Koivun,38.6,3860
Sungjae Im,Matt Kuchar,47.7,4773
Sungjae Im,Christo Lamprecht,80.9,8088
Sungjae Im,Hank Lebioda,57.3,5729
Sungjae Im,Haotong Li,66.1,6608
Sungjae Im,David Lipsky,53.8,5384
Sungjae Im,Luke List,55.6,5565
Sungjae Im,Justin Lower,58.1,5807
Sungjae Im,Peter Malnati,70.6,7061
Sungjae Im,Hideki Matsuyama,39.9,3986
Sungjae Im,Denny McCarthy,51.9,5195
Sungjae Im,Matt McCarty,55.2,5518
Sungjae Im,Max McGreevy,48.2,4818
Sungjae Im,Maverick McNealy,46.5,4651
Sungjae Im,Mac Meissner,46.3,4630
Sungjae Im,Keith Mitchell,45.8,4580
Sungjae Im,Taylor Moore,55.8,5579
Sungjae Im,William Mouw,49.1,4909
Sungjae Im,Rasmus Neergaard-Petersen,49.3,4929
Sungjae Im,Alex Noren,51.0,5101
Sungjae Im,Andrew Novak,49.7,4969
Sungjae Im,Pontus Nyholm,62.2,6219
Sungjae Im,Thorbjorn Olesen,60.1,6010
Sungjae Im,John Parry,52.0,5197
Sungjae Im,Matthieu Pavon,55.6,5565
Sungjae Im,Taylor Pendrith,55.9,5587
Sungjae Im,Marco Penge,47.3,4731
Sungjae Im,Chandler Phillips,51.0,5102
Sungjae Im,J.T. Poston,45.6,4562
Sungjae Im,Aldrich Potgieter,58.4,5839
Sungjae Im,Seamus Power,59.6,5960
Sungjae Im,Andrew Putnam,52.1,5212
Sungjae Im,Aaron Rai,38.1,3811
Sungjae Im,Chad Ramey,66.1,6610
Sungjae Im,Davis Riley,64.6,6456
Sungjae Im,Patrick Rodgers,65.7,6565
Sungjae Im,Kevin Roy,55.8,5580
Sungjae Im,Marcelo Rozo,61.8,6180
Sungjae Im,Adrien Saddier,57.9,5789
Sungjae Im,Gordon Sargent,64.7,6466
Sungjae Im,Adam Schenk,66.8,6683
Sungjae Im,Matti Schmid,59.8,5978
Sungjae Im,Ben Silverman,55.9,5587
Sungjae Im,Webb Simpson,68.2,6816
Sungjae Im,Alex Smalley,48.8,4880
Sungjae Im,Jordan Smith,44.3,4428
Sungjae Im,Austin Smotherman,59.8,5982
Sungjae Im,Brandt Snedeker,52.4,5243
Sungjae Im,Jordan Spieth,53.8,5376
Sungjae Im,Sam Stevens,55.1,5509
Sungjae Im,Sepp Straka,57.4,5739
Sungjae Im,Kevin Streelman,55.3,5526
Sungjae Im,Jackson Suber,43.9,4395
Sungjae Im,Adam Svensson,60.9,6095
Sungjae Im,Jesper Svensson,54.8,5484
Sungjae Im,Nick Taylor,50.1,5007
Sungjae Im,Sahith Theegala,48.8,4885
Sungjae Im,Justin Thomas,36.3,3626
Sungjae Im,Davis Thompson,48.2,4818
Sungjae Im,Alejandro Tosti,67.5,6755
Sungjae Im,Erik van Rooyen,54.2,5420
Sungjae Im,John VanDerLaan,60.3,6033
Sungjae Im,Karl Vilips,61.0,6097
Sungjae Im,Camilo Villegas,58.6,5858
Sungjae Im,Danny Walker,72.4,7239
Sungjae Im,Matt Wallace,43.2,4320
Sungjae Im,Vince Whaley,65.0,6501
Sungjae Im,Aaron Wise,51.2,5121
Sungjae Im,Dylan Wu,60.9,6091
Sungjae Im,Cameron Young,32.9,3289
Sungjae Im,Kevin Yu,46.5,4647
Stephan Jaeger,Zach Bauchou,42.0,4200
Stephan Jaeger,Christiaan Bezuidenhout,39.3,3928
Stephan Jaeger,Daniel Berger,49.6,4961
Stephan Jaeger,Zac Blair,38.1,3805
Stephan Jaeger,Chandler Blanchet,51.0,5104
Stephan Jaeger,Keegan Bradley,35.5,3551
Stephan Jaeger,Michael Brennan,41.8,4179
Stephan Jaeger,Brian Campbell,54.0,5403
Stephan Jaeger,Rafael Campos,54.1,5408
Stephan Jaeger,Ricky Castillo,43.3,4328
Stephan Jaeger,Bud Cauley,32.7,3274
Stephan Jaeger,Davis Chatfield,47.8,4782
Stephan Jaeger,Luke Clanton,45.6,4558
Stephan Jaeger,Eric Cole,41.7,4167
Stephan Jaeger,Pierceson Coody,51.5,5154
Stephan Jaeger,Joel Dahmen,42.9,4291
Stephan Jaeger,Cam Davis,62.7,6267
Stephan Jaeger,Jason Day,47.9,4793
Stephan Jaeger,Zecheng Dou,49.7,4974
Stephan Jaeger,Adrien Dumont de Chassart,49.8,4975
Stephan Jaeger,Nick Dunlap,53.7,5371
Stephan Jaeger,Nico Echavarria,43.0,4296
Stephan Jaeger,Austin Eckroat,50.0,4995
Stephan Jaeger,Harris English,38.6,3863
Stephan Jaeger,Tony Finau,45.2,4524
Stephan Jaeger,Patrick Fishburn,43.8,4384
Stephan Jaeger,Steven Fisk,52.3,5232
Stephan Jaeger,Alex Fitzpatrick,28.8,2875
Stephan Jaeger,Brice Garnett,49.5,4945
Stephan Jaeger,Ryan Gerard,34.8,3484
Stephan Jaeger,Doug Ghim,34.9,3486
Stephan Jaeger,Lucas Glover,43.3,4331
Stephan Jaeger,Max Greyserman,50.1,5009
Stephan Jaeger,Ben Griffin,31.5,3154
Stephan Jaeger,Lanto Griffin,50.1,5009
Stephan Jaeger,Emiliano Grillo,36.9,3689
Stephan Jaeger,Harry Hall,49.6,4956
Stephan Jaeger,Brian Harman,38.5,3849
Stephan Jaeger,Garrick Higgo,58.0,5798
Stephan Jaeger,Joe Highsmith,55.7,5568
Stephan Jaeger,Kensei Hirata,58.9,5887
Stephan Jaeger,Ryo Hisatsune,39.8,3976
Stephan Jaeger,Lee Hodges,42.9,4291
Stephan Jaeger,Rico Hoey,43.2,4318
Stephan Jaeger,Tom Hoge,45.3,4530
Stephan Jaeger,Rasmus Hojgaard,51.0,5096
Stephan Jaeger,Billy Horschel,45.0,4502
Stephan Jaeger,Beau Hossler,42.8,4285
Stephan Jaeger,Mark Hubbard,44.4,4441
Stephan Jaeger,Mackenzie Hughes,43.6,4357
Stephan Jaeger,Sungjae Im,43.2,4317
Stephan Jaeger,Ben James,39.0,3899
Stephan Jaeger,Takumi Kanaya,49.0,4896
Stephan Jaeger,Jeffrey Kang,49.2,4921
Stephan Jaeger,Johnny Keefer,41.7,4171
Stephan Jaeger,Michael Kim,42.1,4208
Stephan Jaeger,Tom Kim,29.0,2901
Stephan Jaeger,Chris Kirk,41.4,4139
Stephan Jaeger,Patton Kizzire,73.2,7325
Stephan Jaeger,Brooks Koepka,40.1,4010
Stephan Jaeger,Ben Kohles,33.5,3353
Stephan Jaeger,Jackson Koivun,32.2,3221
Stephan Jaeger,Matt Kuchar,40.9,4094
Stephan Jaeger,Christo Lamprecht,75.8,7585
Stephan Jaeger,Hank Lebioda,50.5,5047
Stephan Jaeger,Haotong Li,59.6,5959
Stephan Jaeger,David Lipsky,47.0,4698
Stephan Jaeger,Luke List,48.8,4880
Stephan Jaeger,Justin Lower,51.3,5127
Stephan Jaeger,Peter Malnati,64.4,6443
Stephan Jaeger,Hideki Matsuyama,33.4,3340
Stephan Jaeger,Denny McCarthy,45.1,4510
Stephan Jaeger,Matt McCarty,48.3,4833
Stephan Jaeger,Max McGreevy,41.4,4139
Stephan Jaeger,Maverick McNealy,39.8,3976
Stephan Jaeger,Mac Meissner,39.5,3955
Stephan Jaeger,Keith Mitchell,39.1,3907
Stephan Jaeger,Taylor Moore,49.0,4895
Stephan Jaeger,William Mouw,42.3,4227
Stephan Jaeger,Rasmus Neergaard-Petersen,42.5,4247
Stephan Jaeger,Alex Noren,44.2,4416
Stephan Jaeger,Andrew Novak,42.9,4287
Stephan Jaeger,Pontus Nyholm,55.5,5551
Stephan Jaeger,Thorbjorn Olesen,53.3,5334
Stephan Jaeger,John Parry,45.1,4512
Stephan Jaeger,Matthieu Pavon,48.8,4880
Stephan Jaeger,Taylor Pendrith,49.0,4903
Stephan Jaeger,Marco Penge,40.5,4053
Stephan Jaeger,Chandler Phillips,44.2,4418
Stephan Jaeger,J.T. Poston,38.9,3889
Stephan Jaeger,Aldrich Potgieter,51.6,5158
Stephan Jaeger,Seamus Power,52.8,5283
Stephan Jaeger,Andrew Putnam,45.3,4527
Stephan Jaeger,Aaron Rai,31.7,3175
Stephan Jaeger,Chad Ramey,59.6,5960
Stephan Jaeger,Davis Riley,58.0,5798
Stephan Jaeger,Patrick Rodgers,59.1,5913
Stephan Jaeger,Kevin Roy,49.0,4896
Stephan Jaeger,Marcelo Rozo,55.1,5510
Stephan Jaeger,Adrien Saddier,51.1,5107
Stephan Jaeger,Gordon Sargent,58.1,5809
Stephan Jaeger,Adam Schenk,60.4,6038
Stephan Jaeger,Matti Schmid,53.0,5301
Stephan Jaeger,Ben Silverman,49.0,4903
Stephan Jaeger,Webb Simpson,61.8,6179
Stephan Jaeger,Alex Smalley,42.0,4199
Stephan Jaeger,Jordan Smith,37.6,3760
Stephan Jaeger,Austin Smotherman,53.1,5305
Stephan Jaeger,Brandt Snedeker,45.6,4558
Stephan Jaeger,Jordan Spieth,46.9,4691
Stephan Jaeger,Sam Stevens,48.2,4824
Stephan Jaeger,Sepp Straka,50.6,5057
Stephan Jaeger,Kevin Streelman,48.4,4841
Stephan Jaeger,Jackson Suber,37.3,3728
Stephan Jaeger,Adam Svensson,54.2,5422
Stephan Jaeger,Jesper Svensson,48.0,4799
Stephan Jaeger,Nick Taylor,43.2,4323
Stephan Jaeger,Sahith Theegala,42.0,4204
Stephan Jaeger,Justin Thomas,30.0,3002
Stephan Jaeger,Davis Thompson,41.4,4138
Stephan Jaeger,Alejandro Tosti,61.1,6114
Stephan Jaeger,Erik van Rooyen,47.3,4735
Stephan Jaeger,John VanDerLaan,53.6,5358
Stephan Jaeger,Karl Vilips,54.2,5424
Stephan Jaeger,Camilo Villegas,51.8,5178
Stephan Jaeger,Danny Walker,66.4,6636
Stephan Jaeger,Matt Wallace,36.6,3657
Stephan Jaeger,Vince Whaley,58.4,5845
Stephan Jaeger,Aaron Wise,44.4,4436
Stephan Jaeger,Dylan Wu,54.2,5418
Stephan Jaeger,Cameron Young,26.9,2692
Stephan Jaeger,Kevin Yu,39.7,3972
Ben James,Zach Bauchou,53.1,5309
Ben James,Christiaan Bezuidenhout,50.3,5030
Ben James,Daniel Berger,60.6,6063
Ben James,Zac Blair,49.0,4902
Ben James,Chandler Blanchet,62.0,6201
Ben James,Keegan Bradley,46.3,4633
Ben James,Michael Brennan,52.9,5288
Ben James,Brian Campbell,64.8,6483
Ben James,Rafael Campos,64.9,6488
Ben James,Ricky Castillo,54.4,5439
Ben James,Bud Cauley,43.3,4335
Ben James,Davis Chatfield,58.9,5890
Ben James,Luke Clanton,56.7,5670
Ben James,Eric Cole,52.8,5276
Ben James,Pierceson Coody,62.5,6248
Ben James,Joel Dahmen,54.0,5401
Ben James,Cam Davis,72.7,7266
Ben James,Jason Day,59.0,5900
Ben James,Zecheng Dou,60.8,6076
Ben James,Adrien Dumont de Chassart,60.8,6077
Ben James,Nick Dunlap,64.5,6453
Ben James,Nico Echavarria,54.1,5407
Ben James,Austin Eckroat,61.0,6096
Ben James,Harris English,49.6,4962
Ben James,Tony Finau,56.4,5635
Ben James,Patrick Fishburn,55.0,5495
Ben James,Steven Fisk,63.2,6322
Ben James,Alex Fitzpatrick,38.9,3893
Ben James,Brice Garnett,60.5,6048
Ben James,Ryan Gerard,45.6,4562
Ben James,Doug Ghim,45.6,4564
Ben James,Lucas Glover,54.4,5442
Ben James,Max Greyserman,61.1,6110
Ben James,Ben Griffin,42.0,4203
Ben James,Lanto Griffin,61.1,6109
Ben James,Emiliano Grillo,47.8,4780
Ben James,Harry Hall,60.6,6058
Ben James,Brian Harman,49.5,4947
Ben James,Garrick Higgo,68.5,6847
Ben James,Joe Highsmith,66.4,6637
Ben James,Kensei Hirata,69.3,6928
Ben James,Ryo Hisatsune,50.8,5080
Ben James,Lee Hodges,54.0,5402
Ben James,Rico Hoey,54.3,5429
Ben James,Tom Hoge,56.4,5641
Ben James,Rasmus Hojgaard,61.9,6193
Ben James,Billy Horschel,56.1,5614
Ben James,Beau Hossler,54.0,5395
Ben James,Mark Hubbard,55.5,5553
Ben James,Mackenzie Hughes,54.7,5469
Ben James,Sungjae Im,54.3,5428
Ben James,Stephan Jaeger,61.0,6101
Ben James,Takumi Kanaya,60.0,6001
Ben James,Jeffrey Kang,60.3,6025
Ben James,Johnny Keefer,52.8,5280
Ben James,Michael Kim,53.2,5318
Ben James,Tom Kim,39.2,3922
Ben James,Chris Kirk,52.5,5247
Ben James,Patton Kizzire,81.6,8159
Ben James,Brooks Koepka,51.2,5115
Ben James,Ben Kohles,44.2,4420
Ben James,Jackson Koivun,42.8,4277
Ben James,Matt Kuchar,52.0,5201
Ben James,Christo Lamprecht,83.7,8367
Ben James,Hank Lebioda,61.5,6146
Ben James,Haotong Li,69.9,6992
Ben James,David Lipsky,58.1,5807
Ben James,Luke List,59.9,5985
Ben James,Justin Lower,62.2,6222
Ben James,Peter Malnati,74.2,7420
Ben James,Hideki Matsuyama,44.1,4406
Ben James,Denny McCarthy,56.2,5621
Ben James,Matt McCarty,59.4,5939
Ben James,Max McGreevy,52.5,5247
Ben James,Maverick McNealy,50.8,5080
Ben James,Mac Meissner,50.6,5058
Ben James,Keith Mitchell,50.1,5008
Ben James,Taylor Moore,60.0,6000
Ben James,William Mouw,53.4,5337
Ben James,Rasmus Neergaard-Petersen,53.6,5357
Ben James,Alex Noren,55.3,5528
Ben James,Andrew Novak,54.0,5398
Ben James,Pontus Nyholm,66.2,6620
Ben James,Thorbjorn Olesen,64.2,6419
Ben James,John Parry,56.2,5623
Ben James,Matthieu Pavon,59.9,5985
Ben James,Taylor Pendrith,60.1,6007
Ben James,Marco Penge,51.6,5160
Ben James,Chandler Phillips,55.3,5530
Ben James,J.T. Poston,49.9,4990
Ben James,Aldrich Potgieter,62.5,6252
Ben James,Seamus Power,63.7,6370
Ben James,Andrew Putnam,56.4,5638
Ben James,Aaron Rai,42.3,4226
Ben James,Chad Ramey,69.9,6994
Ben James,Davis Riley,68.5,6848
Ben James,Patrick Rodgers,69.5,6951
Ben James,Kevin Roy,60.0,6001
Ben James,Marcelo Rozo,65.8,6582
Ben James,Adrien Saddier,62.0,6204
Ben James,Gordon Sargent,68.6,6857
Ben James,Adam Schenk,70.6,7064
Ben James,Matti Schmid,63.9,6387
Ben James,Ben Silverman,60.1,6007
Ben James,Webb Simpson,71.9,7189
Ben James,Alex Smalley,53.1,5308
Ben James,Jordan Smith,48.5,4855
Ben James,Austin Smotherman,63.9,6392
Ben James,Brandt Snedeker,56.7,5669
Ben James,Jordan Spieth,58.0,5800
Ben James,Sam Stevens,59.3,5931
Ben James,Sepp Straka,61.6,6155
Ben James,Kevin Streelman,59.5,5947
Ben James,Jackson Suber,48.2,4821
Ben James,Adam Svensson,65.0,6500
Ben James,Jesper Svensson,59.1,5906
Ben James,Nick Taylor,54.3,5435
Ben James,Sahith Theegala,53.1,5313
Ben James,Justin Thomas,40.4,4036
Ben James,Davis Thompson,52.5,5247
Ben James,Alejandro Tosti,71.3,7132
Ben James,Erik van Rooyen,58.4,5843
Ben James,John VanDerLaan,64.4,6441
Ben James,Karl Vilips,65.0,6502
Ben James,Camilo Villegas,62.7,6271
Ben James,Danny Walker,75.9,7586
Ben James,Matt Wallace,47.5,4746
Ben James,Vince Whaley,68.9,6890
Ben James,Aaron Wise,55.5,5548
Ben James,Dylan Wu,65.0,6497
Ben James,Cameron Young,36.9,3686
Ben James,Kevin Yu,50.8,5075
Takumi Kanaya,Zach Bauchou,43.0,4302
Takumi Kanaya,Christiaan Bezuidenhout,40.3,4028
Takumi Kanaya,Daniel Berger,50.6,5065
Takumi Kanaya,Zac Blair,39.0,3905
Takumi Kanaya,Chandler Blanchet,52.1,5208
Takumi Kanaya,Keegan Bradley,36.5,3649
Takumi Kanaya,Michael Brennan,42.8,4281
Takumi Kanaya,Brian Campbell,55.1,5506
Takumi Kanaya,Rafael Campos,55.1,5511
Takumi Kanaya,Ricky Castillo,44.3,4431
Takumi Kanaya,Bud Cauley,33.7,3369
Takumi Kanaya,Davis Chatfield,48.9,4886
Takumi Kanaya,Luke Clanton,46.6,4662
Takumi Kanaya,Eric Cole,42.7,4269
Takumi Kanaya,Pierceson Coody,52.6,5258
Takumi Kanaya,Joel Dahmen,43.9,4393
Takumi Kanaya,Cam Davis,63.7,6365
Takumi Kanaya,Jason Day,49.0,4897
Takumi Kanaya,Zecheng Dou,50.8,5078
Takumi Kanaya,Adrien Dumont de Chassart,50.8,5079
Takumi Kanaya,Nick Dunlap,54.7,5474
Takumi Kanaya,Nico Echavarria,44.0,4398
Takumi Kanaya,Austin Eckroat,51.0,5099
Takumi Kanaya,Harris English,39.6,3963
Takumi Kanaya,Tony Finau,46.3,4627
Takumi Kanaya,Patrick Fishburn,44.9,4487
Takumi Kanaya,Steven Fisk,53.4,5336
Takumi Kanaya,Alex Fitzpatrick,29.6,2965
Takumi Kanaya,Brice Garnett,50.5,5049
Takumi Kanaya,Ryan Gerard,35.8,3581
Takumi Kanaya,Doug Ghim,35.8,3583
Takumi Kanaya,Lucas Glover,44.3,4434
Takumi Kanaya,Max Greyserman,51.1,5113
Takumi Kanaya,Ben Griffin,32.5,3247
Takumi Kanaya,Lanto Griffin,51.1,5113
Takumi Kanaya,Emiliano Grillo,37.9,3787
Takumi Kanaya,Harry Hall,50.6,5060
Takumi Kanaya,Brian Harman,39.5,3949
Takumi Kanaya,Garrick Higgo,59.0,5900
Takumi Kanaya,Joe Highsmith,56.7,5671
Takumi Kanaya,Kensei Hirata,59.9,5988
Takumi Kanaya,Ryo Hisatsune,40.8,4077
Takumi Kanaya,Lee Hodges,43.9,4393
Takumi Kanaya,Rico Hoey,44.2,4421
Takumi Kanaya,Tom Hoge,46.3,4633
Takumi Kanaya,Rasmus Hojgaard,52.0,5200
Takumi Kanaya,Billy Horschel,46.1,4605
Takumi Kanaya,Beau Hossler,43.9,4387
Takumi Kanaya,Mark Hubbard,45.4,4544
Takumi Kanaya,Mackenzie Hughes,44.6,4460
Takumi Kanaya,Sungjae Im,44.2,4420
Takumi Kanaya,Stephan Jaeger,51.0,5104
Takumi Kanaya,Ben James,40.0,3999
Takumi Kanaya,Jeffrey Kang,50.3,5025
Takumi Kanaya,Johnny Keefer,42.7,4273
Takumi Kanaya,Michael Kim,43.1,4310
Takumi Kanaya,Tom Kim,29.9,2990
Takumi Kanaya,Chris Kirk,42.4,4240
Takumi Kanaya,Patton Kizzire,74.1,7410
Takumi Kanaya,Brooks Koepka,41.1,4111
Takumi Kanaya,Ben Kohles,34.5,3448
Takumi Kanaya,Jackson Koivun,33.1,3315
Takumi Kanaya,Matt Kuchar,42.0,4195
Takumi Kanaya,Christo Lamprecht,76.7,7665
Takumi Kanaya,Hank Lebioda,51.5,5151
Takumi Kanaya,Haotong Li,60.6,6059
Takumi Kanaya,David Lipsky,48.0,4802
Takumi Kanaya,Luke List,49.8,4984
Takumi Kanaya,Justin Lower,52.3,5230
Takumi Kanaya,Peter Malnati,65.4,6540
Takumi Kanaya,Hideki Matsuyama,34.4,3435
Takumi Kanaya,Denny McCarthy,46.1,4613
Takumi Kanaya,Matt McCarty,49.4,4937
Takumi Kanaya,Max McGreevy,42.4,4240
Takumi Kanaya,Maverick McNealy,40.8,4077
Takumi Kanaya,Mac Meissner,40.6,4056
Takumi Kanaya,Keith Mitchell,40.1,4007
Takumi Kanaya,Taylor Moore,50.0,4999
Takumi Kanaya,William Mouw,43.3,4329
Takumi Kanaya,Rasmus Neergaard-Petersen,43.5,4349
Takumi Kanaya,Alex Noren,45.2,4519
Takumi Kanaya,Andrew Novak,43.9,4389
Takumi Kanaya,Pontus Nyholm,56.5,5653
Takumi Kanaya,Thorbjorn Olesen,54.4,5438
Takumi Kanaya,John Parry,46.2,4615
Takumi Kanaya,Matthieu Pavon,49.8,4984
Takumi Kanaya,Taylor Pendrith,50.1,5007
Takumi Kanaya,Marco Penge,41.5,4155
Takumi Kanaya,Chandler Phillips,45.2,4521
Takumi Kanaya,J.T. Poston,39.9,3989
Takumi Kanaya,Aldrich Potgieter,52.6,5262
Takumi Kanaya,Seamus Power,53.9,5387
Takumi Kanaya,Andrew Putnam,46.3,4630
Takumi Kanaya,Aaron Rai,32.7,3268
Takumi Kanaya,Chad Ramey,60.6,6061
Takumi Kanaya,Davis Riley,59.0,5900
Takumi Kanaya,Patrick Rodgers,60.1,6014
Takumi Kanaya,Kevin Roy,50.0,5000
Takumi Kanaya,Marcelo Rozo,56.1,5613
Takumi Kanaya,Adrien Saddier,52.1,5211
Takumi Kanaya,Gordon Sargent,59.1,5911
Takumi Kanaya,Adam Schenk,61.4,6138
Takumi Kanaya,Matti Schmid,54.0,5404
Takumi Kanaya,Ben Silverman,50.1,5006
Takumi Kanaya,Webb Simpson,62.8,6278
Takumi Kanaya,Alex Smalley,43.0,4301
Takumi Kanaya,Jordan Smith,38.6,3859
Takumi Kanaya,Austin Smotherman,54.1,5409
Takumi Kanaya,Brandt Snedeker,46.6,4661
Takumi Kanaya,Jordan Spieth,47.9,4794
Takumi Kanaya,Sam Stevens,49.3,4928
Takumi Kanaya,Sepp Straka,51.6,5161
Takumi Kanaya,Kevin Streelman,49.4,4945
Takumi Kanaya,Jackson Suber,38.3,3827
Takumi Kanaya,Adam Svensson,55.2,5525
Takumi Kanaya,Jesper Svensson,49.0,4903
Takumi Kanaya,Nick Taylor,44.3,4426
Takumi Kanaya,Sahith Theegala,43.1,4306
Takumi Kanaya,Justin Thomas,30.9,3094
Takumi Kanaya,Davis Thompson,42.4,4240
Takumi Kanaya,Alejandro Tosti,62.1,6214
Takumi Kanaya,Erik van Rooyen,48.4,4838
Takumi Kanaya,John VanDerLaan,54.6,5462
Takumi Kanaya,Karl Vilips,55.3,5527
Takumi Kanaya,Camilo Villegas,52.8,5282
Takumi Kanaya,Danny Walker,67.3,6730
Takumi Kanaya,Matt Wallace,37.6,3756
Takumi Kanaya,Vince Whaley,59.5,5946
Takumi Kanaya,Aaron Wise,45.4,4539
Takumi Kanaya,Dylan Wu,55.2,5521
Takumi Kanaya,Cameron Young,27.8,2779
Takumi Kanaya,Kevin Yu,40.7,4072
Jeffrey Kang,Zach Bauchou,42.8,4277
Jeffrey Kang,Christiaan Bezuidenhout,40.0,4004
Jeffrey Kang,Daniel Berger,50.4,5040
Jeffrey Kang,Zac Blair,38.8,3881
Jeffrey Kang,Chandler Blanchet,51.8,5183
Jeffrey Kang,Keegan Bradley,36.2,3625
Jeffrey Kang,Michael Brennan,42.6,4256
Jeffrey Kang,Brian Campbell,54.8,5481
Jeffrey Kang,Rafael Campos,54.9,5486
Jeffrey Kang,Ricky Castillo,44.1,4406
Jeffrey Kang,Bud Cauley,33.5,3345
Jeffrey Kang,Davis Chatfield,48.6,4861
Jeffrey Kang,Luke Clanton,46.4,4637
Jeffrey Kang,Eric Cole,42.4,4244
Jeffrey Kang,Pierceson Coody,52.3,5233
Jeffrey Kang,Joel Dahmen,43.7,4368
Jeffrey Kang,Cam Davis,63.4,6341
Jeffrey Kang,Jason Day,48.7,4872
Jeffrey Kang,Zecheng Dou,50.5,5052
Jeffrey Kang,Adrien Dumont de Chassart,50.5,5054
Jeffrey Kang,Nick Dunlap,54.5,5449
Jeffrey Kang,Nico Echavarria,43.7,4373
Jeffrey Kang,Austin Eckroat,50.7,5074
Jeffrey Kang,Harris English,39.4,3938
Jeffrey Kang,Tony Finau,46.0,4602
Jeffrey Kang,Patrick Fishburn,44.6,4462
Jeffrey Kang,Steven Fisk,53.1,5310
Jeffrey Kang,Alex Fitzpatrick,29.4,2943
Jeffrey Kang,Brice Garnett,50.2,5024
Jeffrey Kang,Ryan Gerard,35.6,3557
Jeffrey Kang,Doug Ghim,35.6,3559
Jeffrey Kang,Lucas Glover,44.1,4409
Jeffrey Kang,Max Greyserman,50.9,5088
Jeffrey Kang,Ben Griffin,32.2,3224
Jeffrey Kang,Lanto Griffin,50.9,5087
Jeffrey Kang,Emiliano Grillo,37.6,3763
Jeffrey Kang,Harry Hall,50.3,5034
Jeffrey Kang,Brian Harman,39.2,3924
Jeffrey Kang,Garrick Higgo,58.8,5875
Jeffrey Kang,Joe Highsmith,56.5,5646
Jeffrey Kang,Kensei Hirata,59.6,5963
Jeffrey Kang,Ryo Hisatsune,40.5,4052
Jeffrey Kang,Lee Hodges,43.7,4368
Jeffrey Kang,Rico Hoey,44.0,4396
Jeffrey Kang,Tom Hoge,46.1,4608
Jeffrey Kang,Rasmus Hojgaard,51.7,5175
Jeffrey Kang,Billy Horschel,45.8,4580
Jeffrey Kang,Beau Hossler,43.6,4362
Jeffrey Kang,Mark Hubbard,45.2,4519
Jeffrey Kang,Mackenzie Hughes,44.4,4435
Jeffrey Kang,Sungjae Im,43.9,4395
Jeffrey Kang,Stephan Jaeger,50.8,5079
Jeffrey Kang,Ben James,39.7,3975
Jeffrey Kang,Takumi Kanaya,49.7,4975
Jeffrey Kang,Johnny Keefer,42.5,4248
Jeffrey Kang,Michael Kim,42.9,4285
Jeffrey Kang,Tom Kim,29.7,2968
Jeffrey Kang,Chris Kirk,42.2,4216
Jeffrey Kang,Patton Kizzire,73.9,7389
Jeffrey Kang,Brooks Koepka,40.9,4087
Jeffrey Kang,Ben Kohles,34.2,3425
Jeffrey Kang,Jackson Koivun,32.9,3292
Jeffrey Kang,Matt Kuchar,41.7,4171
Jeffrey Kang,Christo Lamprecht,76.5,7646
Jeffrey Kang,Hank Lebioda,51.3,5126
Jeffrey Kang,Haotong Li,60.3,6035
Jeffrey Kang,David Lipsky,47.8,4777
Jeffrey Kang,Luke List,49.6,4959
Jeffrey Kang,Justin Lower,52.1,5205
Jeffrey Kang,Peter Malnati,65.2,6516
Jeffrey Kang,Hideki Matsuyama,34.1,3412
Jeffrey Kang,Denny McCarthy,45.9,4588
Jeffrey Kang,Matt McCarty,49.1,4911
Jeffrey Kang,Max McGreevy,42.2,4216
Jeffrey Kang,Maverick McNealy,40.5,4052
Jeffrey Kang,Mac Meissner,40.3,4031
Jeffrey Kang,Keith Mitchell,39.8,3983
Jeffrey Kang,Taylor Moore,49.7,4974
Jeffrey Kang,William Mouw,43.0,4305
Jeffrey Kang,Rasmus Neergaard-Petersen,43.2,4324
Jeffrey Kang,Alex Noren,44.9,4494
Jeffrey Kang,Andrew Novak,43.6,4364
Jeffrey Kang,Pontus Nyholm,56.3,5628
Jeffrey Kang,Thorbjorn Olesen,54.1,5412
Jeffrey Kang,John Parry,45.9,4590
Jeffrey Kang,Matthieu Pavon,49.6,4959
Jeffrey Kang,Taylor Pendrith,49.8,4981
Jeffrey Kang,Marco Penge,41.3,4130
Jeffrey Kang,Chandler Phillips,45.0,4496
Jeffrey Kang,J.T. Poston,39.6,3965
Jeffrey Kang,Aldrich Potgieter,52.4,5237
Jeffrey Kang,Seamus Power,53.6,5361
Jeffrey Kang,Andrew Putnam,46.1,4605
Jeffrey Kang,Aaron Rai,32.5,3246
Jeffrey Kang,Chad Ramey,60.4,6036
Jeffrey Kang,Davis Riley,58.8,5875
Jeffrey Kang,Patrick Rodgers,59.9,5989
Jeffrey Kang,Kevin Roy,49.7,4975
Jeffrey Kang,Marcelo Rozo,55.9,5588
Jeffrey Kang,Adrien Saddier,51.9,5186
Jeffrey Kang,Gordon Sargent,58.9,5886
Jeffrey Kang,Adam Schenk,61.1,6114
Jeffrey Kang,Matti Schmid,53.8,5379
Jeffrey Kang,Ben Silverman,49.8,4981
Jeffrey Kang,Webb Simpson,62.5,6254
Jeffrey Kang,Alex Smalley,42.8,4276
Jeffrey Kang,Jordan Smith,38.4,3835
Jeffrey Kang,Austin Smotherman,53.8,5384
Jeffrey Kang,Brandt Snedeker,46.4,4636
Jeffrey Kang,Jordan Spieth,47.7,4769
Jeffrey Kang,Sam Stevens,49.0,4903
Jeffrey Kang,Sepp Straka,51.4,5135
Jeffrey Kang,Kevin Streelman,49.2,4920
Jeffrey Kang,Jackson Suber,38.0,3803
Jeffrey Kang,Adam Svensson,55.0,5500
Jeffrey Kang,Jesper Svensson,48.8,4878
Jeffrey Kang,Nick Taylor,44.0,4401
Jeffrey Kang,Sahith Theegala,42.8,4281
Jeffrey Kang,Justin Thomas,30.7,3071
Jeffrey Kang,Davis Thompson,42.2,4215
Jeffrey Kang,Alejandro Tosti,61.9,6190
Jeffrey Kang,Erik van Rooyen,48.1,4813
Jeffrey Kang,John VanDerLaan,54.4,5436
Jeffrey Kang,Karl Vilips,55.0,5502
Jeffrey Kang,Camilo Villegas,52.6,5257
Jeffrey Kang,Danny Walker,67.1,6707
Jeffrey Kang,Matt Wallace,37.3,3731
Jeffrey Kang,Vince Whaley,59.2,5922
Jeffrey Kang,Aaron Wise,45.1,4514
Jeffrey Kang,Dylan Wu,55.0,5496
Jeffrey Kang,Cameron Young,27.6,2758
Jeffrey Kang,Kevin Yu,40.5,4048
Johnny Keefer,Zach Bauchou,50.3,5029
Johnny Keefer,Christiaan Bezuidenhout,47.5,4750
Johnny Keefer,Daniel Berger,57.9,5791
Johnny Keefer,Zac Blair,46.2,4622
Johnny Keefer,Chandler Blanchet,59.3,5931
Johnny Keefer,Keegan Bradley,43.6,4355
Johnny Keefer,Michael Brennan,50.1,5008
Johnny Keefer,Brian Campbell,62.2,6218
Johnny Keefer,Rafael Campos,62.2,6224
Johnny Keefer,Ricky Castillo,51.6,5160
Johnny Keefer,Bud Cauley,40.6,4060
Johnny Keefer,Davis Chatfield,56.1,5615
Johnny Keefer,Luke Clanton,53.9,5392
Johnny Keefer,Eric Cole,50.0,4996
Johnny Keefer,Pierceson Coody,59.8,5979
Johnny Keefer,Joel Dahmen,51.2,5122
Johnny Keefer,Cam Davis,70.3,7028
Johnny Keefer,Jason Day,56.3,5625
Johnny Keefer,Zecheng Dou,58.0,5803
Johnny Keefer,Adrien Dumont de Chassart,58.0,5804
Johnny Keefer,Nick Dunlap,61.9,6188
Johnny Keefer,Nico Echavarria,51.3,5127
Johnny Keefer,Austin Eckroat,58.2,5824
Johnny Keefer,Harris English,46.8,4682
Johnny Keefer,Tony Finau,53.6,5357
Johnny Keefer,Patrick Fishburn,52.2,5216
Johnny Keefer,Steven Fisk,60.5,6054
Johnny Keefer,Alex Fitzpatrick,36.3,3627
Johnny Keefer,Brice Garnett,57.8,5775
Johnny Keefer,Ryan Gerard,42.8,4284
Johnny Keefer,Doug Ghim,42.9,4286
Johnny Keefer,Lucas Glover,51.6,5163
Johnny Keefer,Max Greyserman,58.4,5838
Johnny Keefer,Ben Griffin,39.3,3930
Johnny Keefer,Lanto Griffin,58.4,5837
Johnny Keefer,Emiliano Grillo,45.0,4500
Johnny Keefer,Harry Hall,57.9,5785
Johnny Keefer,Brian Harman,46.7,4667
Johnny Keefer,Garrick Higgo,65.9,6593
Johnny Keefer,Joe Highsmith,63.8,6376
Johnny Keefer,Kensei Hirata,66.8,6676
Johnny Keefer,Ryo Hisatsune,48.0,4799
Johnny Keefer,Lee Hodges,51.2,5122
Johnny Keefer,Rico Hoey,51.5,5150
Johnny Keefer,Tom Hoge,53.6,5363
Johnny Keefer,Rasmus Hojgaard,59.2,5922
Johnny Keefer,Billy Horschel,53.4,5335
Johnny Keefer,Beau Hossler,51.2,5115
Johnny Keefer,Mark Hubbard,52.7,5274
Johnny Keefer,Mackenzie Hughes,51.9,5189
Johnny Keefer,Sungjae Im,51.5,5148
Johnny Keefer,Stephan Jaeger,58.3,5829
Johnny Keefer,Ben James,47.2,4720
Johnny Keefer,Takumi Kanaya,57.3,5727
Johnny Keefer,Jeffrey Kang,57.5,5752
Johnny Keefer,Michael Kim,50.4,5038
Johnny Keefer,Tom Kim,36.5,3654
Johnny Keefer,Chris Kirk,49.7,4967
Johnny Keefer,Patton Kizzire,79.7,7966
Johnny Keefer,Brooks Koepka,48.3,4835
Johnny Keefer,Ben Kohles,41.4,4145
Johnny Keefer,Jackson Koivun,40.0,4003
Johnny Keefer,Matt Kuchar,49.2,4921
Johnny Keefer,Christo Lamprecht,81.9,8188
Johnny Keefer,Hank Lebioda,58.7,5875
Johnny Keefer,Haotong Li,67.4,6743
Johnny Keefer,David Lipsky,55.3,5531
Johnny Keefer,Luke List,57.1,5711
Johnny Keefer,Justin Lower,59.5,5952
Johnny Keefer,Peter Malnati,71.9,7188
Johnny Keefer,Hideki Matsuyama,41.3,4130
Johnny Keefer,Denny McCarthy,53.4,5343
Johnny Keefer,Matt McCarty,56.6,5665
Johnny Keefer,Max McGreevy,49.7,4967
Johnny Keefer,Maverick McNealy,48.0,4799
Johnny Keefer,Mac Meissner,47.8,4778
Johnny Keefer,Keith Mitchell,47.3,4728
Johnny Keefer,Taylor Moore,57.3,5726
Johnny Keefer,William Mouw,50.6,5057
Johnny Keefer,Rasmus Neergaard-Petersen,50.8,5077
Johnny Keefer,Alex Noren,52.5,5249
Johnny Keefer,Andrew Novak,51.2,5118
Johnny Keefer,Pontus Nyholm,63.6,6360
Johnny Keefer,Thorbjorn Olesen,61.5,6153
Johnny Keefer,John Parry,53.5,5345
Johnny Keefer,Matthieu Pavon,57.1,5711
Johnny Keefer,Taylor Pendrith,57.3,5733
Johnny Keefer,Marco Penge,48.8,4879
Johnny Keefer,Chandler Phillips,52.5,5251
Johnny Keefer,J.T. Poston,47.1,4709
Johnny Keefer,Aldrich Potgieter,59.8,5983
Johnny Keefer,Seamus Power,61.0,6104
Johnny Keefer,Andrew Putnam,53.6,5360
Johnny Keefer,Aaron Rai,39.5,3953
Johnny Keefer,Chad Ramey,67.4,6745
Johnny Keefer,Davis Riley,65.9,6594
Johnny Keefer,Patrick Rodgers,67.0,6701
Johnny Keefer,Kevin Roy,57.3,5727
Johnny Keefer,Marcelo Rozo,63.2,6321
Johnny Keefer,Adrien Saddier,59.3,5933
Johnny Keefer,Gordon Sargent,66.0,6604
Johnny Keefer,Adam Schenk,68.2,6817
Johnny Keefer,Matti Schmid,61.2,6121
Johnny Keefer,Ben Silverman,57.3,5733
Johnny Keefer,Webb Simpson,69.5,6947
Johnny Keefer,Alex Smalley,50.3,5028
Johnny Keefer,Jordan Smith,45.8,4575
Johnny Keefer,Austin Smotherman,61.3,6125
Johnny Keefer,Brandt Snedeker,53.9,5391
Johnny Keefer,Jordan Spieth,55.2,5524
Johnny Keefer,Sam Stevens,56.6,5656
Johnny Keefer,Sepp Straka,58.8,5884
Johnny Keefer,Kevin Streelman,56.7,5673
Johnny Keefer,Jackson Suber,45.4,4542
Johnny Keefer,Adam Svensson,62.4,6237
Johnny Keefer,Jesper Svensson,56.3,5631
Johnny Keefer,Nick Taylor,51.5,5155
Johnny Keefer,Sahith Theegala,50.3,5033
Johnny Keefer,Justin Thomas,37.7,3766
Johnny Keefer,Davis Thompson,49.7,4966
Johnny Keefer,Alejandro Tosti,68.9,6888
Johnny Keefer,Erik van Rooyen,55.7,5567
Johnny Keefer,John VanDerLaan,61.8,6176
Johnny Keefer,Karl Vilips,62.4,6239
Johnny Keefer,Camilo Villegas,60.0,6003
Johnny Keefer,Danny Walker,73.6,7362
Johnny Keefer,Matt Wallace,44.7,4467
Johnny Keefer,Vince Whaley,66.4,6637
Johnny Keefer,Aaron Wise,52.7,5269
Johnny Keefer,Dylan Wu,62.3,6233
Johnny Keefer,Cameron Young,34.2,3424
Johnny Keefer,Kevin Yu,47.9,4795
Michael Kim,Zach Bauchou,49.9,4992
Michael Kim,Christiaan Bezuidenhout,47.1,4712
Michael Kim,Daniel Berger,57.5,5754
Michael Kim,Zac Blair,45.8,4585
Michael Kim,Chandler Blanchet,58.9,5894
Michael Kim,Keegan Bradley,43.2,4318
Michael Kim,Michael Brennan,49.7,4970
Michael Kim,Brian Campbell,61.8,6183
Michael Kim,Rafael Campos,61.9,6188
Michael Kim,Ricky Castillo,51.2,5122
Michael Kim,Bud Cauley,40.2,4024
Michael Kim,Davis Chatfield,55.8,5577
Michael Kim,Luke Clanton,53.5,5354
Michael Kim,Eric Cole,49.6,4959
Michael Kim,Pierceson Coody,59.4,5942
Michael Kim,Joel Dahmen,50.8,5084
Michael Kim,Cam Davis,70.0,6995
Michael Kim,Jason Day,55.9,5588
Michael Kim,Zecheng Dou,57.7,5766
Michael Kim,Adrien Dumont de Chassart,57.7,5767
Michael Kim,Nick Dunlap,61.5,6152
Michael Kim,Nico Echavarria,50.9,5089
Michael Kim,Austin Eckroat,57.9,5787
Michael Kim,Harris English,46.4,4644
Michael Kim,Tony Finau,53.2,5319
Michael Kim,Patrick Fishburn,51.8,5179
Michael Kim,Steven Fisk,60.2,6018
Michael Kim,Alex Fitzpatrick,35.9,3591
Michael Kim,Brice Garnett,57.4,5738
Michael Kim,Ryan Gerard,42.5,4247
Michael Kim,Doug Ghim,42.5,4249
Michael Kim,Lucas Glover,51.3,5125
Michael Kim,Max Greyserman,58.0,5801
Michael Kim,Ben Griffin,38.9,3894
Michael Kim,Lanto Griffin,58.0,5801
Michael Kim,Emiliano Grillo,44.6,4463
Michael Kim,Harry Hall,57.5,5748
Michael Kim,Brian Harman,46.3,4630
Michael Kim,Garrick Higgo,65.6,6559
Michael Kim,Joe Highsmith,63.4,6341
Michael Kim,Kensei Hirata,66.4,6642
Michael Kim,Ryo Hisatsune,47.6,4762
Michael Kim,Lee Hodges,50.8,5084
Michael Kim,Rico Hoey,51.1,5112
Michael Kim,Tom Hoge,53.3,5326
Michael Kim,Rasmus Hojgaard,58.9,5886
Michael Kim,Billy Horschel,53.0,5298
Michael Kim,Beau Hossler,50.8,5078
Michael Kim,Mark Hubbard,52.4,5236
Michael Kim,Mackenzie Hughes,51.5,5152
Michael Kim,Sungjae Im,51.1,5111
Michael Kim,Stephan Jaeger,57.9,5792
Michael Kim,Ben James,46.8,4682
Michael Kim,Takumi Kanaya,56.9,5690
Michael Kim,Jeffrey Kang,57.1,5715
Michael Kim,Johnny Keefer,49.6,4962
Michael Kim,Tom Kim,36.2,3619
Michael Kim,Chris Kirk,49.3,4929
Michael Kim,Patton Kizzire,79.4,7939
Michael Kim,Brooks Koepka,48.0,4797
Michael Kim,Ben Kohles,41.1,4108
Michael Kim,Jackson Koivun,39.7,3966
Michael Kim,Matt Kuchar,48.8,4883
Michael Kim,Christo Lamprecht,81.6,8163
Michael Kim,Hank Lebioda,58.4,5838
Michael Kim,Haotong Li,67.1,6709
Michael Kim,David Lipsky,54.9,5494
Michael Kim,Luke List,56.7,5674
Michael Kim,Justin Lower,59.2,5916
Michael Kim,Peter Malnati,71.6,7156
Michael Kim,Hideki Matsuyama,40.9,4094
Michael Kim,Denny McCarthy,53.1,5305
Michael Kim,Matt McCarty,56.3,5627
Michael Kim,Max McGreevy,49.3,4929
Michael Kim,Maverick McNealy,47.6,4762
Michael Kim,Mac Meissner,47.4,4740
Michael Kim,Keith Mitchell,46.9,4690
Michael Kim,Taylor Moore,56.9,5689
Michael Kim,William Mouw,50.2,5020
Michael Kim,Rasmus Neergaard-Petersen,50.4,5039
Michael Kim,Alex Noren,52.1,5211
Michael Kim,Andrew Novak,50.8,5080
Michael Kim,Pontus Nyholm,63.2,6324
Michael Kim,Thorbjorn Olesen,61.2,6117
Michael Kim,John Parry,53.1,5308
Michael Kim,Matthieu Pavon,56.7,5674
Michael Kim,Taylor Pendrith,57.0,5696
Michael Kim,Marco Penge,48.4,4842
Michael Kim,Chandler Phillips,52.1,5213
Michael Kim,J.T. Poston,46.7,4672
Michael Kim,Aldrich Potgieter,59.5,5947
Michael Kim,Seamus Power,60.7,6068
Michael Kim,Andrew Putnam,53.2,5323
Michael Kim,Aaron Rai,39.2,3917
Michael Kim,Chad Ramey,67.1,6711
Michael Kim,Davis Riley,65.6,6559
Michael Kim,Patrick Rodgers,66.7,6667
Michael Kim,Kevin Roy,56.9,5690
Michael Kim,Marcelo Rozo,62.9,6285
Michael Kim,Adrien Saddier,59.0,5897
Michael Kim,Gordon Sargent,65.7,6569
Michael Kim,Adam Schenk,67.8,6784
Michael Kim,Matti Schmid,60.8,6085
Michael Kim,Ben Silverman,57.0,5696
Michael Kim,Webb Simpson,69.1,6914
Michael Kim,Alex Smalley,49.9,4990
Michael Kim,Jordan Smith,45.4,4538
Michael Kim,Austin Smotherman,60.9,6089
Michael Kim,Brandt Snedeker,53.5,5354
Michael Kim,Jordan Spieth,54.9,5486
Michael Kim,Sam Stevens,56.2,5619
Michael Kim,Sepp Straka,58.5,5847
Michael Kim,Kevin Streelman,56.4,5636
Michael Kim,Jackson Suber,45.0,4504
Michael Kim,Adam Svensson,62.0,6201
Michael Kim,Jesper Svensson,55.9,5594
Michael Kim,Nick Taylor,51.2,5117
Michael Kim,Sahith Theegala,50.0,4996
Michael Kim,Justin Thomas,37.3,3730
Michael Kim,Davis Thompson,49.3,4929
Michael Kim,Alejandro Tosti,68.5,6854
Michael Kim,Erik van Rooyen,55.3,5530
Michael Kim,John VanDerLaan,61.4,6140
Michael Kim,Karl Vilips,62.0,6203
Michael Kim,Camilo Villegas,59.7,5966
Michael Kim,Danny Walker,73.3,7331
Michael Kim,Matt Wallace,44.3,4430
Michael Kim,Vince Whaley,66.0,6603
Michael Kim,Aaron Wise,52.3,5232
Michael Kim,Dylan Wu,62.0,6197
Michael Kim,Cameron Young,33.9,3390
Michael Kim,Kevin Yu,47.6,4757
Tom Kim,Zach Bauchou,63.7,6373
Tom Kim,Christiaan Bezuidenhout,61.1,6107
Tom Kim,Daniel Berger,70.7,7066
Tom Kim,Zac Blair,59.8,5984
Tom Kim,Chandler Blanchet,71.9,7188
Tom Kim,Keegan Bradley,57.2,5721
Tom Kim,Michael Brennan,63.5,6353
Tom Kim,Brian Campbell,74.4,7435
Tom Kim,Rafael Campos,74.4,7440
Tom Kim,Ricky Castillo,64.9,6495
Tom Kim,Bud Cauley,54.2,5422
Tom Kim,Davis Chatfield,69.1,6910
Tom Kim,Luke Clanton,67.1,6709
Tom Kim,Eric Cole,63.4,6342
Tom Kim,Pierceson Coody,72.3,7230
Tom Kim,Joel Dahmen,64.6,6460
Tom Kim,Cam Davis,81.0,8096
Tom Kim,Jason Day,69.2,6919
Tom Kim,Zecheng Dou,70.8,7077
Tom Kim,Adrien Dumont de Chassart,70.8,7078
Tom Kim,Nick Dunlap,74.1,7409
Tom Kim,Nico Echavarria,64.6,6465
Tom Kim,Austin Eckroat,71.0,7095
Tom Kim,Harris English,60.4,6042
Tom Kim,Tony Finau,66.8,6677
Tom Kim,Patrick Fishburn,65.5,6547
Tom Kim,Steven Fisk,73.0,7295
Tom Kim,Alex Fitzpatrick,49.7,4971
Tom Kim,Brice Garnett,70.5,7052
Tom Kim,Ryan Gerard,56.5,5650
Tom Kim,Doug Ghim,56.5,5652
Tom Kim,Lucas Glover,65.0,6498
Tom Kim,Max Greyserman,71.1,7107
Tom Kim,Ben Griffin,52.9,5289
Tom Kim,Lanto Griffin,71.1,7107
Tom Kim,Emiliano Grillo,58.6,5864
Tom Kim,Harry Hall,70.6,7061
Tom Kim,Brian Harman,60.3,6028
Tom Kim,Garrick Higgo,77.5,7748
Tom Kim,Joe Highsmith,75.7,7568
Tom Kim,Kensei Hirata,78.2,7815
Tom Kim,Ryo Hisatsune,61.5,6155
Tom Kim,Lee Hodges,64.6,6460
Tom Kim,Rico Hoey,64.9,6486
Tom Kim,Tom Hoge,66.8,6683
Tom Kim,Rasmus Hojgaard,71.8,7181
Tom Kim,Billy Horschel,66.6,6657
Tom Kim,Beau Hossler,64.5,6454
Tom Kim,Mark Hubbard,66.0,6600
Tom Kim,Mackenzie Hughes,65.2,6523
Tom Kim,Sungjae Im,64.8,6485
Tom Kim,Stephan Jaeger,71.0,7099
Tom Kim,Ben James,60.8,6078
Tom Kim,Takumi Kanaya,70.1,7010
Tom Kim,Jeffrey Kang,70.3,7032
Tom Kim,Johnny Keefer,63.5,6346
Tom Kim,Michael Kim,63.8,6381
Tom Kim,Chris Kirk,63.1,6314
Tom Kim,Patton Kizzire,88.0,8797
Tom Kim,Brooks Koepka,61.9,6189
Tom Kim,Ben Kohles,55.1,5509
Tom Kim,Jackson Koivun,53.6,5364
Tom Kim,Matt Kuchar,62.7,6271
Tom Kim,Christo Lamprecht,89.5,8952
Tom Kim,Hank Lebioda,71.4,7140
Tom Kim,Haotong Li,78.7,7869
Tom Kim,David Lipsky,68.3,6835
Tom Kim,Luke List,70.0,6996
Tom Kim,Justin Lower,72.1,7207
Tom Kim,Peter Malnati,82.2,8221
Tom Kim,Hideki Matsuyama,54.9,5494
Tom Kim,Denny McCarthy,66.6,6664
Tom Kim,Matt McCarty,69.5,6954
Tom Kim,Max McGreevy,63.1,6314
Tom Kim,Maverick McNealy,61.5,6155
Tom Kim,Mac Meissner,61.3,6134
Tom Kim,Keith Mitchell,60.9,6086
Tom Kim,Taylor Moore,70.1,7009
Tom Kim,William Mouw,64.0,6399
Tom Kim,Rasmus Neergaard-Petersen,64.2,6418
Tom Kim,Alex Noren,65.8,6578
Tom Kim,Andrew Novak,64.6,6456
Tom Kim,Pontus Nyholm,75.5,7554
Tom Kim,Thorbjorn Olesen,73.8,7380
Tom Kim,John Parry,66.7,6666
Tom Kim,Matthieu Pavon,70.0,6996
Tom Kim,Taylor Pendrith,70.2,7015
Tom Kim,Marco Penge,62.3,6231
Tom Kim,Chandler Phillips,65.8,6579
Tom Kim,J.T. Poston,60.7,6068
Tom Kim,Aldrich Potgieter,72.3,7234
Tom Kim,Seamus Power,73.4,7338
Tom Kim,Andrew Putnam,66.8,6680
Tom Kim,Aaron Rai,53.1,5313
Tom Kim,Chad Ramey,78.7,7871
Tom Kim,Davis Riley,77.5,7748
Tom Kim,Patrick Rodgers,78.4,7835
Tom Kim,Kevin Roy,70.1,7010
Tom Kim,Marcelo Rozo,75.2,7522
Tom Kim,Adrien Saddier,71.9,7191
Tom Kim,Gordon Sargent,77.6,7756
Tom Kim,Adam Schenk,79.3,7929
Tom Kim,Matti Schmid,73.5,7352
Tom Kim,Ben Silverman,70.2,7015
Tom Kim,Webb Simpson,80.3,8032
Tom Kim,Alex Smalley,63.7,6372
Tom Kim,Jordan Smith,59.4,5938
Tom Kim,Austin Smotherman,73.6,7356
Tom Kim,Brandt Snedeker,67.1,6708
Tom Kim,Jordan Spieth,68.3,6828
Tom Kim,Sam Stevens,69.5,6947
Tom Kim,Sepp Straka,71.5,7148
Tom Kim,Kevin Streelman,69.6,6961
Tom Kim,Jackson Suber,59.0,5905
Tom Kim,Adam Svensson,74.5,7451
Tom Kim,Jesper Svensson,69.2,6925
Tom Kim,Nick Taylor,64.9,6491
Tom Kim,Sahith Theegala,63.8,6377
Tom Kim,Justin Thomas,51.2,5118
Tom Kim,Davis Thompson,63.1,6314
Tom Kim,Alejandro Tosti,79.9,7985
Tom Kim,Erik van Rooyen,68.7,6867
Tom Kim,John VanDerLaan,74.0,7399
Tom Kim,Karl Vilips,74.5,7453
Tom Kim,Camilo Villegas,72.5,7251
Tom Kim,Danny Walker,83.5,8353
Tom Kim,Matt Wallace,58.3,5832
Tom Kim,Vince Whaley,77.8,7783
Tom Kim,Aaron Wise,66.0,6596
Tom Kim,Dylan Wu,74.5,7448
Tom Kim,Cameron Young,47.5,4753
Tom Kim,Kevin Yu,61.5,6150
Chris Kirk,Zach Bauchou,50.6,5062
Chris Kirk,Christiaan Bezuidenhout,47.8,4783
Chris Kirk,Daniel Berger,58.2,5823
Chris Kirk,Zac Blair,46.6,4655
Chris Kirk,Chandler Blanchet,59.6,5963
Chris Kirk,Keegan Bradley,43.9,4388
Chris Kirk,Michael Brennan,50.4,5041
Chris Kirk,Brian Campbell,62.5,6250
Chris Kirk,Rafael Campos,62.6,6255
Chris Kirk,Ricky Castillo,51.9,5193
Chris Kirk,Bud Cauley,40.9,4092
Chris Kirk,Davis Chatfield,56.5,5647
Chris Kirk,Luke Clanton,54.2,5425
Chris Kirk,Eric Cole,50.3,5029
Chris Kirk,Pierceson Coody,60.1,6011
Chris Kirk,Joel Dahmen,51.5,5155
Chris Kirk,Cam Davis,70.6,7057
Chris Kirk,Jason Day,56.6,5658
Chris Kirk,Zecheng Dou,58.4,5836
Chris Kirk,Adrien Dumont de Chassart,58.4,5837
Chris Kirk,Nick Dunlap,62.2,6220
Chris Kirk,Nico Echavarria,51.6,5160
Chris Kirk,Austin Eckroat,58.6,5857
Chris Kirk,Harris English,47.2,4715
Chris Kirk,Tony Finau,53.9,5390
Chris Kirk,Patrick Fishburn,52.5,5249
Chris Kirk,Steven Fisk,60.9,6086
Chris Kirk,Alex Fitzpatrick,36.6,3658
Chris Kirk,Brice Garnett,58.1,5808
Chris Kirk,Ryan Gerard,43.2,4317
Chris Kirk,Doug Ghim,43.2,4319
Chris Kirk,Lucas Glover,52.0,5196
Chris Kirk,Max Greyserman,58.7,5870
Chris Kirk,Ben Griffin,39.6,3962
Chris Kirk,Lanto Griffin,58.7,5870
Chris Kirk,Emiliano Grillo,45.3,4533
Chris Kirk,Harry Hall,58.2,5818
Chris Kirk,Brian Harman,47.0,4701
Chris Kirk,Garrick Higgo,66.2,6624
Chris Kirk,Joe Highsmith,64.1,6408
Chris Kirk,Kensei Hirata,67.1,6706
Chris Kirk,Ryo Hisatsune,48.3,4833
Chris Kirk,Lee Hodges,51.6,5155
Chris Kirk,Rico Hoey,51.8,5183
Chris Kirk,Tom Hoge,54.0,5396
Chris Kirk,Rasmus Hojgaard,59.5,5955
Chris Kirk,Billy Horschel,53.7,5368
Chris Kirk,Beau Hossler,51.5,5149
Chris Kirk,Mark Hubbard,53.1,5307
Chris Kirk,Mackenzie Hughes,52.2,5223
Chris Kirk,Sungjae Im,51.8,5182
Chris Kirk,Stephan Jaeger,58.6,5861
Chris Kirk,Ben James,47.5,4753
Chris Kirk,Takumi Kanaya,57.6,5760
Chris Kirk,Jeffrey Kang,57.8,5784
Chris Kirk,Johnny Keefer,50.3,5033
Chris Kirk,Michael Kim,50.7,5071
Chris Kirk,Tom Kim,36.9,3686
Chris Kirk,Patton Kizzire,79.9,7990
Chris Kirk,Brooks Koepka,48.7,4868
Chris Kirk,Ben Kohles,41.8,4177
Chris Kirk,Jackson Koivun,40.3,4035
Chris Kirk,Matt Kuchar,49.5,4954
Chris Kirk,Christo Lamprecht,82.1,8210
Chris Kirk,Hank Lebioda,59.1,5907
Chris Kirk,Haotong Li,67.7,6773
Chris Kirk,David Lipsky,55.6,5564
Chris Kirk,Luke List,57.4,5744
Chris Kirk,Justin Lower,59.8,5984
Chris Kirk,Peter Malnati,72.2,7216
Chris Kirk,Hideki Matsuyama,41.6,4163
Chris Kirk,Denny McCarthy,53.8,5376
Chris Kirk,Matt McCarty,57.0,5697
Chris Kirk,Max McGreevy,50.0,5000
Chris Kirk,Maverick McNealy,48.3,4832
Chris Kirk,Mac Meissner,48.1,4811
Chris Kirk,Keith Mitchell,47.6,4761
Chris Kirk,Taylor Moore,57.6,5759
Chris Kirk,William Mouw,50.9,5090
Chris Kirk,Rasmus Neergaard-Petersen,51.1,5110
Chris Kirk,Alex Noren,52.8,5282
Chris Kirk,Andrew Novak,51.5,5151
Chris Kirk,Pontus Nyholm,63.9,6391
Chris Kirk,Thorbjorn Olesen,61.8,6185
Chris Kirk,John Parry,53.8,5378
Chris Kirk,Matthieu Pavon,57.4,5744
Chris Kirk,Taylor Pendrith,57.7,5766
Chris Kirk,Marco Penge,49.1,4912
Chris Kirk,Chandler Phillips,52.8,5284
Chris Kirk,J.T. Poston,47.4,4743
Chris Kirk,Aldrich Potgieter,60.2,6015
Chris Kirk,Seamus Power,61.4,6136
Chris Kirk,Andrew Putnam,53.9,5393
Chris Kirk,Aaron Rai,39.9,3985
Chris Kirk,Chad Ramey,67.7,6775
Chris Kirk,Davis Riley,66.2,6624
Chris Kirk,Patrick Rodgers,67.3,6731
Chris Kirk,Kevin Roy,57.6,5760
Chris Kirk,Marcelo Rozo,63.5,6352
Chris Kirk,Adrien Saddier,59.7,5966
Chris Kirk,Gordon Sargent,66.3,6634
Chris Kirk,Adam Schenk,68.5,6847
Chris Kirk,Matti Schmid,61.5,6153
Chris Kirk,Ben Silverman,57.7,5766
Chris Kirk,Webb Simpson,69.8,6977
Chris Kirk,Alex Smalley,50.6,5061
Chris Kirk,Jordan Smith,46.1,4608
Chris Kirk,Austin Smotherman,61.6,6157
Chris Kirk,Brandt Snedeker,54.2,5424
Chris Kirk,Jordan Spieth,55.6,5557
Chris Kirk,Sam Stevens,56.9,5689
Chris Kirk,Sepp Straka,59.2,5917
Chris Kirk,Kevin Streelman,57.1,5705
Chris Kirk,Jackson Suber,45.7,4575
Chris Kirk,Adam Svensson,62.7,6268
Chris Kirk,Jesper Svensson,56.6,5664
Chris Kirk,Nick Taylor,51.9,5188
Chris Kirk,Sahith Theegala,50.7,5066
Chris Kirk,Justin Thomas,38.0,3798
Chris Kirk,Davis Thompson,50.0,5000
Chris Kirk,Alejandro Tosti,69.2,6917
Chris Kirk,Erik van Rooyen,56.0,5600
Chris Kirk,John VanDerLaan,62.1,6208
Chris Kirk,Karl Vilips,62.7,6270
Chris Kirk,Camilo Villegas,60.3,6035
Chris Kirk,Danny Walker,73.9,7389
Chris Kirk,Matt Wallace,45.0,4500
Chris Kirk,Vince Whaley,66.7,6668
Chris Kirk,Aaron Wise,53.0,5302
Chris Kirk,Dylan Wu,62.6,6265
Chris Kirk,Cameron Young,34.5,3455
Chris Kirk,Kevin Yu,48.3,4828
Patton Kizzire,Zach Bauchou,20.5,2055
Patton Kizzire,Christiaan Bezuidenhout,18.6,1861
Patton Kizzire,Daniel Berger,26.4,2643
Patton Kizzire,Zac Blair,17.8,1776
Patton Kizzire,Chandler Blanchet,27.6,2762
Patton Kizzire,Keegan Bradley,16.1,1606
Patton Kizzire,Michael Brennan,20.4,2039
Patton Kizzire,Brian Campbell,30.2,3018
Patton Kizzire,Rafael Campos,30.2,3023
Patton Kizzire,Ricky Castillo,21.5,2149
Patton Kizzire,Bud Cauley,14.3,1429
Patton Kizzire,Davis Chatfield,25.0,2499
Patton Kizzire,Luke Clanton,23.2,2323
Patton Kizzire,Eric Cole,20.3,2031
Patton Kizzire,Pierceson Coody,28.0,2804
Patton Kizzire,Joel Dahmen,21.2,2121
Patton Kizzire,Cam Davis,38.3,3832
Patton Kizzire,Jason Day,25.1,2507
Patton Kizzire,Zecheng Dou,26.5,2654
Patton Kizzire,Adrien Dumont de Chassart,26.5,2655
Patton Kizzire,Nick Dunlap,29.9,2990
Patton Kizzire,Nico Echavarria,21.3,2125
Patton Kizzire,Austin Eckroat,26.7,2672
Patton Kizzire,Harris English,18.2,1816
Patton Kizzire,Tony Finau,23.0,2297
Patton Kizzire,Patrick Fishburn,21.9,2191
Patton Kizzire,Steven Fisk,28.7,2870
Patton Kizzire,Alex Fitzpatrick,11.9,1188
Patton Kizzire,Brice Garnett,26.3,2630
Patton Kizzire,Ryan Gerard,15.6,1563
Patton Kizzire,Doug Ghim,15.6,1564
Patton Kizzire,Lucas Glover,21.5,2151
Patton Kizzire,Max Greyserman,26.8,2683
Patton Kizzire,Ben Griffin,13.5,1354
Patton Kizzire,Lanto Griffin,26.8,2683
Patton Kizzire,Emiliano Grillo,17.0,1698
Patton Kizzire,Harry Hall,26.4,2639
Patton Kizzire,Brian Harman,18.1,1806
Patton Kizzire,Garrick Higgo,33.8,3377
Patton Kizzire,Joe Highsmith,31.7,3165
Patton Kizzire,Kensei Hirata,34.6,3460
Patton Kizzire,Ryo Hisatsune,18.9,1895
Patton Kizzire,Lee Hodges,21.2,2121
Patton Kizzire,Rico Hoey,21.4,2142
Patton Kizzire,Tom Hoge,23.0,2301
Patton Kizzire,Rasmus Hojgaard,27.6,2755
Patton Kizzire,Billy Horschel,22.8,2280
Patton Kizzire,Beau Hossler,21.2,2117
Patton Kizzire,Mark Hubbard,22.3,2234
Patton Kizzire,Mackenzie Hughes,21.7,2171
Patton Kizzire,Sungjae Im,21.4,2141
Patton Kizzire,Stephan Jaeger,26.8,2675
Patton Kizzire,Ben James,18.4,1841
Patton Kizzire,Takumi Kanaya,25.9,2590
Patton Kizzire,Jeffrey Kang,26.1,2611
Patton Kizzire,Johnny Keefer,20.3,2034
Patton Kizzire,Michael Kim,20.6,2061
Patton Kizzire,Tom Kim,12.0,1203
Patton Kizzire,Chris Kirk,20.1,2010
Patton Kizzire,Brooks Koepka,19.2,1919
Patton Kizzire,Ben Kohles,14.8,1479
Patton Kizzire,Jackson Koivun,14.0,1396
Patton Kizzire,Matt Kuchar,19.8,1978
Patton Kizzire,Christo Lamprecht,53.2,5323
Patton Kizzire,Hank Lebioda,27.1,2714
Patton Kizzire,Haotong Li,35.3,3528
Patton Kizzire,David Lipsky,24.3,2432
Patton Kizzire,Luke List,25.8,2577
Patton Kizzire,Justin Lower,27.8,2781
Patton Kizzire,Peter Malnati,40.1,4012
Patton Kizzire,Hideki Matsuyama,14.7,1470
Patton Kizzire,Denny McCarthy,22.9,2286
Patton Kizzire,Matt McCarty,25.4,2539
Patton Kizzire,Max McGreevy,20.1,2010
Patton Kizzire,Maverick McNealy,18.9,1895
Patton Kizzire,Mac Meissner,18.8,1880
Patton Kizzire,Keith Mitchell,18.5,1847
Patton Kizzire,Taylor Moore,25.9,2590
Patton Kizzire,William Mouw,20.7,2075
Patton Kizzire,Rasmus Neergaard-Petersen,20.9,2089
Patton Kizzire,Alex Noren,22.2,2215
Patton Kizzire,Andrew Novak,21.2,2119
Patton Kizzire,Pontus Nyholm,31.5,3150
Patton Kizzire,Thorbjorn Olesen,29.6,2958
Patton Kizzire,John Parry,22.9,2288
Patton Kizzire,Matthieu Pavon,25.8,2577
Patton Kizzire,Taylor Pendrith,26.0,2596
Patton Kizzire,Marco Penge,19.5,1949
Patton Kizzire,Chandler Phillips,22.2,2216
Patton Kizzire,J.T. Poston,18.3,1834
Patton Kizzire,Aldrich Potgieter,28.1,2808
Patton Kizzire,Seamus Power,29.1,2914
Patton Kizzire,Andrew Putnam,23.0,2299
Patton Kizzire,Aaron Rai,13.7,1368
Patton Kizzire,Chad Ramey,35.3,3530
Patton Kizzire,Davis Riley,33.8,3377
Patton Kizzire,Patrick Rodgers,34.8,3485
Patton Kizzire,Kevin Roy,25.9,2590
Patton Kizzire,Marcelo Rozo,31.1,3113
Patton Kizzire,Adrien Saddier,27.6,2765
Patton Kizzire,Gordon Sargent,33.9,3387
Patton Kizzire,Adam Schenk,36.1,3605
Patton Kizzire,Matti Schmid,29.3,2929
Patton Kizzire,Ben Silverman,26.0,2596
Patton Kizzire,Webb Simpson,37.4,3744
Patton Kizzire,Alex Smalley,20.5,2054
Patton Kizzire,Jordan Smith,17.5,1746
Patton Kizzire,Austin Smotherman,29.3,2933
Patton Kizzire,Brandt Snedeker,23.2,2323
Patton Kizzire,Jordan Spieth,24.3,2426
Patton Kizzire,Sam Stevens,25.3,2532
Patton Kizzire,Sepp Straka,27.2,2722
Patton Kizzire,Kevin Streelman,25.5,2546
Patton Kizzire,Jackson Suber,17.2,1724
Patton Kizzire,Adam Svensson,30.3,3035
Patton Kizzire,Jesper Svensson,25.1,2512
Patton Kizzire,Nick Taylor,21.5,2146
Patton Kizzire,Sahith Theegala,20.6,2058
Patton Kizzire,Justin Thomas,12.6,1263
Patton Kizzire,Davis Thompson,20.1,2010
Patton Kizzire,Alejandro Tosti,36.8,3680
Patton Kizzire,Erik van Rooyen,24.6,2461
Patton Kizzire,John VanDerLaan,29.8,2979
Patton Kizzire,Karl Vilips,30.4,3037
Patton Kizzire,Camilo Villegas,28.2,2825
Patton Kizzire,Danny Walker,42.2,4215
Patton Kizzire,Matt Wallace,16.8,1676
Patton Kizzire,Vince Whaley,34.2,3421
Patton Kizzire,Aaron Wise,22.3,2230
Patton Kizzire,Dylan Wu,30.3,3031
Patton Kizzire,Cameron Young,10.8,1083
Patton Kizzire,Kevin Yu,18.9,1892
Brooks Koepka,Zach Bauchou,51.9,5194
Brooks Koepka,Christiaan Bezuidenhout,49.1,4915
Brooks Koepka,Daniel Berger,59.5,5952
Brooks Koepka,Zac Blair,47.9,4787
Brooks Koepka,Chandler Blanchet,60.9,6090
Brooks Koepka,Keegan Bradley,45.2,4519
Brooks Koepka,Michael Brennan,51.7,5173
Brooks Koepka,Brian Campbell,63.7,6375
Brooks Koepka,Rafael Campos,63.8,6380
Brooks Koepka,Ricky Castillo,53.2,5325
Brooks Koepka,Bud Cauley,42.2,4221
Brooks Koepka,Davis Chatfield,57.8,5777
Brooks Koepka,Luke Clanton,55.6,5556
Brooks Koepka,Eric Cole,51.6,5161
Brooks Koepka,Pierceson Coody,61.4,6138
Brooks Koepka,Joel Dahmen,52.9,5287
Brooks Koepka,Cam Davis,71.7,7170
Brooks Koepka,Jason Day,57.9,5788
Brooks Koepka,Zecheng Dou,59.6,5964
Brooks Koepka,Adrien Dumont de Chassart,59.7,5966
Brooks Koepka,Nick Dunlap,63.4,6345
Brooks Koepka,Nico Echavarria,52.9,5292
Brooks Koepka,Austin Eckroat,59.9,5985
Brooks Koepka,Harris English,48.5,4847
Brooks Koepka,Tony Finau,55.2,5521
Brooks Koepka,Patrick Fishburn,53.8,5381
Brooks Koepka,Steven Fisk,62.1,6213
Brooks Koepka,Alex Fitzpatrick,37.8,3783
Brooks Koepka,Brice Garnett,59.4,5937
Brooks Koepka,Ryan Gerard,44.5,4448
Brooks Koepka,Doug Ghim,44.5,4449
Brooks Koepka,Lucas Glover,53.3,5328
Brooks Koepka,Max Greyserman,60.0,5999
Brooks Koepka,Ben Griffin,40.9,4090
Brooks Koepka,Lanto Griffin,60.0,5998
Brooks Koepka,Emiliano Grillo,46.6,4665
Brooks Koepka,Harry Hall,59.5,5947
Brooks Koepka,Brian Harman,48.3,4832
Brooks Koepka,Garrick Higgo,67.4,6744
Brooks Koepka,Joe Highsmith,65.3,6531
Brooks Koepka,Kensei Hirata,68.3,6825
Brooks Koepka,Ryo Hisatsune,49.6,4964
Brooks Koepka,Lee Hodges,52.9,5287
Brooks Koepka,Rico Hoey,53.1,5315
Brooks Koepka,Tom Hoge,55.3,5527
Brooks Koepka,Rasmus Hojgaard,60.8,6082
Brooks Koepka,Billy Horschel,55.0,5500
Brooks Koepka,Beau Hossler,52.8,5281
Brooks Koepka,Mark Hubbard,54.4,5438
Brooks Koepka,Mackenzie Hughes,53.5,5354
Brooks Koepka,Sungjae Im,53.1,5313
Brooks Koepka,Stephan Jaeger,59.9,5990
Brooks Koepka,Ben James,48.8,4885
Brooks Koepka,Takumi Kanaya,58.9,5889
Brooks Koepka,Jeffrey Kang,59.1,5913
Brooks Koepka,Johnny Keefer,51.7,5165
Brooks Koepka,Michael Kim,52.0,5203
Brooks Koepka,Tom Kim,38.1,3811
Brooks Koepka,Chris Kirk,51.3,5132
Brooks Koepka,Patton Kizzire,80.8,8081
Brooks Koepka,Ben Kohles,43.1,4307
Brooks Koepka,Jackson Koivun,41.6,4164
Brooks Koepka,Matt Kuchar,50.9,5086
Brooks Koepka,Christo Lamprecht,82.9,8295
Brooks Koepka,Hank Lebioda,60.4,6035
Brooks Koepka,Haotong Li,68.9,6891
Brooks Koepka,David Lipsky,56.9,5694
Brooks Koepka,Luke List,58.7,5873
Brooks Koepka,Justin Lower,61.1,6112
Brooks Koepka,Peter Malnati,73.3,7326
Brooks Koepka,Hideki Matsuyama,42.9,4293
Brooks Koepka,Denny McCarthy,55.1,5507
Brooks Koepka,Matt McCarty,58.3,5827
Brooks Koepka,Max McGreevy,51.3,5132
Brooks Koepka,Maverick McNealy,49.6,4964
Brooks Koepka,Mac Meissner,49.4,4943
Brooks Koepka,Keith Mitchell,48.9,4893
Brooks Koepka,Taylor Moore,58.9,5888
Brooks Koepka,William Mouw,52.2,5222
Brooks Koepka,Rasmus Neergaard-Petersen,52.4,5242
Brooks Koepka,Alex Noren,54.1,5414
Brooks Koepka,Andrew Novak,52.8,5283
Brooks Koepka,Pontus Nyholm,65.1,6514
Brooks Koepka,Thorbjorn Olesen,63.1,6310
Brooks Koepka,John Parry,55.1,5509
Brooks Koepka,Matthieu Pavon,58.7,5873
Brooks Koepka,Taylor Pendrith,59.0,5895
Brooks Koepka,Marco Penge,50.4,5044
Brooks Koepka,Chandler Phillips,54.2,5415
Brooks Koepka,J.T. Poston,48.7,4874
Brooks Koepka,Aldrich Potgieter,61.4,6142
Brooks Koepka,Seamus Power,62.6,6262
Brooks Koepka,Andrew Putnam,55.2,5524
Brooks Koepka,Aaron Rai,41.1,4114
Brooks Koepka,Chad Ramey,68.9,6893
Brooks Koepka,Davis Riley,67.4,6744
Brooks Koepka,Patrick Rodgers,68.5,6850
Brooks Koepka,Kevin Roy,58.9,5889
Brooks Koepka,Marcelo Rozo,64.8,6476
Brooks Koepka,Adrien Saddier,60.9,6093
Brooks Koepka,Gordon Sargent,67.5,6754
Brooks Koepka,Adam Schenk,69.6,6964
Brooks Koepka,Matti Schmid,62.8,6279
Brooks Koepka,Ben Silverman,59.0,5895
Brooks Koepka,Webb Simpson,70.9,7091
Brooks Koepka,Alex Smalley,51.9,5193
Brooks Koepka,Jordan Smith,47.4,4740
Brooks Koepka,Austin Smotherman,62.8,6283
Brooks Koepka,Brandt Snedeker,55.6,5555
Brooks Koepka,Jordan Spieth,56.9,5687
Brooks Koepka,Sam Stevens,58.2,5818
Brooks Koepka,Sepp Straka,60.4,6045
Brooks Koepka,Kevin Streelman,58.3,5835
Brooks Koepka,Jackson Suber,47.1,4706
Brooks Koepka,Adam Svensson,63.9,6393
Brooks Koepka,Jesper Svensson,57.9,5794
Brooks Koepka,Nick Taylor,53.2,5320
Brooks Koepka,Sahith Theegala,52.0,5198
Brooks Koepka,Justin Thomas,39.2,3924
Brooks Koepka,Davis Thompson,51.3,5132
Brooks Koepka,Alejandro Tosti,70.3,7033
Brooks Koepka,Erik van Rooyen,57.3,5731
Brooks Koepka,John VanDerLaan,63.3,6333
Brooks Koepka,Karl Vilips,63.9,6395
Brooks Koepka,Camilo Villegas,61.6,6162
Brooks Koepka,Danny Walker,75.0,7495
Brooks Koepka,Matt Wallace,46.3,4631
Brooks Koepka,Vince Whaley,67.9,6787
Brooks Koepka,Aaron Wise,54.3,5434
Brooks Koepka,Dylan Wu,63.9,6389
Brooks Koepka,Cameron Young,35.8,3578
Brooks Koepka,Kevin Yu,49.6,4960
Ben Kohles,Zach Bauchou,58.8,5884
Ben Kohles,Christiaan Bezuidenhout,56.1,5609
Ben Kohles,Daniel Berger,66.1,6611
Ben Kohles,Zac Blair,54.8,5483
Ben Kohles,Chandler Blanchet,67.4,6742
Ben Kohles,Keegan Bradley,52.1,5214
Ben Kohles,Michael Brennan,58.6,5863
Ben Kohles,Brian Campbell,70.1,7007
Ben Kohles,Rafael Campos,70.1,7012
Ben Kohles,Ricky Castillo,60.1,6011
Ben Kohles,Bud Cauley,49.1,4913
Ben Kohles,Davis Chatfield,64.5,6446
Ben Kohles,Luke Clanton,62.3,6234
Ben Kohles,Eric Cole,58.5,5852
Ben Kohles,Pierceson Coody,67.9,6787
Ben Kohles,Joel Dahmen,59.7,5974
Ben Kohles,Cam Davis,77.3,7729
Ben Kohles,Jason Day,64.6,6456
Ben Kohles,Zecheng Dou,66.2,6623
Ben Kohles,Adrien Dumont de Chassart,66.2,6624
Ben Kohles,Nick Dunlap,69.8,6979
Ben Kohles,Nico Echavarria,59.8,5979
Ben Kohles,Austin Eckroat,66.4,6643
Ben Kohles,Harris English,55.4,5542
Ben Kohles,Tony Finau,62.0,6201
Ben Kohles,Patrick Fishburn,60.7,6065
Ben Kohles,Steven Fisk,68.6,6856
Ben Kohles,Alex Fitzpatrick,44.6,4462
Ben Kohles,Brice Garnett,66.0,6597
Ben Kohles,Ryan Gerard,51.4,5143
Ben Kohles,Doug Ghim,51.4,5145
Ben Kohles,Lucas Glover,60.1,6014
Ben Kohles,Max Greyserman,66.6,6656
Ben Kohles,Ben Griffin,47.8,4779
Ben Kohles,Lanto Griffin,66.6,6655
Ben Kohles,Emiliano Grillo,53.6,5361
Ben Kohles,Harry Hall,66.1,6607
Ben Kohles,Brian Harman,55.3,5528
Ben Kohles,Garrick Higgo,73.5,7346
Ben Kohles,Joe Highsmith,71.5,7151
Ben Kohles,Kensei Hirata,74.2,7420
Ben Kohles,Ryo Hisatsune,56.6,5658
Ben Kohles,Lee Hodges,59.7,5974
Ben Kohles,Rico Hoey,60.0,6001
Ben Kohles,Tom Hoge,62.1,6207
Ben Kohles,Rasmus Hojgaard,67.3,6734
Ben Kohles,Billy Horschel,61.8,6180
Ben Kohles,Beau Hossler,59.7,5968
Ben Kohles,Mark Hubbard,61.2,6121
Ben Kohles,Mackenzie Hughes,60.4,6040
Ben Kohles,Sungjae Im,60.0,6000
Ben Kohles,Stephan Jaeger,66.5,6647
Ben Kohles,Ben James,55.8,5580
Ben Kohles,Takumi Kanaya,65.5,6552
Ben Kohles,Jeffrey Kang,65.8,6575
Ben Kohles,Johnny Keefer,58.6,5855
Ben Kohles,Michael Kim,58.9,5892
Ben Kohles,Tom Kim,44.9,4491
Ben Kohles,Chris Kirk,58.2,5823
Ben Kohles,Patton Kizzire,85.2,8521
Ben Kohles,Brooks Koepka,56.9,5693
Ben Kohles,Jackson Koivun,48.5,4854
Ben Kohles,Matt Kuchar,57.8,5778
Ben Kohles,Christo Lamprecht,87.0,8701
Ben Kohles,Hank Lebioda,66.9,6690
Ben Kohles,Haotong Li,74.8,7479
Ben Kohles,David Lipsky,63.7,6367
Ben Kohles,Luke List,65.4,6537
Ben Kohles,Justin Lower,67.6,6762
Ben Kohles,Peter Malnati,78.7,7868
Ben Kohles,Hideki Matsuyama,49.9,4986
Ben Kohles,Denny McCarthy,61.9,6187
Ben Kohles,Matt McCarty,64.9,6493
Ben Kohles,Max McGreevy,58.2,5823
Ben Kohles,Maverick McNealy,56.6,5658
Ben Kohles,Mac Meissner,56.4,5637
Ben Kohles,Keith Mitchell,55.9,5588
Ben Kohles,Taylor Moore,65.5,6551
Ben Kohles,William Mouw,59.1,5911
Ben Kohles,Rasmus Neergaard-Petersen,59.3,5931
Ben Kohles,Alex Noren,61.0,6097
Ben Kohles,Andrew Novak,59.7,5970
Ben Kohles,Pontus Nyholm,71.4,7136
Ben Kohles,Thorbjorn Olesen,69.5,6947
Ben Kohles,John Parry,61.9,6189
Ben Kohles,Matthieu Pavon,65.4,6537
Ben Kohles,Taylor Pendrith,65.6,6558
Ben Kohles,Marco Penge,57.4,5737
Ben Kohles,Chandler Phillips,61.0,6099
Ben Kohles,J.T. Poston,55.7,5569
Ben Kohles,Aldrich Potgieter,67.9,6791
Ben Kohles,Seamus Power,69.0,6902
Ben Kohles,Andrew Putnam,62.0,6204
Ben Kohles,Aaron Rai,48.0,4803
Ben Kohles,Chad Ramey,74.8,7481
Ben Kohles,Davis Riley,73.5,7346
Ben Kohles,Patrick Rodgers,74.4,7442
Ben Kohles,Kevin Roy,65.5,6552
Ben Kohles,Marcelo Rozo,71.0,7100
Ben Kohles,Adrien Saddier,67.4,6745
Ben Kohles,Gordon Sargent,73.6,7355
Ben Kohles,Adam Schenk,75.4,7545
Ben Kohles,Matti Schmid,69.2,6918
Ben Kohles,Ben Silverman,65.6,6558
Ben Kohles,Webb Simpson,76.6,7659
Ben Kohles,Alex Smalley,58.8,5883
Ben Kohles,Jordan Smith,54.4,5436
Ben Kohles,Austin Smotherman,69.2,6922
Ben Kohles,Brandt Snedeker,62.3,6233
Ben Kohles,Jordan Spieth,63.6,6360
Ben Kohles,Sam Stevens,64.8,6485
Ben Kohles,Sepp Straka,67.0,6699
Ben Kohles,Kevin Streelman,65.0,6501
Ben Kohles,Jackson Suber,54.0,5402
Ben Kohles,Adam Svensson,70.2,7024
Ben Kohles,Jesper Svensson,64.6,6462
Ben Kohles,Nick Taylor,60.1,6006
Ben Kohles,Sahith Theegala,58.9,5888
Ben Kohles,Justin Thomas,46.1,4608
Ben Kohles,Davis Thompson,58.2,5823
Ben Kohles,Alejandro Tosti,76.1,7607
Ben Kohles,Erik van Rooyen,64.0,6401
Ben Kohles,John VanDerLaan,69.7,6968
Ben Kohles,Karl Vilips,70.3,7026
Ben Kohles,Camilo Villegas,68.1,6809
Ben Kohles,Danny Walker,80.2,8017
Ben Kohles,Matt Wallace,53.3,5327
Ben Kohles,Vince Whaley,73.9,7385
Ben Kohles,Aaron Wise,61.2,6116
Ben Kohles,Dylan Wu,70.2,7020
Ben Kohles,Cameron Young,42.5,4248
Ben Kohles,Kevin Yu,56.5,5654
Jackson Koivun,Zach Bauchou,60.3,6026
Jackson Koivun,Christiaan Bezuidenhout,57.5,5753
Jackson Koivun,Daniel Berger,67.4,6744
Jackson Koivun,Zac Blair,56.3,5627
Jackson Koivun,Chandler Blanchet,68.7,6872
Jackson Koivun,Keegan Bradley,53.6,5360
Jackson Koivun,Michael Brennan,60.0,6005
Jackson Koivun,Brian Campbell,71.3,7133
Jackson Koivun,Rafael Campos,71.4,7137
Jackson Koivun,Ricky Castillo,61.5,6151
Jackson Koivun,Bud Cauley,50.6,5059
Jackson Koivun,Davis Chatfield,65.8,6581
Jackson Koivun,Luke Clanton,63.7,6372
Jackson Koivun,Eric Cole,59.9,5994
Jackson Koivun,Pierceson Coody,69.2,6917
Jackson Koivun,Joel Dahmen,61.1,6115
Jackson Koivun,Cam Davis,78.4,7838
Jackson Koivun,Jason Day,65.9,6591
Jackson Koivun,Zecheng Dou,67.6,6756
Jackson Koivun,Adrien Dumont de Chassart,67.6,6757
Jackson Koivun,Nick Dunlap,71.1,7105
Jackson Koivun,Nico Echavarria,61.2,6120
Jackson Koivun,Austin Eckroat,67.8,6775
Jackson Koivun,Harris English,56.9,5686
Jackson Koivun,Tony Finau,63.4,6339
Jackson Koivun,Patrick Fishburn,62.1,6205
Jackson Koivun,Steven Fisk,69.9,6985
Jackson Koivun,Alex Fitzpatrick,46.1,4607
Jackson Koivun,Brice Garnett,67.3,6730
Jackson Koivun,Ryan Gerard,52.9,5288
Jackson Koivun,Doug Ghim,52.9,5290
Jackson Koivun,Lucas Glover,61.5,6154
Jackson Koivun,Max Greyserman,67.9,6788
Jackson Koivun,Ben Griffin,49.2,4925
Jackson Koivun,Lanto Griffin,67.9,6787
Jackson Koivun,Emiliano Grillo,55.1,5505
Jackson Koivun,Harry Hall,67.4,6739
Jackson Koivun,Brian Harman,56.7,5672
Jackson Koivun,Garrick Higgo,74.6,7464
Jackson Koivun,Joe Highsmith,72.7,7274
Jackson Koivun,Kensei Hirata,75.4,7536
Jackson Koivun,Ryo Hisatsune,58.0,5802
Jackson Koivun,Lee Hodges,61.1,6115
Jackson Koivun,Rico Hoey,61.4,6142
Jackson Koivun,Tom Hoge,63.5,6345
Jackson Koivun,Rasmus Hojgaard,68.7,6865
Jackson Koivun,Billy Horschel,63.2,6319
Jackson Koivun,Beau Hossler,61.1,6109
Jackson Koivun,Mark Hubbard,62.6,6260
Jackson Koivun,Mackenzie Hughes,61.8,6180
Jackson Koivun,Sungjae Im,61.4,6140
Jackson Koivun,Stephan Jaeger,67.8,6779
Jackson Koivun,Ben James,57.2,5723
Jackson Koivun,Takumi Kanaya,66.9,6685
Jackson Koivun,Jeffrey Kang,67.1,6708
Jackson Koivun,Johnny Keefer,60.0,5997
Jackson Koivun,Michael Kim,60.3,6034
Jackson Koivun,Tom Kim,46.4,4636
Jackson Koivun,Chris Kirk,59.7,5965
Jackson Koivun,Patton Kizzire,86.0,8604
Jackson Koivun,Brooks Koepka,58.4,5836
Jackson Koivun,Ben Kohles,51.5,5146
Jackson Koivun,Matt Kuchar,59.2,5920
Jackson Koivun,Christo Lamprecht,87.8,8777
Jackson Koivun,Hank Lebioda,68.2,6821
Jackson Koivun,Haotong Li,75.9,7595
Jackson Koivun,David Lipsky,65.0,6503
Jackson Koivun,Luke List,66.7,6671
Jackson Koivun,Justin Lower,68.9,6892
Jackson Koivun,Peter Malnati,79.7,7973
Jackson Koivun,Hideki Matsuyama,51.3,5131
Jackson Koivun,Denny McCarthy,63.3,6326
Jackson Koivun,Matt McCarty,66.3,6628
Jackson Koivun,Max McGreevy,59.6,5965
Jackson Koivun,Maverick McNealy,58.0,5802
Jackson Koivun,Mac Meissner,57.8,5780
Jackson Koivun,Keith Mitchell,57.3,5732
Jackson Koivun,Taylor Moore,66.8,6684
Jackson Koivun,William Mouw,60.5,6053
Jackson Koivun,Rasmus Neergaard-Petersen,60.7,6072
Jackson Koivun,Alex Noren,62.4,6236
Jackson Koivun,Andrew Novak,61.1,6111
Jackson Koivun,Pontus Nyholm,72.6,7259
Jackson Koivun,Thorbjorn Olesen,70.7,7074
Jackson Koivun,John Parry,63.3,6328
Jackson Koivun,Matthieu Pavon,66.7,6671
Jackson Koivun,Taylor Pendrith,66.9,6691
Jackson Koivun,Marco Penge,58.8,5880
Jackson Koivun,Chandler Phillips,62.4,6238
Jackson Koivun,J.T. Poston,57.1,5713
Jackson Koivun,Aldrich Potgieter,69.2,6920
Jackson Koivun,Seamus Power,70.3,7030
Jackson Koivun,Andrew Putnam,63.4,6342
Jackson Koivun,Aaron Rai,49.5,4949
Jackson Koivun,Chad Ramey,76.0,7596
Jackson Koivun,Davis Riley,74.6,7465
Jackson Koivun,Patrick Rodgers,75.6,7558
Jackson Koivun,Kevin Roy,66.9,6685
Jackson Koivun,Marcelo Rozo,72.2,7224
Jackson Koivun,Adrien Saddier,68.8,6875
Jackson Koivun,Gordon Sargent,74.7,7473
Jackson Koivun,Adam Schenk,76.6,7658
Jackson Koivun,Matti Schmid,70.5,7045
Jackson Koivun,Ben Silverman,66.9,6691
Jackson Koivun,Webb Simpson,77.7,7770
Jackson Koivun,Alex Smalley,60.2,6024
Jackson Koivun,Jordan Smith,55.8,5580
Jackson Koivun,Austin Smotherman,70.5,7049
Jackson Koivun,Brandt Snedeker,63.7,6371
Jackson Koivun,Jordan Spieth,65.0,6496
Jackson Koivun,Sam Stevens,66.2,6620
Jackson Koivun,Sepp Straka,68.3,6830
Jackson Koivun,Kevin Streelman,66.4,6635
Jackson Koivun,Jackson Suber,55.5,5547
Jackson Koivun,Adam Svensson,71.5,7149
Jackson Koivun,Jesper Svensson,66.0,6597
Jackson Koivun,Nick Taylor,61.5,6147
Jackson Koivun,Sahith Theegala,60.3,6029
Jackson Koivun,Justin Thomas,47.5,4754
Jackson Koivun,Davis Thompson,59.6,5965
Jackson Koivun,Alejandro Tosti,77.2,7719
Jackson Koivun,Erik van Rooyen,65.4,6537
Jackson Koivun,John VanDerLaan,70.9,7095
Jackson Koivun,Karl Vilips,71.5,7151
Jackson Koivun,Camilo Villegas,69.4,6938
Jackson Koivun,Danny Walker,81.2,8117
Jackson Koivun,Matt Wallace,54.7,5472
Jackson Koivun,Vince Whaley,75.0,7503
Jackson Koivun,Aaron Wise,62.6,6256
Jackson Koivun,Dylan Wu,71.5,7146
Jackson Koivun,Cameron Young,43.9,4391
Jackson Koivun,Kevin Yu,58.0,5797
Matt Kuchar,Zach Bauchou,51.1,5108
Matt Kuchar,Christiaan Bezuidenhout,48.3,4829
Matt Kuchar,Daniel Berger,58.7,5868
Matt Kuchar,Zac Blair,47.0,4701
Matt Kuchar,Chandler Blanchet,60.1,6007
Matt Kuchar,Keegan Bradley,44.3,4434
Matt Kuchar,Michael Brennan,50.9,5087
Matt Kuchar,Brian Campbell,62.9,6294
Matt Kuchar,Rafael Campos,63.0,6299
Matt Kuchar,Ricky Castillo,52.4,5239
Matt Kuchar,Bud Cauley,41.4,4137
Matt Kuchar,Davis Chatfield,56.9,5693
Matt Kuchar,Luke Clanton,54.7,5470
Matt Kuchar,Eric Cole,50.8,5075
Matt Kuchar,Pierceson Coody,60.6,6056
Matt Kuchar,Joel Dahmen,52.0,5201
Matt Kuchar,Cam Davis,71.0,7096
Matt Kuchar,Jason Day,57.0,5703
Matt Kuchar,Zecheng Dou,58.8,5880
Matt Kuchar,Adrien Dumont de Chassart,58.8,5882
Matt Kuchar,Nick Dunlap,62.6,6263
Matt Kuchar,Nico Echavarria,52.1,5206
Matt Kuchar,Austin Eckroat,59.0,5902
Matt Kuchar,Harris English,47.6,4761
Matt Kuchar,Tony Finau,54.4,5436
Matt Kuchar,Patrick Fishburn,53.0,5295
Matt Kuchar,Steven Fisk,61.3,6131
Matt Kuchar,Alex Fitzpatrick,37.0,3701
Matt Kuchar,Brice Garnett,58.5,5853
Matt Kuchar,Ryan Gerard,43.6,4362
Matt Kuchar,Doug Ghim,43.6,4364
Matt Kuchar,Lucas Glover,52.4,5242
Matt Kuchar,Max Greyserman,59.2,5915
Matt Kuchar,Ben Griffin,40.1,4007
Matt Kuchar,Lanto Griffin,59.1,5915
Matt Kuchar,Emiliano Grillo,45.8,4579
Matt Kuchar,Harry Hall,58.6,5863
Matt Kuchar,Brian Harman,47.5,4746
Matt Kuchar,Garrick Higgo,66.7,6666
Matt Kuchar,Joe Highsmith,64.5,6451
Matt Kuchar,Kensei Hirata,67.5,6748
Matt Kuchar,Ryo Hisatsune,48.8,4878
Matt Kuchar,Lee Hodges,52.0,5201
Matt Kuchar,Rico Hoey,52.3,5229
Matt Kuchar,Tom Hoge,54.4,5442
Matt Kuchar,Rasmus Hojgaard,60.0,5999
Matt Kuchar,Billy Horschel,54.1,5414
Matt Kuchar,Beau Hossler,51.9,5195
Matt Kuchar,Mark Hubbard,53.5,5353
Matt Kuchar,Mackenzie Hughes,52.7,5268
Matt Kuchar,Sungjae Im,52.3,5227
Matt Kuchar,Stephan Jaeger,59.1,5906
Matt Kuchar,Ben James,48.0,4799
Matt Kuchar,Takumi Kanaya,58.0,5805
Matt Kuchar,Jeffrey Kang,58.3,5829
Matt Kuchar,Johnny Keefer,50.8,5079
Matt Kuchar,Michael Kim,51.2,5117
Matt Kuchar,Tom Kim,37.3,3729
Matt Kuchar,Chris Kirk,50.5,5046
Matt Kuchar,Patton Kizzire,80.2,8022
Matt Kuchar,Brooks Koepka,49.1,4914
Matt Kuchar,Ben Kohles,42.2,4222
Matt Kuchar,Jackson Koivun,40.8,4080
Matt Kuchar,Christo Lamprecht,82.4,8239
Matt Kuchar,Hank Lebioda,59.5,5952
Matt Kuchar,Haotong Li,68.1,6814
Matt Kuchar,David Lipsky,56.1,5609
Matt Kuchar,Luke List,57.9,5789
Matt Kuchar,Justin Lower,60.3,6029
Matt Kuchar,Peter Malnati,72.5,7254
Matt Kuchar,Hideki Matsuyama,42.1,4208
Matt Kuchar,Denny McCarthy,54.2,5422
Matt Kuchar,Matt McCarty,57.4,5742
Matt Kuchar,Max McGreevy,50.5,5046
Matt Kuchar,Maverick McNealy,48.8,4878
Matt Kuchar,Mac Meissner,48.6,4857
Matt Kuchar,Keith Mitchell,48.1,4807
Matt Kuchar,Taylor Moore,58.0,5804
Matt Kuchar,William Mouw,51.4,5136
Matt Kuchar,Rasmus Neergaard-Petersen,51.6,5156
Matt Kuchar,Alex Noren,53.3,5328
Matt Kuchar,Andrew Novak,52.0,5197
Matt Kuchar,Pontus Nyholm,64.3,6434
Matt Kuchar,Thorbjorn Olesen,62.3,6228
Matt Kuchar,John Parry,54.2,5424
Matt Kuchar,Matthieu Pavon,57.9,5789
Matt Kuchar,Taylor Pendrith,58.1,5811
Matt Kuchar,Marco Penge,49.6,4958
Matt Kuchar,Chandler Phillips,53.3,5329
Matt Kuchar,J.T. Poston,47.9,4788
Matt Kuchar,Aldrich Potgieter,60.6,6060
Matt Kuchar,Seamus Power,61.8,6180
Matt Kuchar,Andrew Putnam,54.4,5439
Matt Kuchar,Aaron Rai,40.3,4030
Matt Kuchar,Chad Ramey,68.2,6816
Matt Kuchar,Davis Riley,66.7,6666
Matt Kuchar,Patrick Rodgers,67.7,6772
Matt Kuchar,Kevin Roy,58.0,5805
Matt Kuchar,Marcelo Rozo,64.0,6395
Matt Kuchar,Adrien Saddier,60.1,6010
Matt Kuchar,Gordon Sargent,66.8,6676
Matt Kuchar,Adam Schenk,68.9,6888
Matt Kuchar,Matti Schmid,62.0,6197
Matt Kuchar,Ben Silverman,58.1,5811
Matt Kuchar,Webb Simpson,70.2,7017
Matt Kuchar,Alex Smalley,51.1,5107
Matt Kuchar,Jordan Smith,46.5,4654
Matt Kuchar,Austin Smotherman,62.0,6201
Matt Kuchar,Brandt Snedeker,54.7,5470
Matt Kuchar,Jordan Spieth,56.0,5602
Matt Kuchar,Sam Stevens,57.3,5734
Matt Kuchar,Sepp Straka,59.6,5961
Matt Kuchar,Kevin Streelman,57.5,5751
Matt Kuchar,Jackson Suber,46.2,4620
Matt Kuchar,Adam Svensson,63.1,6312
Matt Kuchar,Jesper Svensson,57.1,5709
Matt Kuchar,Nick Taylor,52.3,5234
Matt Kuchar,Sahith Theegala,51.1,5112
Matt Kuchar,Justin Thomas,38.4,3842
Matt Kuchar,Davis Thompson,50.5,5046
Matt Kuchar,Alejandro Tosti,69.6,6957
Matt Kuchar,Erik van Rooyen,56.5,5646
Matt Kuchar,John VanDerLaan,62.5,6251
Matt Kuchar,Karl Vilips,63.1,6314
Matt Kuchar,Camilo Villegas,60.8,6079
Matt Kuchar,Danny Walker,74.3,7426
Matt Kuchar,Matt Wallace,45.5,4546
Matt Kuchar,Vince Whaley,67.1,6709
Matt Kuchar,Aaron Wise,53.5,5348
Matt Kuchar,Dylan Wu,63.1,6308
Matt Kuchar,Cameron Young,35.0,3497
Matt Kuchar,Kevin Yu,48.7,4874
Christo Lamprecht,Zach Bauchou,18.3,1832
Christo Lamprecht,Christiaan Bezuidenhout,16.5,1652
Christo Lamprecht,Daniel Berger,23.8,2385
Christo Lamprecht,Zac Blair,15.7,1573
Christo Lamprecht,Chandler Blanchet,25.0,2497
Christo Lamprecht,Keegan Bradley,14.2,1416
Christo Lamprecht,Michael Brennan,18.2,1817
Christo Lamprecht,Brian Campbell,27.4,2741
Christo Lamprecht,Rafael Campos,27.5,2746
Christo Lamprecht,Ricky Castillo,19.2,1920
Christo Lamprecht,Bud Cauley,12.5,1254
Christo Lamprecht,Davis Chatfield,22.5,2248
Christo Lamprecht,Luke Clanton,20.8,2083
Christo Lamprecht,Eric Cole,18.1,1810
Christo Lamprecht,Pierceson Coody,25.4,2537
Christo Lamprecht,Joel Dahmen,18.9,1894
Christo Lamprecht,Cam Davis,35.3,3526
Christo Lamprecht,Jason Day,22.6,2256
Christo Lamprecht,Zecheng Dou,23.9,2395
Christo Lamprecht,Adrien Dumont de Chassart,24.0,2396
Christo Lamprecht,Nick Dunlap,27.1,2715
Christo Lamprecht,Nico Echavarria,19.0,1897
Christo Lamprecht,Austin Eckroat,24.1,2412
Christo Lamprecht,Harris English,16.1,1610
Christo Lamprecht,Tony Finau,20.6,2058
Christo Lamprecht,Patrick Fishburn,19.6,1959
Christo Lamprecht,Steven Fisk,26.0,2600
Christo Lamprecht,Alex Fitzpatrick,10.3,1035
Christo Lamprecht,Brice Garnett,23.7,2373
Christo Lamprecht,Ryan Gerard,13.8,1376
Christo Lamprecht,Doug Ghim,13.8,1377
Christo Lamprecht,Lucas Glover,19.2,1922
Christo Lamprecht,Max Greyserman,24.2,2423
Christo Lamprecht,Ben Griffin,11.9,1186
Christo Lamprecht,Lanto Griffin,24.2,2422
Christo Lamprecht,Emiliano Grillo,15.0,1500
Christo Lamprecht,Harry Hall,23.8,2381
Christo Lamprecht,Brian Harman,16.0,1601
Christo Lamprecht,Garrick Higgo,30.9,3085
Christo Lamprecht,Joe Highsmith,28.8,2882
Christo Lamprecht,Kensei Hirata,31.7,3166
Christo Lamprecht,Ryo Hisatsune,16.8,1683
Christo Lamprecht,Lee Hodges,18.9,1894
Christo Lamprecht,Rico Hoey,19.1,1913
Christo Lamprecht,Tom Hoge,20.6,2062
Christo Lamprecht,Rasmus Hojgaard,24.9,2491
Christo Lamprecht,Billy Horschel,20.4,2042
Christo Lamprecht,Beau Hossler,18.9,1890
Christo Lamprecht,Mark Hubbard,20.0,1999
Christo Lamprecht,Mackenzie Hughes,19.4,1940
Christo Lamprecht,Sungjae Im,19.1,1912
Christo Lamprecht,Stephan Jaeger,24.2,2415
Christo Lamprecht,Ben James,16.3,1633
Christo Lamprecht,Takumi Kanaya,23.3,2335
Christo Lamprecht,Jeffrey Kang,23.5,2354
Christo Lamprecht,Johnny Keefer,18.1,1812
Christo Lamprecht,Michael Kim,18.4,1837
Christo Lamprecht,Tom Kim,10.5,1048
Christo Lamprecht,Chris Kirk,17.9,1790
Christo Lamprecht,Patton Kizzire,46.8,4677
Christo Lamprecht,Brooks Koepka,17.1,1705
Christo Lamprecht,Ben Kohles,13.0,1299
Christo Lamprecht,Jackson Koivun,12.2,1223
Christo Lamprecht,Matt Kuchar,17.6,1761
Christo Lamprecht,Hank Lebioda,24.5,2452
Christo Lamprecht,Haotong Li,32.3,3232
Christo Lamprecht,David Lipsky,21.9,2185
Christo Lamprecht,Luke List,23.2,2322
Christo Lamprecht,Justin Lower,25.2,2515
Christo Lamprecht,Peter Malnati,37.0,3702
Christo Lamprecht,Hideki Matsuyama,12.9,1292
Christo Lamprecht,Denny McCarthy,20.5,2048
Christo Lamprecht,Matt McCarty,22.9,2286
Christo Lamprecht,Max McGreevy,17.9,1790
Christo Lamprecht,Maverick McNealy,16.8,1683
Christo Lamprecht,Mac Meissner,16.7,1669
Christo Lamprecht,Keith Mitchell,16.4,1638
Christo Lamprecht,Taylor Moore,23.3,2334
Christo Lamprecht,William Mouw,18.5,1850
Christo Lamprecht,Rasmus Neergaard-Petersen,18.6,1864
Christo Lamprecht,Alex Noren,19.8,1981
Christo Lamprecht,Andrew Novak,18.9,1891
Christo Lamprecht,Pontus Nyholm,28.7,2867
Christo Lamprecht,Thorbjorn Olesen,26.8,2684
Christo Lamprecht,John Parry,20.5,2049
Christo Lamprecht,Matthieu Pavon,23.2,2322
Christo Lamprecht,Taylor Pendrith,23.4,2340
Christo Lamprecht,Marco Penge,17.3,1734
Christo Lamprecht,Chandler Phillips,19.8,1983
Christo Lamprecht,J.T. Poston,16.3,1627
Christo Lamprecht,Aldrich Potgieter,25.4,2541
Christo Lamprecht,Seamus Power,26.4,2642
Christo Lamprecht,Andrew Putnam,20.6,2060
Christo Lamprecht,Aaron Rai,12.0,1198
Christo Lamprecht,Chad Ramey,32.3,3233
Christo Lamprecht,Davis Riley,30.9,3086
Christo Lamprecht,Patrick Rodgers,31.9,3190
Christo Lamprecht,Kevin Roy,23.3,2335
Christo Lamprecht,Marcelo Rozo,28.3,2832
Christo Lamprecht,Adrien Saddier,25.0,2500
Christo Lamprecht,Gordon Sargent,31.0,3095
Christo Lamprecht,Adam Schenk,33.1,3306
Christo Lamprecht,Matti Schmid,26.6,2657
Christo Lamprecht,Ben Silverman,23.4,2340
Christo Lamprecht,Webb Simpson,34.4,3441
Christo Lamprecht,Alex Smalley,18.3,1831
Christo Lamprecht,Jordan Smith,15.4,1545
Christo Lamprecht,Austin Smotherman,26.6,2661
Christo Lamprecht,Brandt Snedeker,20.8,2082
Christo Lamprecht,Jordan Spieth,21.8,2180
Christo Lamprecht,Sam Stevens,22.8,2280
Christo Lamprecht,Sepp Straka,24.6,2460
Christo Lamprecht,Kevin Streelman,22.9,2293
Christo Lamprecht,Jackson Suber,15.2,1525
Christo Lamprecht,Adam Svensson,27.6,2757
Christo Lamprecht,Jesper Svensson,22.6,2261
Christo Lamprecht,Nick Taylor,19.2,1916
Christo Lamprecht,Sahith Theegala,18.3,1834
Christo Lamprecht,Justin Thomas,11.0,1103
Christo Lamprecht,Davis Thompson,17.9,1790
Christo Lamprecht,Alejandro Tosti,33.8,3378
Christo Lamprecht,Erik van Rooyen,22.1,2213
Christo Lamprecht,John VanDerLaan,27.0,2704
Christo Lamprecht,Karl Vilips,27.6,2759
Christo Lamprecht,Camilo Villegas,25.6,2557
Christo Lamprecht,Danny Walker,39.0,3901
Christo Lamprecht,Matt Wallace,14.8,1481
Christo Lamprecht,Vince Whaley,31.3,3128
Christo Lamprecht,Aaron Wise,20.0,1996
Christo Lamprecht,Dylan Wu,27.5,2754
Christo Lamprecht,Cameron Young,9.4,940
Christo Lamprecht,Kevin Yu,16.8,1680
Hank Lebioda,Zach Bauchou,41.5,4154
Hank Lebioda,Christiaan Bezuidenhout,38.8,3883
Hank Lebioda,Daniel Berger,49.1,4914
Hank Lebioda,Zac Blair,37.6,3761
Hank Lebioda,Chandler Blanchet,50.6,5057
Hank Lebioda,Keegan Bradley,35.1,3507
Hank Lebioda,Michael Brennan,41.3,4133
Hank Lebioda,Brian Campbell,53.6,5356
Hank Lebioda,Rafael Campos,53.6,5361
Hank Lebioda,Ricky Castillo,42.8,4282
Hank Lebioda,Bud Cauley,32.3,3232
Hank Lebioda,Davis Chatfield,47.4,4735
Hank Lebioda,Luke Clanton,45.1,4512
Hank Lebioda,Eric Cole,41.2,4121
Hank Lebioda,Pierceson Coody,51.1,5107
Hank Lebioda,Joel Dahmen,42.4,4244
Hank Lebioda,Cam Davis,62.2,6222
Hank Lebioda,Jason Day,47.5,4746
Hank Lebioda,Zecheng Dou,49.3,4927
Hank Lebioda,Adrien Dumont de Chassart,49.3,4928
Hank Lebioda,Nick Dunlap,53.2,5324
Hank Lebioda,Nico Echavarria,42.5,4250
Hank Lebioda,Austin Eckroat,49.5,4948
Hank Lebioda,Harris English,38.2,3818
Hank Lebioda,Tony Finau,44.8,4477
Hank Lebioda,Patrick Fishburn,43.4,4337
Hank Lebioda,Steven Fisk,51.9,5185
Hank Lebioda,Alex Fitzpatrick,28.4,2835
Hank Lebioda,Brice Garnett,49.0,4898
Hank Lebioda,Ryan Gerard,34.4,3441
Hank Lebioda,Doug Ghim,34.4,3442
Hank Lebioda,Lucas Glover,42.8,4285
Hank Lebioda,Max Greyserman,49.6,4962
Hank Lebioda,Ben Griffin,31.1,3112
Hank Lebioda,Lanto Griffin,49.6,4962
Hank Lebioda,Emiliano Grillo,36.4,3644
Hank Lebioda,Harry Hall,49.1,4909
Hank Lebioda,Brian Harman,38.0,3804
Hank Lebioda,Garrick Higgo,57.5,5752
Hank Lebioda,Joe Highsmith,55.2,5522
Hank Lebioda,Kensei Hirata,58.4,5841
Hank Lebioda,Ryo Hisatsune,39.3,3930
Hank Lebioda,Lee Hodges,42.4,4244
Hank Lebioda,Rico Hoey,42.7,4272
Hank Lebioda,Tom Hoge,44.8,4483
Hank Lebioda,Rasmus Hojgaard,50.5,5049
Hank Lebioda,Billy Horschel,44.6,4456
Hank Lebioda,Beau Hossler,42.4,4238
Hank Lebioda,Mark Hubbard,43.9,4394
Hank Lebioda,Mackenzie Hughes,43.1,4311
Hank Lebioda,Sungjae Im,42.7,4271
Hank Lebioda,Stephan Jaeger,49.5,4953
Hank Lebioda,Ben James,38.5,3854
Hank Lebioda,Takumi Kanaya,48.5,4849
Hank Lebioda,Jeffrey Kang,48.7,4874
Hank Lebioda,Johnny Keefer,41.3,4125
Hank Lebioda,Michael Kim,41.6,4162
Hank Lebioda,Tom Kim,28.6,2860
Hank Lebioda,Chris Kirk,40.9,4093
Hank Lebioda,Patton Kizzire,72.9,7286
Hank Lebioda,Brooks Koepka,39.6,3965
Hank Lebioda,Ben Kohles,33.1,3310
Hank Lebioda,Jackson Koivun,31.8,3179
Hank Lebioda,Matt Kuchar,40.5,4048
Hank Lebioda,Christo Lamprecht,75.5,7548
Hank Lebioda,Haotong Li,59.1,5913
Hank Lebioda,David Lipsky,46.5,4651
Hank Lebioda,Luke List,48.3,4833
Hank Lebioda,Justin Lower,50.8,5080
Hank Lebioda,Peter Malnati,64.0,6399
Hank Lebioda,Hideki Matsuyama,33.0,3297
Hank Lebioda,Denny McCarthy,44.6,4463
Hank Lebioda,Matt McCarty,47.9,4786
Hank Lebioda,Max McGreevy,40.9,4093
Hank Lebioda,Maverick McNealy,39.3,3930
Hank Lebioda,Mac Meissner,39.1,3909
Hank Lebioda,Keith Mitchell,38.6,3862
Hank Lebioda,Taylor Moore,48.5,4848
Hank Lebioda,William Mouw,41.8,4181
Hank Lebioda,Rasmus Neergaard-Petersen,42.0,4201
Hank Lebioda,Alex Noren,43.7,4370
Hank Lebioda,Andrew Novak,42.4,4241
Hank Lebioda,Pontus Nyholm,55.0,5504
Hank Lebioda,Thorbjorn Olesen,52.9,5287
Hank Lebioda,John Parry,44.7,4465
Hank Lebioda,Matthieu Pavon,48.3,4833
Hank Lebioda,Taylor Pendrith,48.6,4856
Hank Lebioda,Marco Penge,40.1,4008
Hank Lebioda,Chandler Phillips,43.7,4371
Hank Lebioda,J.T. Poston,38.4,3844
Hank Lebioda,Aldrich Potgieter,51.1,5111
Hank Lebioda,Seamus Power,52.4,5236
Hank Lebioda,Andrew Putnam,44.8,4480
Hank Lebioda,Aaron Rai,31.3,3133
Hank Lebioda,Chad Ramey,59.1,5914
Hank Lebioda,Davis Riley,57.5,5752
Hank Lebioda,Patrick Rodgers,58.7,5867
Hank Lebioda,Kevin Roy,48.5,4849
Hank Lebioda,Marcelo Rozo,54.6,5463
Hank Lebioda,Adrien Saddier,50.6,5060
Hank Lebioda,Gordon Sargent,57.6,5763
Hank Lebioda,Adam Schenk,59.9,5993
Hank Lebioda,Matti Schmid,52.5,5254
Hank Lebioda,Ben Silverman,48.6,4856
Hank Lebioda,Webb Simpson,61.3,6134
Hank Lebioda,Alex Smalley,41.5,4153
Hank Lebioda,Jordan Smith,37.2,3715
Hank Lebioda,Austin Smotherman,52.6,5259
Hank Lebioda,Brandt Snedeker,45.1,4511
Hank Lebioda,Jordan Spieth,46.4,4644
Hank Lebioda,Sam Stevens,47.8,4777
Hank Lebioda,Sepp Straka,50.1,5010
Hank Lebioda,Kevin Streelman,47.9,4794
Hank Lebioda,Jackson Suber,36.8,3684
Hank Lebioda,Adam Svensson,53.7,5375
Hank Lebioda,Jesper Svensson,47.5,4752
Hank Lebioda,Nick Taylor,42.8,4277
Hank Lebioda,Sahith Theegala,41.6,4158
Hank Lebioda,Justin Thomas,29.6,2962
Hank Lebioda,Davis Thompson,40.9,4093
Hank Lebioda,Alejandro Tosti,60.7,6069
Hank Lebioda,Erik van Rooyen,46.9,4688
Hank Lebioda,John VanDerLaan,53.1,5311
Hank Lebioda,Karl Vilips,53.8,5377
Hank Lebioda,Camilo Villegas,51.3,5131
Hank Lebioda,Danny Walker,65.9,6593
Hank Lebioda,Matt Wallace,36.1,3613
Hank Lebioda,Vince Whaley,58.0,5799
Hank Lebioda,Aaron Wise,43.9,4390
Hank Lebioda,Dylan Wu,53.7,5371
Hank Lebioda,Cameron Young,26.5,2654
Hank Lebioda,Kevin Yu,39.3,3926
Haotong Li,Zach Bauchou,32.8,3283
Haotong Li,Christiaan Bezuidenhout,30.3,3034
Haotong Li,Daniel Berger,40.0,4004
Haotong Li,Zac Blair,29.2,2923
Haotong Li,Chandler Blanchet,41.4,4143
Haotong Li,Keegan Bradley,27.0,2695
Haotong Li,Michael Brennan,32.6,3264
Haotong Li,Brian Campbell,44.4,4437
Haotong Li,Rafael Campos,44.4,4443
Haotong Li,Ricky Castillo,34.0,3402
Haotong Li,Bud Cauley,24.5,2452
Haotong Li,Davis Chatfield,38.3,3831
Haotong Li,Luke Clanton,36.2,3618
Haotong Li,Eric Cole,32.5,3253
Haotong Li,Pierceson Coody,41.9,4192
Haotong Li,Joel Dahmen,33.7,3367
Haotong Li,Cam Davis,53.2,5321
Haotong Li,Jason Day,38.4,3842
Haotong Li,Zecheng Dou,40.2,4016
Haotong Li,Adrien Dumont de Chassart,40.2,4017
Haotong Li,Nick Dunlap,44.1,4405
Haotong Li,Nico Echavarria,33.7,3372
Haotong Li,Austin Eckroat,40.4,4037
Haotong Li,Harris English,29.7,2975
Haotong Li,Tony Finau,35.9,3586
Haotong Li,Patrick Fishburn,34.5,3454
Haotong Li,Steven Fisk,42.7,4268
Haotong Li,Alex Fitzpatrick,21.1,2109
Haotong Li,Brice Garnett,39.9,3989
Haotong Li,Ryan Gerard,26.4,2636
Haotong Li,Doug Ghim,26.4,2638
Haotong Li,Lucas Glover,34.0,3405
Haotong Li,Max Greyserman,40.5,4051
Haotong Li,Ben Griffin,23.5,2347
Haotong Li,Lanto Griffin,40.5,4050
Haotong Li,Emiliano Grillo,28.2,2818
Haotong Li,Harry Hall,40.0,3998
Haotong Li,Brian Harman,29.6,2962
Haotong Li,Garrick Higgo,48.4,4836
Haotong Li,Joe Highsmith,46.0,4603
Haotong Li,Kensei Hirata,49.3,4926
Haotong Li,Ryo Hisatsune,30.8,3078
Haotong Li,Lee Hodges,33.7,3367
Haotong Li,Rico Hoey,33.9,3393
Haotong Li,Tom Hoge,35.9,3592
Haotong Li,Rasmus Hojgaard,41.3,4135
Haotong Li,Billy Horschel,35.7,3565
Haotong Li,Beau Hossler,33.6,3362
Haotong Li,Mark Hubbard,35.1,3508
Haotong Li,Mackenzie Hughes,34.3,3430
Haotong Li,Sungjae Im,33.9,3392
Haotong Li,Stephan Jaeger,40.4,4041
Haotong Li,Ben James,30.1,3008
Haotong Li,Takumi Kanaya,39.4,3941
Haotong Li,Jeffrey Kang,39.7,3965
Haotong Li,Johnny Keefer,32.6,3257
Haotong Li,Michael Kim,32.9,3291
Haotong Li,Tom Kim,21.3,2131
Haotong Li,Chris Kirk,32.3,3227
Haotong Li,Patton Kizzire,64.7,6472
Haotong Li,Brooks Koepka,31.1,3109
Haotong Li,Ben Kohles,25.2,2521
Haotong Li,Jackson Koivun,24.1,2405
Haotong Li,Matt Kuchar,31.9,3186
Haotong Li,Christo Lamprecht,67.7,6768
Haotong Li,Hank Lebioda,40.9,4087
Haotong Li,David Lipsky,37.5,3751
Haotong Li,Luke List,39.3,3925
Haotong Li,Justin Lower,41.6,4165
Haotong Li,Peter Malnati,55.1,5507
Haotong Li,Hideki Matsuyama,25.1,2509
Haotong Li,Denny McCarthy,35.7,3572
Haotong Li,Matt McCarty,38.8,3880
Haotong Li,Max McGreevy,32.3,3227
Haotong Li,Maverick McNealy,30.8,3077
Haotong Li,Mac Meissner,30.6,3058
Haotong Li,Keith Mitchell,30.1,3015
Haotong Li,Taylor Moore,39.4,3940
Haotong Li,William Mouw,33.1,3309
Haotong Li,Rasmus Neergaard-Petersen,33.3,3327
Haotong Li,Alex Noren,34.8,3485
Haotong Li,Andrew Novak,33.6,3364
Haotong Li,Pontus Nyholm,45.9,4585
Haotong Li,Thorbjorn Olesen,43.7,4369
Haotong Li,John Parry,35.7,3574
Haotong Li,Matthieu Pavon,39.3,3925
Haotong Li,Taylor Pendrith,39.5,3947
Haotong Li,Marco Penge,31.5,3148
Haotong Li,Chandler Phillips,34.9,3486
Haotong Li,J.T. Poston,30.0,2999
Haotong Li,Aldrich Potgieter,42.0,4196
Haotong Li,Seamus Power,43.2,4319
Haotong Li,Andrew Putnam,35.9,3589
Haotong Li,Aaron Rai,23.7,2366
Haotong Li,Chad Ramey,50.0,5002
Haotong Li,Davis Riley,48.4,4836
Haotong Li,Patrick Rodgers,49.5,4953
Haotong Li,Kevin Roy,39.4,3941
Haotong Li,Marcelo Rozo,45.4,4544
Haotong Li,Adrien Saddier,41.5,4146
Haotong Li,Gordon Sargent,48.5,4847
Haotong Li,Adam Schenk,50.8,5082
Haotong Li,Matti Schmid,43.4,4336
Haotong Li,Ben Silverman,39.5,3947
Haotong Li,Webb Simpson,52.3,5229
Haotong Li,Alex Smalley,32.8,3282
Haotong Li,Jordan Smith,28.8,2882
Haotong Li,Austin Smotherman,43.4,4341
Haotong Li,Brandt Snedeker,36.2,3618
Haotong Li,Jordan Spieth,37.4,3744
Haotong Li,Sam Stevens,38.7,3872
Haotong Li,Sepp Straka,41.0,4097
Haotong Li,Kevin Streelman,38.9,3888
Haotong Li,Jackson Suber,28.5,2854
Haotong Li,Adam Svensson,44.6,4456
Haotong Li,Jesper Svensson,38.5,3848
Haotong Li,Nick Taylor,34.0,3398
Haotong Li,Sahith Theegala,32.9,3287
Haotong Li,Justin Thomas,22.2,2217
Haotong Li,Davis Thompson,32.3,3226
Haotong Li,Alejandro Tosti,51.6,5161
Haotong Li,Erik van Rooyen,37.9,3786
Haotong Li,John VanDerLaan,43.9,4393
Haotong Li,Karl Vilips,44.6,4458
Haotong Li,Camilo Villegas,42.2,4216
Haotong Li,Danny Walker,57.1,5713
Haotong Li,Matt Wallace,27.9,2790
Haotong Li,Vince Whaley,48.8,4883
Haotong Li,Aaron Wise,35.0,3503
Haotong Li,Dylan Wu,44.5,4452
Haotong Li,Cameron Young,19.6,1955
Haotong Li,Kevin Yu,30.7,3074
David Lipsky,Zach Bauchou,45.0,4498
David Lipsky,Christiaan Bezuidenhout,42.2,4222
David Lipsky,Daniel Berger,52.6,5263
David Lipsky,Zac Blair,41.0,4097
David Lipsky,Chandler Blanchet,54.1,5406
David Lipsky,Keegan Bradley,38.4,3837
David Lipsky,Michael Brennan,44.8,4477
David Lipsky,Brian Campbell,57.0,5702
David Lipsky,Rafael Campos,57.1,5707
David Lipsky,Ricky Castillo,46.3,4628
David Lipsky,Bud Cauley,35.5,3552
David Lipsky,Davis Chatfield,50.8,5084
David Lipsky,Luke Clanton,48.6,4860
David Lipsky,Eric Cole,44.7,4465
David Lipsky,Pierceson Coody,54.6,5455
David Lipsky,Joel Dahmen,45.9,4590
David Lipsky,Cam Davis,65.5,6550
David Lipsky,Jason Day,51.0,5095
David Lipsky,Zecheng Dou,52.8,5276
David Lipsky,Adrien Dumont de Chassart,52.8,5277
David Lipsky,Nick Dunlap,56.7,5670
David Lipsky,Nico Echavarria,46.0,4595
David Lipsky,Austin Eckroat,53.0,5297
David Lipsky,Harris English,41.6,4155
David Lipsky,Tony Finau,48.2,4825
David Lipsky,Patrick Fishburn,46.8,4684
David Lipsky,Steven Fisk,55.3,5533
David Lipsky,Alex Fitzpatrick,31.4,3139
David Lipsky,Brice Garnett,52.5,5247
David Lipsky,Ryan Gerard,37.7,3768
David Lipsky,Doug Ghim,37.7,3770
David Lipsky,Lucas Glover,46.3,4631
David Lipsky,Max Greyserman,53.1,5311
David Lipsky,Ben Griffin,34.3,3428
David Lipsky,Lanto Griffin,53.1,5311
David Lipsky,Emiliano Grillo,39.8,3978
David Lipsky,Harry Hall,52.6,5258
David Lipsky,Brian Harman,41.4,4141
David Lipsky,Garrick Higgo,60.9,6092
David Lipsky,Joe Highsmith,58.7,5865
David Lipsky,Kensei Hirata,61.8,6179
David Lipsky,Ryo Hisatsune,42.7,4271
David Lipsky,Lee Hodges,45.9,4590
David Lipsky,Rico Hoey,46.2,4618
David Lipsky,Tom Hoge,48.3,4831
David Lipsky,Rasmus Hojgaard,54.0,5398
David Lipsky,Billy Horschel,48.0,4803
David Lipsky,Beau Hossler,45.8,4584
David Lipsky,Mark Hubbard,47.4,4741
David Lipsky,Mackenzie Hughes,46.6,4657
David Lipsky,Sungjae Im,46.2,4616
David Lipsky,Stephan Jaeger,53.0,5302
David Lipsky,Ben James,41.9,4193
David Lipsky,Takumi Kanaya,52.0,5198
David Lipsky,Jeffrey Kang,52.2,5223
David Lipsky,Johnny Keefer,44.7,4469
David Lipsky,Michael Kim,45.1,4506
David Lipsky,Tom Kim,31.7,3165
David Lipsky,Chris Kirk,44.4,4436
David Lipsky,Patton Kizzire,75.7,7568
David Lipsky,Brooks Koepka,43.1,4306
David Lipsky,Ben Kohles,36.3,3633
David Lipsky,Jackson Koivun,35.0,3497
David Lipsky,Matt Kuchar,43.9,4391
David Lipsky,Christo Lamprecht,78.1,7815
David Lipsky,Hank Lebioda,53.5,5349
David Lipsky,Haotong Li,62.5,6249
David Lipsky,Luke List,51.8,5182
David Lipsky,Justin Lower,54.3,5428
David Lipsky,Peter Malnati,67.2,6721
David Lipsky,Hideki Matsuyama,36.2,3620
David Lipsky,Denny McCarthy,48.1,4811
David Lipsky,Matt McCarty,51.4,5135
David Lipsky,Max McGreevy,44.4,4436
David Lipsky,Maverick McNealy,42.7,4271
David Lipsky,Mac Meissner,42.5,4249
David Lipsky,Keith Mitchell,42.0,4201
David Lipsky,Taylor Moore,52.0,5197
David Lipsky,William Mouw,45.3,4526
David Lipsky,Rasmus Neergaard-Petersen,45.5,4545
David Lipsky,Alex Noren,47.2,4717
David Lipsky,Andrew Novak,45.9,4586
David Lipsky,Pontus Nyholm,58.5,5848
David Lipsky,Thorbjorn Olesen,56.3,5634
David Lipsky,John Parry,48.1,4813
David Lipsky,Matthieu Pavon,51.8,5182
David Lipsky,Taylor Pendrith,52.0,5205
David Lipsky,Marco Penge,43.5,4349
David Lipsky,Chandler Phillips,47.2,4718
David Lipsky,J.T. Poston,41.8,4182
David Lipsky,Aldrich Potgieter,54.6,5460
David Lipsky,Seamus Power,55.8,5583
David Lipsky,Andrew Putnam,48.3,4828
David Lipsky,Aaron Rai,34.5,3450
David Lipsky,Chad Ramey,62.5,6251
David Lipsky,Davis Riley,60.9,6092
David Lipsky,Patrick Rodgers,62.0,6204
David Lipsky,Kevin Roy,52.0,5198
David Lipsky,Marcelo Rozo,58.1,5808
David Lipsky,Adrien Saddier,54.1,5409
David Lipsky,Gordon Sargent,61.0,6103
David Lipsky,Adam Schenk,63.3,6327
David Lipsky,Matti Schmid,56.0,5601
David Lipsky,Ben Silverman,52.0,5205
David Lipsky,Webb Simpson,64.6,6465
David Lipsky,Alex Smalley,45.0,4497
David Lipsky,Jordan Smith,40.5,4051
David Lipsky,Austin Smotherman,56.1,5606
David Lipsky,Brandt Snedeker,48.6,4859
David Lipsky,Jordan Spieth,49.9,4993
David Lipsky,Sam Stevens,51.3,5126
David Lipsky,Sepp Straka,53.6,5358
David Lipsky,Kevin Streelman,51.4,5143
David Lipsky,Jackson Suber,40.2,4018
David Lipsky,Adam Svensson,57.2,5721
David Lipsky,Jesper Svensson,51.0,5101
David Lipsky,Nick Taylor,46.2,4623
David Lipsky,Sahith Theegala,45.0,4502
David Lipsky,Justin Thomas,32.7,3271
David Lipsky,Davis Thompson,44.4,4436
David Lipsky,Alejandro Tosti,64.0,6401
David Lipsky,Erik van Rooyen,50.4,5037
David Lipsky,John VanDerLaan,56.6,5658
David Lipsky,Karl Vilips,57.2,5723
David Lipsky,Camilo Villegas,54.8,5480
David Lipsky,Danny Walker,69.1,6908
David Lipsky,Matt Wallace,39.5,3946
David Lipsky,Vince Whaley,61.4,6138
David Lipsky,Aaron Wise,47.4,4737
David Lipsky,Dylan Wu,57.2,5717
David Lipsky,Cameron Young,29.5,2948
David Lipsky,Kevin Yu,42.7,4266
Luke List,Zach Bauchou,43.2,4318
Luke List,Christiaan Bezuidenhout,40.4,4044
Luke List,Daniel Berger,50.8,5081
Luke List,Zac Blair,39.2,3920
Luke List,Chandler Blanchet,52.2,5224
Luke List,Keegan Bradley,36.6,3664
Luke List,Michael Brennan,43.0,4297
Luke List,Brian Campbell,55.2,5522
Luke List,Rafael Campos,55.3,5527
Luke List,Ricky Castillo,44.5,4447
Luke List,Bud Cauley,33.8,3383
Luke List,Davis Chatfield,49.0,4902
Luke List,Luke Clanton,46.8,4678
Luke List,Eric Cole,42.9,4285
Luke List,Pierceson Coody,52.7,5274
Luke List,Joel Dahmen,44.1,4409
Luke List,Cam Davis,63.8,6380
Luke List,Jason Day,49.1,4913
Luke List,Zecheng Dou,50.9,5094
Luke List,Adrien Dumont de Chassart,51.0,5095
Luke List,Nick Dunlap,54.9,5490
Luke List,Nico Echavarria,44.1,4414
Luke List,Austin Eckroat,51.2,5115
Luke List,Harris English,39.8,3978
Luke List,Tony Finau,46.4,4643
Luke List,Patrick Fishburn,45.0,4503
Luke List,Steven Fisk,53.5,5352
Luke List,Alex Fitzpatrick,29.8,2979
Luke List,Brice Garnett,50.7,5065
Luke List,Ryan Gerard,36.0,3596
Luke List,Doug Ghim,36.0,3598
Luke List,Lucas Glover,44.5,4450
Luke List,Max Greyserman,51.3,5129
Luke List,Ben Griffin,32.6,3261
Luke List,Lanto Griffin,51.3,5129
Luke List,Emiliano Grillo,38.0,3803
Luke List,Harry Hall,50.8,5076
Luke List,Brian Harman,39.6,3964
Luke List,Garrick Higgo,59.2,5915
Luke List,Joe Highsmith,56.9,5687
Luke List,Kensei Hirata,60.0,6003
Luke List,Ryo Hisatsune,40.9,4092
Luke List,Lee Hodges,44.1,4409
Luke List,Rico Hoey,44.4,4437
Luke List,Tom Hoge,46.5,4649
Luke List,Rasmus Hojgaard,52.2,5216
Luke List,Billy Horschel,46.2,4621
Luke List,Beau Hossler,44.0,4403
Luke List,Mark Hubbard,45.6,4560
Luke List,Mackenzie Hughes,44.8,4476
Luke List,Sungjae Im,44.4,4435
Luke List,Stephan Jaeger,51.2,5120
Luke List,Ben James,40.1,4015
Luke List,Takumi Kanaya,50.2,5016
Luke List,Jeffrey Kang,50.4,5041
Luke List,Johnny Keefer,42.9,4289
Luke List,Michael Kim,43.3,4326
Luke List,Tom Kim,30.0,3004
Luke List,Chris Kirk,42.6,4256
Luke List,Patton Kizzire,74.2,7423
Luke List,Brooks Koepka,41.3,4127
Luke List,Ben Kohles,34.6,3463
Luke List,Jackson Koivun,33.3,3329
Luke List,Matt Kuchar,42.1,4211
Luke List,Christo Lamprecht,76.8,7678
Luke List,Hank Lebioda,51.7,5167
Luke List,Haotong Li,60.7,6075
Luke List,David Lipsky,48.2,4818
Luke List,Justin Lower,52.5,5246
Luke List,Peter Malnati,65.5,6555
Luke List,Hideki Matsuyama,34.5,3450
Luke List,Denny McCarthy,46.3,4629
Luke List,Matt McCarty,49.5,4953
Luke List,Max McGreevy,42.6,4256
Luke List,Maverick McNealy,40.9,4092
Luke List,Mac Meissner,40.7,4071
Luke List,Keith Mitchell,40.2,4023
Luke List,Taylor Moore,50.2,5015
Luke List,William Mouw,43.5,4345
Luke List,Rasmus Neergaard-Petersen,43.6,4365
Luke List,Alex Noren,45.4,4535
Luke List,Andrew Novak,44.1,4405
Luke List,Pontus Nyholm,56.7,5669
Luke List,Thorbjorn Olesen,54.5,5454
Luke List,John Parry,46.3,4631
Luke List,Matthieu Pavon,50.0,5000
Luke List,Taylor Pendrith,50.2,5023
Luke List,Marco Penge,41.7,4170
Luke List,Chandler Phillips,45.4,4537
Luke List,J.T. Poston,40.0,4005
Luke List,Aldrich Potgieter,52.8,5278
Luke List,Seamus Power,54.0,5403
Luke List,Andrew Putnam,46.5,4646
Luke List,Aaron Rai,32.8,3283
Luke List,Chad Ramey,60.8,6076
Luke List,Davis Riley,59.2,5916
Luke List,Patrick Rodgers,60.3,6029
Luke List,Kevin Roy,50.2,5016
Luke List,Marcelo Rozo,56.3,5628
Luke List,Adrien Saddier,52.3,5227
Luke List,Gordon Sargent,59.3,5926
Luke List,Adam Schenk,61.5,6154
Luke List,Matti Schmid,54.2,5420
Luke List,Ben Silverman,50.2,5023
Luke List,Webb Simpson,62.9,6294
Luke List,Alex Smalley,43.2,4317
Luke List,Jordan Smith,38.7,3875
Luke List,Austin Smotherman,54.2,5425
Luke List,Brandt Snedeker,46.8,4677
Luke List,Jordan Spieth,48.1,4810
Luke List,Sam Stevens,49.4,4944
Luke List,Sepp Straka,51.8,5177
Luke List,Kevin Streelman,49.6,4961
Luke List,Jackson Suber,38.4,3843
Luke List,Adam Svensson,55.4,5541
Luke List,Jesper Svensson,49.2,4919
Luke List,Nick Taylor,44.4,4442
Luke List,Sahith Theegala,43.2,4322
Luke List,Justin Thomas,31.1,3108
Luke List,Davis Thompson,42.6,4256
Luke List,Alejandro Tosti,62.3,6229
Luke List,Erik van Rooyen,48.5,4855
Luke List,John VanDerLaan,54.8,5478
Luke List,Karl Vilips,55.4,5543
Luke List,Camilo Villegas,53.0,5298
Luke List,Danny Walker,67.4,6745
Luke List,Matt Wallace,37.7,3771
Luke List,Vince Whaley,59.6,5962
Luke List,Aaron Wise,45.6,4555
Luke List,Dylan Wu,55.4,5537
Luke List,Cameron Young,27.9,2793
Luke List,Kevin Yu,40.9,4088
Justin Lower,Zach Bauchou,40.8,4076
Justin Lower,Christiaan Bezuidenhout,38.1,3806
Justin Lower,Daniel Berger,48.3,4834
Justin Lower,Zac Blair,36.9,3685
Justin Lower,Chandler Blanchet,49.8,4978
Justin Lower,Keegan Bradley,34.3,3434
Justin Lower,Michael Brennan,40.6,4055
Justin Lower,Brian Campbell,52.8,5276
Justin Lower,Rafael Campos,52.8,5282
Justin Lower,Ricky Castillo,42.0,4204
Justin Lower,Bud Cauley,31.6,3160
Justin Lower,Davis Chatfield,46.6,4656
Justin Lower,Luke Clanton,44.3,4433
Justin Lower,Eric Cole,40.4,4044
Justin Lower,Pierceson Coody,50.3,5028
Justin Lower,Joel Dahmen,41.7,4166
Justin Lower,Cam Davis,61.5,6146
Justin Lower,Jason Day,46.7,4667
Justin Lower,Zecheng Dou,48.5,4847
Justin Lower,Adrien Dumont de Chassart,48.5,4848
Justin Lower,Nick Dunlap,52.4,5244
Justin Lower,Nico Echavarria,41.7,4172
Justin Lower,Austin Eckroat,48.7,4869
Justin Lower,Harris English,37.4,3742
Justin Lower,Tony Finau,44.0,4398
Justin Lower,Patrick Fishburn,42.6,4259
Justin Lower,Steven Fisk,51.1,5106
Justin Lower,Alex Fitzpatrick,27.7,2768
Justin Lower,Brice Garnett,48.2,4819
Justin Lower,Ryan Gerard,33.7,3368
Justin Lower,Doug Ghim,33.7,3369
Justin Lower,Lucas Glover,42.1,4207
Justin Lower,Max Greyserman,48.8,4883
Justin Lower,Ben Griffin,30.4,3042
Justin Lower,Lanto Griffin,48.8,4882
Justin Lower,Emiliano Grillo,35.7,3570
Justin Lower,Harry Hall,48.3,4829
Justin Lower,Brian Harman,37.3,3728
Justin Lower,Garrick Higgo,56.7,5674
Justin Lower,Joe Highsmith,54.4,5443
Justin Lower,Kensei Hirata,57.6,5763
Justin Lower,Ryo Hisatsune,38.5,3854
Justin Lower,Lee Hodges,41.7,4167
Justin Lower,Rico Hoey,41.9,4194
Justin Lower,Tom Hoge,44.0,4405
Justin Lower,Rasmus Hojgaard,49.7,4969
Justin Lower,Billy Horschel,43.8,4377
Justin Lower,Beau Hossler,41.6,4160
Justin Lower,Mark Hubbard,43.2,4316
Justin Lower,Mackenzie Hughes,42.3,4233
Justin Lower,Sungjae Im,41.9,4193
Justin Lower,Stephan Jaeger,48.7,4873
Justin Lower,Ben James,37.8,3778
Justin Lower,Takumi Kanaya,47.7,4770
Justin Lower,Jeffrey Kang,47.9,4795
Justin Lower,Johnny Keefer,40.5,4048
Justin Lower,Michael Kim,40.8,4084
Justin Lower,Tom Kim,27.9,2793
Justin Lower,Chris Kirk,40.2,4016
Justin Lower,Patton Kizzire,72.2,7219
Justin Lower,Brooks Koepka,38.9,3888
Justin Lower,Ben Kohles,32.4,3238
Justin Lower,Jackson Koivun,31.1,3108
Justin Lower,Matt Kuchar,39.7,3971
Justin Lower,Christo Lamprecht,74.8,7485
Justin Lower,Hank Lebioda,49.2,4920
Justin Lower,Haotong Li,58.4,5835
Justin Lower,David Lipsky,45.7,4572
Justin Lower,Luke List,47.5,4754
Justin Lower,Peter Malnati,63.2,6324
Justin Lower,Hideki Matsuyama,32.3,3225
Justin Lower,Denny McCarthy,43.8,4384
Justin Lower,Matt McCarty,47.1,4707
Justin Lower,Max McGreevy,40.2,4015
Justin Lower,Maverick McNealy,38.5,3854
Justin Lower,Mac Meissner,38.3,3833
Justin Lower,Keith Mitchell,37.9,3786
Justin Lower,Taylor Moore,47.7,4769
Justin Lower,William Mouw,41.0,4103
Justin Lower,Rasmus Neergaard-Petersen,41.2,4123
Justin Lower,Alex Noren,42.9,4291
Justin Lower,Andrew Novak,41.6,4163
Justin Lower,Pontus Nyholm,54.3,5425
Justin Lower,Thorbjorn Olesen,52.1,5208
Justin Lower,John Parry,43.9,4386
Justin Lower,Matthieu Pavon,47.5,4754
Justin Lower,Taylor Pendrith,47.8,4776
Justin Lower,Marco Penge,39.3,3931
Justin Lower,Chandler Phillips,42.9,4293
Justin Lower,J.T. Poston,37.7,3768
Justin Lower,Aldrich Potgieter,50.3,5032
Justin Lower,Seamus Power,51.6,5157
Justin Lower,Andrew Putnam,44.0,4402
Justin Lower,Aaron Rai,30.6,3063
Justin Lower,Chad Ramey,58.4,5837
Justin Lower,Davis Riley,56.7,5674
Justin Lower,Patrick Rodgers,57.9,5789
Justin Lower,Kevin Roy,47.7,4770
Justin Lower,Marcelo Rozo,53.8,5384
Justin Lower,Adrien Saddier,49.8,4981
Justin Lower,Gordon Sargent,56.8,5685
Justin Lower,Adam Schenk,59.2,5916
Justin Lower,Matti Schmid,51.7,5175
Justin Lower,Ben Silverman,47.8,4776
Justin Lower,Webb Simpson,60.6,6058
Justin Lower,Alex Smalley,40.8,4075
Justin Lower,Jordan Smith,36.4,3640
Justin Lower,Austin Smotherman,51.8,5179
Justin Lower,Brandt Snedeker,44.3,4432
Justin Lower,Jordan Spieth,45.6,4565
Justin Lower,Sam Stevens,47.0,4698
Justin Lower,Sepp Straka,49.3,4930
Justin Lower,Kevin Streelman,47.1,4715
Justin Lower,Jackson Suber,36.1,3609
Justin Lower,Adam Svensson,53.0,5295
Justin Lower,Jesper Svensson,46.7,4673
Justin Lower,Nick Taylor,42.0,4199
Justin Lower,Sahith Theegala,40.8,4080
Justin Lower,Justin Thomas,28.9,2893
Justin Lower,Davis Thompson,40.2,4015
Justin Lower,Alejandro Tosti,59.9,5992
Justin Lower,Erik van Rooyen,46.1,4609
Justin Lower,John VanDerLaan,52.3,5232
Justin Lower,Karl Vilips,53.0,5298
Justin Lower,Camilo Villegas,50.5,5052
Justin Lower,Danny Walker,65.2,6519
Justin Lower,Matt Wallace,35.4,3538
Justin Lower,Vince Whaley,57.2,5721
Justin Lower,Aaron Wise,43.1,4311
Justin Lower,Dylan Wu,52.9,5292
Justin Lower,Cameron Young,25.9,2589
Justin Lower,Kevin Yu,38.5,3850
Peter Malnati,Zach Bauchou,28.4,2837
Peter Malnati,Christiaan Bezuidenhout,26.0,2604
Peter Malnati,Daniel Berger,35.2,3520
Peter Malnati,Zac Blair,25.0,2501
Peter Malnati,Chandler Blanchet,36.5,3655
Peter Malnati,Keegan Bradley,22.9,2292
Peter Malnati,Michael Brennan,28.2,2819
Peter Malnati,Brian Campbell,39.4,3940
Peter Malnati,Rafael Campos,39.5,3945
Peter Malnati,Ricky Castillo,29.5,2949
Peter Malnati,Bud Cauley,20.7,2069
Peter Malnati,Davis Chatfield,33.6,3356
Peter Malnati,Luke Clanton,31.5,3153
Peter Malnati,Eric Cole,28.1,2809
Peter Malnati,Pierceson Coody,37.0,3702
Peter Malnati,Joel Dahmen,29.2,2916
Peter Malnati,Cam Davis,48.1,4813
Peter Malnati,Jason Day,33.7,3365
Peter Malnati,Zecheng Dou,35.3,3532
Peter Malnati,Adrien Dumont de Chassart,35.3,3534
Peter Malnati,Nick Dunlap,39.1,3909
Peter Malnati,Nico Echavarria,29.2,2920
Peter Malnati,Austin Eckroat,35.5,3553
Peter Malnati,Harris English,25.5,2549
Peter Malnati,Tony Finau,31.2,3122
Peter Malnati,Patrick Fishburn,30.0,2998
Peter Malnati,Steven Fisk,37.8,3776
Peter Malnati,Alex Fitzpatrick,17.6,1760
Peter Malnati,Brice Garnett,35.1,3506
Peter Malnati,Ryan Gerard,22.4,2237
Peter Malnati,Doug Ghim,22.4,2239
Peter Malnati,Lucas Glover,29.5,2951
Peter Malnati,Max Greyserman,35.7,3566
Peter Malnati,Ben Griffin,19.7,1975
Peter Malnati,Lanto Griffin,35.7,3565
Peter Malnati,Emiliano Grillo,24.0,2404
Peter Malnati,Harry Hall,35.2,3516
Peter Malnati,Brian Harman,25.4,2538
Peter Malnati,Garrick Higgo,43.3,4331
Peter Malnati,Joe Highsmith,41.0,4102
Peter Malnati,Kensei Hirata,44.2,4420
Peter Malnati,Ryo Hisatsune,26.4,2645
Peter Malnati,Lee Hodges,29.2,2916
Peter Malnati,Rico Hoey,29.4,2940
Peter Malnati,Tom Hoge,31.3,3127
Peter Malnati,Rasmus Hojgaard,36.5,3647
Peter Malnati,Billy Horschel,31.0,3103
Peter Malnati,Beau Hossler,29.1,2911
Peter Malnati,Mark Hubbard,30.5,3048
Peter Malnati,Mackenzie Hughes,29.7,2974
Peter Malnati,Sungjae Im,29.4,2939
Peter Malnati,Stephan Jaeger,35.6,3557
Peter Malnati,Ben James,25.8,2580
Peter Malnati,Takumi Kanaya,34.6,3460
Peter Malnati,Jeffrey Kang,34.8,3484
Peter Malnati,Johnny Keefer,28.1,2812
Peter Malnati,Michael Kim,28.4,2844
Peter Malnati,Tom Kim,17.8,1779
Peter Malnati,Chris Kirk,27.8,2784
Peter Malnati,Patton Kizzire,59.9,5988
Peter Malnati,Brooks Koepka,26.7,2674
Peter Malnati,Ben Kohles,21.3,2132
Peter Malnati,Jackson Koivun,20.3,2027
Peter Malnati,Matt Kuchar,27.5,2746
Peter Malnati,Christo Lamprecht,63.0,6298
Peter Malnati,Hank Lebioda,36.0,3601
Peter Malnati,Haotong Li,44.9,4493
Peter Malnati,David Lipsky,32.8,3279
Peter Malnati,Luke List,34.5,3445
Peter Malnati,Justin Lower,36.8,3676
Peter Malnati,Hideki Matsuyama,21.2,2122
Peter Malnati,Denny McCarthy,31.1,3109
Peter Malnati,Matt McCarty,34.0,3402
Peter Malnati,Max McGreevy,27.8,2784
Peter Malnati,Maverick McNealy,26.4,2645
Peter Malnati,Mac Meissner,26.3,2627
Peter Malnati,Keith Mitchell,25.9,2587
Peter Malnati,Taylor Moore,34.6,3459
Peter Malnati,William Mouw,28.6,2861
Peter Malnati,Rasmus Neergaard-Petersen,28.8,2878
Peter Malnati,Alex Noren,30.3,3026
Peter Malnati,Andrew Novak,29.1,2913
Peter Malnati,Pontus Nyholm,40.8,4085
Peter Malnati,Thorbjorn Olesen,38.7,3874
Peter Malnati,John Parry,31.1,3111
Peter Malnati,Matthieu Pavon,34.5,3446
Peter Malnati,Taylor Pendrith,34.7,3466
Peter Malnati,Marco Penge,27.1,2711
Peter Malnati,Chandler Phillips,30.3,3028
Peter Malnati,J.T. Poston,25.7,2571
Peter Malnati,Aldrich Potgieter,37.1,3706
Peter Malnati,Seamus Power,38.2,3825
Peter Malnati,Andrew Putnam,31.2,3125
Peter Malnati,Aaron Rai,19.9,1991
Peter Malnati,Chad Ramey,44.9,4495
Peter Malnati,Davis Riley,43.3,4331
Peter Malnati,Patrick Rodgers,44.5,4447
Peter Malnati,Kevin Roy,34.6,3460
Peter Malnati,Marcelo Rozo,40.4,4044
Peter Malnati,Adrien Saddier,36.6,3658
Peter Malnati,Gordon Sargent,43.4,4342
Peter Malnati,Adam Schenk,45.8,4575
Peter Malnati,Matti Schmid,38.4,3842
Peter Malnati,Ben Silverman,34.7,3466
Peter Malnati,Webb Simpson,47.2,4721
Peter Malnati,Alex Smalley,28.4,2836
Peter Malnati,Jordan Smith,24.6,2464
Peter Malnati,Austin Smotherman,38.5,3846
Peter Malnati,Brandt Snedeker,31.5,3152
Peter Malnati,Jordan Spieth,32.7,3272
Peter Malnati,Sam Stevens,33.9,3394
Peter Malnati,Sepp Straka,36.1,3610
Peter Malnati,Kevin Streelman,34.1,3410
Peter Malnati,Jackson Suber,24.4,2437
Peter Malnati,Adam Svensson,39.6,3958
Peter Malnati,Jesper Svensson,33.7,3371
Peter Malnati,Nick Taylor,29.4,2945
Peter Malnati,Sahith Theegala,28.4,2840
Peter Malnati,Justin Thomas,18.6,1857
Peter Malnati,Davis Thompson,27.8,2784
Peter Malnati,Alejandro Tosti,46.5,4654
Peter Malnati,Erik van Rooyen,33.1,3312
Peter Malnati,John VanDerLaan,39.0,3897
Peter Malnati,Karl Vilips,39.6,3960
Peter Malnati,Camilo Villegas,37.2,3725
Peter Malnati,Danny Walker,52.1,5208
Peter Malnati,Matt Wallace,23.8,2378
Peter Malnati,Vince Whaley,43.8,4378
Peter Malnati,Aaron Wise,30.4,3044
Peter Malnati,Dylan Wu,39.5,3955
Peter Malnati,Cameron Young,16.2,1623
Peter Malnati,Kevin Yu,26.4,2641
Hideki Matsuyama,Zach Bauchou,59.0,5898
Hideki Matsuyama,Christiaan Bezuidenhout,56.2,5623
Hideki Matsuyama,Daniel Berger,66.2,6625
Hideki Matsuyama,Zac Blair,55.0,5497
Hideki Matsuyama,Chandler Blanchet,67.5,6755
Hideki Matsuyama,Keegan Bradley,52.3,5229
Hideki Matsuyama,Michael Brennan,58.8,5877
Hideki Matsuyama,Brian Campbell,70.2,7020
Hideki Matsuyama,Rafael Campos,70.2,7024
Hideki Matsuyama,Ricky Castillo,60.2,6025
Hideki Matsuyama,Bud Cauley,49.3,4928
Hideki Matsuyama,Davis Chatfield,64.6,6459
Hideki Matsuyama,Luke Clanton,62.5,6248
Hideki Matsuyama,Eric Cole,58.7,5866
Hideki Matsuyama,Pierceson Coody,68.0,6800
Hideki Matsuyama,Joel Dahmen,59.9,5988
Hideki Matsuyama,Cam Davis,77.4,7740
Hideki Matsuyama,Jason Day,64.7,6469
Hideki Matsuyama,Zecheng Dou,66.4,6636
Hideki Matsuyama,Adrien Dumont de Chassart,66.4,6637
Hideki Matsuyama,Nick Dunlap,69.9,6992
Hideki Matsuyama,Nico Echavarria,59.9,5993
Hideki Matsuyama,Austin Eckroat,66.6,6656
Hideki Matsuyama,Harris English,55.6,5556
Hideki Matsuyama,Tony Finau,62.1,6215
Hideki Matsuyama,Patrick Fishburn,60.8,6079
Hideki Matsuyama,Steven Fisk,68.7,6869
Hideki Matsuyama,Alex Fitzpatrick,44.8,4476
Hideki Matsuyama,Brice Garnett,66.1,6610
Hideki Matsuyama,Ryan Gerard,51.6,5157
Hideki Matsuyama,Doug Ghim,51.6,5159
Hideki Matsuyama,Lucas Glover,60.3,6028
Hideki Matsuyama,Max Greyserman,66.7,6669
Hideki Matsuyama,Ben Griffin,47.9,4794
Hideki Matsuyama,Lanto Griffin,66.7,6668
Hideki Matsuyama,Emiliano Grillo,53.7,5375
Hideki Matsuyama,Harry Hall,66.2,6620
Hideki Matsuyama,Brian Harman,55.4,5542
Hideki Matsuyama,Garrick Higgo,73.6,7358
Hideki Matsuyama,Joe Highsmith,71.6,7163
Hideki Matsuyama,Kensei Hirata,74.3,7431
Hideki Matsuyama,Ryo Hisatsune,56.7,5673
Hideki Matsuyama,Lee Hodges,59.9,5988
Hideki Matsuyama,Rico Hoey,60.2,6015
Hideki Matsuyama,Tom Hoge,62.2,6221
Hideki Matsuyama,Rasmus Hojgaard,67.5,6747
Hideki Matsuyama,Billy Horschel,61.9,6194
Hideki Matsuyama,Beau Hossler,59.8,5982
Hideki Matsuyama,Mark Hubbard,61.3,6135
Hideki Matsuyama,Mackenzie Hughes,60.5,6053
Hideki Matsuyama,Sungjae Im,60.1,6014
Hideki Matsuyama,Stephan Jaeger,66.6,6660
Hideki Matsuyama,Ben James,55.9,5594
Hideki Matsuyama,Takumi Kanaya,65.6,6565
Hideki Matsuyama,Jeffrey Kang,65.9,6588
Hideki Matsuyama,Johnny Keefer,58.7,5870
Hideki Matsuyama,Michael Kim,59.1,5906
Hideki Matsuyama,Tom Kim,45.1,4506
Hideki Matsuyama,Chris Kirk,58.4,5837
Hideki Matsuyama,Patton Kizzire,85.3,8530
Hideki Matsuyama,Brooks Koepka,57.1,5707
Hideki Matsuyama,Ben Kohles,50.1,5014
Hideki Matsuyama,Jackson Koivun,48.7,4869
Hideki Matsuyama,Matt Kuchar,57.9,5792
Hideki Matsuyama,Christo Lamprecht,87.1,8708
Hideki Matsuyama,Hank Lebioda,67.0,6703
Hideki Matsuyama,Haotong Li,74.9,7491
Hideki Matsuyama,David Lipsky,63.8,6380
Hideki Matsuyama,Luke List,65.5,6550
Hideki Matsuyama,Justin Lower,67.7,6775
Hideki Matsuyama,Peter Malnati,78.8,7878
Hideki Matsuyama,Denny McCarthy,62.0,6201
Hideki Matsuyama,Matt McCarty,65.1,6506
Hideki Matsuyama,Max McGreevy,58.4,5837
Hideki Matsuyama,Maverick McNealy,56.7,5672
Hideki Matsuyama,Mac Meissner,56.5,5651
Hideki Matsuyama,Keith Mitchell,56.0,5602
Hideki Matsuyama,Taylor Moore,65.6,6564
Hideki Matsuyama,William Mouw,59.3,5925
Hideki Matsuyama,Rasmus Neergaard-Petersen,59.4,5945
Hideki Matsuyama,Alex Noren,61.1,6111
Hideki Matsuyama,Andrew Novak,59.8,5984
Hideki Matsuyama,Pontus Nyholm,71.5,7148
Hideki Matsuyama,Thorbjorn Olesen,69.6,6960
Hideki Matsuyama,John Parry,62.0,6203
Hideki Matsuyama,Matthieu Pavon,65.5,6550
Hideki Matsuyama,Taylor Pendrith,65.7,6571
Hideki Matsuyama,Marco Penge,57.5,5751
Hideki Matsuyama,Chandler Phillips,61.1,6112
Hideki Matsuyama,J.T. Poston,55.8,5584
Hideki Matsuyama,Aldrich Potgieter,68.0,6804
Hideki Matsuyama,Seamus Power,69.1,6915
Hideki Matsuyama,Andrew Putnam,62.2,6218
Hideki Matsuyama,Aaron Rai,48.2,4818
Hideki Matsuyama,Chad Ramey,74.9,7492
Hideki Matsuyama,Davis Riley,73.6,7358
Hideki Matsuyama,Patrick Rodgers,74.5,7453
Hideki Matsuyama,Kevin Roy,65.6,6565
Hideki Matsuyama,Marcelo Rozo,71.1,7113
Hideki Matsuyama,Adrien Saddier,67.6,6758
Hideki Matsuyama,Gordon Sargent,73.7,7367
Hideki Matsuyama,Adam Schenk,75.6,7556
Hideki Matsuyama,Matti Schmid,69.3,6930
Hideki Matsuyama,Ben Silverman,65.7,6571
Hideki Matsuyama,Webb Simpson,76.7,7670
Hideki Matsuyama,Alex Smalley,59.0,5897
Hideki Matsuyama,Jordan Smith,54.5,5450
Hideki Matsuyama,Austin Smotherman,69.3,6934
Hideki Matsuyama,Brandt Snedeker,62.5,6247
Hideki Matsuyama,Jordan Spieth,63.7,6373
Hideki Matsuyama,Sam Stevens,65.0,6498
Hideki Matsuyama,Sepp Straka,67.1,6712
Hideki Matsuyama,Kevin Streelman,65.1,6514
Hideki Matsuyama,Jackson Suber,54.2,5416
Hideki Matsuyama,Adam Svensson,70.4,7036
Hideki Matsuyama,Jesper Svensson,64.8,6475
Hideki Matsuyama,Nick Taylor,60.2,6020
Hideki Matsuyama,Sahith Theegala,59.0,5902
Hideki Matsuyama,Justin Thomas,46.2,4623
Hideki Matsuyama,Davis Thompson,58.4,5837
Hideki Matsuyama,Alejandro Tosti,76.2,7618
Hideki Matsuyama,Erik van Rooyen,64.1,6415
Hideki Matsuyama,John VanDerLaan,69.8,6981
Hideki Matsuyama,Karl Vilips,70.4,7038
Hideki Matsuyama,Camilo Villegas,68.2,6821
Hideki Matsuyama,Danny Walker,80.3,8027
Hideki Matsuyama,Matt Wallace,53.4,5342
Hideki Matsuyama,Vince Whaley,74.0,7397
Hideki Matsuyama,Aaron Wise,61.3,6130
Hideki Matsuyama,Dylan Wu,70.3,7033
Hideki Matsuyama,Cameron Young,42.6,4262
Hideki Matsuyama,Kevin Yu,56.7,5668
Denny McCarthy,Zach Bauchou,46.9,4686
Denny McCarthy,Christiaan Bezuidenhout,44.1,4408
Denny McCarthy,Daniel Berger,54.5,5452
Denny McCarthy,Zac Blair,42.8,4283
Denny McCarthy,Chandler Blanchet,55.9,5594
Denny McCarthy,Keegan Bradley,40.2,4019
Denny McCarthy,Michael Brennan,46.7,4665
Denny McCarthy,Brian Campbell,58.9,5887
Denny McCarthy,Rafael Campos,58.9,5893
Denny McCarthy,Ricky Castillo,48.2,4817
Denny McCarthy,Bud Cauley,37.3,3730
Denny McCarthy,Davis Chatfield,52.7,5274
Denny McCarthy,Luke Clanton,50.5,5049
Denny McCarthy,Eric Cole,46.5,4653
Denny McCarthy,Pierceson Coody,56.4,5643
Denny McCarthy,Joel Dahmen,47.8,4779
Denny McCarthy,Cam Davis,67.2,6723
Denny McCarthy,Jason Day,52.8,5284
Denny McCarthy,Zecheng Dou,54.6,5464
Denny McCarthy,Adrien Dumont de Chassart,54.7,5466
Denny McCarthy,Nick Dunlap,58.6,5856
Denny McCarthy,Nico Echavarria,47.8,4784
Denny McCarthy,Austin Eckroat,54.9,5486
Denny McCarthy,Harris English,43.4,4341
Denny McCarthy,Tony Finau,50.1,5014
Denny McCarthy,Patrick Fishburn,48.7,4873
Denny McCarthy,Steven Fisk,57.2,5720
Denny McCarthy,Alex Fitzpatrick,33.1,3309
Denny McCarthy,Brice Garnett,54.4,5436
Denny McCarthy,Ryan Gerard,39.5,3950
Denny McCarthy,Doug Ghim,39.5,3952
Denny McCarthy,Lucas Glover,48.2,4820
Denny McCarthy,Max Greyserman,55.0,5500
Denny McCarthy,Ben Griffin,36.0,3604
Denny McCarthy,Lanto Griffin,55.0,5499
Denny McCarthy,Emiliano Grillo,41.6,4162
Denny McCarthy,Harry Hall,54.5,5446
Denny McCarthy,Brian Harman,43.3,4327
Denny McCarthy,Garrick Higgo,62.7,6273
Denny McCarthy,Joe Highsmith,60.5,6049
Denny McCarthy,Kensei Hirata,63.6,6358
Denny McCarthy,Ryo Hisatsune,44.6,4458
Denny McCarthy,Lee Hodges,47.8,4779
Denny McCarthy,Rico Hoey,48.1,4807
Denny McCarthy,Tom Hoge,50.2,5021
Denny McCarthy,Rasmus Hojgaard,55.9,5586
Denny McCarthy,Billy Horschel,49.9,4993
Denny McCarthy,Beau Hossler,47.7,4772
Denny McCarthy,Mark Hubbard,49.3,4931
Denny McCarthy,Mackenzie Hughes,48.5,4846
Denny McCarthy,Sungjae Im,48.1,4805
Denny McCarthy,Stephan Jaeger,54.9,5490
Denny McCarthy,Ben James,43.8,4379
Denny McCarthy,Takumi Kanaya,53.9,5387
Denny McCarthy,Jeffrey Kang,54.1,5412
Denny McCarthy,Johnny Keefer,46.6,4657
Denny McCarthy,Michael Kim,46.9,4695
Denny McCarthy,Tom Kim,33.4,3336
Denny McCarthy,Chris Kirk,46.2,4624
Denny McCarthy,Patton Kizzire,77.1,7714
Denny McCarthy,Brooks Koepka,44.9,4493
Denny McCarthy,Ben Kohles,38.1,3813
Denny McCarthy,Jackson Koivun,36.7,3674
Denny McCarthy,Matt Kuchar,45.8,4578
Denny McCarthy,Christo Lamprecht,79.5,7952
Denny McCarthy,Hank Lebioda,55.4,5537
Denny McCarthy,Haotong Li,64.3,6428
Denny McCarthy,David Lipsky,51.9,5189
Denny McCarthy,Luke List,53.7,5371
Denny McCarthy,Justin Lower,56.2,5616
Denny McCarthy,Peter Malnati,68.9,6891
Denny McCarthy,Hideki Matsuyama,38.0,3799
Denny McCarthy,Matt McCarty,53.2,5324
Denny McCarthy,Max McGreevy,46.2,4624
Denny McCarthy,Maverick McNealy,44.6,4458
Denny McCarthy,Mac Meissner,44.4,4436
Denny McCarthy,Keith Mitchell,43.9,4387
Denny McCarthy,Taylor Moore,53.9,5386
Denny McCarthy,William Mouw,47.1,4714
Denny McCarthy,Rasmus Neergaard-Petersen,47.3,4734
Denny McCarthy,Alex Noren,49.1,4906
Denny McCarthy,Andrew Novak,47.7,4775
Denny McCarthy,Pontus Nyholm,60.3,6032
Denny McCarthy,Thorbjorn Olesen,58.2,5820
Denny McCarthy,John Parry,50.0,5002
Denny McCarthy,Matthieu Pavon,53.7,5371
Denny McCarthy,Taylor Pendrith,53.9,5394
Denny McCarthy,Marco Penge,45.4,4537
Denny McCarthy,Chandler Phillips,49.1,4908
Denny McCarthy,J.T. Poston,43.7,4369
Denny McCarthy,Aldrich Potgieter,56.5,5647
Denny McCarthy,Seamus Power,57.7,5770
Denny McCarthy,Andrew Putnam,50.2,5018
Denny McCarthy,Aaron Rai,36.3,3626
Denny McCarthy,Chad Ramey,64.3,6429
Denny McCarthy,Davis Riley,62.7,6273
Denny McCarthy,Patrick Rodgers,63.8,6384
Denny McCarthy,Kevin Roy,53.9,5387
Denny McCarthy,Marcelo Rozo,59.9,5992
Denny McCarthy,Adrien Saddier,56.0,5597
Denny McCarthy,Gordon Sargent,62.8,6283
Denny McCarthy,Adam Schenk,65.0,6504
Denny McCarthy,Matti Schmid,57.9,5788
Denny McCarthy,Ben Silverman,53.9,5394
Denny McCarthy,Webb Simpson,66.4,6640
Denny McCarthy,Alex Smalley,46.9,4685
Denny McCarthy,Jordan Smith,42.4,4236
Denny McCarthy,Austin Smotherman,57.9,5792
Denny McCarthy,Brandt Snedeker,50.5,5049
Denny McCarthy,Jordan Spieth,51.8,5182
Denny McCarthy,Sam Stevens,53.2,5315
Denny McCarthy,Sepp Straka,55.5,5547
Denny McCarthy,Kevin Streelman,53.3,5332
Denny McCarthy,Jackson Suber,42.0,4203
Denny McCarthy,Adam Svensson,59.1,5906
Denny McCarthy,Jesper Svensson,52.9,5290
Denny McCarthy,Nick Taylor,48.1,4812
Denny McCarthy,Sahith Theegala,46.9,4690
Denny McCarthy,Justin Thomas,34.4,3444
Denny McCarthy,Davis Thompson,46.2,4624
Denny McCarthy,Alejandro Tosti,65.8,6577
Denny McCarthy,Erik van Rooyen,52.3,5226
Denny McCarthy,John VanDerLaan,58.4,5844
Denny McCarthy,Karl Vilips,59.1,5908
Denny McCarthy,Camilo Villegas,56.7,5667
Denny McCarthy,Danny Walker,70.7,7073
Denny McCarthy,Matt Wallace,41.3,4129
Denny McCarthy,Vince Whaley,63.2,6318
Denny McCarthy,Aaron Wise,49.3,4926
Denny McCarthy,Dylan Wu,59.0,5902
Denny McCarthy,Cameron Young,31.1,3114
Denny McCarthy,Kevin Yu,44.5,4453
Matt McCarty,Zach Bauchou,43.6,4364
Matt McCarty,Christiaan Bezuidenhout,40.9,4090
Matt McCarty,Daniel Berger,51.3,5128
Matt McCarty,Zac Blair,39.7,3966
Matt McCarty,Chandler Blanchet,52.7,5271
Matt McCarty,Keegan Bradley,37.1,3708
Matt McCarty,Michael Brennan,43.4,4343
Matt McCarty,Brian Campbell,55.7,5568
Matt McCarty,Rafael Campos,55.7,5574
Matt McCarty,Ricky Castillo,44.9,4493
Matt McCarty,Bud Cauley,34.3,3427
Matt McCarty,Davis Chatfield,49.5,4949
Matt McCarty,Luke Clanton,47.2,4725
Matt McCarty,Eric Cole,43.3,4332
Matt McCarty,Pierceson Coody,53.2,5321
Matt McCarty,Joel Dahmen,44.6,4456
Matt McCarty,Cam Davis,64.2,6425
Matt McCarty,Jason Day,49.6,4960
Matt McCarty,Zecheng Dou,51.4,5141
Matt McCarty,Adrien Dumont de Chassart,51.4,5142
Matt McCarty,Nick Dunlap,55.4,5537
Matt McCarty,Nico Echavarria,44.6,4461
Matt McCarty,Austin Eckroat,51.6,5162
Matt McCarty,Harris English,40.2,4024
Matt McCarty,Tony Finau,46.9,4690
Matt McCarty,Patrick Fishburn,45.5,4550
Matt McCarty,Steven Fisk,54.0,5399
Matt McCarty,Alex Fitzpatrick,30.2,3020
Matt McCarty,Brice Garnett,51.1,5113
Matt McCarty,Ryan Gerard,36.4,3640
Matt McCarty,Doug Ghim,36.4,3642
Matt McCarty,Lucas Glover,45.0,4496
Matt McCarty,Max Greyserman,51.8,5176
Matt McCarty,Ben Griffin,33.0,3304
Matt McCarty,Lanto Griffin,51.8,5176
Matt McCarty,Emiliano Grillo,38.5,3848
Matt McCarty,Harry Hall,51.2,5123
Matt McCarty,Brian Harman,40.1,4010
Matt McCarty,Garrick Higgo,59.6,5961
Matt McCarty,Joe Highsmith,57.3,5733
Matt McCarty,Kensei Hirata,60.5,6049
Matt McCarty,Ryo Hisatsune,41.4,4138
Matt McCarty,Lee Hodges,44.6,4456
Matt McCarty,Rico Hoey,44.8,4484
Matt McCarty,Tom Hoge,47.0,4696
Matt McCarty,Rasmus Hojgaard,52.6,5263
Matt McCarty,Billy Horschel,46.7,4668
Matt McCarty,Beau Hossler,44.5,4450
Matt McCarty,Mark Hubbard,46.1,4607
Matt McCarty,Mackenzie Hughes,45.2,4523
Matt McCarty,Sungjae Im,44.8,4482
Matt McCarty,Stephan Jaeger,51.7,5167
Matt McCarty,Ben James,40.6,4061
Matt McCarty,Takumi Kanaya,50.6,5063
Matt McCarty,Jeffrey Kang,50.9,5089
Matt McCarty,Johnny Keefer,43.4,4335
Matt McCarty,Michael Kim,43.7,4373
Matt McCarty,Tom Kim,30.5,3046
Matt McCarty,Chris Kirk,43.0,4303
Matt McCarty,Patton Kizzire,74.6,7461
Matt McCarty,Brooks Koepka,41.7,4173
Matt McCarty,Ben Kohles,35.1,3507
Matt McCarty,Jackson Koivun,33.7,3372
Matt McCarty,Matt Kuchar,42.6,4258
Matt McCarty,Christo Lamprecht,77.1,7714
Matt McCarty,Hank Lebioda,52.1,5214
Matt McCarty,Haotong Li,61.2,6120
Matt McCarty,David Lipsky,48.6,4865
Matt McCarty,Luke List,50.5,5047
Matt McCarty,Justin Lower,52.9,5293
Matt McCarty,Peter Malnati,66.0,6598
Matt McCarty,Hideki Matsuyama,34.9,3494
Matt McCarty,Denny McCarthy,46.8,4676
Matt McCarty,Max McGreevy,43.0,4303
Matt McCarty,Maverick McNealy,41.4,4138
Matt McCarty,Mac Meissner,41.2,4117
Matt McCarty,Keith Mitchell,40.7,4069
Matt McCarty,Taylor Moore,50.6,5062
Matt McCarty,William Mouw,43.9,4392
Matt McCarty,Rasmus Neergaard-Petersen,44.1,4412
Matt McCarty,Alex Noren,45.8,4582
Matt McCarty,Andrew Novak,44.5,4452
Matt McCarty,Pontus Nyholm,57.2,5716
Matt McCarty,Thorbjorn Olesen,55.0,5500
Matt McCarty,John Parry,46.8,4678
Matt McCarty,Matthieu Pavon,50.5,5047
Matt McCarty,Taylor Pendrith,50.7,5070
Matt McCarty,Marco Penge,42.2,4217
Matt McCarty,Chandler Phillips,45.8,4584
Matt McCarty,J.T. Poston,40.5,4051
Matt McCarty,Aldrich Potgieter,53.3,5325
Matt McCarty,Seamus Power,54.5,5450
Matt McCarty,Andrew Putnam,46.9,4693
Matt McCarty,Aaron Rai,33.3,3326
Matt McCarty,Chad Ramey,61.2,6122
Matt McCarty,Davis Riley,59.6,5961
Matt McCarty,Patrick Rodgers,60.7,6075
Matt McCarty,Kevin Roy,50.6,5063
Matt McCarty,Marcelo Rozo,56.7,5675
Matt McCarty,Adrien Saddier,52.7,5274
Matt McCarty,Gordon Sargent,59.7,5972
Matt McCarty,Adam Schenk,62.0,6199
Matt McCarty,Matti Schmid,54.7,5467
Matt McCarty,Ben Silverman,50.7,5070
Matt McCarty,Webb Simpson,63.4,6338
Matt McCarty,Alex Smalley,43.6,4363
Matt McCarty,Jordan Smith,39.2,3920
Matt McCarty,Austin Smotherman,54.7,5472
Matt McCarty,Brandt Snedeker,47.2,4724
Matt McCarty,Jordan Spieth,48.6,4858
Matt McCarty,Sam Stevens,49.9,4991
Matt McCarty,Sepp Straka,52.2,5224
Matt McCarty,Kevin Streelman,50.1,5008
Matt McCarty,Jackson Suber,38.9,3888
Matt McCarty,Adam Svensson,55.9,5587
Matt McCarty,Jesper Svensson,49.7,4966
Matt McCarty,Nick Taylor,44.9,4489
Matt McCarty,Sahith Theegala,43.7,4368
Matt McCarty,Justin Thomas,31.5,3150
Matt McCarty,Davis Thompson,43.0,4302
Matt McCarty,Alejandro Tosti,62.7,6274
Matt McCarty,Erik van Rooyen,49.0,4902
Matt McCarty,John VanDerLaan,55.2,5524
Matt McCarty,Karl Vilips,55.9,5590
Matt McCarty,Camilo Villegas,53.5,5345
Matt McCarty,Danny Walker,67.9,6787
Matt McCarty,Matt Wallace,38.2,3816
Matt McCarty,Vince Whaley,60.1,6008
Matt McCarty,Aaron Wise,46.0,4602
Matt McCarty,Dylan Wu,55.8,5584
Matt McCarty,Cameron Young,28.3,2833
Matt McCarty,Kevin Yu,41.3,4134
Max McGreevy,Zach Bauchou,50.6,5063
Max McGreevy,Christiaan Bezuidenhout,47.8,4783
Max McGreevy,Daniel Berger,58.2,5823
Max McGreevy,Zac Blair,46.6,4656
Max McGreevy,Chandler Blanchet,59.6,5963
Max McGreevy,Keegan Bradley,43.9,4388
Max McGreevy,Michael Brennan,50.4,5041
Max McGreevy,Brian Campbell,62.5,6250
Max McGreevy,Rafael Campos,62.6,6255
Max McGreevy,Ricky Castillo,51.9,5193
Max McGreevy,Bud Cauley,40.9,4092
Max McGreevy,Davis Chatfield,56.5,5647
Max McGreevy,Luke Clanton,54.2,5425
Max McGreevy,Eric Cole,50.3,5029
Max McGreevy,Pierceson Coody,60.1,6011
Max McGreevy,Joel Dahmen,51.5,5155
Max McGreevy,Cam Davis,70.6,7057
Max McGreevy,Jason Day,56.6,5658
Max McGreevy,Zecheng Dou,58.4,5836
Max McGreevy,Adrien Dumont de Chassart,58.4,5837
Max McGreevy,Nick Dunlap,62.2,6220
Max McGreevy,Nico Echavarria,51.6,5160
Max McGreevy,Austin Eckroat,58.6,5857
Max McGreevy,Harris English,47.2,4715
Max McGreevy,Tony Finau,53.9,5390
Max McGreevy,Patrick Fishburn,52.5,5249
Max McGreevy,Steven Fisk,60.9,6086
Max McGreevy,Alex Fitzpatrick,36.6,3658
Max McGreevy,Brice Garnett,58.1,5808
Max McGreevy,Ryan Gerard,43.2,4317
Max McGreevy,Doug Ghim,43.2,4319
Max McGreevy,Lucas Glover,52.0,5196
Max McGreevy,Max Greyserman,58.7,5870
Max McGreevy,Ben Griffin,39.6,3962
Max McGreevy,Lanto Griffin,58.7,5870
Max McGreevy,Emiliano Grillo,45.3,4533
Max McGreevy,Harry Hall,58.2,5818
Max McGreevy,Brian Harman,47.0,4701
Max McGreevy,Garrick Higgo,66.2,6624
Max McGreevy,Joe Highsmith,64.1,6408
Max McGreevy,Kensei Hirata,67.1,6707
Max McGreevy,Ryo Hisatsune,48.3,4833
Max McGreevy,Lee Hodges,51.6,5155
Max McGreevy,Rico Hoey,51.8,5183
Max McGreevy,Tom Hoge,54.0,5396
Max McGreevy,Rasmus Hojgaard,59.5,5955
Max McGreevy,Billy Horschel,53.7,5369
Max McGreevy,Beau Hossler,51.5,5149
Max McGreevy,Mark Hubbard,53.1,5307
Max McGreevy,Mackenzie Hughes,52.2,5223
Max McGreevy,Sungjae Im,51.8,5182
Max McGreevy,Stephan Jaeger,58.6,5861
Max McGreevy,Ben James,47.5,4753
Max McGreevy,Takumi Kanaya,57.6,5760
Max McGreevy,Jeffrey Kang,57.8,5784
Max McGreevy,Johnny Keefer,50.3,5033
Max McGreevy,Michael Kim,50.7,5071
Max McGreevy,Tom Kim,36.9,3686
Max McGreevy,Chris Kirk,50.0,5000
Max McGreevy,Patton Kizzire,79.9,7990
Max McGreevy,Brooks Koepka,48.7,4868
Max McGreevy,Ben Kohles,41.8,4177
Max McGreevy,Jackson Koivun,40.4,4035
Max McGreevy,Matt Kuchar,49.5,4954
Max McGreevy,Christo Lamprecht,82.1,8210
Max McGreevy,Hank Lebioda,59.1,5907
Max McGreevy,Haotong Li,67.7,6773
Max McGreevy,David Lipsky,55.6,5564
Max McGreevy,Luke List,57.4,5744
Max McGreevy,Justin Lower,59.8,5985
Max McGreevy,Peter Malnati,72.2,7216
Max McGreevy,Hideki Matsuyama,41.6,4163
Max McGreevy,Denny McCarthy,53.8,5376
Max McGreevy,Matt McCarty,57.0,5697
Max McGreevy,Maverick McNealy,48.3,4832
Max McGreevy,Mac Meissner,48.1,4811
Max McGreevy,Keith Mitchell,47.6,4761
Max McGreevy,Taylor Moore,57.6,5759
Max McGreevy,William Mouw,50.9,5090
Max McGreevy,Rasmus Neergaard-Petersen,51.1,5110
Max McGreevy,Alex Noren,52.8,5282
Max McGreevy,Andrew Novak,51.5,5151
Max McGreevy,Pontus Nyholm,63.9,6391
Max McGreevy,Thorbjorn Olesen,61.8,6185
Max McGreevy,John Parry,53.8,5378
Max McGreevy,Matthieu Pavon,57.4,5744
Max McGreevy,Taylor Pendrith,57.7,5766
Max McGreevy,Marco Penge,49.1,4912
Max McGreevy,Chandler Phillips,52.8,5284
Max McGreevy,J.T. Poston,47.4,4743
Max McGreevy,Aldrich Potgieter,60.2,6015
Max McGreevy,Seamus Power,61.4,6136
Max McGreevy,Andrew Putnam,53.9,5393
Max McGreevy,Aaron Rai,39.9,3985
Max McGreevy,Chad Ramey,67.7,6775
Max McGreevy,Davis Riley,66.2,6624
Max McGreevy,Patrick Rodgers,67.3,6731
Max McGreevy,Kevin Roy,57.6,5760
Max McGreevy,Marcelo Rozo,63.5,6352
Max McGreevy,Adrien Saddier,59.7,5966
Max McGreevy,Gordon Sargent,66.3,6634
Max McGreevy,Adam Schenk,68.5,6847
Max McGreevy,Matti Schmid,61.5,6153
Max McGreevy,Ben Silverman,57.7,5766
Max McGreevy,Webb Simpson,69.8,6977
Max McGreevy,Alex Smalley,50.6,5061
Max McGreevy,Jordan Smith,46.1,4608
Max McGreevy,Austin Smotherman,61.6,6157
Max McGreevy,Brandt Snedeker,54.2,5424
Max McGreevy,Jordan Spieth,55.6,5557
Max McGreevy,Sam Stevens,56.9,5689
Max McGreevy,Sepp Straka,59.2,5917
Max McGreevy,Kevin Streelman,57.1,5705
Max McGreevy,Jackson Suber,45.7,4575
Max McGreevy,Adam Svensson,62.7,6268
Max McGreevy,Jesper Svensson,56.6,5664
Max McGreevy,Nick Taylor,51.9,5188
Max McGreevy,Sahith Theegala,50.7,5066
Max McGreevy,Justin Thomas,38.0,3798
Max McGreevy,Davis Thompson,50.0,5000
Max McGreevy,Alejandro Tosti,69.2,6917
Max McGreevy,Erik van Rooyen,56.0,5600
Max McGreevy,John VanDerLaan,62.1,6208
Max McGreevy,Karl Vilips,62.7,6270
Max McGreevy,Camilo Villegas,60.3,6035
Max McGreevy,Danny Walker,73.9,7389
Max McGreevy,Matt Wallace,45.0,4500
Max McGreevy,Vince Whaley,66.7,6668
Max McGreevy,Aaron Wise,53.0,5302
Max McGreevy,Dylan Wu,62.6,6265
Max McGreevy,Cameron Young,34.6,3455
Max McGreevy,Kevin Yu,48.3,4828
Maverick McNealy,Zach Bauchou,52.3,5230
Maverick McNealy,Christiaan Bezuidenhout,49.5,4950
Maverick McNealy,Daniel Berger,59.9,5986
Maverick McNealy,Zac Blair,48.2,4823
Maverick McNealy,Chandler Blanchet,61.2,6125
Maverick McNealy,Keegan Bradley,45.5,4554
Maverick McNealy,Michael Brennan,52.1,5209
Maverick McNealy,Brian Campbell,64.1,6408
Maverick McNealy,Rafael Campos,64.1,6413
Maverick McNealy,Ricky Castillo,53.6,5360
Maverick McNealy,Bud Cauley,42.6,4256
Maverick McNealy,Davis Chatfield,58.1,5812
Maverick McNealy,Luke Clanton,55.9,5591
Maverick McNealy,Eric Cole,52.0,5197
Maverick McNealy,Pierceson Coody,61.7,6172
Maverick McNealy,Joel Dahmen,53.2,5322
Maverick McNealy,Cam Davis,72.0,7200
Maverick McNealy,Jason Day,58.2,5823
Maverick McNealy,Zecheng Dou,60.0,5999
Maverick McNealy,Adrien Dumont de Chassart,60.0,6000
Maverick McNealy,Nick Dunlap,63.8,6378
Maverick McNealy,Nico Echavarria,53.3,5328
Maverick McNealy,Austin Eckroat,60.2,6020
Maverick McNealy,Harris English,48.8,4883
Maverick McNealy,Tony Finau,55.6,5556
Maverick McNealy,Patrick Fishburn,54.2,5416
Maverick McNealy,Steven Fisk,62.5,6247
Maverick McNealy,Alex Fitzpatrick,38.2,3817
Maverick McNealy,Brice Garnett,59.7,5971
Maverick McNealy,Ryan Gerard,44.8,4483
Maverick McNealy,Doug Ghim,44.8,4485
Maverick McNealy,Lucas Glover,53.6,5363
Maverick McNealy,Max Greyserman,60.3,6033
Maverick McNealy,Ben Griffin,41.3,4125
Maverick McNealy,Lanto Griffin,60.3,6033
Maverick McNealy,Emiliano Grillo,47.0,4700
Maverick McNealy,Harry Hall,59.8,5981
Maverick McNealy,Brian Harman,48.7,4868
Maverick McNealy,Garrick Higgo,67.8,6776
Maverick McNealy,Joe Highsmith,65.6,6564
Maverick McNealy,Kensei Hirata,68.6,6857
Maverick McNealy,Ryo Hisatsune,50.0,5000
Maverick McNealy,Lee Hodges,53.2,5322
Maverick McNealy,Rico Hoey,53.5,5350
Maverick McNealy,Tom Hoge,55.6,5563
Maverick McNealy,Rasmus Hojgaard,61.2,6117
Maverick McNealy,Billy Horschel,55.3,5535
Maverick McNealy,Beau Hossler,53.2,5316
Maverick McNealy,Mark Hubbard,54.7,5474
Maverick McNealy,Mackenzie Hughes,53.9,5390
Maverick McNealy,Sungjae Im,53.5,5349
Maverick McNealy,Stephan Jaeger,60.2,6024
Maverick McNealy,Ben James,49.2,4920
Maverick McNealy,Takumi Kanaya,59.2,5923
Maverick McNealy,Jeffrey Kang,59.5,5948
Maverick McNealy,Johnny Keefer,52.0,5201
Maverick McNealy,Michael Kim,52.4,5238
Maverick McNealy,Tom Kim,38.5,3845
Maverick McNealy,Chris Kirk,51.7,5168
Maverick McNealy,Patton Kizzire,81.1,8105
Maverick McNealy,Brooks Koepka,50.4,5036
Maverick McNealy,Ben Kohles,43.4,4342
Maverick McNealy,Jackson Koivun,42.0,4198
Maverick McNealy,Matt Kuchar,51.2,5122
Maverick McNealy,Christo Lamprecht,83.2,8317
Maverick McNealy,Hank Lebioda,60.7,6070
Maverick McNealy,Haotong Li,69.2,6923
Maverick McNealy,David Lipsky,57.3,5729
Maverick McNealy,Luke List,59.1,5908
Maverick McNealy,Justin Lower,61.5,6146
Maverick McNealy,Peter Malnati,73.6,7355
Maverick McNealy,Hideki Matsuyama,43.3,4328
Maverick McNealy,Denny McCarthy,55.4,5542
Maverick McNealy,Matt McCarty,58.6,5862
Maverick McNealy,Max McGreevy,51.7,5168
Maverick McNealy,Mac Meissner,49.8,4978
Maverick McNealy,Keith Mitchell,49.3,4929
Maverick McNealy,Taylor Moore,59.2,5922
Maverick McNealy,William Mouw,52.6,5258
Maverick McNealy,Rasmus Neergaard-Petersen,52.8,5278
Maverick McNealy,Alex Noren,54.5,5449
Maverick McNealy,Andrew Novak,53.2,5318
Maverick McNealy,Pontus Nyholm,65.5,6547
Maverick McNealy,Thorbjorn Olesen,63.4,6344
Maverick McNealy,John Parry,55.4,5545
Maverick McNealy,Matthieu Pavon,59.1,5908
Maverick McNealy,Taylor Pendrith,59.3,5930
Maverick McNealy,Marco Penge,50.8,5080
Maverick McNealy,Chandler Phillips,54.5,5451
Maverick McNealy,J.T. Poston,49.1,4910
Maverick McNealy,Aldrich Potgieter,61.8,6177
Maverick McNealy,Seamus Power,63.0,6295
Maverick McNealy,Andrew Putnam,55.6,5560
Maverick McNealy,Aaron Rai,41.5,4148
Maverick McNealy,Chad Ramey,69.2,6924
Maverick McNealy,Davis Riley,67.8,6776
Maverick McNealy,Patrick Rodgers,68.8,6881
Maverick McNealy,Kevin Roy,59.2,5923
Maverick McNealy,Marcelo Rozo,65.1,6509
Maverick McNealy,Adrien Saddier,61.3,6128
Maverick McNealy,Gordon Sargent,67.9,6786
Maverick McNealy,Adam Schenk,69.9,6995
Maverick McNealy,Matti Schmid,63.1,6312
Maverick McNealy,Ben Silverman,59.3,5930
Maverick McNealy,Webb Simpson,71.2,7122
Maverick McNealy,Alex Smalley,52.3,5229
Maverick McNealy,Jordan Smith,47.8,4775
Maverick McNealy,Austin Smotherman,63.2,6317
Maverick McNealy,Brandt Snedeker,55.9,5590
Maverick McNealy,Jordan Spieth,57.2,5722
Maverick McNealy,Sam Stevens,58.5,5853
Maverick McNealy,Sepp Straka,60.8,6079
Maverick McNealy,Kevin Streelman,58.7,5870
Maverick McNealy,Jackson Suber,47.4,4742
Maverick McNealy,Adam Svensson,64.3,6426
Maverick McNealy,Jesper Svensson,58.3,5829
Maverick McNealy,Nick Taylor,53.6,5355
Maverick McNealy,Sahith Theegala,52.3,5234
Maverick McNealy,Justin Thomas,39.6,3959
Maverick McNealy,Davis Thompson,51.7,5167
Maverick McNealy,Alejandro Tosti,70.6,7063
Maverick McNealy,Erik van Rooyen,57.7,5765
Maverick McNealy,John VanDerLaan,63.7,6367
Maverick McNealy,Karl Vilips,64.3,6428
Maverick McNealy,Camilo Villegas,62.0,6196
Maverick McNealy,Danny Walker,75.2,7523
Maverick McNealy,Matt Wallace,46.7,4667
Maverick McNealy,Vince Whaley,68.2,6819
Maverick McNealy,Aaron Wise,54.7,5469
Maverick McNealy,Dylan Wu,64.2,6423
Maverick McNealy,Cameron Young,36.1,3611
Maverick McNealy,Kevin Yu,50.0,4996
Mac Meissner,Zach Bauchou,52.5,5252
Mac Meissner,Christiaan Bezuidenhout,49.7,4972
Mac Meissner,Daniel Berger,60.1,6007
Mac Meissner,Zac Blair,48.4,4844
Mac Meissner,Chandler Blanchet,61.5,6145
Mac Meissner,Keegan Bradley,45.8,4576
Mac Meissner,Michael Brennan,52.3,5230
Mac Meissner,Brian Campbell,64.3,6429
Mac Meissner,Rafael Campos,64.3,6434
Mac Meissner,Ricky Castillo,53.8,5382
Mac Meissner,Bud Cauley,42.8,4278
Mac Meissner,Davis Chatfield,58.3,5833
Mac Meissner,Luke Clanton,56.1,5613
Mac Meissner,Eric Cole,52.2,5219
Mac Meissner,Pierceson Coody,61.9,6193
Mac Meissner,Joel Dahmen,53.4,5344
Mac Meissner,Cam Davis,72.2,7218
Mac Meissner,Jason Day,58.4,5844
Mac Meissner,Zecheng Dou,60.2,6020
Mac Meissner,Adrien Dumont de Chassart,60.2,6021
Mac Meissner,Nick Dunlap,64.0,6399
Mac Meissner,Nico Echavarria,53.5,5349
Mac Meissner,Austin Eckroat,60.4,6041
Mac Meissner,Harris English,49.0,4904
Mac Meissner,Tony Finau,55.8,5578
Mac Meissner,Patrick Fishburn,54.4,5438
Mac Meissner,Steven Fisk,62.7,6267
Mac Meissner,Alex Fitzpatrick,38.4,3838
Mac Meissner,Brice Garnett,59.9,5992
Mac Meissner,Ryan Gerard,45.0,4504
Mac Meissner,Doug Ghim,45.1,4506
Mac Meissner,Lucas Glover,53.8,5385
Mac Meissner,Max Greyserman,60.5,6054
Mac Meissner,Ben Griffin,41.5,4146
Mac Meissner,Lanto Griffin,60.5,6054
Mac Meissner,Emiliano Grillo,47.2,4722
Mac Meissner,Harry Hall,60.0,6002
Mac Meissner,Brian Harman,48.9,4890
Mac Meissner,Garrick Higgo,68.0,6796
Mac Meissner,Joe Highsmith,65.8,6583
Mac Meissner,Kensei Hirata,68.8,6876
Mac Meissner,Ryo Hisatsune,50.2,5022
Mac Meissner,Lee Hodges,53.4,5344
Mac Meissner,Rico Hoey,53.7,5372
Mac Meissner,Tom Hoge,55.8,5584
Mac Meissner,Rasmus Hojgaard,61.4,6138
Mac Meissner,Billy Horschel,55.6,5556
Mac Meissner,Beau Hossler,53.4,5338
Mac Meissner,Mark Hubbard,55.0,5495
Mac Meissner,Mackenzie Hughes,54.1,5411
Mac Meissner,Sungjae Im,53.7,5370
Mac Meissner,Stephan Jaeger,60.5,6045
Mac Meissner,Ben James,49.4,4942
Mac Meissner,Takumi Kanaya,59.4,5944
Mac Meissner,Jeffrey Kang,59.7,5969
Mac Meissner,Johnny Keefer,52.2,5222
Mac Meissner,Michael Kim,52.6,5260
Mac Meissner,Tom Kim,38.7,3866
Mac Meissner,Chris Kirk,51.9,5189
Mac Meissner,Patton Kizzire,81.2,8120
Mac Meissner,Brooks Koepka,50.6,5057
Mac Meissner,Ben Kohles,43.6,4363
Mac Meissner,Jackson Koivun,42.2,4220
Mac Meissner,Matt Kuchar,51.4,5143
Mac Meissner,Christo Lamprecht,83.3,8331
Mac Meissner,Hank Lebioda,60.9,6091
Mac Meissner,Haotong Li,69.4,6942
Mac Meissner,David Lipsky,57.5,5751
Mac Meissner,Luke List,59.3,5929
Mac Meissner,Justin Lower,61.7,6167
Mac Meissner,Peter Malnati,73.7,7373
Mac Meissner,Hideki Matsuyama,43.5,4349
Mac Meissner,Denny McCarthy,55.6,5564
Mac Meissner,Matt McCarty,58.8,5883
Mac Meissner,Max McGreevy,51.9,5189
Mac Meissner,Maverick McNealy,50.2,5022
Mac Meissner,Keith Mitchell,49.5,4950
Mac Meissner,Taylor Moore,59.4,5944
Mac Meissner,William Mouw,52.8,5280
Mac Meissner,Rasmus Neergaard-Petersen,53.0,5299
Mac Meissner,Alex Noren,54.7,5470
Mac Meissner,Andrew Novak,53.4,5340
Mac Meissner,Pontus Nyholm,65.7,6567
Mac Meissner,Thorbjorn Olesen,63.6,6364
Mac Meissner,John Parry,55.7,5566
Mac Meissner,Matthieu Pavon,59.3,5929
Mac Meissner,Taylor Pendrith,59.5,5951
Mac Meissner,Marco Penge,51.0,5102
Mac Meissner,Chandler Phillips,54.7,5472
Mac Meissner,J.T. Poston,49.3,4932
Mac Meissner,Aldrich Potgieter,62.0,6197
Mac Meissner,Seamus Power,63.2,6316
Mac Meissner,Andrew Putnam,55.8,5581
Mac Meissner,Aaron Rai,41.7,4170
Mac Meissner,Chad Ramey,69.4,6943
Mac Meissner,Davis Riley,68.0,6796
Mac Meissner,Patrick Rodgers,69.0,6900
Mac Meissner,Kevin Roy,59.4,5944
Mac Meissner,Marcelo Rozo,65.3,6529
Mac Meissner,Adrien Saddier,61.5,6148
Mac Meissner,Gordon Sargent,68.1,6806
Mac Meissner,Adam Schenk,70.1,7014
Mac Meissner,Matti Schmid,63.3,6333
Mac Meissner,Ben Silverman,59.5,5951
Mac Meissner,Webb Simpson,71.4,7140
Mac Meissner,Alex Smalley,52.5,5250
Mac Meissner,Jordan Smith,48.0,4797
Mac Meissner,Austin Smotherman,63.4,6337
Mac Meissner,Brandt Snedeker,56.1,5612
Mac Meissner,Jordan Spieth,57.4,5743
Mac Meissner,Sam Stevens,58.7,5874
Mac Meissner,Sepp Straka,61.0,6100
Mac Meissner,Kevin Streelman,58.9,5891
Mac Meissner,Jackson Suber,47.6,4763
Mac Meissner,Adam Svensson,64.5,6447
Mac Meissner,Jesper Svensson,58.5,5850
Mac Meissner,Nick Taylor,53.8,5377
Mac Meissner,Sahith Theegala,52.6,5256
Mac Meissner,Justin Thomas,39.8,3980
Mac Meissner,Davis Thompson,51.9,5189
Mac Meissner,Alejandro Tosti,70.8,7082
Mac Meissner,Erik van Rooyen,57.9,5787
Mac Meissner,John VanDerLaan,63.9,6387
Mac Meissner,Karl Vilips,64.5,6449
Mac Meissner,Camilo Villegas,62.2,6216
Mac Meissner,Danny Walker,75.4,7541
Mac Meissner,Matt Wallace,46.9,4688
Mac Meissner,Vince Whaley,68.4,6838
Mac Meissner,Aaron Wise,54.9,5491
Mac Meissner,Dylan Wu,64.4,6443
Mac Meissner,Cameron Young,36.3,3631
Mac Meissner,Kevin Yu,50.2,5017
Keith Mitchell,Zach Bauchou,53.0,5301
Keith Mitchell,Christiaan Bezuidenhout,50.2,5022
Keith Mitchell,Daniel Berger,60.6,6055
Keith Mitchell,Zac Blair,48.9,4894
Keith Mitchell,Chandler Blanchet,61.9,6193
Keith Mitchell,Keegan Bradley,46.3,4625
Keith Mitchell,Michael Brennan,52.8,5280
Keith Mitchell,Brian Campbell,64.7,6475
Keith Mitchell,Rafael Campos,64.8,6480
Keith Mitchell,Ricky Castillo,54.3,5431
Keith Mitchell,Bud Cauley,43.3,4327
Keith Mitchell,Davis Chatfield,58.8,5882
Keith Mitchell,Luke Clanton,56.6,5662
Keith Mitchell,Eric Cole,52.7,5268
Keith Mitchell,Pierceson Coody,62.4,6241
Keith Mitchell,Joel Dahmen,53.9,5393
Keith Mitchell,Cam Davis,72.6,7260
Keith Mitchell,Jason Day,58.9,5892
Keith Mitchell,Zecheng Dou,60.7,6068
Keith Mitchell,Adrien Dumont de Chassart,60.7,6069
Keith Mitchell,Nick Dunlap,64.5,6445
Keith Mitchell,Nico Echavarria,54.0,5399
Keith Mitchell,Austin Eckroat,60.9,6089
Keith Mitchell,Harris English,49.5,4954
Keith Mitchell,Tony Finau,56.3,5627
Keith Mitchell,Patrick Fishburn,54.9,5487
Keith Mitchell,Steven Fisk,63.1,6314
Keith Mitchell,Alex Fitzpatrick,38.9,3886
Keith Mitchell,Brice Garnett,60.4,6040
Keith Mitchell,Ryan Gerard,45.5,4554
Keith Mitchell,Doug Ghim,45.6,4556
Keith Mitchell,Lucas Glover,54.3,5434
Keith Mitchell,Max Greyserman,61.0,6102
Keith Mitchell,Ben Griffin,41.9,4195
Keith Mitchell,Lanto Griffin,61.0,6102
Keith Mitchell,Emiliano Grillo,47.7,4771
Keith Mitchell,Harry Hall,60.5,6050
Keith Mitchell,Brian Harman,49.4,4939
Keith Mitchell,Garrick Higgo,68.4,6840
Keith Mitchell,Joe Highsmith,66.3,6629
Keith Mitchell,Kensei Hirata,69.2,6920
Keith Mitchell,Ryo Hisatsune,50.7,5071
Keith Mitchell,Lee Hodges,53.9,5393
Keith Mitchell,Rico Hoey,54.2,5421
Keith Mitchell,Tom Hoge,56.3,5633
Keith Mitchell,Rasmus Hojgaard,61.9,6185
Keith Mitchell,Billy Horschel,56.1,5606
Keith Mitchell,Beau Hossler,53.9,5387
Keith Mitchell,Mark Hubbard,55.4,5544
Keith Mitchell,Mackenzie Hughes,54.6,5461
Keith Mitchell,Sungjae Im,54.2,5420
Keith Mitchell,Stephan Jaeger,60.9,6093
Keith Mitchell,Ben James,49.9,4992
Keith Mitchell,Takumi Kanaya,59.9,5993
Keith Mitchell,Jeffrey Kang,60.2,6017
Keith Mitchell,Johnny Keefer,52.7,5272
Keith Mitchell,Michael Kim,53.1,5310
Keith Mitchell,Tom Kim,39.1,3914
Keith Mitchell,Chris Kirk,52.4,5239
Keith Mitchell,Patton Kizzire,81.5,8153
Keith Mitchell,Brooks Koepka,51.1,5107
Keith Mitchell,Ben Kohles,44.1,4412
Keith Mitchell,Jackson Koivun,42.7,4268
Keith Mitchell,Matt Kuchar,51.9,5193
Keith Mitchell,Christo Lamprecht,83.6,8362
Keith Mitchell,Hank Lebioda,61.4,6138
Keith Mitchell,Haotong Li,69.9,6985
Keith Mitchell,David Lipsky,58.0,5799
Keith Mitchell,Luke List,59.8,5977
Keith Mitchell,Justin Lower,62.1,6214
Keith Mitchell,Peter Malnati,74.1,7413
Keith Mitchell,Hideki Matsuyama,44.0,4398
Keith Mitchell,Denny McCarthy,56.1,5613
Keith Mitchell,Matt McCarty,59.3,5931
Keith Mitchell,Max McGreevy,52.4,5239
Keith Mitchell,Maverick McNealy,50.7,5071
Keith Mitchell,Mac Meissner,50.5,5050
Keith Mitchell,Taylor Moore,59.9,5992
Keith Mitchell,William Mouw,53.3,5329
Keith Mitchell,Rasmus Neergaard-Petersen,53.5,5349
Keith Mitchell,Alex Noren,55.2,5520
Keith Mitchell,Andrew Novak,53.9,5390
Keith Mitchell,Pontus Nyholm,66.1,6613
Keith Mitchell,Thorbjorn Olesen,64.1,6411
Keith Mitchell,John Parry,56.2,5615
Keith Mitchell,Matthieu Pavon,59.8,5977
Keith Mitchell,Taylor Pendrith,60.0,5999
Keith Mitchell,Marco Penge,51.5,5151
Keith Mitchell,Chandler Phillips,55.2,5521
Keith Mitchell,J.T. Poston,49.8,4981
Keith Mitchell,Aldrich Potgieter,62.4,6245
Keith Mitchell,Seamus Power,63.6,6363
Keith Mitchell,Andrew Putnam,56.3,5630
Keith Mitchell,Aaron Rai,42.2,4218
Keith Mitchell,Chad Ramey,69.9,6987
Keith Mitchell,Davis Riley,68.4,6840
Keith Mitchell,Patrick Rodgers,69.4,6944
Keith Mitchell,Kevin Roy,59.9,5993
Keith Mitchell,Marcelo Rozo,65.7,6575
Keith Mitchell,Adrien Saddier,62.0,6196
Keith Mitchell,Gordon Sargent,68.5,6850
Keith Mitchell,Adam Schenk,70.6,7057
Keith Mitchell,Matti Schmid,63.8,6380
Keith Mitchell,Ben Silverman,60.0,5999
Keith Mitchell,Webb Simpson,71.8,7182
Keith Mitchell,Alex Smalley,53.0,5300
Keith Mitchell,Jordan Smith,48.5,4847
Keith Mitchell,Austin Smotherman,63.8,6384
Keith Mitchell,Brandt Snedeker,56.6,5661
Keith Mitchell,Jordan Spieth,57.9,5792
Keith Mitchell,Sam Stevens,59.2,5923
Keith Mitchell,Sepp Straka,61.5,6147
Keith Mitchell,Kevin Streelman,59.4,5939
Keith Mitchell,Jackson Suber,48.1,4813
Keith Mitchell,Adam Svensson,64.9,6493
Keith Mitchell,Jesper Svensson,59.0,5898
Keith Mitchell,Nick Taylor,54.3,5426
Keith Mitchell,Sahith Theegala,53.1,5305
Keith Mitchell,Justin Thomas,40.3,4028
Keith Mitchell,Davis Thompson,52.4,5239
Keith Mitchell,Alejandro Tosti,71.2,7125
Keith Mitchell,Erik van Rooyen,58.4,5835
Keith Mitchell,John VanDerLaan,64.3,6433
Keith Mitchell,Karl Vilips,64.9,6495
Keith Mitchell,Camilo Villegas,62.6,6264
Keith Mitchell,Danny Walker,75.8,7580
Keith Mitchell,Matt Wallace,47.4,4738
Keith Mitchell,Vince Whaley,68.8,6883
Keith Mitchell,Aaron Wise,55.4,5540
Keith Mitchell,Dylan Wu,64.9,6489
Keith Mitchell,Cameron Young,36.8,3678
Keith Mitchell,Kevin Yu,50.7,5067
Taylor Moore,Zach Bauchou,43.0,4303
Taylor Moore,Christiaan Bezuidenhout,40.3,4029
Taylor Moore,Daniel Berger,50.7,5066
Taylor Moore,Zac Blair,39.1,3906
Taylor Moore,Chandler Blanchet,52.1,5209
Taylor Moore,Keegan Bradley,36.5,3649
Taylor Moore,Michael Brennan,42.8,4282
Taylor Moore,Brian Campbell,55.1,5507
Taylor Moore,Rafael Campos,55.1,5512
Taylor Moore,Ricky Castillo,44.3,4432
Taylor Moore,Bud Cauley,33.7,3369
Taylor Moore,Davis Chatfield,48.9,4887
Taylor Moore,Luke Clanton,46.6,4663
Taylor Moore,Eric Cole,42.7,4270
Taylor Moore,Pierceson Coody,52.6,5259
Taylor Moore,Joel Dahmen,43.9,4394
Taylor Moore,Cam Davis,63.7,6366
Taylor Moore,Jason Day,49.0,4898
Taylor Moore,Zecheng Dou,50.8,5079
Taylor Moore,Adrien Dumont de Chassart,50.8,5080
Taylor Moore,Nick Dunlap,54.7,5475
Taylor Moore,Nico Echavarria,44.0,4399
Taylor Moore,Austin Eckroat,51.0,5100
Taylor Moore,Harris English,39.6,3964
Taylor Moore,Tony Finau,46.3,4628
Taylor Moore,Patrick Fishburn,44.9,4488
Taylor Moore,Steven Fisk,53.4,5337
Taylor Moore,Alex Fitzpatrick,29.7,2966
Taylor Moore,Brice Garnett,50.5,5050
Taylor Moore,Ryan Gerard,35.8,3582
Taylor Moore,Doug Ghim,35.8,3584
Taylor Moore,Lucas Glover,44.3,4435
Taylor Moore,Max Greyserman,51.1,5114
Taylor Moore,Ben Griffin,32.5,3248
Taylor Moore,Lanto Griffin,51.1,5114
Taylor Moore,Emiliano Grillo,37.9,3788
Taylor Moore,Harry Hall,50.6,5061
Taylor Moore,Brian Harman,39.5,3949
Taylor Moore,Garrick Higgo,59.0,5901
Taylor Moore,Joe Highsmith,56.7,5672
Taylor Moore,Kensei Hirata,59.9,5989
Taylor Moore,Ryo Hisatsune,40.8,4078
Taylor Moore,Lee Hodges,43.9,4394
Taylor Moore,Rico Hoey,44.2,4422
Taylor Moore,Tom Hoge,46.3,4634
Taylor Moore,Rasmus Hojgaard,52.0,5201
Taylor Moore,Billy Horschel,46.1,4606
Taylor Moore,Beau Hossler,43.9,4388
Taylor Moore,Mark Hubbard,45.4,4545
Taylor Moore,Mackenzie Hughes,44.6,4461
Taylor Moore,Sungjae Im,44.2,4421
Taylor Moore,Stephan Jaeger,51.0,5105
Taylor Moore,Ben James,40.0,4000
Taylor Moore,Takumi Kanaya,50.0,5001
Taylor Moore,Jeffrey Kang,50.3,5026
Taylor Moore,Johnny Keefer,42.7,4274
Taylor Moore,Michael Kim,43.1,4311
Taylor Moore,Tom Kim,29.9,2991
Taylor Moore,Chris Kirk,42.4,4241
Taylor Moore,Patton Kizzire,74.1,7410
Taylor Moore,Brooks Koepka,41.1,4112
Taylor Moore,Ben Kohles,34.5,3449
Taylor Moore,Jackson Koivun,33.2,3316
Taylor Moore,Matt Kuchar,42.0,4196
Taylor Moore,Christo Lamprecht,76.7,7666
Taylor Moore,Hank Lebioda,51.5,5152
Taylor Moore,Haotong Li,60.6,6060
Taylor Moore,David Lipsky,48.0,4803
Taylor Moore,Luke List,49.8,4985
Taylor Moore,Justin Lower,52.3,5231
Taylor Moore,Peter Malnati,65.4,6541
Taylor Moore,Hideki Matsuyama,34.4,3436
Taylor Moore,Denny McCarthy,46.1,4614
Taylor Moore,Matt McCarty,49.4,4938
Taylor Moore,Max McGreevy,42.4,4241
Taylor Moore,Maverick McNealy,40.8,4078
Taylor Moore,Mac Meissner,40.6,4056
Taylor Moore,Keith Mitchell,40.1,4008
Taylor Moore,William Mouw,43.3,4330
Taylor Moore,Rasmus Neergaard-Petersen,43.5,4350
Taylor Moore,Alex Noren,45.2,4520
Taylor Moore,Andrew Novak,43.9,4390
Taylor Moore,Pontus Nyholm,56.5,5654
Taylor Moore,Thorbjorn Olesen,54.4,5439
Taylor Moore,John Parry,46.2,4616
Taylor Moore,Matthieu Pavon,49.8,4985
Taylor Moore,Taylor Pendrith,50.1,5008
Taylor Moore,Marco Penge,41.6,4156
Taylor Moore,Chandler Phillips,45.2,4522
Taylor Moore,J.T. Poston,39.9,3990
Taylor Moore,Aldrich Potgieter,52.6,5263
Taylor Moore,Seamus Power,53.9,5388
Taylor Moore,Andrew Putnam,46.3,4631
Taylor Moore,Aaron Rai,32.7,3269
Taylor Moore,Chad Ramey,60.6,6062
Taylor Moore,Davis Riley,59.0,5901
Taylor Moore,Patrick Rodgers,60.1,6015
Taylor Moore,Kevin Roy,50.0,5001
Taylor Moore,Marcelo Rozo,56.1,5613
Taylor Moore,Adrien Saddier,52.1,5212
Taylor Moore,Gordon Sargent,59.1,5912
Taylor Moore,Adam Schenk,61.4,6139
Taylor Moore,Matti Schmid,54.1,5405
Taylor Moore,Ben Silverman,50.1,5007
Taylor Moore,Webb Simpson,62.8,6279
Taylor Moore,Alex Smalley,43.0,4302
Taylor Moore,Jordan Smith,38.6,3860
Taylor Moore,Austin Smotherman,54.1,5410
Taylor Moore,Brandt Snedeker,46.6,4662
Taylor Moore,Jordan Spieth,48.0,4795
Taylor Moore,Sam Stevens,49.3,4929
Taylor Moore,Sepp Straka,51.6,5161
Taylor Moore,Kevin Streelman,49.5,4946
Taylor Moore,Jackson Suber,38.3,3828
Taylor Moore,Adam Svensson,55.3,5526
Taylor Moore,Jesper Svensson,49.0,4904
Taylor Moore,Nick Taylor,44.3,4427
Taylor Moore,Sahith Theegala,43.1,4307
Taylor Moore,Justin Thomas,30.9,3095
Taylor Moore,Davis Thompson,42.4,4241
Taylor Moore,Alejandro Tosti,62.1,6215
Taylor Moore,Erik van Rooyen,48.4,4839
Taylor Moore,John VanDerLaan,54.6,5463
Taylor Moore,Karl Vilips,55.3,5528
Taylor Moore,Camilo Villegas,52.8,5283
Taylor Moore,Danny Walker,67.3,6731
Taylor Moore,Matt Wallace,37.6,3756
Taylor Moore,Vince Whaley,59.5,5947
Taylor Moore,Aaron Wise,45.4,4540
Taylor Moore,Dylan Wu,55.2,5522
Taylor Moore,Cameron Young,27.8,2780
Taylor Moore,Kevin Yu,40.7,4073
William Mouw,Zach Bauchou,49.7,4972
William Mouw,Christiaan Bezuidenhout,46.9,4693
William Mouw,Daniel Berger,57.3,5734
William Mouw,Zac Blair,45.7,4565
William Mouw,Chandler Blanchet,58.7,5875
William Mouw,Keegan Bradley,43.0,4299
William Mouw,Michael Brennan,49.5,4951
William Mouw,Brian Campbell,61.6,6164
William Mouw,Rafael Campos,61.7,6169
William Mouw,Ricky Castillo,51.0,5102
William Mouw,Bud Cauley,40.0,4005
William Mouw,Davis Chatfield,55.6,5558
William Mouw,Luke Clanton,53.3,5335
William Mouw,Eric Cole,49.4,4939
William Mouw,Pierceson Coody,59.2,5923
William Mouw,Joel Dahmen,50.6,5064
William Mouw,Cam Davis,69.8,6978
William Mouw,Jason Day,55.7,5569
William Mouw,Zecheng Dou,57.5,5747
William Mouw,Adrien Dumont de Chassart,57.5,5748
William Mouw,Nick Dunlap,61.3,6133
William Mouw,Nico Echavarria,50.7,5070
William Mouw,Austin Eckroat,57.7,5768
William Mouw,Harris English,46.2,4625
William Mouw,Tony Finau,53.0,5300
William Mouw,Patrick Fishburn,51.6,5159
William Mouw,Steven Fisk,60.0,5999
William Mouw,Alex Fitzpatrick,35.7,3573
William Mouw,Brice Garnett,57.2,5719
William Mouw,Ryan Gerard,42.3,4228
William Mouw,Doug Ghim,42.3,4230
William Mouw,Lucas Glover,51.1,5105
William Mouw,Max Greyserman,57.8,5782
William Mouw,Ben Griffin,38.8,3875
William Mouw,Lanto Griffin,57.8,5781
William Mouw,Emiliano Grillo,44.4,4444
William Mouw,Harry Hall,57.3,5729
William Mouw,Brian Harman,46.1,4610
William Mouw,Garrick Higgo,65.4,6541
William Mouw,Joe Highsmith,63.2,6323
William Mouw,Kensei Hirata,66.2,6624
William Mouw,Ryo Hisatsune,47.4,4742
William Mouw,Lee Hodges,50.6,5065
William Mouw,Rico Hoey,50.9,5093
William Mouw,Tom Hoge,53.1,5306
William Mouw,Rasmus Hojgaard,58.7,5867
William Mouw,Billy Horschel,52.8,5278
William Mouw,Beau Hossler,50.6,5058
William Mouw,Mark Hubbard,52.2,5217
William Mouw,Mackenzie Hughes,51.3,5132
William Mouw,Sungjae Im,50.9,5091
William Mouw,Stephan Jaeger,57.7,5773
William Mouw,Ben James,46.6,4663
William Mouw,Takumi Kanaya,56.7,5671
William Mouw,Jeffrey Kang,57.0,5695
William Mouw,Johnny Keefer,49.4,4943
William Mouw,Michael Kim,49.8,4980
William Mouw,Tom Kim,36.0,3601
William Mouw,Chris Kirk,49.1,4910
William Mouw,Patton Kizzire,79.3,7925
William Mouw,Brooks Koepka,47.8,4778
William Mouw,Ben Kohles,40.9,4089
William Mouw,Jackson Koivun,39.5,3947
William Mouw,Matt Kuchar,48.6,4864
William Mouw,Christo Lamprecht,81.5,8150
William Mouw,Hank Lebioda,58.2,5819
William Mouw,Haotong Li,66.9,6691
William Mouw,David Lipsky,54.7,5474
William Mouw,Luke List,56.5,5655
William Mouw,Justin Lower,59.0,5897
William Mouw,Peter Malnati,71.4,7139
William Mouw,Hideki Matsuyama,40.7,4075
William Mouw,Denny McCarthy,52.9,5286
William Mouw,Matt McCarty,56.1,5608
William Mouw,Max McGreevy,49.1,4910
William Mouw,Maverick McNealy,47.4,4742
William Mouw,Mac Meissner,47.2,4720
William Mouw,Keith Mitchell,46.7,4671
William Mouw,Taylor Moore,56.7,5670
William Mouw,Rasmus Neergaard-Petersen,50.2,5020
William Mouw,Alex Noren,51.9,5192
William Mouw,Andrew Novak,50.6,5061
William Mouw,Pontus Nyholm,63.1,6306
William Mouw,Thorbjorn Olesen,61.0,6098
William Mouw,John Parry,52.9,5288
William Mouw,Matthieu Pavon,56.5,5655
William Mouw,Taylor Pendrith,56.8,5677
William Mouw,Marco Penge,48.2,4822
William Mouw,Chandler Phillips,51.9,5193
William Mouw,J.T. Poston,46.5,4652
William Mouw,Aldrich Potgieter,59.3,5928
William Mouw,Seamus Power,60.5,6049
William Mouw,Andrew Putnam,53.0,5303
William Mouw,Aaron Rai,39.0,3898
William Mouw,Chad Ramey,66.9,6693
William Mouw,Davis Riley,65.4,6541
William Mouw,Patrick Rodgers,66.5,6649
William Mouw,Kevin Roy,56.7,5671
William Mouw,Marcelo Rozo,62.7,6267
William Mouw,Adrien Saddier,58.8,5878
William Mouw,Gordon Sargent,65.5,6551
William Mouw,Adam Schenk,67.7,6766
William Mouw,Matti Schmid,60.7,6066
William Mouw,Ben Silverman,56.8,5677
William Mouw,Webb Simpson,69.0,6897
William Mouw,Alex Smalley,49.7,4971
William Mouw,Jordan Smith,45.2,4518
William Mouw,Austin Smotherman,60.7,6070
William Mouw,Brandt Snedeker,53.3,5334
William Mouw,Jordan Spieth,54.7,5467
William Mouw,Sam Stevens,56.0,5599
William Mouw,Sepp Straka,58.3,5828
William Mouw,Kevin Streelman,56.2,5616
William Mouw,Jackson Suber,44.8,4485
William Mouw,Adam Svensson,61.8,6182
William Mouw,Jesper Svensson,55.7,5575
William Mouw,Nick Taylor,51.0,5098
William Mouw,Sahith Theegala,49.8,4976
William Mouw,Justin Thomas,37.1,3712
William Mouw,Davis Thompson,49.1,4909
William Mouw,Alejandro Tosti,68.4,6837
William Mouw,Erik van Rooyen,55.1,5511
William Mouw,John VanDerLaan,61.2,6121
William Mouw,Karl Vilips,61.8,6184
William Mouw,Camilo Villegas,59.5,5947
William Mouw,Danny Walker,73.1,7314
William Mouw,Matt Wallace,44.1,4411
William Mouw,Vince Whaley,65.8,6585
William Mouw,Aaron Wise,52.1,5212
William Mouw,Dylan Wu,61.8,6178
William Mouw,Cameron Young,33.7,3372
William Mouw,Kevin Yu,47.4,4738
Rasmus Neergaard-Petersen,Zach Bauchou,49.5,4952
Rasmus Neergaard-Petersen,Christiaan Bezuidenhout,46.7,4673
Rasmus Neergaard-Petersen,Daniel Berger,57.1,5715
Rasmus Neergaard-Petersen,Zac Blair,45.5,4546
Rasmus Neergaard-Petersen,Chandler Blanchet,58.6,5855
Rasmus Neergaard-Petersen,Keegan Bradley,42.8,4279
Rasmus Neergaard-Petersen,Michael Brennan,49.3,4931
Rasmus Neergaard-Petersen,Brian Campbell,61.4,6145
Rasmus Neergaard-Petersen,Rafael Campos,61.5,6150
Rasmus Neergaard-Petersen,Ricky Castillo,50.8,5083
Rasmus Neergaard-Petersen,Bud Cauley,39.9,3985
Rasmus Neergaard-Petersen,Davis Chatfield,55.4,5538
Rasmus Neergaard-Petersen,Luke Clanton,53.1,5315
Rasmus Neergaard-Petersen,Eric Cole,49.2,4919
Rasmus Neergaard-Petersen,Pierceson Coody,59.0,5904
Rasmus Neergaard-Petersen,Joel Dahmen,50.4,5045
Rasmus Neergaard-Petersen,Cam Davis,69.6,6961
Rasmus Neergaard-Petersen,Jason Day,55.5,5549
Rasmus Neergaard-Petersen,Zecheng Dou,57.3,5727
Rasmus Neergaard-Petersen,Adrien Dumont de Chassart,57.3,5729
Rasmus Neergaard-Petersen,Nick Dunlap,61.1,6114
Rasmus Neergaard-Petersen,Nico Echavarria,50.5,5050
Rasmus Neergaard-Petersen,Austin Eckroat,57.5,5749
Rasmus Neergaard-Petersen,Harris English,46.1,4605
Rasmus Neergaard-Petersen,Tony Finau,52.8,5280
Rasmus Neergaard-Petersen,Patrick Fishburn,51.4,5139
Rasmus Neergaard-Petersen,Steven Fisk,59.8,5980
Rasmus Neergaard-Petersen,Alex Fitzpatrick,35.5,3555
Rasmus Neergaard-Petersen,Brice Garnett,57.0,5700
Rasmus Neergaard-Petersen,Ryan Gerard,42.1,4209
Rasmus Neergaard-Petersen,Doug Ghim,42.1,4211
Rasmus Neergaard-Petersen,Lucas Glover,50.9,5086
Rasmus Neergaard-Petersen,Max Greyserman,57.6,5762
Rasmus Neergaard-Petersen,Ben Griffin,38.6,3856
Rasmus Neergaard-Petersen,Lanto Griffin,57.6,5762
Rasmus Neergaard-Petersen,Emiliano Grillo,44.2,4424
Rasmus Neergaard-Petersen,Harry Hall,57.1,5710
Rasmus Neergaard-Petersen,Brian Harman,45.9,4591
Rasmus Neergaard-Petersen,Garrick Higgo,65.2,6522
Rasmus Neergaard-Petersen,Joe Highsmith,63.0,6304
Rasmus Neergaard-Petersen,Kensei Hirata,66.1,6606
Rasmus Neergaard-Petersen,Ryo Hisatsune,47.2,4722
Rasmus Neergaard-Petersen,Lee Hodges,50.4,5045
Rasmus Neergaard-Petersen,Rico Hoey,50.7,5073
Rasmus Neergaard-Petersen,Tom Hoge,52.9,5286
Rasmus Neergaard-Petersen,Rasmus Hojgaard,58.5,5847
Rasmus Neergaard-Petersen,Billy Horschel,52.6,5258
Rasmus Neergaard-Petersen,Beau Hossler,50.4,5038
Rasmus Neergaard-Petersen,Mark Hubbard,52.0,5197
Rasmus Neergaard-Petersen,Mackenzie Hughes,51.1,5112
Rasmus Neergaard-Petersen,Sungjae Im,50.7,5071
Rasmus Neergaard-Petersen,Stephan Jaeger,57.5,5753
Rasmus Neergaard-Petersen,Ben James,46.4,4643
Rasmus Neergaard-Petersen,Takumi Kanaya,56.5,5651
Rasmus Neergaard-Petersen,Jeffrey Kang,56.8,5676
Rasmus Neergaard-Petersen,Johnny Keefer,49.2,4923
Rasmus Neergaard-Petersen,Michael Kim,49.6,4961
Rasmus Neergaard-Petersen,Tom Kim,35.8,3582
Rasmus Neergaard-Petersen,Chris Kirk,48.9,4890
Rasmus Neergaard-Petersen,Patton Kizzire,79.1,7911
Rasmus Neergaard-Petersen,Brooks Koepka,47.6,4758
Rasmus Neergaard-Petersen,Ben Kohles,40.7,4069
Rasmus Neergaard-Petersen,Jackson Koivun,39.3,3928
Rasmus Neergaard-Petersen,Matt Kuchar,48.4,4844
Rasmus Neergaard-Petersen,Christo Lamprecht,81.4,8136
Rasmus Neergaard-Petersen,Hank Lebioda,58.0,5799
Rasmus Neergaard-Petersen,Haotong Li,66.7,6673
Rasmus Neergaard-Petersen,David Lipsky,54.5,5455
Rasmus Neergaard-Petersen,Luke List,56.4,5635
Rasmus Neergaard-Petersen,Justin Lower,58.8,5877
Rasmus Neergaard-Petersen,Peter Malnati,71.2,7122
Rasmus Neergaard-Petersen,Hideki Matsuyama,40.6,4055
Rasmus Neergaard-Petersen,Denny McCarthy,52.7,5266
Rasmus Neergaard-Petersen,Matt McCarty,55.9,5588
Rasmus Neergaard-Petersen,Max McGreevy,48.9,4890
Rasmus Neergaard-Petersen,Maverick McNealy,47.2,4722
Rasmus Neergaard-Petersen,Mac Meissner,47.0,4701
Rasmus Neergaard-Petersen,Keith Mitchell,46.5,4651
Rasmus Neergaard-Petersen,Taylor Moore,56.5,5650
Rasmus Neergaard-Petersen,William Mouw,49.8,4980
Rasmus Neergaard-Petersen,Alex Noren,51.7,5172
Rasmus Neergaard-Petersen,Andrew Novak,50.4,5041
Rasmus Neergaard-Petersen,Pontus Nyholm,62.9,6287
Rasmus Neergaard-Petersen,Thorbjorn Olesen,60.8,6079
Rasmus Neergaard-Petersen,John Parry,52.7,5268
Rasmus Neergaard-Petersen,Matthieu Pavon,56.4,5635
Rasmus Neergaard-Petersen,Taylor Pendrith,56.6,5657
Rasmus Neergaard-Petersen,Marco Penge,48.0,4802
Rasmus Neergaard-Petersen,Chandler Phillips,51.7,5174
Rasmus Neergaard-Petersen,J.T. Poston,46.3,4633
Rasmus Neergaard-Petersen,Aldrich Potgieter,59.1,5908
Rasmus Neergaard-Petersen,Seamus Power,60.3,6029
Rasmus Neergaard-Petersen,Andrew Putnam,52.8,5283
Rasmus Neergaard-Petersen,Aaron Rai,38.8,3879
Rasmus Neergaard-Petersen,Chad Ramey,66.7,6675
Rasmus Neergaard-Petersen,Davis Riley,65.2,6523
Rasmus Neergaard-Petersen,Patrick Rodgers,66.3,6631
Rasmus Neergaard-Petersen,Kevin Roy,56.5,5651
Rasmus Neergaard-Petersen,Marcelo Rozo,62.5,6248
Rasmus Neergaard-Petersen,Adrien Saddier,58.6,5858
Rasmus Neergaard-Petersen,Gordon Sargent,65.3,6533
Rasmus Neergaard-Petersen,Adam Schenk,67.5,6748
Rasmus Neergaard-Petersen,Matti Schmid,60.5,6047
Rasmus Neergaard-Petersen,Ben Silverman,56.6,5657
Rasmus Neergaard-Petersen,Webb Simpson,68.8,6879
Rasmus Neergaard-Petersen,Alex Smalley,49.5,4951
Rasmus Neergaard-Petersen,Jordan Smith,45.0,4499
Rasmus Neergaard-Petersen,Austin Smotherman,60.5,6051
Rasmus Neergaard-Petersen,Brandt Snedeker,53.1,5314
Rasmus Neergaard-Petersen,Jordan Spieth,54.5,5447
Rasmus Neergaard-Petersen,Sam Stevens,55.8,5580
Rasmus Neergaard-Petersen,Sepp Straka,58.1,5809
Rasmus Neergaard-Petersen,Kevin Streelman,56.0,5597
Rasmus Neergaard-Petersen,Jackson Suber,44.7,4465
Rasmus Neergaard-Petersen,Adam Svensson,61.6,6163
Rasmus Neergaard-Petersen,Jesper Svensson,55.5,5555
Rasmus Neergaard-Petersen,Nick Taylor,50.8,5078
Rasmus Neergaard-Petersen,Sahith Theegala,49.6,4956
Rasmus Neergaard-Petersen,Justin Thomas,36.9,3693
Rasmus Neergaard-Petersen,Davis Thompson,48.9,4889
Rasmus Neergaard-Petersen,Alejandro Tosti,68.2,6819
Rasmus Neergaard-Petersen,Erik van Rooyen,54.9,5491
Rasmus Neergaard-Petersen,John VanDerLaan,61.0,6102
Rasmus Neergaard-Petersen,Karl Vilips,61.7,6165
Rasmus Neergaard-Petersen,Camilo Villegas,59.3,5928
Rasmus Neergaard-Petersen,Danny Walker,73.0,7298
Rasmus Neergaard-Petersen,Matt Wallace,43.9,4391
Rasmus Neergaard-Petersen,Vince Whaley,65.7,6567
Rasmus Neergaard-Petersen,Aaron Wise,51.9,5192
Rasmus Neergaard-Petersen,Dylan Wu,61.6,6159
Rasmus Neergaard-Petersen,Cameron Young,33.5,3354
Rasmus Neergaard-Petersen,Kevin Yu,47.2,4718
Alex Noren,Zach Bauchou,47.8,4780
Alex Noren,Christiaan Bezuidenhout,45.0,4502
Alex Noren,Daniel Berger,55.5,5545
Alex Noren,Zac Blair,43.8,4375
Alex Noren,Chandler Blanchet,56.9,5687
Alex Noren,Keegan Bradley,41.1,4111
Alex Noren,Michael Brennan,47.6,4759
Alex Noren,Brian Campbell,59.8,5979
Alex Noren,Rafael Campos,59.8,5984
Alex Noren,Ricky Castillo,49.1,4911
Alex Noren,Bud Cauley,38.2,3820
Alex Noren,Davis Chatfield,53.7,5367
Alex Noren,Luke Clanton,51.4,5143
Alex Noren,Eric Cole,47.5,4747
Alex Noren,Pierceson Coody,57.4,5736
Alex Noren,Joel Dahmen,48.7,4873
Alex Noren,Cam Davis,68.1,6808
Alex Noren,Jason Day,53.8,5378
Alex Noren,Zecheng Dou,55.6,5558
Alex Noren,Adrien Dumont de Chassart,55.6,5559
Alex Noren,Nick Dunlap,59.5,5948
Alex Noren,Nico Echavarria,48.8,4878
Alex Noren,Austin Eckroat,55.8,5579
Alex Noren,Harris English,44.3,4435
Alex Noren,Tony Finau,51.1,5108
Alex Noren,Patrick Fishburn,49.7,4967
Alex Noren,Steven Fisk,58.1,5812
Alex Noren,Alex Fitzpatrick,34.0,3395
Alex Noren,Brice Garnett,55.3,5530
Alex Noren,Ryan Gerard,40.4,4041
Alex Noren,Doug Ghim,40.4,4043
Alex Noren,Lucas Glover,49.1,4914
Alex Noren,Max Greyserman,55.9,5593
Alex Noren,Ben Griffin,36.9,3692
Alex Noren,Lanto Griffin,55.9,5592
Alex Noren,Emiliano Grillo,42.5,4254
Alex Noren,Harry Hall,55.4,5540
Alex Noren,Brian Harman,44.2,4420
Alex Noren,Garrick Higgo,63.6,6362
Alex Noren,Joe Highsmith,61.4,6140
Alex Noren,Kensei Hirata,64.5,6447
Alex Noren,Ryo Hisatsune,45.5,4551
Alex Noren,Lee Hodges,48.7,4873
Alex Noren,Rico Hoey,49.0,4901
Alex Noren,Tom Hoge,51.1,5115
Alex Noren,Rasmus Hojgaard,56.8,5679
Alex Noren,Billy Horschel,50.9,5087
Alex Noren,Beau Hossler,48.7,4867
Alex Noren,Mark Hubbard,50.2,5025
Alex Noren,Mackenzie Hughes,49.4,4940
Alex Noren,Sungjae Im,49.0,4899
Alex Noren,Stephan Jaeger,55.8,5584
Alex Noren,Ben James,44.7,4472
Alex Noren,Takumi Kanaya,54.8,5481
Alex Noren,Jeffrey Kang,55.1,5506
Alex Noren,Johnny Keefer,47.5,4751
Alex Noren,Michael Kim,47.9,4789
Alex Noren,Tom Kim,34.2,3422
Alex Noren,Chris Kirk,47.2,4718
Alex Noren,Patton Kizzire,77.8,7785
Alex Noren,Brooks Koepka,45.9,4586
Alex Noren,Ben Kohles,39.0,3903
Alex Noren,Jackson Koivun,37.6,3764
Alex Noren,Matt Kuchar,46.7,4672
Alex Noren,Christo Lamprecht,80.2,8019
Alex Noren,Hank Lebioda,56.3,5630
Alex Noren,Haotong Li,65.2,6515
Alex Noren,David Lipsky,52.8,5283
Alex Noren,Luke List,54.6,5465
Alex Noren,Justin Lower,57.1,5709
Alex Noren,Peter Malnati,69.7,6974
Alex Noren,Hideki Matsuyama,38.9,3889
Alex Noren,Denny McCarthy,50.9,5094
Alex Noren,Matt McCarty,54.2,5418
Alex Noren,Max McGreevy,47.2,4718
Alex Noren,Maverick McNealy,45.5,4551
Alex Noren,Mac Meissner,45.3,4530
Alex Noren,Keith Mitchell,44.8,4480
Alex Noren,Taylor Moore,54.8,5480
Alex Noren,William Mouw,48.1,4808
Alex Noren,Rasmus Neergaard-Petersen,48.3,4828
Alex Noren,Andrew Novak,48.7,4869
Alex Noren,Pontus Nyholm,61.2,6123
Alex Noren,Thorbjorn Olesen,59.1,5912
Alex Noren,John Parry,51.0,5096
Alex Noren,Matthieu Pavon,54.6,5465
Alex Noren,Taylor Pendrith,54.9,5487
Alex Noren,Marco Penge,46.3,4631
Alex Noren,Chandler Phillips,50.0,5002
Alex Noren,J.T. Poston,44.6,4462
Alex Noren,Aldrich Potgieter,57.4,5740
Alex Noren,Seamus Power,58.6,5862
Alex Noren,Andrew Putnam,51.1,5112
Alex Noren,Aaron Rai,37.2,3715
Alex Noren,Chad Ramey,65.2,6517
Alex Noren,Davis Riley,63.6,6362
Alex Noren,Patrick Rodgers,64.7,6472
Alex Noren,Kevin Roy,54.8,5481
Alex Noren,Marcelo Rozo,60.8,6083
Alex Noren,Adrien Saddier,56.9,5690
Alex Noren,Gordon Sargent,63.7,6372
Alex Noren,Adam Schenk,65.9,6591
Alex Noren,Matti Schmid,58.8,5880
Alex Noren,Ben Silverman,54.9,5487
Alex Noren,Webb Simpson,67.3,6725
Alex Noren,Alex Smalley,47.8,4779
Alex Noren,Jordan Smith,43.3,4328
Alex Noren,Austin Smotherman,58.8,5884
Alex Noren,Brandt Snedeker,51.4,5143
Alex Noren,Jordan Spieth,52.8,5276
Alex Noren,Sam Stevens,54.1,5409
Alex Noren,Sepp Straka,56.4,5640
Alex Noren,Kevin Streelman,54.3,5426
Alex Noren,Jackson Suber,43.0,4295
Alex Noren,Adam Svensson,60.0,5998
Alex Noren,Jesper Svensson,53.8,5384
Alex Noren,Nick Taylor,49.1,4906
Alex Noren,Sahith Theegala,47.8,4784
Alex Noren,Justin Thomas,35.3,3531
Alex Noren,Davis Thompson,47.2,4718
Alex Noren,Alejandro Tosti,66.6,6664
Alex Noren,Erik van Rooyen,53.2,5320
Alex Noren,John VanDerLaan,59.4,5936
Alex Noren,Karl Vilips,60.0,6000
Alex Noren,Camilo Villegas,57.6,5760
Alex Noren,Danny Walker,71.5,7154
Alex Noren,Matt Wallace,42.2,4222
Alex Noren,Vince Whaley,64.1,6407
Alex Noren,Aaron Wise,50.2,5020
Alex Noren,Dylan Wu,59.9,5994
Alex Noren,Cameron Young,32.0,3198
Alex Noren,Kevin Yu,45.5,4547
Andrew Novak,Zach Bauchou,49.1,4911
Andrew Novak,Christiaan Bezuidenhout,46.3,4632
Andrew Novak,Daniel Berger,56.7,5675
Andrew Novak,Zac Blair,45.1,4505
Andrew Novak,Chandler Blanchet,58.2,5815
Andrew Novak,Keegan Bradley,42.4,4239
Andrew Novak,Michael Brennan,48.9,4890
Andrew Novak,Brian Campbell,61.1,6106
Andrew Novak,Rafael Campos,61.1,6111
Andrew Novak,Ricky Castillo,50.4,5042
Andrew Novak,Bud Cauley,39.5,3946
Andrew Novak,Davis Chatfield,55.0,5498
Andrew Novak,Luke Clanton,52.7,5274
Andrew Novak,Eric Cole,48.8,4878
Andrew Novak,Pierceson Coody,58.6,5864
Andrew Novak,Joel Dahmen,50.0,5004
Andrew Novak,Cam Davis,69.2,6925
Andrew Novak,Jason Day,55.1,5508
Andrew Novak,Zecheng Dou,56.9,5687
Andrew Novak,Adrien Dumont de Chassart,56.9,5689
Andrew Novak,Nick Dunlap,60.7,6075
Andrew Novak,Nico Echavarria,50.1,5009
Andrew Novak,Austin Eckroat,57.1,5709
Andrew Novak,Harris English,45.6,4565
Andrew Novak,Tony Finau,52.4,5239
Andrew Novak,Patrick Fishburn,51.0,5098
Andrew Novak,Steven Fisk,59.4,5940
Andrew Novak,Alex Fitzpatrick,35.2,3517
Andrew Novak,Brice Garnett,56.6,5659
Andrew Novak,Ryan Gerard,41.7,4169
Andrew Novak,Doug Ghim,41.7,4171
Andrew Novak,Lucas Glover,50.4,5045
Andrew Novak,Max Greyserman,57.2,5722
Andrew Novak,Ben Griffin,38.2,3817
Andrew Novak,Lanto Griffin,57.2,5722
Andrew Novak,Emiliano Grillo,43.8,4384
Andrew Novak,Harry Hall,56.7,5669
Andrew Novak,Brian Harman,45.5,4550
Andrew Novak,Garrick Higgo,64.8,6484
Andrew Novak,Joe Highsmith,62.7,6265
Andrew Novak,Kensei Hirata,65.7,6568
Andrew Novak,Ryo Hisatsune,46.8,4682
Andrew Novak,Lee Hodges,50.0,5004
Andrew Novak,Rico Hoey,50.3,5032
Andrew Novak,Tom Hoge,52.5,5246
Andrew Novak,Rasmus Hojgaard,58.1,5807
Andrew Novak,Billy Horschel,52.2,5218
Andrew Novak,Beau Hossler,50.0,4998
Andrew Novak,Mark Hubbard,51.6,5156
Andrew Novak,Mackenzie Hughes,50.7,5072
Andrew Novak,Sungjae Im,50.3,5031
Andrew Novak,Stephan Jaeger,57.1,5713
Andrew Novak,Ben James,46.0,4602
Andrew Novak,Takumi Kanaya,56.1,5611
Andrew Novak,Jeffrey Kang,56.4,5636
Andrew Novak,Johnny Keefer,48.8,4882
Andrew Novak,Michael Kim,49.2,4920
Andrew Novak,Tom Kim,35.4,3544
Andrew Novak,Chris Kirk,48.5,4849
Andrew Novak,Patton Kizzire,78.8,7881
Andrew Novak,Brooks Koepka,47.2,4717
Andrew Novak,Ben Kohles,40.3,4030
Andrew Novak,Jackson Koivun,38.9,3889
Andrew Novak,Matt Kuchar,48.0,4803
Andrew Novak,Christo Lamprecht,81.1,8109
Andrew Novak,Hank Lebioda,57.6,5759
Andrew Novak,Haotong Li,66.4,6636
Andrew Novak,David Lipsky,54.1,5414
Andrew Novak,Luke List,55.9,5595
Andrew Novak,Justin Lower,58.4,5837
Andrew Novak,Peter Malnati,70.9,7087
Andrew Novak,Hideki Matsuyama,40.2,4016
Andrew Novak,Denny McCarthy,52.3,5225
Andrew Novak,Matt McCarty,55.5,5548
Andrew Novak,Max McGreevy,48.5,4849
Andrew Novak,Maverick McNealy,46.8,4682
Andrew Novak,Mac Meissner,46.6,4660
Andrew Novak,Keith Mitchell,46.1,4610
Andrew Novak,Taylor Moore,56.1,5610
Andrew Novak,William Mouw,49.4,4939
Andrew Novak,Rasmus Neergaard-Petersen,49.6,4959
Andrew Novak,Alex Noren,51.3,5131
Andrew Novak,Pontus Nyholm,62.5,6248
Andrew Novak,Thorbjorn Olesen,60.4,6039
Andrew Novak,John Parry,52.3,5227
Andrew Novak,Matthieu Pavon,55.9,5595
Andrew Novak,Taylor Pendrith,56.2,5617
Andrew Novak,Marco Penge,47.6,4761
Andrew Novak,Chandler Phillips,51.3,5133
Andrew Novak,J.T. Poston,45.9,4592
Andrew Novak,Aldrich Potgieter,58.7,5868
Andrew Novak,Seamus Power,59.9,5990
Andrew Novak,Andrew Putnam,52.4,5243
Andrew Novak,Aaron Rai,38.4,3840
Andrew Novak,Chad Ramey,66.4,6638
Andrew Novak,Davis Riley,64.8,6485
Andrew Novak,Patrick Rodgers,65.9,6593
Andrew Novak,Kevin Roy,56.1,5611
Andrew Novak,Marcelo Rozo,62.1,6209
Andrew Novak,Adrien Saddier,58.2,5818
Andrew Novak,Gordon Sargent,64.9,6495
Andrew Novak,Adam Schenk,67.1,6711
Andrew Novak,Matti Schmid,60.1,6007
Andrew Novak,Ben Silverman,56.2,5617
Andrew Novak,Webb Simpson,68.4,6843
Andrew Novak,Alex Smalley,49.1,4910
Andrew Novak,Jordan Smith,44.6,4458
Andrew Novak,Austin Smotherman,60.1,6012
Andrew Novak,Brandt Snedeker,52.7,5274
Andrew Novak,Jordan Spieth,54.1,5407
Andrew Novak,Sam Stevens,55.4,5539
Andrew Novak,Sepp Straka,57.7,5769
Andrew Novak,Kevin Streelman,55.6,5556
Andrew Novak,Jackson Suber,44.2,4425
Andrew Novak,Adam Svensson,61.2,6124
Andrew Novak,Jesper Svensson,55.1,5514
Andrew Novak,Nick Taylor,50.4,5037
Andrew Novak,Sahith Theegala,49.2,4915
Andrew Novak,Justin Thomas,36.5,3654
Andrew Novak,Davis Thompson,48.5,4849
Andrew Novak,Alejandro Tosti,67.8,6782
Andrew Novak,Erik van Rooyen,54.5,5450
Andrew Novak,John VanDerLaan,60.6,6063
Andrew Novak,Karl Vilips,61.3,6126
Andrew Novak,Camilo Villegas,58.9,5888
Andrew Novak,Danny Walker,72.6,7264
Andrew Novak,Matt Wallace,43.5,4351
Andrew Novak,Vince Whaley,65.3,6529
Andrew Novak,Aaron Wise,51.5,5151
Andrew Novak,Dylan Wu,61.2,6120
Andrew Novak,Cameron Young,33.2,3316
Andrew Novak,Kevin Yu,46.8,4677
Pontus Nyholm,Zach Bauchou,36.7,3668
Pontus Nyholm,Christiaan Bezuidenhout,34.1,3407
Pontus Nyholm,Daniel Berger,44.1,4411
Pontus Nyholm,Zac Blair,32.9,3290
Pontus Nyholm,Chandler Blanchet,45.5,4553
Pontus Nyholm,Keegan Bradley,30.5,3050
Pontus Nyholm,Michael Brennan,36.5,3648
Pontus Nyholm,Brian Campbell,48.5,4851
Pontus Nyholm,Rafael Campos,48.6,4856
Pontus Nyholm,Ricky Castillo,37.9,3792
Pontus Nyholm,Bud Cauley,27.9,2791
Pontus Nyholm,Davis Chatfield,42.3,4235
Pontus Nyholm,Luke Clanton,40.2,4015
Pontus Nyholm,Eric Cole,36.4,3637
Pontus Nyholm,Pierceson Coody,46.0,4602
Pontus Nyholm,Joel Dahmen,37.6,3755
Pontus Nyholm,Cam Davis,57.3,5733
Pontus Nyholm,Jason Day,42.4,4245
Pontus Nyholm,Zecheng Dou,44.2,4423
Pontus Nyholm,Adrien Dumont de Chassart,44.2,4425
Pontus Nyholm,Nick Dunlap,48.2,4819
Pontus Nyholm,Nico Echavarria,37.6,3760
Pontus Nyholm,Austin Eckroat,44.4,4445
Pontus Nyholm,Harris English,33.4,3345
Pontus Nyholm,Tony Finau,39.8,3981
Pontus Nyholm,Patrick Fishburn,38.5,3846
Pontus Nyholm,Steven Fisk,46.8,4680
Pontus Nyholm,Alex Fitzpatrick,24.2,2423
Pontus Nyholm,Brice Garnett,44.0,4395
Pontus Nyholm,Ryan Gerard,29.9,2987
Pontus Nyholm,Doug Ghim,29.9,2989
Pontus Nyholm,Lucas Glover,37.9,3794
Pontus Nyholm,Max Greyserman,44.6,4459
Pontus Nyholm,Ben Griffin,26.8,2679
Pontus Nyholm,Lanto Griffin,44.6,4458
Pontus Nyholm,Emiliano Grillo,31.8,3180
Pontus Nyholm,Harry Hall,44.1,4405
Pontus Nyholm,Brian Harman,33.3,3332
Pontus Nyholm,Garrick Higgo,52.5,5251
Pontus Nyholm,Joe Highsmith,50.2,5018
Pontus Nyholm,Kensei Hirata,53.4,5341
Pontus Nyholm,Ryo Hisatsune,34.5,3453
Pontus Nyholm,Lee Hodges,37.6,3755
Pontus Nyholm,Rico Hoey,37.8,3782
Pontus Nyholm,Tom Hoge,39.9,3988
Pontus Nyholm,Rasmus Hojgaard,45.4,4545
Pontus Nyholm,Billy Horschel,39.6,3960
Pontus Nyholm,Beau Hossler,37.5,3749
Pontus Nyholm,Mark Hubbard,39.0,3901
Pontus Nyholm,Mackenzie Hughes,38.2,3820
Pontus Nyholm,Sungjae Im,37.8,3781
Pontus Nyholm,Stephan Jaeger,44.5,4449
Pontus Nyholm,Ben James,33.8,3380
Pontus Nyholm,Takumi Kanaya,43.5,4347
Pontus Nyholm,Jeffrey Kang,43.7,4372
Pontus Nyholm,Johnny Keefer,36.4,3640
Pontus Nyholm,Michael Kim,36.8,3676
Pontus Nyholm,Tom Kim,24.5,2446
Pontus Nyholm,Chris Kirk,36.1,3609
Pontus Nyholm,Patton Kizzire,68.5,6850
Pontus Nyholm,Brooks Koepka,34.9,3486
Pontus Nyholm,Ben Kohles,28.6,2864
Pontus Nyholm,Jackson Koivun,27.4,2741
Pontus Nyholm,Matt Kuchar,35.7,3566
Pontus Nyholm,Christo Lamprecht,71.3,7133
Pontus Nyholm,Hank Lebioda,45.0,4496
Pontus Nyholm,Haotong Li,54.1,5415
Pontus Nyholm,David Lipsky,41.5,4152
Pontus Nyholm,Luke List,43.3,4331
Pontus Nyholm,Justin Lower,45.7,4575
Pontus Nyholm,Peter Malnati,59.2,5915
Pontus Nyholm,Hideki Matsuyama,28.5,2852
Pontus Nyholm,Denny McCarthy,39.7,3968
Pontus Nyholm,Matt McCarty,42.8,4284
Pontus Nyholm,Max McGreevy,36.1,3609
Pontus Nyholm,Maverick McNealy,34.5,3453
Pontus Nyholm,Mac Meissner,34.3,3433
Pontus Nyholm,Keith Mitchell,33.9,3387
Pontus Nyholm,Taylor Moore,43.5,4346
Pontus Nyholm,William Mouw,36.9,3694
Pontus Nyholm,Rasmus Neergaard-Petersen,37.1,3713
Pontus Nyholm,Alex Noren,38.8,3877
Pontus Nyholm,Andrew Novak,37.5,3752
Pontus Nyholm,Thorbjorn Olesen,47.8,4782
Pontus Nyholm,John Parry,39.7,3970
Pontus Nyholm,Matthieu Pavon,43.3,4331
Pontus Nyholm,Taylor Pendrith,43.5,4353
Pontus Nyholm,Marco Penge,35.3,3527
Pontus Nyholm,Chandler Phillips,38.8,3879
Pontus Nyholm,J.T. Poston,33.7,3370
Pontus Nyholm,Aldrich Potgieter,46.1,4607
Pontus Nyholm,Seamus Power,47.3,4731
Pontus Nyholm,Andrew Putnam,39.8,3985
Pontus Nyholm,Aaron Rai,27.0,2699
Pontus Nyholm,Chad Ramey,54.2,5416
Pontus Nyholm,Davis Riley,52.5,5251
Pontus Nyholm,Patrick Rodgers,53.7,5368
Pontus Nyholm,Kevin Roy,43.5,4347
Pontus Nyholm,Marcelo Rozo,49.6,4959
Pontus Nyholm,Adrien Saddier,45.6,4556
Pontus Nyholm,Gordon Sargent,52.6,5262
Pontus Nyholm,Adam Schenk,55.0,5497
Pontus Nyholm,Matti Schmid,47.5,4749
Pontus Nyholm,Ben Silverman,43.5,4353
Pontus Nyholm,Webb Simpson,56.4,5642
Pontus Nyholm,Alex Smalley,36.7,3667
Pontus Nyholm,Jordan Smith,32.5,3248
Pontus Nyholm,Austin Smotherman,47.5,4753
Pontus Nyholm,Brandt Snedeker,40.1,4015
Pontus Nyholm,Jordan Spieth,41.4,4145
Pontus Nyholm,Sam Stevens,42.8,4276
Pontus Nyholm,Sepp Straka,45.1,4505
Pontus Nyholm,Kevin Streelman,42.9,4292
Pontus Nyholm,Jackson Suber,32.2,3217
Pontus Nyholm,Adam Svensson,48.7,4870
Pontus Nyholm,Jesper Svensson,42.5,4251
Pontus Nyholm,Nick Taylor,37.9,3787
Pontus Nyholm,Sahith Theegala,36.7,3671
Pontus Nyholm,Justin Thomas,25.4,2539
Pontus Nyholm,Davis Thompson,36.1,3609
Pontus Nyholm,Alejandro Tosti,55.7,5575
Pontus Nyholm,Erik van Rooyen,41.9,4188
Pontus Nyholm,John VanDerLaan,48.1,4806
Pontus Nyholm,Karl Vilips,48.7,4872
Pontus Nyholm,Camilo Villegas,46.3,4627
Pontus Nyholm,Danny Walker,61.2,6117
Pontus Nyholm,Matt Wallace,31.5,3150
Pontus Nyholm,Vince Whaley,53.0,5299
Pontus Nyholm,Aaron Wise,39.0,3896
Pontus Nyholm,Dylan Wu,48.7,4866
Pontus Nyholm,Cameron Young,22.6,2256
Pontus Nyholm,Kevin Yu,34.5,3449
Thorbjorn Olesen,Zach Bauchou,38.8,3875
Thorbjorn Olesen,Christiaan Bezuidenhout,36.1,3610
Thorbjorn Olesen,Daniel Berger,46.3,4627
Thorbjorn Olesen,Zac Blair,34.9,3490
Thorbjorn Olesen,Chandler Blanchet,47.7,4770
Thorbjorn Olesen,Keegan Bradley,32.4,3244
Thorbjorn Olesen,Michael Brennan,38.5,3855
Thorbjorn Olesen,Brian Campbell,50.7,5069
Thorbjorn Olesen,Rafael Campos,50.7,5074
Thorbjorn Olesen,Ricky Castillo,40.0,4001
Thorbjorn Olesen,Bud Cauley,29.8,2977
Thorbjorn Olesen,Davis Chatfield,44.5,4449
Thorbjorn Olesen,Luke Clanton,42.3,4228
Thorbjorn Olesen,Eric Cole,38.4,3843
Thorbjorn Olesen,Pierceson Coody,48.2,4820
Thorbjorn Olesen,Joel Dahmen,39.6,3964
Thorbjorn Olesen,Cam Davis,59.5,5946
Thorbjorn Olesen,Jason Day,44.6,4460
Thorbjorn Olesen,Zecheng Dou,46.4,4640
Thorbjorn Olesen,Adrien Dumont de Chassart,46.4,4641
Thorbjorn Olesen,Nick Dunlap,50.4,5037
Thorbjorn Olesen,Nico Echavarria,39.7,3969
Thorbjorn Olesen,Austin Eckroat,46.6,4661
Thorbjorn Olesen,Harris English,35.5,3546
Thorbjorn Olesen,Tony Finau,41.9,4194
Thorbjorn Olesen,Patrick Fishburn,40.6,4056
Thorbjorn Olesen,Steven Fisk,49.0,4898
Thorbjorn Olesen,Alex Fitzpatrick,26.0,2596
Thorbjorn Olesen,Brice Garnett,46.1,4611
Thorbjorn Olesen,Ryan Gerard,31.8,3179
Thorbjorn Olesen,Doug Ghim,31.8,3181
Thorbjorn Olesen,Lucas Glover,40.0,4004
Thorbjorn Olesen,Max Greyserman,46.8,4675
Thorbjorn Olesen,Ben Griffin,28.6,2862
Thorbjorn Olesen,Lanto Griffin,46.7,4675
Thorbjorn Olesen,Emiliano Grillo,33.8,3377
Thorbjorn Olesen,Harry Hall,46.2,4622
Thorbjorn Olesen,Brian Harman,35.3,3532
Thorbjorn Olesen,Garrick Higgo,54.7,5468
Thorbjorn Olesen,Joe Highsmith,52.4,5235
Thorbjorn Olesen,Kensei Hirata,55.6,5558
Thorbjorn Olesen,Ryo Hisatsune,36.6,3656
Thorbjorn Olesen,Lee Hodges,39.6,3964
Thorbjorn Olesen,Rico Hoey,39.9,3991
Thorbjorn Olesen,Tom Hoge,42.0,4200
Thorbjorn Olesen,Rasmus Hojgaard,47.6,4762
Thorbjorn Olesen,Billy Horschel,41.7,4172
Thorbjorn Olesen,Beau Hossler,39.6,3958
Thorbjorn Olesen,Mark Hubbard,41.1,4112
Thorbjorn Olesen,Mackenzie Hughes,40.3,4030
Thorbjorn Olesen,Sungjae Im,39.9,3990
Thorbjorn Olesen,Stephan Jaeger,46.7,4666
Thorbjorn Olesen,Ben James,35.8,3581
Thorbjorn Olesen,Takumi Kanaya,45.6,4562
Thorbjorn Olesen,Jeffrey Kang,45.9,4588
Thorbjorn Olesen,Johnny Keefer,38.5,3847
Thorbjorn Olesen,Michael Kim,38.8,3883
Thorbjorn Olesen,Tom Kim,26.2,2620
Thorbjorn Olesen,Chris Kirk,38.2,3815
Thorbjorn Olesen,Patton Kizzire,70.4,7042
Thorbjorn Olesen,Brooks Koepka,36.9,3690
Thorbjorn Olesen,Ben Kohles,30.5,3053
Thorbjorn Olesen,Jackson Koivun,29.3,2926
Thorbjorn Olesen,Matt Kuchar,37.7,3772
Thorbjorn Olesen,Christo Lamprecht,73.2,7316
Thorbjorn Olesen,Hank Lebioda,47.1,4713
Thorbjorn Olesen,Haotong Li,56.3,5631
Thorbjorn Olesen,David Lipsky,43.7,4366
Thorbjorn Olesen,Luke List,45.5,4546
Thorbjorn Olesen,Justin Lower,47.9,4792
Thorbjorn Olesen,Peter Malnati,61.3,6126
Thorbjorn Olesen,Hideki Matsuyama,30.4,3040
Thorbjorn Olesen,Denny McCarthy,41.8,4180
Thorbjorn Olesen,Matt McCarty,45.0,4500
Thorbjorn Olesen,Max McGreevy,38.2,3815
Thorbjorn Olesen,Maverick McNealy,36.6,3656
Thorbjorn Olesen,Mac Meissner,36.4,3636
Thorbjorn Olesen,Keith Mitchell,35.9,3589
Thorbjorn Olesen,Taylor Moore,45.6,4561
Thorbjorn Olesen,William Mouw,39.0,3902
Thorbjorn Olesen,Rasmus Neergaard-Petersen,39.2,3921
Thorbjorn Olesen,Alex Noren,40.9,4088
Thorbjorn Olesen,Andrew Novak,39.6,3961
Thorbjorn Olesen,Pontus Nyholm,52.2,5218
Thorbjorn Olesen,John Parry,41.8,4182
Thorbjorn Olesen,Matthieu Pavon,45.5,4547
Thorbjorn Olesen,Taylor Pendrith,45.7,4569
Thorbjorn Olesen,Marco Penge,37.3,3732
Thorbjorn Olesen,Chandler Phillips,40.9,4089
Thorbjorn Olesen,J.T. Poston,35.7,3572
Thorbjorn Olesen,Aldrich Potgieter,48.2,4824
Thorbjorn Olesen,Seamus Power,49.5,4949
Thorbjorn Olesen,Andrew Putnam,42.0,4197
Thorbjorn Olesen,Aaron Rai,28.8,2882
Thorbjorn Olesen,Chad Ramey,56.3,5632
Thorbjorn Olesen,Davis Riley,54.7,5468
Thorbjorn Olesen,Patrick Rodgers,55.8,5585
Thorbjorn Olesen,Kevin Roy,45.6,4562
Thorbjorn Olesen,Marcelo Rozo,51.8,5176
Thorbjorn Olesen,Adrien Saddier,47.7,4773
Thorbjorn Olesen,Gordon Sargent,54.8,5479
Thorbjorn Olesen,Adam Schenk,57.1,5712
Thorbjorn Olesen,Matti Schmid,49.7,4967
Thorbjorn Olesen,Ben Silverman,45.7,4569
Thorbjorn Olesen,Webb Simpson,58.6,5856
Thorbjorn Olesen,Alex Smalley,38.7,3874
Thorbjorn Olesen,Jordan Smith,34.5,3446
Thorbjorn Olesen,Austin Smotherman,49.7,4971
Thorbjorn Olesen,Brandt Snedeker,42.3,4227
Thorbjorn Olesen,Jordan Spieth,43.6,4359
Thorbjorn Olesen,Sam Stevens,44.9,4491
Thorbjorn Olesen,Sepp Straka,47.2,4722
Thorbjorn Olesen,Kevin Streelman,45.1,4508
Thorbjorn Olesen,Jackson Suber,34.2,3415
Thorbjorn Olesen,Adam Svensson,50.9,5088
Thorbjorn Olesen,Jesper Svensson,44.7,4466
Thorbjorn Olesen,Nick Taylor,40.0,3996
Thorbjorn Olesen,Sahith Theegala,38.8,3879
Thorbjorn Olesen,Justin Thomas,27.2,2717
Thorbjorn Olesen,Davis Thompson,38.2,3815
Thorbjorn Olesen,Alejandro Tosti,57.9,5790
Thorbjorn Olesen,Erik van Rooyen,44.0,4402
Thorbjorn Olesen,John VanDerLaan,50.2,5024
Thorbjorn Olesen,Karl Vilips,50.9,5090
Thorbjorn Olesen,Camilo Villegas,48.4,4844
Thorbjorn Olesen,Danny Walker,63.2,6325
Thorbjorn Olesen,Matt Wallace,33.5,3347
Thorbjorn Olesen,Vince Whaley,55.2,5515
Thorbjorn Olesen,Aaron Wise,41.1,4107
Thorbjorn Olesen,Dylan Wu,50.8,5084
Thorbjorn Olesen,Cameron Young,24.2,2423
Thorbjorn Olesen,Kevin Yu,36.5,3652
John Parry,Zach Bauchou,46.8,4684
John Parry,Christiaan Bezuidenhout,44.1,4406
John Parry,Daniel Berger,54.5,5449
John Parry,Zac Blair,42.8,4280
John Parry,Chandler Blanchet,55.9,5591
John Parry,Keegan Bradley,40.2,4017
John Parry,Michael Brennan,46.6,4663
John Parry,Brian Campbell,58.9,5885
John Parry,Rafael Campos,58.9,5891
John Parry,Ricky Castillo,48.1,4814
John Parry,Bud Cauley,37.3,3728
John Parry,Davis Chatfield,52.7,5271
John Parry,Luke Clanton,50.5,5047
John Parry,Eric Cole,46.5,4651
John Parry,Pierceson Coody,56.4,5641
John Parry,Joel Dahmen,47.8,4776
John Parry,Cam Davis,67.2,6721
John Parry,Jason Day,52.8,5282
John Parry,Zecheng Dou,54.6,5462
John Parry,Adrien Dumont de Chassart,54.6,5463
John Parry,Nick Dunlap,58.5,5854
John Parry,Nico Echavarria,47.8,4782
John Parry,Austin Eckroat,54.8,5484
John Parry,Harris English,43.4,4339
John Parry,Tony Finau,50.1,5012
John Parry,Patrick Fishburn,48.7,4871
John Parry,Steven Fisk,57.2,5718
John Parry,Alex Fitzpatrick,33.1,3307
John Parry,Brice Garnett,54.3,5434
John Parry,Ryan Gerard,39.5,3948
John Parry,Doug Ghim,39.5,3949
John Parry,Lucas Glover,48.2,4817
John Parry,Max Greyserman,55.0,5497
John Parry,Ben Griffin,36.0,3602
John Parry,Lanto Griffin,55.0,5497
John Parry,Emiliano Grillo,41.6,4160
John Parry,Harry Hall,54.4,5444
John Parry,Brian Harman,43.2,4325
John Parry,Garrick Higgo,62.7,6271
John Parry,Joe Highsmith,60.5,6047
John Parry,Kensei Hirata,63.6,6356
John Parry,Ryo Hisatsune,44.6,4455
John Parry,Lee Hodges,47.8,4776
John Parry,Rico Hoey,48.0,4804
John Parry,Tom Hoge,50.2,5018
John Parry,Rasmus Hojgaard,55.8,5583
John Parry,Billy Horschel,49.9,4990
John Parry,Beau Hossler,47.7,4770
John Parry,Mark Hubbard,49.3,4928
John Parry,Mackenzie Hughes,48.4,4844
John Parry,Sungjae Im,48.0,4803
John Parry,Stephan Jaeger,54.9,5488
John Parry,Ben James,43.8,4377
John Parry,Takumi Kanaya,53.8,5385
John Parry,Jeffrey Kang,54.1,5410
John Parry,Johnny Keefer,46.5,4655
John Parry,Michael Kim,46.9,4692
John Parry,Tom Kim,33.3,3334
John Parry,Chris Kirk,46.2,4622
John Parry,Patton Kizzire,77.1,7712
John Parry,Brooks Koepka,44.9,4491
John Parry,Ben Kohles,38.1,3811
John Parry,Jackson Koivun,36.7,3672
John Parry,Matt Kuchar,45.8,4576
John Parry,Christo Lamprecht,79.5,7951
John Parry,Hank Lebioda,55.3,5535
John Parry,Haotong Li,64.3,6426
John Parry,David Lipsky,51.9,5187
John Parry,Luke List,53.7,5369
John Parry,Justin Lower,56.1,5614
John Parry,Peter Malnati,68.9,6889
John Parry,Hideki Matsuyama,38.0,3797
John Parry,Denny McCarthy,50.0,4998
John Parry,Matt McCarty,53.2,5322
John Parry,Max McGreevy,46.2,4622
John Parry,Maverick McNealy,44.6,4455
John Parry,Mac Meissner,44.3,4434
John Parry,Keith Mitchell,43.8,4385
John Parry,Taylor Moore,53.8,5384
John Parry,William Mouw,47.1,4712
John Parry,Rasmus Neergaard-Petersen,47.3,4732
John Parry,Alex Noren,49.0,4904
John Parry,Andrew Novak,47.7,4773
John Parry,Pontus Nyholm,60.3,6030
John Parry,Thorbjorn Olesen,58.2,5818
John Parry,Matthieu Pavon,53.7,5369
John Parry,Taylor Pendrith,53.9,5391
John Parry,Marco Penge,45.3,4535
John Parry,Chandler Phillips,49.1,4905
John Parry,J.T. Poston,43.7,4366
John Parry,Aldrich Potgieter,56.4,5645
John Parry,Seamus Power,57.7,5768
John Parry,Andrew Putnam,50.2,5015
John Parry,Aaron Rai,36.2,3624
John Parry,Chad Ramey,64.3,6427
John Parry,Davis Riley,62.7,6271
John Parry,Patrick Rodgers,63.8,6382
John Parry,Kevin Roy,53.8,5385
John Parry,Marcelo Rozo,59.9,5990
John Parry,Adrien Saddier,55.9,5594
John Parry,Gordon Sargent,62.8,6281
John Parry,Adam Schenk,65.0,6502
John Parry,Matti Schmid,57.9,5785
John Parry,Ben Silverman,53.9,5391
John Parry,Webb Simpson,66.4,6638
John Parry,Alex Smalley,46.8,4683
John Parry,Jordan Smith,42.3,4234
John Parry,Austin Smotherman,57.9,5790
John Parry,Brandt Snedeker,50.5,5046
John Parry,Jordan Spieth,51.8,5180
John Parry,Sam Stevens,53.1,5313
John Parry,Sepp Straka,55.4,5544
John Parry,Kevin Streelman,53.3,5330
John Parry,Jackson Suber,42.0,4201
John Parry,Adam Svensson,59.0,5904
John Parry,Jesper Svensson,52.9,5288
John Parry,Nick Taylor,48.1,4810
John Parry,Sahith Theegala,46.9,4688
John Parry,Justin Thomas,34.4,3442
John Parry,Davis Thompson,46.2,4622
John Parry,Alejandro Tosti,65.8,6575
John Parry,Erik van Rooyen,52.2,5224
John Parry,John VanDerLaan,58.4,5842
John Parry,Karl Vilips,59.1,5906
John Parry,Camilo Villegas,56.6,5665
John Parry,Danny Walker,70.7,7071
John Parry,Matt Wallace,41.3,4127
John Parry,Vince Whaley,63.2,6316
John Parry,Aaron Wise,49.2,4924
John Parry,Dylan Wu,59.0,5900
John Parry,Cameron Young,31.1,3112
John Parry,Kevin Yu,44.5,4451
Matthieu Pavon,Zach Bauchou,43.2,4318
Matthieu Pavon,Christiaan Bezuidenhout,40.4,4044
Matthieu Pavon,Daniel Berger,50.8,5081
Matthieu Pavon,Zac Blair,39.2,3920
Matthieu Pavon,Chandler Blanchet,52.2,5224
Matthieu Pavon,Keegan Bradley,36.6,3664
Matthieu Pavon,Michael Brennan,43.0,4297
Matthieu Pavon,Brian Campbell,55.2,5522
Matthieu Pavon,Rafael Campos,55.3,5527
Matthieu Pavon,Ricky Castillo,44.5,4447
Matthieu Pavon,Bud Cauley,33.8,3383
Matthieu Pavon,Davis Chatfield,49.0,4902
Matthieu Pavon,Luke Clanton,46.8,4678
Matthieu Pavon,Eric Cole,42.9,4285
Matthieu Pavon,Pierceson Coody,52.7,5274
Matthieu Pavon,Joel Dahmen,44.1,4409
Matthieu Pavon,Cam Davis,63.8,6380
Matthieu Pavon,Jason Day,49.1,4913
Matthieu Pavon,Zecheng Dou,50.9,5094
Matthieu Pavon,Adrien Dumont de Chassart,50.9,5095
Matthieu Pavon,Nick Dunlap,54.9,5490
Matthieu Pavon,Nico Echavarria,44.1,4414
Matthieu Pavon,Austin Eckroat,51.2,5115
Matthieu Pavon,Harris English,39.8,3978
Matthieu Pavon,Tony Finau,46.4,4643
Matthieu Pavon,Patrick Fishburn,45.0,4503
Matthieu Pavon,Steven Fisk,53.5,5352
Matthieu Pavon,Alex Fitzpatrick,29.8,2979
Matthieu Pavon,Brice Garnett,50.7,5065
Matthieu Pavon,Ryan Gerard,36.0,3596
Matthieu Pavon,Doug Ghim,36.0,3598
Matthieu Pavon,Lucas Glover,44.5,4450
Matthieu Pavon,Max Greyserman,51.3,5129
Matthieu Pavon,Ben Griffin,32.6,3261
Matthieu Pavon,Lanto Griffin,51.3,5129
Matthieu Pavon,Emiliano Grillo,38.0,3803
Matthieu Pavon,Harry Hall,50.8,5076
Matthieu Pavon,Brian Harman,39.6,3964
Matthieu Pavon,Garrick Higgo,59.2,5915
Matthieu Pavon,Joe Highsmith,56.9,5687
Matthieu Pavon,Kensei Hirata,60.0,6003
Matthieu Pavon,Ryo Hisatsune,40.9,4092
Matthieu Pavon,Lee Hodges,44.1,4409
Matthieu Pavon,Rico Hoey,44.4,4437
Matthieu Pavon,Tom Hoge,46.5,4649
Matthieu Pavon,Rasmus Hojgaard,52.2,5216
Matthieu Pavon,Billy Horschel,46.2,4621
Matthieu Pavon,Beau Hossler,44.0,4403
Matthieu Pavon,Mark Hubbard,45.6,4560
Matthieu Pavon,Mackenzie Hughes,44.8,4476
Matthieu Pavon,Sungjae Im,44.4,4435
Matthieu Pavon,Stephan Jaeger,51.2,5120
Matthieu Pavon,Ben James,40.1,4015
Matthieu Pavon,Takumi Kanaya,50.2,5016
Matthieu Pavon,Jeffrey Kang,50.4,5041
Matthieu Pavon,Johnny Keefer,42.9,4289
Matthieu Pavon,Michael Kim,43.3,4326
Matthieu Pavon,Tom Kim,30.0,3004
Matthieu Pavon,Chris Kirk,42.6,4256
Matthieu Pavon,Patton Kizzire,74.2,7423
Matthieu Pavon,Brooks Koepka,41.3,4127
Matthieu Pavon,Ben Kohles,34.6,3463
Matthieu Pavon,Jackson Koivun,33.3,3329
Matthieu Pavon,Matt Kuchar,42.1,4211
Matthieu Pavon,Christo Lamprecht,76.8,7678
Matthieu Pavon,Hank Lebioda,51.7,5167
Matthieu Pavon,Haotong Li,60.7,6075
Matthieu Pavon,David Lipsky,48.2,4818
Matthieu Pavon,Luke List,50.0,5000
Matthieu Pavon,Justin Lower,52.5,5246
Matthieu Pavon,Peter Malnati,65.5,6554
Matthieu Pavon,Hideki Matsuyama,34.5,3450
Matthieu Pavon,Denny McCarthy,46.3,4629
Matthieu Pavon,Matt McCarty,49.5,4953
Matthieu Pavon,Max McGreevy,42.6,4256
Matthieu Pavon,Maverick McNealy,40.9,4092
Matthieu Pavon,Mac Meissner,40.7,4071
Matthieu Pavon,Keith Mitchell,40.2,4023
Matthieu Pavon,Taylor Moore,50.2,5015
Matthieu Pavon,William Mouw,43.5,4345
Matthieu Pavon,Rasmus Neergaard-Petersen,43.6,4365
Matthieu Pavon,Alex Noren,45.4,4535
Matthieu Pavon,Andrew Novak,44.1,4405
Matthieu Pavon,Pontus Nyholm,56.7,5669
Matthieu Pavon,Thorbjorn Olesen,54.5,5453
Matthieu Pavon,John Parry,46.3,4631
Matthieu Pavon,Taylor Pendrith,50.2,5023
Matthieu Pavon,Marco Penge,41.7,4170
Matthieu Pavon,Chandler Phillips,45.4,4537
Matthieu Pavon,J.T. Poston,40.0,4005
Matthieu Pavon,Aldrich Potgieter,52.8,5278
Matthieu Pavon,Seamus Power,54.0,5403
Matthieu Pavon,Andrew Putnam,46.5,4646
Matthieu Pavon,Aaron Rai,32.8,3283
Matthieu Pavon,Chad Ramey,60.8,6076
Matthieu Pavon,Davis Riley,59.2,5915
Matthieu Pavon,Patrick Rodgers,60.3,6029
Matthieu Pavon,Kevin Roy,50.2,5016
Matthieu Pavon,Marcelo Rozo,56.3,5628
Matthieu Pavon,Adrien Saddier,52.3,5227
Matthieu Pavon,Gordon Sargent,59.3,5926
Matthieu Pavon,Adam Schenk,61.5,6154
Matthieu Pavon,Matti Schmid,54.2,5420
Matthieu Pavon,Ben Silverman,50.2,5022
Matthieu Pavon,Webb Simpson,62.9,6293
Matthieu Pavon,Alex Smalley,43.2,4316
Matthieu Pavon,Jordan Smith,38.7,3875
Matthieu Pavon,Austin Smotherman,54.2,5425
Matthieu Pavon,Brandt Snedeker,46.8,4677
Matthieu Pavon,Jordan Spieth,48.1,4810
Matthieu Pavon,Sam Stevens,49.4,4944
Matthieu Pavon,Sepp Straka,51.8,5177
Matthieu Pavon,Kevin Streelman,49.6,4961
Matthieu Pavon,Jackson Suber,38.4,3843
Matthieu Pavon,Adam Svensson,55.4,5541
Matthieu Pavon,Jesper Svensson,49.2,4919
Matthieu Pavon,Nick Taylor,44.4,4442
Matthieu Pavon,Sahith Theegala,43.2,4322
Matthieu Pavon,Justin Thomas,31.1,3108
Matthieu Pavon,Davis Thompson,42.6,4256
Matthieu Pavon,Alejandro Tosti,62.3,6229
Matthieu Pavon,Erik van Rooyen,48.5,4854
Matthieu Pavon,John VanDerLaan,54.8,5477
Matthieu Pavon,Karl Vilips,55.4,5543
Matthieu Pavon,Camilo Villegas,53.0,5298
Matthieu Pavon,Danny Walker,67.4,6745
Matthieu Pavon,Matt Wallace,37.7,3771
Matthieu Pavon,Vince Whaley,59.6,5962
Matthieu Pavon,Aaron Wise,45.6,4555
Matthieu Pavon,Dylan Wu,55.4,5537
Matthieu Pavon,Cameron Young,27.9,2793
Matthieu Pavon,Kevin Yu,40.9,4088
Taylor Pendrith,Zach Bauchou,43.0,4295
Taylor Pendrith,Christiaan Bezuidenhout,40.2,4022
Taylor Pendrith,Daniel Berger,50.6,5058
Taylor Pendrith,Zac Blair,39.0,3899
Taylor Pendrith,Chandler Blanchet,52.0,5202
Taylor Pendrith,Keegan Bradley,36.4,3642
Taylor Pendrith,Michael Brennan,42.7,4274
Taylor Pendrith,Brian Campbell,55.0,5499
Taylor Pendrith,Rafael Campos,55.0,5505
Taylor Pendrith,Ricky Castillo,44.2,4424
Taylor Pendrith,Bud Cauley,33.6,3363
Taylor Pendrith,Davis Chatfield,48.8,4880
Taylor Pendrith,Luke Clanton,46.6,4655
Taylor Pendrith,Eric Cole,42.6,4263
Taylor Pendrith,Pierceson Coody,52.5,5251
Taylor Pendrith,Joel Dahmen,43.9,4387
Taylor Pendrith,Cam Davis,63.6,6359
Taylor Pendrith,Jason Day,48.9,4890
Taylor Pendrith,Zecheng Dou,50.7,5071
Taylor Pendrith,Adrien Dumont de Chassart,50.7,5072
Taylor Pendrith,Nick Dunlap,54.7,5467
Taylor Pendrith,Nico Echavarria,43.9,4392
Taylor Pendrith,Austin Eckroat,50.9,5093
Taylor Pendrith,Harris English,39.6,3956
Taylor Pendrith,Tony Finau,46.2,4620
Taylor Pendrith,Patrick Fishburn,44.8,4480
Taylor Pendrith,Steven Fisk,53.3,5329
Taylor Pendrith,Alex Fitzpatrick,29.6,2959
Taylor Pendrith,Brice Garnett,50.4,5043
Taylor Pendrith,Ryan Gerard,35.7,3575
Taylor Pendrith,Doug Ghim,35.8,3577
Taylor Pendrith,Lucas Glover,44.3,4427
Taylor Pendrith,Max Greyserman,51.1,5107
Taylor Pendrith,Ben Griffin,32.4,3241
Taylor Pendrith,Lanto Griffin,51.1,5106
Taylor Pendrith,Emiliano Grillo,37.8,3781
Taylor Pendrith,Harry Hall,50.5,5053
Taylor Pendrith,Brian Harman,39.4,3942
Taylor Pendrith,Garrick Higgo,58.9,5893
Taylor Pendrith,Joe Highsmith,56.6,5664
Taylor Pendrith,Kensei Hirata,59.8,5981
Taylor Pendrith,Ryo Hisatsune,40.7,4070
Taylor Pendrith,Lee Hodges,43.9,4387
Taylor Pendrith,Rico Hoey,44.1,4415
Taylor Pendrith,Tom Hoge,46.3,4627
Taylor Pendrith,Rasmus Hojgaard,51.9,5193
Taylor Pendrith,Billy Horschel,46.0,4599
Taylor Pendrith,Beau Hossler,43.8,4381
Taylor Pendrith,Mark Hubbard,45.4,4537
Taylor Pendrith,Mackenzie Hughes,44.5,4454
Taylor Pendrith,Sungjae Im,44.1,4413
Taylor Pendrith,Stephan Jaeger,51.0,5097
Taylor Pendrith,Ben James,39.9,3993
Taylor Pendrith,Takumi Kanaya,49.9,4993
Taylor Pendrith,Jeffrey Kang,50.2,5019
Taylor Pendrith,Johnny Keefer,42.7,4267
Taylor Pendrith,Michael Kim,43.0,4304
Taylor Pendrith,Tom Kim,29.8,2985
Taylor Pendrith,Chris Kirk,42.3,4234
Taylor Pendrith,Patton Kizzire,74.0,7404
Taylor Pendrith,Brooks Koepka,41.0,4105
Taylor Pendrith,Ben Kohles,34.4,3442
Taylor Pendrith,Jackson Koivun,33.1,3309
Taylor Pendrith,Matt Kuchar,41.9,4189
Taylor Pendrith,Christo Lamprecht,76.6,7660
Taylor Pendrith,Hank Lebioda,51.4,5144
Taylor Pendrith,Haotong Li,60.5,6053
Taylor Pendrith,David Lipsky,48.0,4795
Taylor Pendrith,Luke List,49.8,4977
Taylor Pendrith,Justin Lower,52.2,5224
Taylor Pendrith,Peter Malnati,65.3,6534
Taylor Pendrith,Hideki Matsuyama,34.3,3429
Taylor Pendrith,Denny McCarthy,46.1,4606
Taylor Pendrith,Matt McCarty,49.3,4930
Taylor Pendrith,Max McGreevy,42.3,4234
Taylor Pendrith,Maverick McNealy,40.7,4070
Taylor Pendrith,Mac Meissner,40.5,4049
Taylor Pendrith,Keith Mitchell,40.0,4001
Taylor Pendrith,Taylor Moore,49.9,4992
Taylor Pendrith,William Mouw,43.2,4323
Taylor Pendrith,Rasmus Neergaard-Petersen,43.4,4343
Taylor Pendrith,Alex Noren,45.1,4513
Taylor Pendrith,Andrew Novak,43.8,4383
Taylor Pendrith,Pontus Nyholm,56.5,5647
Taylor Pendrith,Thorbjorn Olesen,54.3,5431
Taylor Pendrith,John Parry,46.1,4609
Taylor Pendrith,Matthieu Pavon,49.8,4977
Taylor Pendrith,Marco Penge,41.5,4148
Taylor Pendrith,Chandler Phillips,45.1,4514
Taylor Pendrith,J.T. Poston,39.8,3983
Taylor Pendrith,Aldrich Potgieter,52.6,5256
Taylor Pendrith,Seamus Power,53.8,5380
Taylor Pendrith,Andrew Putnam,46.2,4624
Taylor Pendrith,Aaron Rai,32.6,3262
Taylor Pendrith,Chad Ramey,60.5,6054
Taylor Pendrith,Davis Riley,58.9,5894
Taylor Pendrith,Patrick Rodgers,60.1,6008
Taylor Pendrith,Kevin Roy,49.9,4993
Taylor Pendrith,Marcelo Rozo,56.1,5606
Taylor Pendrith,Adrien Saddier,52.0,5205
Taylor Pendrith,Gordon Sargent,59.0,5904
Taylor Pendrith,Adam Schenk,61.3,6132
Taylor Pendrith,Matti Schmid,54.0,5398
Taylor Pendrith,Ben Silverman,50.0,5000
Taylor Pendrith,Webb Simpson,62.7,6272
Taylor Pendrith,Alex Smalley,42.9,4294
Taylor Pendrith,Jordan Smith,38.5,3853
Taylor Pendrith,Austin Smotherman,54.0,5402
Taylor Pendrith,Brandt Snedeker,46.5,4655
Taylor Pendrith,Jordan Spieth,47.9,4788
Taylor Pendrith,Sam Stevens,49.2,4921
Taylor Pendrith,Sepp Straka,51.5,5154
Taylor Pendrith,Kevin Streelman,49.4,4938
Taylor Pendrith,Jackson Suber,38.2,3821
Taylor Pendrith,Adam Svensson,55.2,5518
Taylor Pendrith,Jesper Svensson,49.0,4896
Taylor Pendrith,Nick Taylor,44.2,4420
Taylor Pendrith,Sahith Theegala,43.0,4299
Taylor Pendrith,Justin Thomas,30.9,3088
Taylor Pendrith,Davis Thompson,42.3,4234
Taylor Pendrith,Alejandro Tosti,62.1,6208
Taylor Pendrith,Erik van Rooyen,48.3,4832
Taylor Pendrith,John VanDerLaan,54.6,5455
Taylor Pendrith,Karl Vilips,55.2,5520
Taylor Pendrith,Camilo Villegas,52.8,5276
Taylor Pendrith,Danny Walker,67.2,6724
Taylor Pendrith,Matt Wallace,37.5,3749
Taylor Pendrith,Vince Whaley,59.4,5940
Taylor Pendrith,Aaron Wise,45.3,4533
Taylor Pendrith,Dylan Wu,55.1,5514
Taylor Pendrith,Cameron Young,27.7,2774
Taylor Pendrith,Kevin Yu,40.7,4066
Marco Penge,Zach Bauchou,51.5,5150
Marco Penge,Christiaan Bezuidenhout,48.7,4870
Marco Penge,Daniel Berger,59.1,5909
Marco Penge,Zac Blair,47.4,4743
Marco Penge,Chandler Blanchet,60.5,6048
Marco Penge,Keegan Bradley,44.7,4475
Marco Penge,Michael Brennan,51.3,5129
Marco Penge,Brian Campbell,63.3,6333
Marco Penge,Rafael Campos,63.4,6338
Marco Penge,Ricky Castillo,52.8,5280
Marco Penge,Bud Cauley,41.8,4178
Marco Penge,Davis Chatfield,57.3,5734
Marco Penge,Luke Clanton,55.1,5512
Marco Penge,Eric Cole,51.2,5117
Marco Penge,Pierceson Coody,61.0,6096
Marco Penge,Joel Dahmen,52.4,5242
Marco Penge,Cam Davis,71.3,7132
Marco Penge,Jason Day,57.4,5744
Marco Penge,Zecheng Dou,59.2,5921
Marco Penge,Adrien Dumont de Chassart,59.2,5922
Marco Penge,Nick Dunlap,63.0,6303
Marco Penge,Nico Echavarria,52.5,5248
Marco Penge,Austin Eckroat,59.4,5942
Marco Penge,Harris English,48.0,4803
Marco Penge,Tony Finau,54.8,5477
Marco Penge,Patrick Fishburn,53.4,5337
Marco Penge,Steven Fisk,61.7,6171
Marco Penge,Alex Fitzpatrick,37.4,3741
Marco Penge,Brice Garnett,58.9,5894
Marco Penge,Ryan Gerard,44.0,4404
Marco Penge,Doug Ghim,44.1,4406
Marco Penge,Lucas Glover,52.8,5283
Marco Penge,Max Greyserman,59.6,5956
Marco Penge,Ben Griffin,40.5,4047
Marco Penge,Lanto Griffin,59.6,5955
Marco Penge,Emiliano Grillo,46.2,4620
Marco Penge,Harry Hall,59.0,5904
Marco Penge,Brian Harman,47.9,4788
Marco Penge,Garrick Higgo,67.0,6704
Marco Penge,Joe Highsmith,64.9,6489
Marco Penge,Kensei Hirata,67.9,6786
Marco Penge,Ryo Hisatsune,49.2,4920
Marco Penge,Lee Hodges,52.4,5243
Marco Penge,Rico Hoey,52.7,5271
Marco Penge,Tom Hoge,54.8,5483
Marco Penge,Rasmus Hojgaard,60.4,6040
Marco Penge,Billy Horschel,54.6,5456
Marco Penge,Beau Hossler,52.4,5236
Marco Penge,Mark Hubbard,53.9,5394
Marco Penge,Mackenzie Hughes,53.1,5310
Marco Penge,Sungjae Im,52.7,5269
Marco Penge,Stephan Jaeger,59.5,5947
Marco Penge,Ben James,48.4,4840
Marco Penge,Takumi Kanaya,58.5,5845
Marco Penge,Jeffrey Kang,58.7,5870
Marco Penge,Johnny Keefer,51.2,5121
Marco Penge,Michael Kim,51.6,5158
Marco Penge,Tom Kim,37.7,3769
Marco Penge,Chris Kirk,50.9,5088
Marco Penge,Patton Kizzire,80.5,8051
Marco Penge,Brooks Koepka,49.6,4956
Marco Penge,Ben Kohles,42.6,4263
Marco Penge,Jackson Koivun,41.2,4120
Marco Penge,Matt Kuchar,50.4,5042
Marco Penge,Christo Lamprecht,82.7,8266
Marco Penge,Hank Lebioda,59.9,5992
Marco Penge,Haotong Li,68.5,6852
Marco Penge,David Lipsky,56.5,5651
Marco Penge,Luke List,58.3,5830
Marco Penge,Justin Lower,60.7,6069
Marco Penge,Peter Malnati,72.9,7289
Marco Penge,Hideki Matsuyama,42.5,4249
Marco Penge,Denny McCarthy,54.6,5463
Marco Penge,Matt McCarty,57.8,5783
Marco Penge,Max McGreevy,50.9,5088
Marco Penge,Maverick McNealy,49.2,4920
Marco Penge,Mac Meissner,49.0,4898
Marco Penge,Keith Mitchell,48.5,4849
Marco Penge,Taylor Moore,58.4,5844
Marco Penge,William Mouw,51.8,5178
Marco Penge,Rasmus Neergaard-Petersen,52.0,5198
Marco Penge,Alex Noren,53.7,5369
Marco Penge,Andrew Novak,52.4,5239
Marco Penge,Pontus Nyholm,64.7,6473
Marco Penge,Thorbjorn Olesen,62.7,6268
Marco Penge,John Parry,54.7,5465
Marco Penge,Matthieu Pavon,58.3,5830
Marco Penge,Taylor Pendrith,58.5,5852
Marco Penge,Chandler Phillips,53.7,5371
Marco Penge,J.T. Poston,48.3,4830
Marco Penge,Aldrich Potgieter,61.0,6100
Marco Penge,Seamus Power,62.2,6219
Marco Penge,Andrew Putnam,54.8,5480
Marco Penge,Aaron Rai,40.7,4070
Marco Penge,Chad Ramey,68.5,6853
Marco Penge,Davis Riley,67.0,6704
Marco Penge,Patrick Rodgers,68.1,6810
Marco Penge,Kevin Roy,58.5,5845
Marco Penge,Marcelo Rozo,64.3,6434
Marco Penge,Adrien Saddier,60.5,6051
Marco Penge,Gordon Sargent,67.1,6714
Marco Penge,Adam Schenk,69.2,6925
Marco Penge,Matti Schmid,62.4,6236
Marco Penge,Ben Silverman,58.5,5852
Marco Penge,Webb Simpson,70.5,7053
Marco Penge,Alex Smalley,51.5,5149
Marco Penge,Jordan Smith,47.0,4695
Marco Penge,Austin Smotherman,62.4,6241
Marco Penge,Brandt Snedeker,55.1,5511
Marco Penge,Jordan Spieth,56.4,5643
Marco Penge,Sam Stevens,57.7,5775
Marco Penge,Sepp Straka,60.0,6002
Marco Penge,Kevin Streelman,57.9,5792
Marco Penge,Jackson Suber,46.6,4662
Marco Penge,Adam Svensson,63.5,6351
Marco Penge,Jesper Svensson,57.5,5750
Marco Penge,Nick Taylor,52.8,5276
Marco Penge,Sahith Theegala,51.5,5154
Marco Penge,Justin Thomas,38.8,3882
Marco Penge,Davis Thompson,50.9,5087
Marco Penge,Alejandro Tosti,69.9,6994
Marco Penge,Erik van Rooyen,56.9,5687
Marco Penge,John VanDerLaan,62.9,6291
Marco Penge,Karl Vilips,63.5,6353
Marco Penge,Camilo Villegas,61.2,6119
Marco Penge,Danny Walker,74.6,7460
Marco Penge,Matt Wallace,45.9,4587
Marco Penge,Vince Whaley,67.5,6747
Marco Penge,Aaron Wise,53.9,5390
Marco Penge,Dylan Wu,63.5,6348
Marco Penge,Cameron Young,35.4,3536
Marco Penge,Kevin Yu,49.2,4916
Chandler Phillips,Zach Bauchou,47.8,4779
Chandler Phillips,Christiaan Bezuidenhout,45.0,4500
Chandler Phillips,Daniel Berger,55.4,5543
Chandler Phillips,Zac Blair,43.7,4374
Chandler Phillips,Chandler Blanchet,56.9,5685
Chandler Phillips,Keegan Bradley,41.1,4109
Chandler Phillips,Michael Brennan,47.6,4757
Chandler Phillips,Brian Campbell,59.8,5977
Chandler Phillips,Rafael Campos,59.8,5983
Chandler Phillips,Ricky Castillo,49.1,4909
Chandler Phillips,Bud Cauley,38.2,3818
Chandler Phillips,Davis Chatfield,53.7,5366
Chandler Phillips,Luke Clanton,51.4,5142
Chandler Phillips,Eric Cole,47.5,4746
Chandler Phillips,Pierceson Coody,57.3,5734
Chandler Phillips,Joel Dahmen,48.7,4871
Chandler Phillips,Cam Davis,68.1,6807
Chandler Phillips,Jason Day,53.8,5376
Chandler Phillips,Zecheng Dou,55.6,5556
Chandler Phillips,Adrien Dumont de Chassart,55.6,5557
Chandler Phillips,Nick Dunlap,59.5,5946
Chandler Phillips,Nico Echavarria,48.8,4876
Chandler Phillips,Austin Eckroat,55.8,5577
Chandler Phillips,Harris English,44.3,4433
Chandler Phillips,Tony Finau,51.1,5107
Chandler Phillips,Patrick Fishburn,49.7,4966
Chandler Phillips,Steven Fisk,58.1,5811
Chandler Phillips,Alex Fitzpatrick,33.9,3394
Chandler Phillips,Brice Garnett,55.3,5528
Chandler Phillips,Ryan Gerard,40.4,4039
Chandler Phillips,Doug Ghim,40.4,4041
Chandler Phillips,Lucas Glover,49.1,4912
Chandler Phillips,Max Greyserman,55.9,5591
Chandler Phillips,Ben Griffin,36.9,3691
Chandler Phillips,Lanto Griffin,55.9,5591
Chandler Phillips,Emiliano Grillo,42.5,4253
Chandler Phillips,Harry Hall,55.4,5538
Chandler Phillips,Brian Harman,44.2,4418
Chandler Phillips,Garrick Higgo,63.6,6360
Chandler Phillips,Joe Highsmith,61.4,6138
Chandler Phillips,Kensei Hirata,64.5,6445
Chandler Phillips,Ryo Hisatsune,45.5,4549
Chandler Phillips,Lee Hodges,48.7,4871
Chandler Phillips,Rico Hoey,49.0,4899
Chandler Phillips,Tom Hoge,51.1,5113
Chandler Phillips,Rasmus Hojgaard,56.8,5677
Chandler Phillips,Billy Horschel,50.8,5085
Chandler Phillips,Beau Hossler,48.6,4865
Chandler Phillips,Mark Hubbard,50.2,5023
Chandler Phillips,Mackenzie Hughes,49.4,4939
Chandler Phillips,Sungjae Im,49.0,4898
Chandler Phillips,Stephan Jaeger,55.8,5582
Chandler Phillips,Ben James,44.7,4470
Chandler Phillips,Takumi Kanaya,54.8,5479
Chandler Phillips,Jeffrey Kang,55.0,5504
Chandler Phillips,Johnny Keefer,47.5,4749
Chandler Phillips,Michael Kim,47.9,4787
Chandler Phillips,Tom Kim,34.2,3421
Chandler Phillips,Chris Kirk,47.2,4716
Chandler Phillips,Patton Kizzire,77.8,7784
Chandler Phillips,Brooks Koepka,45.8,4585
Chandler Phillips,Ben Kohles,39.0,3901
Chandler Phillips,Jackson Koivun,37.6,3762
Chandler Phillips,Matt Kuchar,46.7,4671
Chandler Phillips,Christo Lamprecht,80.2,8017
Chandler Phillips,Hank Lebioda,56.3,5629
Chandler Phillips,Haotong Li,65.1,6514
Chandler Phillips,David Lipsky,52.8,5282
Chandler Phillips,Luke List,54.6,5463
Chandler Phillips,Justin Lower,57.1,5707
Chandler Phillips,Peter Malnati,69.7,6972
Chandler Phillips,Hideki Matsuyama,38.9,3888
Chandler Phillips,Denny McCarthy,50.9,5092
Chandler Phillips,Matt McCarty,54.2,5416
Chandler Phillips,Max McGreevy,47.2,4716
Chandler Phillips,Maverick McNealy,45.5,4549
Chandler Phillips,Mac Meissner,45.3,4528
Chandler Phillips,Keith Mitchell,44.8,4479
Chandler Phillips,Taylor Moore,54.8,5478
Chandler Phillips,William Mouw,48.1,4807
Chandler Phillips,Rasmus Neergaard-Petersen,48.3,4826
Chandler Phillips,Alex Noren,50.0,4998
Chandler Phillips,Andrew Novak,48.7,4867
Chandler Phillips,Pontus Nyholm,61.2,6121
Chandler Phillips,Thorbjorn Olesen,59.1,5911
Chandler Phillips,John Parry,50.9,5095
Chandler Phillips,Matthieu Pavon,54.6,5463
Chandler Phillips,Taylor Pendrith,54.9,5486
Chandler Phillips,Marco Penge,46.3,4629
Chandler Phillips,J.T. Poston,44.6,4460
Chandler Phillips,Aldrich Potgieter,57.4,5738
Chandler Phillips,Seamus Power,58.6,5861
Chandler Phillips,Andrew Putnam,51.1,5110
Chandler Phillips,Aaron Rai,37.1,3713
Chandler Phillips,Chad Ramey,65.2,6515
Chandler Phillips,Davis Riley,63.6,6360
Chandler Phillips,Patrick Rodgers,64.7,6470
Chandler Phillips,Kevin Roy,54.8,5479
Chandler Phillips,Marcelo Rozo,60.8,6082
Chandler Phillips,Adrien Saddier,56.9,5688
Chandler Phillips,Gordon Sargent,63.7,6371
Chandler Phillips,Adam Schenk,65.9,6590
Chandler Phillips,Matti Schmid,58.8,5878
Chandler Phillips,Ben Silverman,54.9,5485
Chandler Phillips,Webb Simpson,67.2,6724
Chandler Phillips,Alex Smalley,47.8,4777
Chandler Phillips,Jordan Smith,43.3,4327
Chandler Phillips,Austin Smotherman,58.8,5883
Chandler Phillips,Brandt Snedeker,51.4,5141
Chandler Phillips,Jordan Spieth,52.7,5274
Chandler Phillips,Sam Stevens,54.1,5407
Chandler Phillips,Sepp Straka,56.4,5638
Chandler Phillips,Kevin Streelman,54.2,5424
Chandler Phillips,Jackson Suber,42.9,4294
Chandler Phillips,Adam Svensson,60.0,5996
Chandler Phillips,Jesper Svensson,53.8,5382
Chandler Phillips,Nick Taylor,49.0,4904
Chandler Phillips,Sahith Theegala,47.8,4783
Chandler Phillips,Justin Thomas,35.3,3530
Chandler Phillips,Davis Thompson,47.2,4716
Chandler Phillips,Alejandro Tosti,66.6,6662
Chandler Phillips,Erik van Rooyen,53.2,5318
Chandler Phillips,John VanDerLaan,59.3,5934
Chandler Phillips,Karl Vilips,60.0,5998
Chandler Phillips,Camilo Villegas,57.6,5758
Chandler Phillips,Danny Walker,71.5,7152
Chandler Phillips,Matt Wallace,42.2,4220
Chandler Phillips,Vince Whaley,64.1,6405
Chandler Phillips,Aaron Wise,50.2,5019
Chandler Phillips,Dylan Wu,59.9,5992
Chandler Phillips,Cameron Young,32.0,3196
Chandler Phillips,Kevin Yu,45.4,4545
J.T. Poston,Zach Bauchou,53.2,5320
J.T. Poston,Christiaan Bezuidenhout,50.4,5040
J.T. Poston,Daniel Berger,60.7,6073
J.T. Poston,Zac Blair,49.1,4913
J.T. Poston,Chandler Blanchet,62.1,6211
J.T. Poston,Keegan Bradley,46.4,4644
J.T. Poston,Michael Brennan,53.0,5298
J.T. Poston,Brian Campbell,64.9,6492
J.T. Poston,Rafael Campos,65.0,6497
J.T. Poston,Ricky Castillo,54.5,5450
J.T. Poston,Bud Cauley,43.4,4345
J.T. Poston,Davis Chatfield,59.0,5900
J.T. Poston,Luke Clanton,56.8,5680
J.T. Poston,Eric Cole,52.9,5287
J.T. Poston,Pierceson Coody,62.6,6258
J.T. Poston,Joel Dahmen,54.1,5412
J.T. Poston,Cam Davis,72.8,7275
J.T. Poston,Jason Day,59.1,5911
J.T. Poston,Zecheng Dou,60.9,6086
J.T. Poston,Adrien Dumont de Chassart,60.9,6087
J.T. Poston,Nick Dunlap,64.6,6462
J.T. Poston,Nico Echavarria,54.2,5417
J.T. Poston,Austin Eckroat,61.1,6106
J.T. Poston,Harris English,49.7,4972
J.T. Poston,Tony Finau,56.5,5645
J.T. Poston,Patrick Fishburn,55.1,5506
J.T. Poston,Steven Fisk,63.3,6332
J.T. Poston,Alex Fitzpatrick,39.0,3904
J.T. Poston,Brice Garnett,60.6,6058
J.T. Poston,Ryan Gerard,45.7,4572
J.T. Poston,Doug Ghim,45.7,4574
J.T. Poston,Lucas Glover,54.5,5453
J.T. Poston,Max Greyserman,61.2,6120
J.T. Poston,Ben Griffin,42.1,4213
J.T. Poston,Lanto Griffin,61.2,6119
J.T. Poston,Emiliano Grillo,47.9,4790
J.T. Poston,Harry Hall,60.7,6068
J.T. Poston,Brian Harman,49.6,4958
J.T. Poston,Garrick Higgo,68.6,6857
J.T. Poston,Joe Highsmith,66.5,6646
J.T. Poston,Kensei Hirata,69.4,6937
J.T. Poston,Ryo Hisatsune,50.9,5090
J.T. Poston,Lee Hodges,54.1,5412
J.T. Poston,Rico Hoey,54.4,5440
J.T. Poston,Tom Hoge,56.5,5652
J.T. Poston,Rasmus Hojgaard,62.0,6203
J.T. Poston,Billy Horschel,56.2,5624
J.T. Poston,Beau Hossler,54.1,5406
J.T. Poston,Mark Hubbard,55.6,5563
J.T. Poston,Mackenzie Hughes,54.8,5479
J.T. Poston,Sungjae Im,54.4,5438
J.T. Poston,Stephan Jaeger,61.1,6111
J.T. Poston,Ben James,50.1,5010
J.T. Poston,Takumi Kanaya,60.1,6011
J.T. Poston,Jeffrey Kang,60.4,6035
J.T. Poston,Johnny Keefer,52.9,5291
J.T. Poston,Michael Kim,53.3,5328
J.T. Poston,Tom Kim,39.3,3932
J.T. Poston,Chris Kirk,52.6,5257
J.T. Poston,Patton Kizzire,81.7,8166
J.T. Poston,Brooks Koepka,51.3,5126
J.T. Poston,Ben Kohles,44.3,4431
J.T. Poston,Jackson Koivun,42.9,4287
J.T. Poston,Matt Kuchar,52.1,5212
J.T. Poston,Christo Lamprecht,83.7,8373
J.T. Poston,Hank Lebioda,61.6,6156
J.T. Poston,Haotong Li,70.0,7001
J.T. Poston,David Lipsky,58.2,5818
J.T. Poston,Luke List,60.0,5995
J.T. Poston,Justin Lower,62.3,6232
J.T. Poston,Peter Malnati,74.3,7429
J.T. Poston,Hideki Matsuyama,44.2,4416
J.T. Poston,Denny McCarthy,56.3,5631
J.T. Poston,Matt McCarty,59.5,5949
J.T. Poston,Max McGreevy,52.6,5257
J.T. Poston,Maverick McNealy,50.9,5090
J.T. Poston,Mac Meissner,50.7,5068
J.T. Poston,Keith Mitchell,50.2,5019
J.T. Poston,Taylor Moore,60.1,6010
J.T. Poston,William Mouw,53.5,5348
J.T. Poston,Rasmus Neergaard-Petersen,53.7,5367
J.T. Poston,Alex Noren,55.4,5538
J.T. Poston,Andrew Novak,54.1,5408
J.T. Poston,Pontus Nyholm,66.3,6630
J.T. Poston,Thorbjorn Olesen,64.3,6428
J.T. Poston,John Parry,56.3,5634
J.T. Poston,Matthieu Pavon,60.0,5995
J.T. Poston,Taylor Pendrith,60.2,6017
J.T. Poston,Marco Penge,51.7,5170
J.T. Poston,Chandler Phillips,55.4,5540
J.T. Poston,Aldrich Potgieter,62.6,6262
J.T. Poston,Seamus Power,63.8,6380
J.T. Poston,Andrew Putnam,56.5,5649
J.T. Poston,Aaron Rai,42.4,4237
J.T. Poston,Chad Ramey,70.0,7003
J.T. Poston,Davis Riley,68.6,6857
J.T. Poston,Patrick Rodgers,69.6,6961
J.T. Poston,Kevin Roy,60.1,6011
J.T. Poston,Marcelo Rozo,65.9,6592
J.T. Poston,Adrien Saddier,62.1,6214
J.T. Poston,Gordon Sargent,68.7,6867
J.T. Poston,Adam Schenk,70.7,7073
J.T. Poston,Matti Schmid,64.0,6397
J.T. Poston,Ben Silverman,60.2,6017
J.T. Poston,Webb Simpson,72.0,7198
J.T. Poston,Alex Smalley,53.2,5319
J.T. Poston,Jordan Smith,48.7,4865
J.T. Poston,Austin Smotherman,64.0,6401
J.T. Poston,Brandt Snedeker,56.8,5679
J.T. Poston,Jordan Spieth,58.1,5810
J.T. Poston,Sam Stevens,59.4,5941
J.T. Poston,Sepp Straka,61.7,6165
J.T. Poston,Kevin Streelman,59.6,5957
J.T. Poston,Jackson Suber,48.3,4832
J.T. Poston,Adam Svensson,65.1,6510
J.T. Poston,Jesper Svensson,59.2,5916
J.T. Poston,Nick Taylor,54.4,5445
J.T. Poston,Sahith Theegala,53.2,5324
J.T. Poston,Justin Thomas,40.5,4046
J.T. Poston,Davis Thompson,52.6,5257
J.T. Poston,Alejandro Tosti,71.4,7140
J.T. Poston,Erik van Rooyen,58.5,5854
J.T. Poston,John VanDerLaan,64.5,6451
J.T. Poston,Karl Vilips,65.1,6512
J.T. Poston,Camilo Villegas,62.8,6281
J.T. Poston,Danny Walker,75.9,7594
J.T. Poston,Matt Wallace,47.6,4757
J.T. Poston,Vince Whaley,69.0,6899
J.T. Poston,Aaron Wise,55.6,5558
J.T. Poston,Dylan Wu,65.1,6506
J.T. Poston,Cameron Young,37.0,3696
J.T. Poston,Kevin Yu,50.9,5086
Aldrich Potgieter,Zach Bauchou,40.5,4045
Aldrich Potgieter,Christiaan Bezuidenhout,37.8,3776
Aldrich Potgieter,Daniel Berger,48.0,4803
Aldrich Potgieter,Zac Blair,36.6,3655
Aldrich Potgieter,Chandler Blanchet,49.5,4946
Aldrich Potgieter,Keegan Bradley,34.0,3404
Aldrich Potgieter,Michael Brennan,40.2,4024
Aldrich Potgieter,Brian Campbell,52.4,5245
Aldrich Potgieter,Rafael Campos,52.5,5250
Aldrich Potgieter,Ricky Castillo,41.7,4172
Aldrich Potgieter,Bud Cauley,31.3,3132
Aldrich Potgieter,Davis Chatfield,46.2,4624
Aldrich Potgieter,Luke Clanton,44.0,4401
Aldrich Potgieter,Eric Cole,40.1,4013
Aldrich Potgieter,Pierceson Coody,50.0,4996
Aldrich Potgieter,Joel Dahmen,41.4,4135
Aldrich Potgieter,Cam Davis,61.2,6116
Aldrich Potgieter,Jason Day,46.3,4635
Aldrich Potgieter,Zecheng Dou,48.2,4815
Aldrich Potgieter,Adrien Dumont de Chassart,48.2,4817
Aldrich Potgieter,Nick Dunlap,52.1,5213
Aldrich Potgieter,Nico Echavarria,41.4,4141
Aldrich Potgieter,Austin Eckroat,48.4,4837
Aldrich Potgieter,Harris English,37.1,3712
Aldrich Potgieter,Tony Finau,43.7,4367
Aldrich Potgieter,Patrick Fishburn,42.3,4228
Aldrich Potgieter,Steven Fisk,50.7,5074
Aldrich Potgieter,Alex Fitzpatrick,27.4,2742
Aldrich Potgieter,Brice Garnett,47.9,4787
Aldrich Potgieter,Ryan Gerard,33.4,3338
Aldrich Potgieter,Doug Ghim,33.4,3340
Aldrich Potgieter,Lucas Glover,41.8,4175
Aldrich Potgieter,Max Greyserman,48.5,4851
Aldrich Potgieter,Ben Griffin,30.1,3014
Aldrich Potgieter,Lanto Griffin,48.5,4850
Aldrich Potgieter,Emiliano Grillo,35.4,3540
Aldrich Potgieter,Harry Hall,48.0,4797
Aldrich Potgieter,Brian Harman,37.0,3698
Aldrich Potgieter,Garrick Higgo,56.4,5642
Aldrich Potgieter,Joe Highsmith,54.1,5411
Aldrich Potgieter,Kensei Hirata,57.3,5731
Aldrich Potgieter,Ryo Hisatsune,38.2,3824
Aldrich Potgieter,Lee Hodges,41.4,4135
Aldrich Potgieter,Rico Hoey,41.6,4163
Aldrich Potgieter,Tom Hoge,43.7,4373
Aldrich Potgieter,Rasmus Hojgaard,49.4,4938
Aldrich Potgieter,Billy Horschel,43.5,4345
Aldrich Potgieter,Beau Hossler,41.3,4129
Aldrich Potgieter,Mark Hubbard,42.8,4284
Aldrich Potgieter,Mackenzie Hughes,42.0,4202
Aldrich Potgieter,Sungjae Im,41.6,4161
Aldrich Potgieter,Stephan Jaeger,48.4,4842
Aldrich Potgieter,Ben James,37.5,3748
Aldrich Potgieter,Takumi Kanaya,47.4,4738
Aldrich Potgieter,Jeffrey Kang,47.6,4763
Aldrich Potgieter,Johnny Keefer,40.2,4017
Aldrich Potgieter,Michael Kim,40.5,4053
Aldrich Potgieter,Tom Kim,27.7,2766
Aldrich Potgieter,Chris Kirk,39.8,3985
Aldrich Potgieter,Patton Kizzire,71.9,7192
Aldrich Potgieter,Brooks Koepka,38.6,3858
Aldrich Potgieter,Ben Kohles,32.1,3209
Aldrich Potgieter,Jackson Koivun,30.8,3080
Aldrich Potgieter,Matt Kuchar,39.4,3940
Aldrich Potgieter,Christo Lamprecht,74.6,7459
Aldrich Potgieter,Hank Lebioda,48.9,4889
Aldrich Potgieter,Haotong Li,58.0,5804
Aldrich Potgieter,David Lipsky,45.4,4540
Aldrich Potgieter,Luke List,47.2,4722
Aldrich Potgieter,Justin Lower,49.7,4968
Aldrich Potgieter,Peter Malnati,62.9,6294
Aldrich Potgieter,Hideki Matsuyama,32.0,3196
Aldrich Potgieter,Denny McCarthy,43.5,4353
Aldrich Potgieter,Matt McCarty,46.7,4675
Aldrich Potgieter,Max McGreevy,39.8,3985
Aldrich Potgieter,Maverick McNealy,38.2,3823
Aldrich Potgieter,Mac Meissner,38.0,3803
Aldrich Potgieter,Keith Mitchell,37.6,3755
Aldrich Potgieter,Taylor Moore,47.4,4737
Aldrich Potgieter,William Mouw,40.7,4072
Aldrich Potgieter,Rasmus Neergaard-Petersen,40.9,4092
Aldrich Potgieter,Alex Noren,42.6,4260
Aldrich Potgieter,Andrew Novak,41.3,4132
Aldrich Potgieter,Pontus Nyholm,53.9,5393
Aldrich Potgieter,Thorbjorn Olesen,51.8,5176
Aldrich Potgieter,John Parry,43.6,4355
Aldrich Potgieter,Matthieu Pavon,47.2,4722
Aldrich Potgieter,Taylor Pendrith,47.4,4744
Aldrich Potgieter,Marco Penge,39.0,3900
Aldrich Potgieter,Chandler Phillips,42.6,4262
Aldrich Potgieter,J.T. Poston,37.4,3738
Aldrich Potgieter,Seamus Power,51.2,5125
Aldrich Potgieter,Andrew Putnam,43.7,4370
Aldrich Potgieter,Aaron Rai,30.3,3035
Aldrich Potgieter,Chad Ramey,58.1,5806
Aldrich Potgieter,Davis Riley,56.4,5643
Aldrich Potgieter,Patrick Rodgers,57.6,5758
Aldrich Potgieter,Kevin Roy,47.4,4738
Aldrich Potgieter,Marcelo Rozo,53.5,5352
Aldrich Potgieter,Adrien Saddier,49.5,4949
Aldrich Potgieter,Gordon Sargent,56.5,5653
Aldrich Potgieter,Adam Schenk,58.8,5885
Aldrich Potgieter,Matti Schmid,51.4,5143
Aldrich Potgieter,Ben Silverman,47.4,4744
Aldrich Potgieter,Webb Simpson,60.3,6027
Aldrich Potgieter,Alex Smalley,40.4,4044
Aldrich Potgieter,Jordan Smith,36.1,3610
Aldrich Potgieter,Austin Smotherman,51.5,5147
Aldrich Potgieter,Brandt Snedeker,44.0,4401
Aldrich Potgieter,Jordan Spieth,45.3,4533
Aldrich Potgieter,Sam Stevens,46.7,4666
Aldrich Potgieter,Sepp Straka,49.0,4898
Aldrich Potgieter,Kevin Streelman,46.8,4683
Aldrich Potgieter,Jackson Suber,35.8,3579
Aldrich Potgieter,Adam Svensson,52.6,5264
Aldrich Potgieter,Jesper Svensson,46.4,4641
Aldrich Potgieter,Nick Taylor,41.7,4168
Aldrich Potgieter,Sahith Theegala,40.5,4049
Aldrich Potgieter,Justin Thomas,28.7,2866
Aldrich Potgieter,Davis Thompson,39.8,3984
Aldrich Potgieter,Alejandro Tosti,59.6,5961
Aldrich Potgieter,Erik van Rooyen,45.8,4577
Aldrich Potgieter,John VanDerLaan,52.0,5200
Aldrich Potgieter,Karl Vilips,52.7,5266
Aldrich Potgieter,Camilo Villegas,50.2,5020
Aldrich Potgieter,Danny Walker,64.9,6490
Aldrich Potgieter,Matt Wallace,35.1,3509
Aldrich Potgieter,Vince Whaley,56.9,5690
Aldrich Potgieter,Aaron Wise,42.8,4280
Aldrich Potgieter,Dylan Wu,52.6,5260
Aldrich Potgieter,Cameron Young,25.6,2563
Aldrich Potgieter,Kevin Yu,38.2,3819
Seamus Power,Zach Bauchou,39.2,3924
Seamus Power,Christiaan Bezuidenhout,36.6,3658
Seamus Power,Daniel Berger,46.8,4678
Seamus Power,Zac Blair,35.4,3538
Seamus Power,Chandler Blanchet,48.2,4821
Seamus Power,Keegan Bradley,32.9,3290
Seamus Power,Michael Brennan,39.0,3904
Seamus Power,Brian Campbell,51.2,5120
Seamus Power,Rafael Campos,51.3,5125
Seamus Power,Ricky Castillo,40.5,4051
Seamus Power,Bud Cauley,30.2,3022
Seamus Power,Davis Chatfield,45.0,4500
Seamus Power,Luke Clanton,42.8,4278
Seamus Power,Eric Cole,38.9,3893
Seamus Power,Pierceson Coody,48.7,4871
Seamus Power,Joel Dahmen,40.1,4014
Seamus Power,Cam Davis,60.0,5995
Seamus Power,Jason Day,45.1,4511
Seamus Power,Zecheng Dou,46.9,4691
Seamus Power,Adrien Dumont de Chassart,46.9,4692
Seamus Power,Nick Dunlap,50.9,5088
Seamus Power,Nico Echavarria,40.2,4019
Seamus Power,Austin Eckroat,47.1,4712
Seamus Power,Harris English,35.9,3594
Seamus Power,Tony Finau,42.4,4244
Seamus Power,Patrick Fishburn,41.1,4106
Seamus Power,Steven Fisk,49.5,4949
Seamus Power,Alex Fitzpatrick,26.4,2638
Seamus Power,Brice Garnett,46.6,4662
Seamus Power,Ryan Gerard,32.3,3225
Seamus Power,Doug Ghim,32.3,3227
Seamus Power,Lucas Glover,40.5,4054
Seamus Power,Max Greyserman,47.3,4726
Seamus Power,Ben Griffin,29.1,2906
Seamus Power,Lanto Griffin,47.3,4726
Seamus Power,Emiliano Grillo,34.2,3424
Seamus Power,Harry Hall,46.7,4673
Seamus Power,Brian Harman,35.8,3580
Seamus Power,Garrick Higgo,55.2,5519
Seamus Power,Joe Highsmith,52.9,5287
Seamus Power,Kensei Hirata,56.1,5608
Seamus Power,Ryo Hisatsune,37.0,3705
Seamus Power,Lee Hodges,40.1,4014
Seamus Power,Rico Hoey,40.4,4041
Seamus Power,Tom Hoge,42.5,4250
Seamus Power,Rasmus Hojgaard,48.1,4813
Seamus Power,Billy Horschel,42.2,4223
Seamus Power,Beau Hossler,40.1,4008
Seamus Power,Mark Hubbard,41.6,4162
Seamus Power,Mackenzie Hughes,40.8,4080
Seamus Power,Sungjae Im,40.4,4040
Seamus Power,Stephan Jaeger,47.2,4717
Seamus Power,Ben James,36.3,3630
Seamus Power,Takumi Kanaya,46.1,4613
Seamus Power,Jeffrey Kang,46.4,4639
Seamus Power,Johnny Keefer,39.0,3896
Seamus Power,Michael Kim,39.3,3932
Seamus Power,Tom Kim,26.6,2662
Seamus Power,Chris Kirk,38.6,3864
Seamus Power,Patton Kizzire,70.9,7086
Seamus Power,Brooks Koepka,37.4,3738
Seamus Power,Ben Kohles,31.0,3098
Seamus Power,Jackson Koivun,29.7,2970
Seamus Power,Matt Kuchar,38.2,3820
Seamus Power,Christo Lamprecht,73.6,7358
Seamus Power,Hank Lebioda,47.6,4764
Seamus Power,Haotong Li,56.8,5681
Seamus Power,David Lipsky,44.2,4417
Seamus Power,Luke List,46.0,4597
Seamus Power,Justin Lower,48.4,4843
Seamus Power,Peter Malnati,61.8,6175
Seamus Power,Hideki Matsuyama,30.9,3085
Seamus Power,Denny McCarthy,42.3,4230
Seamus Power,Matt McCarty,45.5,4550
Seamus Power,Max McGreevy,38.6,3864
Seamus Power,Maverick McNealy,37.0,3705
Seamus Power,Mac Meissner,36.8,3684
Seamus Power,Keith Mitchell,36.4,3637
Seamus Power,Taylor Moore,46.1,4612
Seamus Power,William Mouw,39.5,3951
Seamus Power,Rasmus Neergaard-Petersen,39.7,3971
Seamus Power,Alex Noren,41.4,4138
Seamus Power,Andrew Novak,40.1,4010
Seamus Power,Pontus Nyholm,52.7,5269
Seamus Power,Thorbjorn Olesen,50.5,5051
Seamus Power,John Parry,42.3,4232
Seamus Power,Matthieu Pavon,46.0,4597
Seamus Power,Taylor Pendrith,46.2,4620
Seamus Power,Marco Penge,37.8,3781
Seamus Power,Chandler Phillips,41.4,4139
Seamus Power,J.T. Poston,36.2,3620
Seamus Power,Aldrich Potgieter,48.8,4875
Seamus Power,Andrew Putnam,42.5,4247
Seamus Power,Aaron Rai,29.3,2926
Seamus Power,Chad Ramey,56.8,5683
Seamus Power,Davis Riley,55.2,5519
Seamus Power,Patrick Rodgers,56.4,5635
Seamus Power,Kevin Roy,46.1,4613
Seamus Power,Marcelo Rozo,52.3,5228
Seamus Power,Adrien Saddier,48.2,4824
Seamus Power,Gordon Sargent,55.3,5530
Seamus Power,Adam Schenk,57.6,5762
Seamus Power,Matti Schmid,50.2,5018
Seamus Power,Ben Silverman,46.2,4620
Seamus Power,Webb Simpson,59.1,5906
Seamus Power,Alex Smalley,39.2,3923
Seamus Power,Jordan Smith,34.9,3494
Seamus Power,Austin Smotherman,50.2,5022
Seamus Power,Brandt Snedeker,42.8,4277
Seamus Power,Jordan Spieth,44.1,4409
Seamus Power,Sam Stevens,45.4,4542
Seamus Power,Sepp Straka,47.7,4773
Seamus Power,Kevin Streelman,45.6,4559
Seamus Power,Jackson Suber,34.6,3463
Seamus Power,Adam Svensson,51.4,5139
Seamus Power,Jesper Svensson,45.2,4517
Seamus Power,Nick Taylor,40.5,4046
Seamus Power,Sahith Theegala,39.3,3928
Seamus Power,Justin Thomas,27.6,2760
Seamus Power,Davis Thompson,38.6,3864
Seamus Power,Alejandro Tosti,58.4,5840
Seamus Power,Erik van Rooyen,44.5,4453
Seamus Power,John VanDerLaan,50.8,5075
Seamus Power,Karl Vilips,51.4,5141
Seamus Power,Camilo Villegas,49.0,4895
Seamus Power,Danny Walker,63.7,6373
Seamus Power,Matt Wallace,33.9,3393
Seamus Power,Vince Whaley,55.7,5566
Seamus Power,Aaron Wise,41.6,4157
Seamus Power,Dylan Wu,51.4,5135
Seamus Power,Cameron Young,24.6,2463
Seamus Power,Kevin Yu,37.0,3700
Andrew Putnam,Zach Bauchou,46.7,4669
Andrew Putnam,Christiaan Bezuidenhout,43.9,4391
Andrew Putnam,Daniel Berger,54.3,5434
Andrew Putnam,Zac Blair,42.7,4265
Andrew Putnam,Chandler Blanchet,55.8,5576
Andrew Putnam,Keegan Bradley,40.0,4002
Andrew Putnam,Michael Brennan,46.5,4648
Andrew Putnam,Brian Campbell,58.7,5870
Andrew Putnam,Rafael Campos,58.8,5876
Andrew Putnam,Ricky Castillo,48.0,4799
Andrew Putnam,Bud Cauley,37.1,3714
Andrew Putnam,Davis Chatfield,52.6,5256
Andrew Putnam,Luke Clanton,50.3,5032
Andrew Putnam,Eric Cole,46.4,4636
Andrew Putnam,Pierceson Coody,56.3,5626
Andrew Putnam,Joel Dahmen,47.6,4761
Andrew Putnam,Cam Davis,67.1,6707
Andrew Putnam,Jason Day,52.7,5267
Andrew Putnam,Zecheng Dou,54.5,5447
Andrew Putnam,Adrien Dumont de Chassart,54.5,5448
Andrew Putnam,Nick Dunlap,58.4,5839
Andrew Putnam,Nico Echavarria,47.7,4766
Andrew Putnam,Austin Eckroat,54.7,5468
Andrew Putnam,Harris English,43.2,4324
Andrew Putnam,Tony Finau,50.0,4997
Andrew Putnam,Patrick Fishburn,48.6,4856
Andrew Putnam,Steven Fisk,57.0,5703
Andrew Putnam,Alex Fitzpatrick,32.9,3293
Andrew Putnam,Brice Garnett,54.2,5419
Andrew Putnam,Ryan Gerard,39.3,3933
Andrew Putnam,Doug Ghim,39.3,3935
Andrew Putnam,Lucas Glover,48.0,4802
Andrew Putnam,Max Greyserman,54.8,5482
Andrew Putnam,Ben Griffin,35.9,3587
Andrew Putnam,Lanto Griffin,54.8,5482
Andrew Putnam,Emiliano Grillo,41.4,4145
Andrew Putnam,Harry Hall,54.3,5429
Andrew Putnam,Brian Harman,43.1,4310
Andrew Putnam,Garrick Higgo,62.6,6256
Andrew Putnam,Joe Highsmith,60.3,6032
Andrew Putnam,Kensei Hirata,63.4,6342
Andrew Putnam,Ryo Hisatsune,44.4,4440
Andrew Putnam,Lee Hodges,47.6,4761
Andrew Putnam,Rico Hoey,47.9,4789
Andrew Putnam,Tom Hoge,50.0,5003
Andrew Putnam,Rasmus Hojgaard,55.7,5568
Andrew Putnam,Billy Horschel,49.8,4975
Andrew Putnam,Beau Hossler,47.5,4755
Andrew Putnam,Mark Hubbard,49.1,4913
Andrew Putnam,Mackenzie Hughes,48.3,4829
Andrew Putnam,Sungjae Im,47.9,4788
Andrew Putnam,Stephan Jaeger,54.7,5473
Andrew Putnam,Ben James,43.6,4362
Andrew Putnam,Takumi Kanaya,53.7,5370
Andrew Putnam,Jeffrey Kang,53.9,5395
Andrew Putnam,Johnny Keefer,46.4,4640
Andrew Putnam,Michael Kim,46.8,4677
Andrew Putnam,Tom Kim,33.2,3320
Andrew Putnam,Chris Kirk,46.1,4607
Andrew Putnam,Patton Kizzire,77.0,7701
Andrew Putnam,Brooks Koepka,44.8,4476
Andrew Putnam,Ben Kohles,38.0,3796
Andrew Putnam,Jackson Koivun,36.6,3658
Andrew Putnam,Matt Kuchar,45.6,4561
Andrew Putnam,Christo Lamprecht,79.4,7940
Andrew Putnam,Hank Lebioda,55.2,5520
Andrew Putnam,Haotong Li,64.1,6411
Andrew Putnam,David Lipsky,51.7,5172
Andrew Putnam,Luke List,53.5,5354
Andrew Putnam,Justin Lower,56.0,5598
Andrew Putnam,Peter Malnati,68.8,6875
Andrew Putnam,Hideki Matsuyama,37.8,3782
Andrew Putnam,Denny McCarthy,49.8,4982
Andrew Putnam,Matt McCarty,53.1,5307
Andrew Putnam,Max McGreevy,46.1,4607
Andrew Putnam,Maverick McNealy,44.4,4440
Andrew Putnam,Mac Meissner,44.2,4419
Andrew Putnam,Keith Mitchell,43.7,4370
Andrew Putnam,Taylor Moore,53.7,5369
Andrew Putnam,William Mouw,47.0,4697
Andrew Putnam,Rasmus Neergaard-Petersen,47.2,4717
Andrew Putnam,Alex Noren,48.9,4888
Andrew Putnam,Andrew Novak,47.6,4757
Andrew Putnam,Pontus Nyholm,60.2,6015
Andrew Putnam,Thorbjorn Olesen,58.0,5803
Andrew Putnam,John Parry,49.8,4985
Andrew Putnam,Matthieu Pavon,53.5,5354
Andrew Putnam,Taylor Pendrith,53.8,5376
Andrew Putnam,Marco Penge,45.2,4520
Andrew Putnam,Chandler Phillips,48.9,4890
Andrew Putnam,J.T. Poston,43.5,4351
Andrew Putnam,Aldrich Potgieter,56.3,5630
Andrew Putnam,Seamus Power,57.5,5753
Andrew Putnam,Aaron Rai,36.1,3610
Andrew Putnam,Chad Ramey,64.1,6413
Andrew Putnam,Davis Riley,62.6,6256
Andrew Putnam,Patrick Rodgers,63.7,6367
Andrew Putnam,Kevin Roy,53.7,5370
Andrew Putnam,Marcelo Rozo,59.8,5975
Andrew Putnam,Adrien Saddier,55.8,5579
Andrew Putnam,Gordon Sargent,62.7,6267
Andrew Putnam,Adam Schenk,64.9,6488
Andrew Putnam,Matti Schmid,57.7,5770
Andrew Putnam,Ben Silverman,53.8,5376
Andrew Putnam,Webb Simpson,66.2,6624
Andrew Putnam,Alex Smalley,46.7,4668
Andrew Putnam,Jordan Smith,42.2,4219
Andrew Putnam,Austin Smotherman,57.7,5775
Andrew Putnam,Brandt Snedeker,50.3,5031
Andrew Putnam,Jordan Spieth,51.6,5164
Andrew Putnam,Sam Stevens,53.0,5298
Andrew Putnam,Sepp Straka,55.3,5529
Andrew Putnam,Kevin Streelman,53.1,5315
Andrew Putnam,Jackson Suber,41.9,4186
Andrew Putnam,Adam Svensson,58.9,5889
Andrew Putnam,Jesper Svensson,52.7,5273
Andrew Putnam,Nick Taylor,47.9,4794
Andrew Putnam,Sahith Theegala,46.7,4673
Andrew Putnam,Justin Thomas,34.3,3428
Andrew Putnam,Davis Thompson,46.1,4606
Andrew Putnam,Alejandro Tosti,65.6,6561
Andrew Putnam,Erik van Rooyen,52.1,5209
Andrew Putnam,John VanDerLaan,58.3,5827
Andrew Putnam,Karl Vilips,58.9,5891
Andrew Putnam,Camilo Villegas,56.5,5650
Andrew Putnam,Danny Walker,70.6,7058
Andrew Putnam,Matt Wallace,41.1,4112
Andrew Putnam,Vince Whaley,63.0,6302
Andrew Putnam,Aaron Wise,49.1,4909
Andrew Putnam,Dylan Wu,58.9,5885
Andrew Putnam,Cameron Young,31.0,3099
Andrew Putnam,Kevin Yu,44.4,4436
Aaron Rai,Zach Bauchou,60.7,6075
Aaron Rai,Christiaan Bezuidenhout,58.0,5803
Aaron Rai,Daniel Berger,67.9,6790
Aaron Rai,Zac Blair,56.8,5677
Aaron Rai,Chandler Blanchet,69.2,6918
Aaron Rai,Keegan Bradley,54.1,5411
Aaron Rai,Michael Brennan,60.5,6054
Aaron Rai,Brian Campbell,71.8,7176
Aaron Rai,Rafael Campos,71.8,7181
Aaron Rai,Ricky Castillo,62.0,6200
Aaron Rai,Bud Cauley,51.1,5110
Aaron Rai,Davis Chatfield,66.3,6628
Aaron Rai,Luke Clanton,64.2,6420
Aaron Rai,Eric Cole,60.4,6043
Aaron Rai,Pierceson Coody,69.6,6962
Aaron Rai,Joel Dahmen,61.6,6164
Aaron Rai,Cam Davis,78.8,7875
Aaron Rai,Jason Day,66.4,6638
Aaron Rai,Zecheng Dou,68.0,6802
Aaron Rai,Adrien Dumont de Chassart,68.0,6803
Aaron Rai,Nick Dunlap,71.5,7149
Aaron Rai,Nico Echavarria,61.7,6169
Aaron Rai,Austin Eckroat,68.2,6821
Aaron Rai,Harris English,57.4,5736
Aaron Rai,Tony Finau,63.9,6387
Aaron Rai,Patrick Fishburn,62.5,6254
Aaron Rai,Steven Fisk,70.3,7030
Aaron Rai,Alex Fitzpatrick,46.6,4658
Aaron Rai,Brice Garnett,67.8,6776
Aaron Rai,Ryan Gerard,53.4,5339
Aaron Rai,Doug Ghim,53.4,5341
Aaron Rai,Lucas Glover,62.0,6203
Aaron Rai,Max Greyserman,68.3,6833
Aaron Rai,Ben Griffin,49.8,4976
Aaron Rai,Lanto Griffin,68.3,6833
Aaron Rai,Emiliano Grillo,55.6,5556
Aaron Rai,Harry Hall,67.9,6785
Aaron Rai,Brian Harman,57.2,5722
Aaron Rai,Garrick Higgo,75.1,7505
Aaron Rai,Joe Highsmith,73.2,7316
Aaron Rai,Kensei Hirata,75.8,7577
Aaron Rai,Ryo Hisatsune,58.5,5852
Aaron Rai,Lee Hodges,61.6,6164
Aaron Rai,Rico Hoey,61.9,6191
Aaron Rai,Tom Hoge,63.9,6393
Aaron Rai,Rasmus Hojgaard,69.1,6910
Aaron Rai,Billy Horschel,63.7,6367
Aaron Rai,Beau Hossler,61.6,6158
Aaron Rai,Mark Hubbard,63.1,6309
Aaron Rai,Mackenzie Hughes,62.3,6228
Aaron Rai,Sungjae Im,61.9,6189
Aaron Rai,Stephan Jaeger,68.3,6825
Aaron Rai,Ben James,57.7,5774
Aaron Rai,Takumi Kanaya,67.3,6732
Aaron Rai,Jeffrey Kang,67.5,6754
Aaron Rai,Johnny Keefer,60.5,6047
Aaron Rai,Michael Kim,60.8,6083
Aaron Rai,Tom Kim,46.9,4687
Aaron Rai,Chris Kirk,60.1,6015
Aaron Rai,Patton Kizzire,86.3,8632
Aaron Rai,Brooks Koepka,58.9,5886
Aaron Rai,Ben Kohles,52.0,5197
Aaron Rai,Jackson Koivun,50.5,5051
Aaron Rai,Matt Kuchar,59.7,5970
Aaron Rai,Christo Lamprecht,88.0,8802
Aaron Rai,Hank Lebioda,68.7,6867
Aaron Rai,Haotong Li,76.3,7634
Aaron Rai,David Lipsky,65.5,6550
Aaron Rai,Luke List,67.2,6717
Aaron Rai,Justin Lower,69.4,6937
Aaron Rai,Peter Malnati,80.1,8009
Aaron Rai,Hideki Matsuyama,51.8,5182
Aaron Rai,Denny McCarthy,63.7,6374
Aaron Rai,Matt McCarty,66.7,6674
Aaron Rai,Max McGreevy,60.1,6015
Aaron Rai,Maverick McNealy,58.5,5852
Aaron Rai,Mac Meissner,58.3,5830
Aaron Rai,Keith Mitchell,57.8,5782
Aaron Rai,Taylor Moore,67.3,6731
Aaron Rai,William Mouw,61.0,6102
Aaron Rai,Rasmus Neergaard-Petersen,61.2,6121
Aaron Rai,Alex Noren,62.8,6285
Aaron Rai,Andrew Novak,61.6,6160
Aaron Rai,Pontus Nyholm,73.0,7301
Aaron Rai,Thorbjorn Olesen,71.2,7118
Aaron Rai,John Parry,63.8,6376
Aaron Rai,Matthieu Pavon,67.2,6717
Aaron Rai,Taylor Pendrith,67.4,6738
Aaron Rai,Marco Penge,59.3,5930
Aaron Rai,Chandler Phillips,62.9,6287
Aaron Rai,J.T. Poston,57.6,5763
Aaron Rai,Aldrich Potgieter,69.7,6965
Aaron Rai,Seamus Power,70.7,7074
Aaron Rai,Andrew Putnam,63.9,6390
Aaron Rai,Chad Ramey,76.4,7635
Aaron Rai,Davis Riley,75.1,7505
Aaron Rai,Patrick Rodgers,76.0,7598
Aaron Rai,Kevin Roy,67.3,6732
Aaron Rai,Marcelo Rozo,72.7,7267
Aaron Rai,Adrien Saddier,69.2,6920
Aaron Rai,Gordon Sargent,75.1,7514
Aaron Rai,Adam Schenk,77.0,7697
Aaron Rai,Matti Schmid,70.9,7089
Aaron Rai,Ben Silverman,67.4,6737
Aaron Rai,Webb Simpson,78.1,7808
Aaron Rai,Alex Smalley,60.7,6074
Aaron Rai,Jordan Smith,56.3,5631
Aaron Rai,Austin Smotherman,70.9,7093
Aaron Rai,Brandt Snedeker,64.2,6419
Aaron Rai,Jordan Spieth,65.4,6544
Aaron Rai,Sam Stevens,66.7,6666
Aaron Rai,Sepp Straka,68.8,6876
Aaron Rai,Kevin Streelman,66.8,6682
Aaron Rai,Jackson Suber,56.0,5598
Aaron Rai,Adam Svensson,71.9,7192
Aaron Rai,Jesper Svensson,66.4,6643
Aaron Rai,Nick Taylor,62.0,6196
Aaron Rai,Sahith Theegala,60.8,6079
Aaron Rai,Justin Thomas,48.0,4805
Aaron Rai,Davis Thompson,60.1,6014
Aaron Rai,Alejandro Tosti,77.6,7757
Aaron Rai,Erik van Rooyen,65.8,6584
Aaron Rai,John VanDerLaan,71.4,7138
Aaron Rai,Karl Vilips,71.9,7194
Aaron Rai,Camilo Villegas,69.8,6983
Aaron Rai,Danny Walker,81.5,8151
Aaron Rai,Matt Wallace,55.2,5523
Aaron Rai,Vince Whaley,75.4,7543
Aaron Rai,Aaron Wise,63.0,6304
Aaron Rai,Dylan Wu,71.9,7189
Aaron Rai,Cameron Young,44.4,4442
Aaron Rai,Kevin Yu,58.5,5847
Chad Ramey,Zach Bauchou,32.8,3282
Chad Ramey,Christiaan Bezuidenhout,30.3,3032
Chad Ramey,Daniel Berger,40.0,4002
Chad Ramey,Zac Blair,29.2,2922
Chad Ramey,Chandler Blanchet,41.4,4141
Chad Ramey,Keegan Bradley,26.9,2694
Chad Ramey,Michael Brennan,32.6,3262
Chad Ramey,Brian Campbell,44.4,4436
Chad Ramey,Rafael Campos,44.4,4441
Chad Ramey,Ricky Castillo,34.0,3401
Chad Ramey,Bud Cauley,24.5,2451
Chad Ramey,Davis Chatfield,38.3,3830
Chad Ramey,Luke Clanton,36.2,3617
Chad Ramey,Eric Cole,32.5,3252
Chad Ramey,Pierceson Coody,41.9,4190
Chad Ramey,Joel Dahmen,33.7,3366
Chad Ramey,Cam Davis,53.2,5319
Chad Ramey,Jason Day,38.4,3840
Chad Ramey,Zecheng Dou,40.1,4014
Chad Ramey,Adrien Dumont de Chassart,40.2,4016
Chad Ramey,Nick Dunlap,44.0,4404
Chad Ramey,Nico Echavarria,33.7,3371
Chad Ramey,Austin Eckroat,40.4,4035
Chad Ramey,Harris English,29.7,2973
Chad Ramey,Tony Finau,35.8,3584
Chad Ramey,Patrick Fishburn,34.5,3453
Chad Ramey,Steven Fisk,42.7,4267
Chad Ramey,Alex Fitzpatrick,21.1,2108
Chad Ramey,Brice Garnett,39.9,3987
Chad Ramey,Ryan Gerard,26.3,2635
Chad Ramey,Doug Ghim,26.4,2636
Chad Ramey,Lucas Glover,34.0,3403
Chad Ramey,Max Greyserman,40.5,4049
Chad Ramey,Ben Griffin,23.5,2346
Chad Ramey,Lanto Griffin,40.5,4048
Chad Ramey,Emiliano Grillo,28.2,2817
Chad Ramey,Harry Hall,40.0,3997
Chad Ramey,Brian Harman,29.6,2961
Chad Ramey,Garrick Higgo,48.3,4834
Chad Ramey,Joe Highsmith,46.0,4601
Chad Ramey,Kensei Hirata,49.2,4924
Chad Ramey,Ryo Hisatsune,30.8,3076
Chad Ramey,Lee Hodges,33.7,3366
Chad Ramey,Rico Hoey,33.9,3392
Chad Ramey,Tom Hoge,35.9,3590
Chad Ramey,Rasmus Hojgaard,41.3,4133
Chad Ramey,Billy Horschel,35.6,3564
Chad Ramey,Beau Hossler,33.6,3360
Chad Ramey,Mark Hubbard,35.1,3506
Chad Ramey,Mackenzie Hughes,34.3,3428
Chad Ramey,Sungjae Im,33.9,3390
Chad Ramey,Stephan Jaeger,40.4,4040
Chad Ramey,Ben James,30.1,3006
Chad Ramey,Takumi Kanaya,39.4,3939
Chad Ramey,Jeffrey Kang,39.6,3964
Chad Ramey,Johnny Keefer,32.6,3255
Chad Ramey,Michael Kim,32.9,3289
Chad Ramey,Tom Kim,21.3,2129
Chad Ramey,Chris Kirk,32.3,3225
Chad Ramey,Patton Kizzire,64.7,6470
Chad Ramey,Brooks Koepka,31.1,3107
Chad Ramey,Ben Kohles,25.2,2519
Chad Ramey,Jackson Koivun,24.0,2404
Chad Ramey,Matt Kuchar,31.8,3184
Chad Ramey,Christo Lamprecht,67.7,6767
Chad Ramey,Hank Lebioda,40.9,4086
Chad Ramey,Haotong Li,50.0,4998
Chad Ramey,David Lipsky,37.5,3749
Chad Ramey,Luke List,39.2,3924
Chad Ramey,Justin Lower,41.6,4163
Chad Ramey,Peter Malnati,55.1,5505
Chad Ramey,Hideki Matsuyama,25.1,2508
Chad Ramey,Denny McCarthy,35.7,3571
Chad Ramey,Matt McCarty,38.8,3878
Chad Ramey,Max McGreevy,32.3,3225
Chad Ramey,Maverick McNealy,30.8,3076
Chad Ramey,Mac Meissner,30.6,3057
Chad Ramey,Keith Mitchell,30.1,3013
Chad Ramey,Taylor Moore,39.4,3938
Chad Ramey,William Mouw,33.1,3307
Chad Ramey,Rasmus Neergaard-Petersen,33.3,3325
Chad Ramey,Alex Noren,34.8,3483
Chad Ramey,Andrew Novak,33.6,3362
Chad Ramey,Pontus Nyholm,45.8,4584
Chad Ramey,Thorbjorn Olesen,43.7,4368
Chad Ramey,John Parry,35.7,3573
Chad Ramey,Matthieu Pavon,39.2,3924
Chad Ramey,Taylor Pendrith,39.5,3946
Chad Ramey,Marco Penge,31.5,3147
Chad Ramey,Chandler Phillips,34.8,3485
Chad Ramey,J.T. Poston,30.0,2997
Chad Ramey,Aldrich Potgieter,41.9,4194
Chad Ramey,Seamus Power,43.2,4317
Chad Ramey,Andrew Putnam,35.9,3587
Chad Ramey,Aaron Rai,23.6,2365
Chad Ramey,Davis Riley,48.3,4834
Chad Ramey,Patrick Rodgers,49.5,4952
Chad Ramey,Kevin Roy,39.4,3939
Chad Ramey,Marcelo Rozo,45.4,4542
Chad Ramey,Adrien Saddier,41.4,4144
Chad Ramey,Gordon Sargent,48.5,4845
Chad Ramey,Adam Schenk,50.8,5081
Chad Ramey,Matti Schmid,43.3,4335
Chad Ramey,Ben Silverman,39.5,3946
Chad Ramey,Webb Simpson,52.3,5227
Chad Ramey,Alex Smalley,32.8,3281
Chad Ramey,Jordan Smith,28.8,2881
Chad Ramey,Austin Smotherman,43.4,4339
Chad Ramey,Brandt Snedeker,36.2,3616
Chad Ramey,Jordan Spieth,37.4,3742
Chad Ramey,Sam Stevens,38.7,3870
Chad Ramey,Sepp Straka,40.9,4095
Chad Ramey,Kevin Streelman,38.9,3886
Chad Ramey,Jackson Suber,28.5,2852
Chad Ramey,Adam Svensson,44.5,4454
Chad Ramey,Jesper Svensson,38.5,3846
Chad Ramey,Nick Taylor,34.0,3396
Chad Ramey,Sahith Theegala,32.9,3285
Chad Ramey,Justin Thomas,22.2,2216
Chad Ramey,Davis Thompson,32.3,3225
Chad Ramey,Alejandro Tosti,51.6,5160
Chad Ramey,Erik van Rooyen,37.8,3784
Chad Ramey,John VanDerLaan,43.9,4391
Chad Ramey,Karl Vilips,44.6,4457
Chad Ramey,Camilo Villegas,42.1,4214
Chad Ramey,Danny Walker,57.1,5711
Chad Ramey,Matt Wallace,27.9,2788
Chad Ramey,Vince Whaley,48.8,4882
Chad Ramey,Aaron Wise,35.0,3502
Chad Ramey,Dylan Wu,44.5,4451
Chad Ramey,Cameron Young,19.5,1954
Chad Ramey,Kevin Yu,30.7,3072
Davis Riley,Zach Bauchou,34.3,3433
Davis Riley,Christiaan Bezuidenhout,31.8,3179
Davis Riley,Daniel Berger,41.6,4163
Davis Riley,Zac Blair,30.7,3066
Davis Riley,Chandler Blanchet,43.0,4304
Davis Riley,Keegan Bradley,28.3,2833
Davis Riley,Michael Brennan,34.1,3414
Davis Riley,Brian Campbell,46.0,4600
Davis Riley,Rafael Campos,46.1,4606
Davis Riley,Ricky Castillo,35.5,3554
Davis Riley,Bud Cauley,25.8,2583
Davis Riley,Davis Chatfield,39.9,3989
Davis Riley,Luke Clanton,37.7,3774
Davis Riley,Eric Cole,34.0,3403
Davis Riley,Pierceson Coody,43.5,4353
Davis Riley,Joel Dahmen,35.2,3519
Davis Riley,Cam Davis,54.8,5484
Davis Riley,Jason Day,40.0,4000
Davis Riley,Zecheng Dou,41.8,4176
Davis Riley,Adrien Dumont de Chassart,41.8,4177
Davis Riley,Nick Dunlap,45.7,4568
Davis Riley,Nico Echavarria,35.2,3524
Davis Riley,Austin Eckroat,42.0,4197
Davis Riley,Harris English,31.2,3119
Davis Riley,Tony Finau,37.4,3740
Davis Riley,Patrick Fishburn,36.1,3607
Davis Riley,Steven Fisk,44.3,4430
Davis Riley,Alex Fitzpatrick,22.3,2230
Davis Riley,Brice Garnett,41.5,4148
Davis Riley,Ryan Gerard,27.7,2772
Davis Riley,Doug Ghim,27.7,2774
Davis Riley,Lucas Glover,35.6,3557
Davis Riley,Max Greyserman,42.1,4211
Davis Riley,Ben Griffin,24.8,2476
Davis Riley,Lanto Griffin,42.1,4210
Davis Riley,Emiliano Grillo,29.6,2959
Davis Riley,Harry Hall,41.6,4158
Davis Riley,Brian Harman,31.1,3106
Davis Riley,Garrick Higgo,50.0,5000
Davis Riley,Joe Highsmith,47.7,4767
Davis Riley,Kensei Hirata,50.9,5090
Davis Riley,Ryo Hisatsune,32.2,3224
Davis Riley,Lee Hodges,35.2,3519
Davis Riley,Rico Hoey,35.5,3545
Davis Riley,Tom Hoge,37.5,3747
Davis Riley,Rasmus Hojgaard,43.0,4296
Davis Riley,Billy Horschel,37.2,3720
Davis Riley,Beau Hossler,35.1,3513
Davis Riley,Mark Hubbard,36.6,3661
Davis Riley,Mackenzie Hughes,35.8,3582
Davis Riley,Sungjae Im,35.4,3544
Davis Riley,Stephan Jaeger,42.0,4202
Davis Riley,Ben James,31.5,3152
Davis Riley,Takumi Kanaya,41.0,4100
Davis Riley,Jeffrey Kang,41.2,4125
Davis Riley,Johnny Keefer,34.1,3406
Davis Riley,Michael Kim,34.4,3441
Davis Riley,Tom Kim,22.5,2252
Davis Riley,Chris Kirk,33.8,3376
Davis Riley,Patton Kizzire,66.2,6623
Davis Riley,Brooks Koepka,32.6,3256
Davis Riley,Ben Kohles,26.5,2654
Davis Riley,Jackson Koivun,25.4,2535
Davis Riley,Matt Kuchar,33.3,3334
Davis Riley,Christo Lamprecht,69.1,6914
Davis Riley,Hank Lebioda,42.5,4248
Davis Riley,Haotong Li,51.6,5164
Davis Riley,David Lipsky,39.1,3908
Davis Riley,Luke List,40.8,4084
Davis Riley,Justin Lower,43.3,4326
Davis Riley,Peter Malnati,56.7,5669
Davis Riley,Hideki Matsuyama,26.4,2642
Davis Riley,Denny McCarthy,37.3,3727
Davis Riley,Matt McCarty,40.4,4039
Davis Riley,Max McGreevy,33.8,3376
Davis Riley,Maverick McNealy,32.2,3224
Davis Riley,Mac Meissner,32.0,3204
Davis Riley,Keith Mitchell,31.6,3160
Davis Riley,Taylor Moore,41.0,4099
Davis Riley,William Mouw,34.6,3459
Davis Riley,Rasmus Neergaard-Petersen,34.8,3477
Davis Riley,Alex Noren,36.4,3638
Davis Riley,Andrew Novak,35.2,3515
Davis Riley,Pontus Nyholm,47.5,4749
Davis Riley,Thorbjorn Olesen,45.3,4532
Davis Riley,John Parry,37.3,3729
Davis Riley,Matthieu Pavon,40.8,4085
Davis Riley,Taylor Pendrith,41.1,4106
Davis Riley,Marco Penge,33.0,3296
Davis Riley,Chandler Phillips,36.4,3640
Davis Riley,J.T. Poston,31.4,3143
Davis Riley,Aldrich Potgieter,43.6,4357
Davis Riley,Seamus Power,44.8,4481
Davis Riley,Andrew Putnam,37.4,3744
Davis Riley,Aaron Rai,24.9,2495
Davis Riley,Chad Ramey,51.7,5166
Davis Riley,Patrick Rodgers,51.2,5117
Davis Riley,Kevin Roy,41.0,4100
Davis Riley,Marcelo Rozo,47.1,4708
Davis Riley,Adrien Saddier,43.1,4307
Davis Riley,Gordon Sargent,50.1,5011
Davis Riley,Adam Schenk,52.5,5246
Davis Riley,Matti Schmid,45.0,4499
Davis Riley,Ben Silverman,41.1,4106
Davis Riley,Webb Simpson,53.9,5393
Davis Riley,Alex Smalley,34.3,3432
Davis Riley,Jordan Smith,30.2,3024
Davis Riley,Austin Smotherman,45.0,4503
Davis Riley,Brandt Snedeker,37.7,3773
Davis Riley,Jordan Spieth,39.0,3901
Davis Riley,Sam Stevens,40.3,4030
Davis Riley,Sepp Straka,42.6,4257
Davis Riley,Kevin Streelman,40.5,4047
Davis Riley,Jackson Suber,29.9,2995
Davis Riley,Adam Svensson,46.2,4619
Davis Riley,Jesper Svensson,40.1,4006
Davis Riley,Nick Taylor,35.5,3550
Davis Riley,Sahith Theegala,34.4,3437
Davis Riley,Justin Thomas,23.4,2342
Davis Riley,Davis Thompson,33.8,3376
Davis Riley,Alejandro Tosti,53.3,5325
Davis Riley,Erik van Rooyen,39.4,3943
Davis Riley,John VanDerLaan,45.6,4556
Davis Riley,Karl Vilips,46.2,4621
Davis Riley,Camilo Villegas,43.8,4377
Davis Riley,Danny Walker,58.7,5874
Davis Riley,Matt Wallace,29.3,2930
Davis Riley,Vince Whaley,50.5,5048
Davis Riley,Aaron Wise,36.6,3657
Davis Riley,Dylan Wu,46.2,4615
Davis Riley,Cameron Young,20.7,2071
Davis Riley,Kevin Yu,32.2,3220
Patrick Rodgers,Zach Bauchou,33.3,3326
Patrick Rodgers,Christiaan Bezuidenhout,30.7,3075
Patrick Rodgers,Daniel Berger,40.5,4049
Patrick Rodgers,Zac Blair,29.6,2963
Patrick Rodgers,Chandler Blanchet,41.9,4189
Patrick Rodgers,Keegan Bradley,27.3,2734
Patrick Rodgers,Michael Brennan,33.1,3306
Patrick Rodgers,Brian Campbell,44.8,4484
Patrick Rodgers,Rafael Campos,44.9,4489
Patrick Rodgers,Ricky Castillo,34.5,3445
Patrick Rodgers,Bud Cauley,24.9,2489
Patrick Rodgers,Davis Chatfield,38.8,3876
Patrick Rodgers,Luke Clanton,36.6,3662
Patrick Rodgers,Eric Cole,33.0,3296
Patrick Rodgers,Pierceson Coody,42.4,4238
Patrick Rodgers,Joel Dahmen,34.1,3410
Patrick Rodgers,Cam Davis,53.7,5367
Patrick Rodgers,Jason Day,38.9,3887
Patrick Rodgers,Zecheng Dou,40.6,4061
Patrick Rodgers,Adrien Dumont de Chassart,40.6,4063
Patrick Rodgers,Nick Dunlap,44.5,4452
Patrick Rodgers,Nico Echavarria,34.2,3415
Patrick Rodgers,Austin Eckroat,40.8,4082
Patrick Rodgers,Harris English,30.2,3015
Patrick Rodgers,Tony Finau,36.3,3629
Patrick Rodgers,Patrick Fishburn,35.0,3498
Patrick Rodgers,Steven Fisk,43.1,4314
Patrick Rodgers,Alex Fitzpatrick,21.4,2143
Patrick Rodgers,Brice Garnett,40.3,4034
Patrick Rodgers,Ryan Gerard,26.7,2675
Patrick Rodgers,Doug Ghim,26.8,2676
Patrick Rodgers,Lucas Glover,34.5,3448
Patrick Rodgers,Max Greyserman,41.0,4096
Patrick Rodgers,Ben Griffin,23.8,2384
Patrick Rodgers,Lanto Griffin,41.0,4096
Patrick Rodgers,Emiliano Grillo,28.6,2858
Patrick Rodgers,Harry Hall,40.4,4044
Patrick Rodgers,Brian Harman,30.0,3003
Patrick Rodgers,Garrick Higgo,48.8,4882
Patrick Rodgers,Joe Highsmith,46.5,4649
Patrick Rodgers,Kensei Hirata,49.7,4973
Patrick Rodgers,Ryo Hisatsune,31.2,3119
Patrick Rodgers,Lee Hodges,34.1,3410
Patrick Rodgers,Rico Hoey,34.4,3436
Patrick Rodgers,Tom Hoge,36.4,3635
Patrick Rodgers,Rasmus Hojgaard,41.8,4181
Patrick Rodgers,Billy Horschel,36.1,3609
Patrick Rodgers,Beau Hossler,34.0,3405
Patrick Rodgers,Mark Hubbard,35.5,3551
Patrick Rodgers,Mackenzie Hughes,34.7,3473
Patrick Rodgers,Sungjae Im,34.3,3435
Patrick Rodgers,Stephan Jaeger,40.9,4087
Patrick Rodgers,Ben James,30.5,3049
Patrick Rodgers,Takumi Kanaya,39.9,3986
Patrick Rodgers,Jeffrey Kang,40.1,4011
Patrick Rodgers,Johnny Keefer,33.0,3299
Patrick Rodgers,Michael Kim,33.3,3333
Patrick Rodgers,Tom Kim,21.6,2165
Patrick Rodgers,Chris Kirk,32.7,3269
Patrick Rodgers,Patton Kizzire,65.2,6515
Patrick Rodgers,Brooks Koepka,31.5,3150
Patrick Rodgers,Ben Kohles,25.6,2558
Patrick Rodgers,Jackson Koivun,24.4,2442
Patrick Rodgers,Matt Kuchar,32.3,3228
Patrick Rodgers,Christo Lamprecht,68.1,6810
Patrick Rodgers,Hank Lebioda,41.3,4133
Patrick Rodgers,Haotong Li,50.5,5047
Patrick Rodgers,David Lipsky,38.0,3796
Patrick Rodgers,Luke List,39.7,3971
Patrick Rodgers,Justin Lower,42.1,4211
Patrick Rodgers,Peter Malnati,55.5,5553
Patrick Rodgers,Hideki Matsuyama,25.5,2547
Patrick Rodgers,Denny McCarthy,36.2,3616
Patrick Rodgers,Matt McCarty,39.3,3925
Patrick Rodgers,Max McGreevy,32.7,3269
Patrick Rodgers,Maverick McNealy,31.2,3119
Patrick Rodgers,Mac Meissner,31.0,3100
Patrick Rodgers,Keith Mitchell,30.6,3056
Patrick Rodgers,Taylor Moore,39.9,3985
Patrick Rodgers,William Mouw,33.5,3351
Patrick Rodgers,Rasmus Neergaard-Petersen,33.7,3369
Patrick Rodgers,Alex Noren,35.3,3528
Patrick Rodgers,Andrew Novak,34.1,3407
Patrick Rodgers,Pontus Nyholm,46.3,4632
Patrick Rodgers,Thorbjorn Olesen,44.2,4415
Patrick Rodgers,John Parry,36.2,3618
Patrick Rodgers,Matthieu Pavon,39.7,3971
Patrick Rodgers,Taylor Pendrith,39.9,3992
Patrick Rodgers,Marco Penge,31.9,3190
Patrick Rodgers,Chandler Phillips,35.3,3530
Patrick Rodgers,J.T. Poston,30.4,3039
Patrick Rodgers,Aldrich Potgieter,42.4,4242
Patrick Rodgers,Seamus Power,43.6,4365
Patrick Rodgers,Andrew Putnam,36.3,3633
Patrick Rodgers,Aaron Rai,24.0,2402
Patrick Rodgers,Chad Ramey,50.5,5048
Patrick Rodgers,Davis Riley,48.8,4883
Patrick Rodgers,Kevin Roy,39.9,3986
Patrick Rodgers,Marcelo Rozo,45.9,4591
Patrick Rodgers,Adrien Saddier,41.9,4192
Patrick Rodgers,Gordon Sargent,48.9,4894
Patrick Rodgers,Adam Schenk,51.3,5129
Patrick Rodgers,Matti Schmid,43.8,4382
Patrick Rodgers,Ben Silverman,39.9,3992
Patrick Rodgers,Webb Simpson,52.8,5276
Patrick Rodgers,Alex Smalley,33.2,3325
Patrick Rodgers,Jordan Smith,29.2,2922
Patrick Rodgers,Austin Smotherman,43.9,4387
Patrick Rodgers,Brandt Snedeker,36.6,3662
Patrick Rodgers,Jordan Spieth,37.9,3788
Patrick Rodgers,Sam Stevens,39.2,3917
Patrick Rodgers,Sepp Straka,41.4,4142
Patrick Rodgers,Kevin Streelman,39.3,3933
Patrick Rodgers,Jackson Suber,28.9,2893
Patrick Rodgers,Adam Svensson,45.0,4502
Patrick Rodgers,Jesper Svensson,38.9,3892
Patrick Rodgers,Nick Taylor,34.4,3441
Patrick Rodgers,Sahith Theegala,33.3,3329
Patrick Rodgers,Justin Thomas,22.5,2252
Patrick Rodgers,Davis Thompson,32.7,3269
Patrick Rodgers,Alejandro Tosti,52.1,5208
Patrick Rodgers,Erik van Rooyen,38.3,3831
Patrick Rodgers,John VanDerLaan,44.4,4439
Patrick Rodgers,Karl Vilips,45.0,4505
Patrick Rodgers,Camilo Villegas,42.6,4262
Patrick Rodgers,Danny Walker,57.6,5759
Patrick Rodgers,Matt Wallace,28.3,2829
Patrick Rodgers,Vince Whaley,49.3,4930
Patrick Rodgers,Aaron Wise,35.5,3547
Patrick Rodgers,Dylan Wu,45.0,4499
Patrick Rodgers,Cameron Young,19.9,1988
Patrick Rodgers,Kevin Yu,31.1,3115
Kevin Roy,Zach Bauchou,43.0,4302
Kevin Roy,Christiaan Bezuidenhout,40.3,4028
Kevin Roy,Daniel Berger,50.6,5065
Kevin Roy,Zac Blair,39.0,3905
Kevin Roy,Chandler Blanchet,52.1,5208
Kevin Roy,Keegan Bradley,36.5,3649
Kevin Roy,Michael Brennan,42.8,4281
Kevin Roy,Brian Campbell,55.1,5506
Kevin Roy,Rafael Campos,55.1,5511
Kevin Roy,Ricky Castillo,44.3,4431
Kevin Roy,Bud Cauley,33.7,3369
Kevin Roy,Davis Chatfield,48.9,4886
Kevin Roy,Luke Clanton,46.6,4662
Kevin Roy,Eric Cole,42.7,4269
Kevin Roy,Pierceson Coody,52.6,5258
Kevin Roy,Joel Dahmen,43.9,4393
Kevin Roy,Cam Davis,63.7,6365
Kevin Roy,Jason Day,49.0,4897
Kevin Roy,Zecheng Dou,50.8,5078
Kevin Roy,Adrien Dumont de Chassart,50.8,5079
Kevin Roy,Nick Dunlap,54.7,5474
Kevin Roy,Nico Echavarria,44.0,4398
Kevin Roy,Austin Eckroat,51.0,5099
Kevin Roy,Harris English,39.6,3963
Kevin Roy,Tony Finau,46.3,4627
Kevin Roy,Patrick Fishburn,44.9,4487
Kevin Roy,Steven Fisk,53.4,5336
Kevin Roy,Alex Fitzpatrick,29.6,2965
Kevin Roy,Brice Garnett,50.5,5049
Kevin Roy,Ryan Gerard,35.8,3581
Kevin Roy,Doug Ghim,35.8,3583
Kevin Roy,Lucas Glover,44.3,4434
Kevin Roy,Max Greyserman,51.1,5113
Kevin Roy,Ben Griffin,32.5,3247
Kevin Roy,Lanto Griffin,51.1,5113
Kevin Roy,Emiliano Grillo,37.9,3787
Kevin Roy,Harry Hall,50.6,5060
Kevin Roy,Brian Harman,39.5,3949
Kevin Roy,Garrick Higgo,59.0,5900
Kevin Roy,Joe Highsmith,56.7,5671
Kevin Roy,Kensei Hirata,59.9,5988
Kevin Roy,Ryo Hisatsune,40.8,4077
Kevin Roy,Lee Hodges,43.9,4393
Kevin Roy,Rico Hoey,44.2,4421
Kevin Roy,Tom Hoge,46.3,4633
Kevin Roy,Rasmus Hojgaard,52.0,5200
Kevin Roy,Billy Horschel,46.1,4605
Kevin Roy,Beau Hossler,43.9,4387
Kevin Roy,Mark Hubbard,45.4,4544
Kevin Roy,Mackenzie Hughes,44.6,4460
Kevin Roy,Sungjae Im,44.2,4420
Kevin Roy,Stephan Jaeger,51.0,5104
Kevin Roy,Ben James,40.0,3999
Kevin Roy,Takumi Kanaya,50.0,5000
Kevin Roy,Jeffrey Kang,50.3,5025
Kevin Roy,Johnny Keefer,42.7,4273
Kevin Roy,Michael Kim,43.1,4310
Kevin Roy,Tom Kim,29.9,2990
Kevin Roy,Chris Kirk,42.4,4240
Kevin Roy,Patton Kizzire,74.1,7410
Kevin Roy,Brooks Koepka,41.1,4111
Kevin Roy,Ben Kohles,34.5,3448
Kevin Roy,Jackson Koivun,33.1,3315
Kevin Roy,Matt Kuchar,42.0,4195
Kevin Roy,Christo Lamprecht,76.7,7665
Kevin Roy,Hank Lebioda,51.5,5151
Kevin Roy,Haotong Li,60.6,6059
Kevin Roy,David Lipsky,48.0,4802
Kevin Roy,Luke List,49.8,4984
Kevin Roy,Justin Lower,52.3,5230
Kevin Roy,Peter Malnati,65.4,6540
Kevin Roy,Hideki Matsuyama,34.4,3435
Kevin Roy,Denny McCarthy,46.1,4613
Kevin Roy,Matt McCarty,49.4,4937
Kevin Roy,Max McGreevy,42.4,4240
Kevin Roy,Maverick McNealy,40.8,4077
Kevin Roy,Mac Meissner,40.6,4056
Kevin Roy,Keith Mitchell,40.1,4007
Kevin Roy,Taylor Moore,50.0,4999
Kevin Roy,William Mouw,43.3,4329
Kevin Roy,Rasmus Neergaard-Petersen,43.5,4349
Kevin Roy,Alex Noren,45.2,4519
Kevin Roy,Andrew Novak,43.9,4389
Kevin Roy,Pontus Nyholm,56.5,5653
Kevin Roy,Thorbjorn Olesen,54.4,5438
Kevin Roy,John Parry,46.2,4615
Kevin Roy,Matthieu Pavon,49.8,4984
Kevin Roy,Taylor Pendrith,50.1,5007
Kevin Roy,Marco Penge,41.5,4155
Kevin Roy,Chandler Phillips,45.2,4521
Kevin Roy,J.T. Poston,39.9,3989
Kevin Roy,Aldrich Potgieter,52.6,5262
Kevin Roy,Seamus Power,53.9,5387
Kevin Roy,Andrew Putnam,46.3,4630
Kevin Roy,Aaron Rai,32.7,3268
Kevin Roy,Chad Ramey,60.6,6061
Kevin Roy,Davis Riley,59.0,5900
Kevin Roy,Patrick Rodgers,60.1,6014
Kevin Roy,Marcelo Rozo,56.1,5613
Kevin Roy,Adrien Saddier,52.1,5211
Kevin Roy,Gordon Sargent,59.1,5911
Kevin Roy,Adam Schenk,61.4,6138
Kevin Roy,Matti Schmid,54.0,5404
Kevin Roy,Ben Silverman,50.1,5006
Kevin Roy,Webb Simpson,62.8,6278
Kevin Roy,Alex Smalley,43.0,4301
Kevin Roy,Jordan Smith,38.6,3859
Kevin Roy,Austin Smotherman,54.1,5409
Kevin Roy,Brandt Snedeker,46.6,4661
Kevin Roy,Jordan Spieth,47.9,4794
Kevin Roy,Sam Stevens,49.3,4928
Kevin Roy,Sepp Straka,51.6,5161
Kevin Roy,Kevin Streelman,49.4,4945
Kevin Roy,Jackson Suber,38.3,3827
Kevin Roy,Adam Svensson,55.2,5525
Kevin Roy,Jesper Svensson,49.0,4903
Kevin Roy,Nick Taylor,44.3,4426
Kevin Roy,Sahith Theegala,43.1,4306
Kevin Roy,Justin Thomas,30.9,3094
Kevin Roy,Davis Thompson,42.4,4240
Kevin Roy,Alejandro Tosti,62.1,6214
Kevin Roy,Erik van Rooyen,48.4,4838
Kevin Roy,John VanDerLaan,54.6,5462
Kevin Roy,Karl Vilips,55.3,5527
Kevin Roy,Camilo Villegas,52.8,5282
Kevin Roy,Danny Walker,67.3,6730
Kevin Roy,Matt Wallace,37.6,3756
Kevin Roy,Vince Whaley,59.5,5946
Kevin Roy,Aaron Wise,45.4,4539
Kevin Roy,Dylan Wu,55.2,5521
Kevin Roy,Cameron Young,27.8,2779
Kevin Roy,Kevin Yu,40.7,4072
Marcelo Rozo,Zach Bauchou,37.1,3707
Marcelo Rozo,Christiaan Bezuidenhout,34.5,3445
Marcelo Rozo,Daniel Berger,44.5,4452
Marcelo Rozo,Zac Blair,33.3,3328
Marcelo Rozo,Chandler Blanchet,45.9,4594
Marcelo Rozo,Keegan Bradley,30.9,3087
Marcelo Rozo,Michael Brennan,36.9,3687
Marcelo Rozo,Brian Campbell,48.9,4892
Marcelo Rozo,Rafael Campos,49.0,4898
Marcelo Rozo,Ricky Castillo,38.3,3831
Marcelo Rozo,Bud Cauley,28.3,2826
Marcelo Rozo,Davis Chatfield,42.8,4275
Marcelo Rozo,Luke Clanton,40.6,4055
Marcelo Rozo,Eric Cole,36.8,3676
Marcelo Rozo,Pierceson Coody,46.4,4644
Marcelo Rozo,Joel Dahmen,37.9,3795
Marcelo Rozo,Cam Davis,57.7,5773
Marcelo Rozo,Jason Day,42.9,4286
Marcelo Rozo,Zecheng Dou,44.6,4464
Marcelo Rozo,Adrien Dumont de Chassart,44.7,4466
Marcelo Rozo,Nick Dunlap,48.6,4860
Marcelo Rozo,Nico Echavarria,38.0,3800
Marcelo Rozo,Austin Eckroat,44.9,4486
Marcelo Rozo,Harris English,33.8,3383
Marcelo Rozo,Tony Finau,40.2,4022
Marcelo Rozo,Patrick Fishburn,38.9,3885
Marcelo Rozo,Steven Fisk,47.2,4721
Marcelo Rozo,Alex Fitzpatrick,24.6,2455
Marcelo Rozo,Brice Garnett,44.4,4436
Marcelo Rozo,Ryan Gerard,30.2,3023
Marcelo Rozo,Doug Ghim,30.2,3025
Marcelo Rozo,Lucas Glover,38.3,3834
Marcelo Rozo,Max Greyserman,45.0,4500
Marcelo Rozo,Ben Griffin,27.1,2713
Marcelo Rozo,Lanto Griffin,45.0,4499
Marcelo Rozo,Emiliano Grillo,32.2,3217
Marcelo Rozo,Harry Hall,44.5,4446
Marcelo Rozo,Brian Harman,33.7,3369
Marcelo Rozo,Garrick Higgo,52.9,5292
Marcelo Rozo,Joe Highsmith,50.6,5059
Marcelo Rozo,Kensei Hirata,53.8,5382
Marcelo Rozo,Ryo Hisatsune,34.9,3491
Marcelo Rozo,Lee Hodges,37.9,3795
Marcelo Rozo,Rico Hoey,38.2,3822
Marcelo Rozo,Tom Hoge,40.3,4028
Marcelo Rozo,Rasmus Hojgaard,45.9,4586
Marcelo Rozo,Billy Horschel,40.0,4001
Marcelo Rozo,Beau Hossler,37.9,3789
Marcelo Rozo,Mark Hubbard,39.4,3941
Marcelo Rozo,Mackenzie Hughes,38.6,3860
Marcelo Rozo,Sungjae Im,38.2,3820
Marcelo Rozo,Stephan Jaeger,44.9,4490
Marcelo Rozo,Ben James,34.2,3418
Marcelo Rozo,Takumi Kanaya,43.9,4387
Marcelo Rozo,Jeffrey Kang,44.1,4412
Marcelo Rozo,Johnny Keefer,36.8,3679
Marcelo Rozo,Michael Kim,37.1,3715
Marcelo Rozo,Tom Kim,24.8,2478
Marcelo Rozo,Chris Kirk,36.5,3648
Marcelo Rozo,Patton Kizzire,68.9,6887
Marcelo Rozo,Brooks Koepka,35.2,3524
Marcelo Rozo,Ben Kohles,29.0,2900
Marcelo Rozo,Jackson Koivun,27.8,2776
Marcelo Rozo,Matt Kuchar,36.0,3605
Marcelo Rozo,Christo Lamprecht,71.7,7168
Marcelo Rozo,Hank Lebioda,45.4,4537
Marcelo Rozo,Haotong Li,54.6,5456
Marcelo Rozo,David Lipsky,41.9,4192
Marcelo Rozo,Luke List,43.7,4372
Marcelo Rozo,Justin Lower,46.2,4616
Marcelo Rozo,Peter Malnati,59.6,5956
Marcelo Rozo,Hideki Matsuyama,28.9,2887
Marcelo Rozo,Denny McCarthy,40.1,4008
Marcelo Rozo,Matt McCarty,43.3,4325
Marcelo Rozo,Max McGreevy,36.5,3648
Marcelo Rozo,Maverick McNealy,34.9,3491
Marcelo Rozo,Mac Meissner,34.7,3471
Marcelo Rozo,Keith Mitchell,34.3,3425
Marcelo Rozo,Taylor Moore,43.9,4387
Marcelo Rozo,William Mouw,37.3,3733
Marcelo Rozo,Rasmus Neergaard-Petersen,37.5,3752
Marcelo Rozo,Alex Noren,39.2,3917
Marcelo Rozo,Andrew Novak,37.9,3791
Marcelo Rozo,Pontus Nyholm,50.4,5041
Marcelo Rozo,Thorbjorn Olesen,48.2,4824
Marcelo Rozo,John Parry,40.1,4010
Marcelo Rozo,Matthieu Pavon,43.7,4372
Marcelo Rozo,Taylor Pendrith,43.9,4394
Marcelo Rozo,Marco Penge,35.7,3566
Marcelo Rozo,Chandler Phillips,39.2,3918
Marcelo Rozo,J.T. Poston,34.1,3408
Marcelo Rozo,Aldrich Potgieter,46.5,4648
Marcelo Rozo,Seamus Power,47.7,4772
Marcelo Rozo,Andrew Putnam,40.2,4025
Marcelo Rozo,Aaron Rai,27.3,2733
Marcelo Rozo,Chad Ramey,54.6,5458
Marcelo Rozo,Davis Riley,52.9,5292
Marcelo Rozo,Patrick Rodgers,54.1,5409
Marcelo Rozo,Kevin Roy,43.9,4387
Marcelo Rozo,Adrien Saddier,46.0,4597
Marcelo Rozo,Gordon Sargent,53.0,5303
Marcelo Rozo,Adam Schenk,55.4,5538
Marcelo Rozo,Matti Schmid,47.9,4790
Marcelo Rozo,Ben Silverman,43.9,4394
Marcelo Rozo,Webb Simpson,56.8,5683
Marcelo Rozo,Alex Smalley,37.1,3706
Marcelo Rozo,Jordan Smith,32.8,3285
Marcelo Rozo,Austin Smotherman,47.9,4795
Marcelo Rozo,Brandt Snedeker,40.5,4055
Marcelo Rozo,Jordan Spieth,41.9,4185
Marcelo Rozo,Sam Stevens,43.2,4316
Marcelo Rozo,Sepp Straka,45.5,4547
Marcelo Rozo,Kevin Streelman,43.3,4333
Marcelo Rozo,Jackson Suber,32.5,3255
Marcelo Rozo,Adam Svensson,49.1,4911
Marcelo Rozo,Jesper Svensson,42.9,4292
Marcelo Rozo,Nick Taylor,38.3,3827
Marcelo Rozo,Sahith Theegala,37.1,3711
Marcelo Rozo,Justin Thomas,25.7,2573
Marcelo Rozo,Davis Thompson,36.5,3648
Marcelo Rozo,Alejandro Tosti,56.2,5616
Marcelo Rozo,Erik van Rooyen,42.3,4228
Marcelo Rozo,John VanDerLaan,48.5,4848
Marcelo Rozo,Karl Vilips,49.1,4913
Marcelo Rozo,Camilo Villegas,46.7,4668
Marcelo Rozo,Danny Walker,61.6,6157
Marcelo Rozo,Matt Wallace,31.9,3187
Marcelo Rozo,Vince Whaley,53.4,5340
Marcelo Rozo,Aaron Wise,39.4,3936
Marcelo Rozo,Dylan Wu,49.1,4907
Marcelo Rozo,Cameron Young,22.9,2287
Marcelo Rozo,Kevin Yu,34.9,3487
Adrien Saddier,Zach Bauchou,40.9,4095
Adrien Saddier,Christiaan Bezuidenhout,38.2,3825
Adrien Saddier,Daniel Berger,48.5,4854
Adrien Saddier,Zac Blair,37.0,3703
Adrien Saddier,Chandler Blanchet,50.0,4997
Adrien Saddier,Keegan Bradley,34.5,3451
Adrien Saddier,Michael Brennan,40.7,4074
Adrien Saddier,Brian Campbell,53.0,5296
Adrien Saddier,Rafael Campos,53.0,5301
Adrien Saddier,Ricky Castillo,42.2,4223
Adrien Saddier,Bud Cauley,31.8,3177
Adrien Saddier,Davis Chatfield,46.8,4675
Adrien Saddier,Luke Clanton,44.5,4452
Adrien Saddier,Eric Cole,40.6,4063
Adrien Saddier,Pierceson Coody,50.5,5047
Adrien Saddier,Joel Dahmen,41.9,4185
Adrien Saddier,Cam Davis,61.6,6165
Adrien Saddier,Jason Day,46.9,4686
Adrien Saddier,Zecheng Dou,48.7,4866
Adrien Saddier,Adrien Dumont de Chassart,48.7,4868
Adrien Saddier,Nick Dunlap,52.6,5264
Adrien Saddier,Nico Echavarria,41.9,4191
Adrien Saddier,Austin Eckroat,48.9,4888
Adrien Saddier,Harris English,37.6,3760
Adrien Saddier,Tony Finau,44.2,4417
Adrien Saddier,Patrick Fishburn,42.8,4278
Adrien Saddier,Steven Fisk,51.2,5125
Adrien Saddier,Alex Fitzpatrick,27.8,2784
Adrien Saddier,Brice Garnett,48.4,4838
Adrien Saddier,Ryan Gerard,33.9,3385
Adrien Saddier,Doug Ghim,33.9,3387
Adrien Saddier,Lucas Glover,42.3,4225
Adrien Saddier,Max Greyserman,49.0,4902
Adrien Saddier,Ben Griffin,30.6,3059
Adrien Saddier,Lanto Griffin,49.0,4902
Adrien Saddier,Emiliano Grillo,35.9,3588
Adrien Saddier,Harry Hall,48.5,4848
Adrien Saddier,Brian Harman,37.5,3746
Adrien Saddier,Garrick Higgo,56.9,5693
Adrien Saddier,Joe Highsmith,54.6,5462
Adrien Saddier,Kensei Hirata,57.8,5782
Adrien Saddier,Ryo Hisatsune,38.7,3872
Adrien Saddier,Lee Hodges,41.9,4185
Adrien Saddier,Rico Hoey,42.1,4213
Adrien Saddier,Tom Hoge,44.2,4424
Adrien Saddier,Rasmus Hojgaard,49.9,4989
Adrien Saddier,Billy Horschel,44.0,4396
Adrien Saddier,Beau Hossler,41.8,4179
Adrien Saddier,Mark Hubbard,43.3,4335
Adrien Saddier,Mackenzie Hughes,42.5,4252
Adrien Saddier,Sungjae Im,42.1,4211
Adrien Saddier,Stephan Jaeger,48.9,4893
Adrien Saddier,Ben James,38.0,3796
Adrien Saddier,Takumi Kanaya,47.9,4789
Adrien Saddier,Jeffrey Kang,48.1,4814
Adrien Saddier,Johnny Keefer,40.7,4067
Adrien Saddier,Michael Kim,41.0,4103
Adrien Saddier,Tom Kim,28.1,2809
Adrien Saddier,Chris Kirk,40.3,4034
Adrien Saddier,Patton Kizzire,72.4,7235
Adrien Saddier,Brooks Koepka,39.1,3907
Adrien Saddier,Ben Kohles,32.6,3255
Adrien Saddier,Jackson Koivun,31.2,3125
Adrien Saddier,Matt Kuchar,39.9,3990
Adrien Saddier,Christo Lamprecht,75.0,7500
Adrien Saddier,Hank Lebioda,49.4,4940
Adrien Saddier,Haotong Li,58.5,5854
Adrien Saddier,David Lipsky,45.9,4591
Adrien Saddier,Luke List,47.7,4773
Adrien Saddier,Justin Lower,50.2,5019
Adrien Saddier,Peter Malnati,63.4,6342
Adrien Saddier,Hideki Matsuyama,32.4,3242
Adrien Saddier,Denny McCarthy,44.0,4403
Adrien Saddier,Matt McCarty,47.3,4726
Adrien Saddier,Max McGreevy,40.3,4034
Adrien Saddier,Maverick McNealy,38.7,3872
Adrien Saddier,Mac Meissner,38.5,3852
Adrien Saddier,Keith Mitchell,38.0,3804
Adrien Saddier,Taylor Moore,47.9,4788
Adrien Saddier,William Mouw,41.2,4122
Adrien Saddier,Rasmus Neergaard-Petersen,41.4,4142
Adrien Saddier,Alex Noren,43.1,4310
Adrien Saddier,Andrew Novak,41.8,4182
Adrien Saddier,Pontus Nyholm,54.4,5444
Adrien Saddier,Thorbjorn Olesen,52.3,5227
Adrien Saddier,John Parry,44.1,4406
Adrien Saddier,Matthieu Pavon,47.7,4773
Adrien Saddier,Taylor Pendrith,48.0,4795
Adrien Saddier,Marco Penge,39.5,3949
Adrien Saddier,Chandler Phillips,43.1,4312
Adrien Saddier,J.T. Poston,37.9,3786
Adrien Saddier,Aldrich Potgieter,50.5,5051
Adrien Saddier,Seamus Power,51.8,5176
Adrien Saddier,Andrew Putnam,44.2,4421
Adrien Saddier,Aaron Rai,30.8,3080
Adrien Saddier,Chad Ramey,58.6,5856
Adrien Saddier,Davis Riley,56.9,5693
Adrien Saddier,Patrick Rodgers,58.1,5808
Adrien Saddier,Kevin Roy,47.9,4789
Adrien Saddier,Marcelo Rozo,54.0,5403
Adrien Saddier,Gordon Sargent,57.0,5704
Adrien Saddier,Adam Schenk,59.3,5934
Adrien Saddier,Matti Schmid,51.9,5194
Adrien Saddier,Ben Silverman,48.0,4795
Adrien Saddier,Webb Simpson,60.8,6076
Adrien Saddier,Alex Smalley,40.9,4094
Adrien Saddier,Jordan Smith,36.6,3658
Adrien Saddier,Austin Smotherman,52.0,5198
Adrien Saddier,Brandt Snedeker,44.5,4451
Adrien Saddier,Jordan Spieth,45.8,4584
Adrien Saddier,Sam Stevens,47.2,4717
Adrien Saddier,Sepp Straka,49.5,4949
Adrien Saddier,Kevin Streelman,47.3,4734
Adrien Saddier,Jackson Suber,36.3,3627
Adrien Saddier,Adam Svensson,53.1,5315
Adrien Saddier,Jesper Svensson,46.9,4692
Adrien Saddier,Nick Taylor,42.2,4218
Adrien Saddier,Sahith Theegala,41.0,4099
Adrien Saddier,Justin Thomas,29.1,2910
Adrien Saddier,Davis Thompson,40.3,4034
Adrien Saddier,Alejandro Tosti,60.1,6011
Adrien Saddier,Erik van Rooyen,46.3,4628
Adrien Saddier,John VanDerLaan,52.5,5251
Adrien Saddier,Karl Vilips,53.2,5317
Adrien Saddier,Camilo Villegas,50.7,5071
Adrien Saddier,Danny Walker,65.4,6537
Adrien Saddier,Matt Wallace,35.6,3556
Adrien Saddier,Vince Whaley,57.4,5740
Adrien Saddier,Aaron Wise,43.3,4330
Adrien Saddier,Dylan Wu,53.1,5311
Adrien Saddier,Cameron Young,26.0,2604
Adrien Saddier,Kevin Yu,38.7,3868
Gordon Sargent,Zach Bauchou,34.2,3423
Gordon Sargent,Christiaan Bezuidenhout,31.7,3169
Gordon Sargent,Daniel Berger,41.5,4153
Gordon Sargent,Zac Blair,30.6,3056
Gordon Sargent,Chandler Blanchet,42.9,4293
Gordon Sargent,Keegan Bradley,28.2,2824
Gordon Sargent,Michael Brennan,34.0,3403
Gordon Sargent,Brian Campbell,45.9,4589
Gordon Sargent,Rafael Campos,45.9,4595
Gordon Sargent,Ricky Castillo,35.4,3544
Gordon Sargent,Bud Cauley,25.7,2574
Gordon Sargent,Davis Chatfield,39.8,3979
Gordon Sargent,Luke Clanton,37.6,3763
Gordon Sargent,Eric Cole,33.9,3393
Gordon Sargent,Pierceson Coody,43.4,4342
Gordon Sargent,Joel Dahmen,35.1,3509
Gordon Sargent,Cam Davis,54.7,5473
Gordon Sargent,Jason Day,39.9,3989
Gordon Sargent,Zecheng Dou,41.7,4165
Gordon Sargent,Adrien Dumont de Chassart,41.7,4166
Gordon Sargent,Nick Dunlap,45.6,4557
Gordon Sargent,Nico Echavarria,35.1,3514
Gordon Sargent,Austin Eckroat,41.9,4186
Gordon Sargent,Harris English,31.1,3109
Gordon Sargent,Tony Finau,37.3,3730
Gordon Sargent,Patrick Fishburn,36.0,3597
Gordon Sargent,Steven Fisk,44.2,4419
Gordon Sargent,Alex Fitzpatrick,22.2,2222
Gordon Sargent,Brice Garnett,41.4,4137
Gordon Sargent,Ryan Gerard,27.6,2763
Gordon Sargent,Doug Ghim,27.6,2765
Gordon Sargent,Lucas Glover,35.5,3547
Gordon Sargent,Max Greyserman,42.0,4200
Gordon Sargent,Ben Griffin,24.7,2467
Gordon Sargent,Lanto Griffin,42.0,4200
Gordon Sargent,Emiliano Grillo,29.5,2949
Gordon Sargent,Harry Hall,41.5,4148
Gordon Sargent,Brian Harman,31.0,3096
Gordon Sargent,Garrick Higgo,49.9,4989
Gordon Sargent,Joe Highsmith,47.6,4756
Gordon Sargent,Kensei Hirata,50.8,5079
Gordon Sargent,Ryo Hisatsune,32.1,3214
Gordon Sargent,Lee Hodges,35.1,3509
Gordon Sargent,Rico Hoey,35.3,3535
Gordon Sargent,Tom Hoge,37.4,3736
Gordon Sargent,Rasmus Hojgaard,42.9,4285
Gordon Sargent,Billy Horschel,37.1,3709
Gordon Sargent,Beau Hossler,35.0,3503
Gordon Sargent,Mark Hubbard,36.5,3651
Gordon Sargent,Mackenzie Hughes,35.7,3572
Gordon Sargent,Sungjae Im,35.3,3534
Gordon Sargent,Stephan Jaeger,41.9,4191
Gordon Sargent,Ben James,31.4,3143
Gordon Sargent,Takumi Kanaya,40.9,4089
Gordon Sargent,Jeffrey Kang,41.1,4114
Gordon Sargent,Johnny Keefer,34.0,3396
Gordon Sargent,Michael Kim,34.3,3431
Gordon Sargent,Tom Kim,22.4,2244
Gordon Sargent,Chris Kirk,33.7,3366
Gordon Sargent,Patton Kizzire,66.1,6613
Gordon Sargent,Brooks Koepka,32.5,3246
Gordon Sargent,Ben Kohles,26.4,2645
Gordon Sargent,Jackson Koivun,25.3,2527
Gordon Sargent,Matt Kuchar,33.2,3324
Gordon Sargent,Christo Lamprecht,69.0,6905
Gordon Sargent,Hank Lebioda,42.4,4237
Gordon Sargent,Haotong Li,51.5,5153
Gordon Sargent,David Lipsky,39.0,3897
Gordon Sargent,Luke List,40.7,4074
Gordon Sargent,Justin Lower,43.2,4315
Gordon Sargent,Peter Malnati,56.6,5658
Gordon Sargent,Hideki Matsuyama,26.3,2633
Gordon Sargent,Denny McCarthy,37.2,3717
Gordon Sargent,Matt McCarty,40.3,4028
Gordon Sargent,Max McGreevy,33.7,3366
Gordon Sargent,Maverick McNealy,32.1,3214
Gordon Sargent,Mac Meissner,31.9,3194
Gordon Sargent,Keith Mitchell,31.5,3150
Gordon Sargent,Taylor Moore,40.9,4088
Gordon Sargent,William Mouw,34.5,3449
Gordon Sargent,Rasmus Neergaard-Petersen,34.7,3467
Gordon Sargent,Alex Noren,36.3,3628
Gordon Sargent,Andrew Novak,35.1,3505
Gordon Sargent,Pontus Nyholm,47.4,4738
Gordon Sargent,Thorbjorn Olesen,45.2,4521
Gordon Sargent,John Parry,37.2,3719
Gordon Sargent,Matthieu Pavon,40.7,4074
Gordon Sargent,Taylor Pendrith,41.0,4096
Gordon Sargent,Marco Penge,32.9,3286
Gordon Sargent,Chandler Phillips,36.3,3629
Gordon Sargent,J.T. Poston,31.3,3133
Gordon Sargent,Aldrich Potgieter,43.5,4347
Gordon Sargent,Seamus Power,44.7,4470
Gordon Sargent,Andrew Putnam,37.3,3733
Gordon Sargent,Aaron Rai,24.9,2486
Gordon Sargent,Chad Ramey,51.5,5155
Gordon Sargent,Davis Riley,49.9,4989
Gordon Sargent,Patrick Rodgers,51.1,5106
Gordon Sargent,Kevin Roy,40.9,4089
Gordon Sargent,Marcelo Rozo,47.0,4697
Gordon Sargent,Adrien Saddier,43.0,4296
Gordon Sargent,Adam Schenk,52.4,5235
Gordon Sargent,Matti Schmid,44.9,4488
Gordon Sargent,Ben Silverman,41.0,4096
Gordon Sargent,Webb Simpson,53.8,5382
Gordon Sargent,Alex Smalley,34.2,3422
Gordon Sargent,Jordan Smith,30.1,3015
Gordon Sargent,Austin Smotherman,44.9,4492
Gordon Sargent,Brandt Snedeker,37.6,3763
Gordon Sargent,Jordan Spieth,38.9,3890
Gordon Sargent,Sam Stevens,40.2,4019
Gordon Sargent,Sepp Straka,42.5,4246
Gordon Sargent,Kevin Streelman,40.4,4036
Gordon Sargent,Jackson Suber,29.9,2985
Gordon Sargent,Adam Svensson,46.1,4608
Gordon Sargent,Jesper Svensson,40.0,3995
Gordon Sargent,Nick Taylor,35.4,3540
Gordon Sargent,Sahith Theegala,34.3,3427
Gordon Sargent,Justin Thomas,23.3,2333
Gordon Sargent,Davis Thompson,33.7,3365
Gordon Sargent,Alejandro Tosti,53.1,5314
Gordon Sargent,Erik van Rooyen,39.3,3933
Gordon Sargent,John VanDerLaan,45.4,4545
Gordon Sargent,Karl Vilips,46.1,4610
Gordon Sargent,Camilo Villegas,43.7,4366
Gordon Sargent,Danny Walker,58.6,5863
Gordon Sargent,Matt Wallace,29.2,2920
Gordon Sargent,Vince Whaley,50.4,5037
Gordon Sargent,Aaron Wise,36.5,3647
Gordon Sargent,Dylan Wu,46.0,4604
Gordon Sargent,Cameron Young,20.6,2063
Gordon Sargent,Kevin Yu,32.1,3210
Adam Schenk,Zach Bauchou,32.1,3209
Adam Schenk,Christiaan Bezuidenhout,29.6,2962
Adam Schenk,Daniel Berger,39.2,3924
Adam Schenk,Zac Blair,28.5,2852
Adam Schenk,Chandler Blanchet,40.6,4063
Adam Schenk,Keegan Bradley,26.3,2628
Adam Schenk,Michael Brennan,31.9,3190
Adam Schenk,Brian Campbell,43.6,4356
Adam Schenk,Rafael Campos,43.6,4361
Adam Schenk,Ricky Castillo,33.3,3327
Adam Schenk,Bud Cauley,23.9,2387
Adam Schenk,Davis Chatfield,37.5,3753
Adam Schenk,Luke Clanton,35.4,3541
Adam Schenk,Eric Cole,31.8,3179
Adam Schenk,Pierceson Coody,41.1,4111
Adam Schenk,Joel Dahmen,32.9,3292
Adam Schenk,Cam Davis,52.4,5239
Adam Schenk,Jason Day,37.6,3763
Adam Schenk,Zecheng Dou,39.4,3936
Adam Schenk,Adrien Dumont de Chassart,39.4,3938
Adam Schenk,Nick Dunlap,43.2,4324
Adam Schenk,Nico Echavarria,33.0,3297
Adam Schenk,Austin Eckroat,39.6,3957
Adam Schenk,Harris English,29.0,2904
Adam Schenk,Tony Finau,35.1,3509
Adam Schenk,Patrick Fishburn,33.8,3379
Adam Schenk,Steven Fisk,41.9,4187
Adam Schenk,Alex Fitzpatrick,20.5,2050
Adam Schenk,Brice Garnett,39.1,3909
Adam Schenk,Ryan Gerard,25.7,2569
Adam Schenk,Doug Ghim,25.7,2571
Adam Schenk,Lucas Glover,33.3,3330
Adam Schenk,Max Greyserman,39.7,3971
Adam Schenk,Ben Griffin,22.8,2284
Adam Schenk,Lanto Griffin,39.7,3970
Adam Schenk,Emiliano Grillo,27.5,2749
Adam Schenk,Harry Hall,39.2,3919
Adam Schenk,Brian Harman,28.9,2891
Adam Schenk,Garrick Higgo,47.5,4753
Adam Schenk,Joe Highsmith,45.2,4521
Adam Schenk,Kensei Hirata,48.4,4844
Adam Schenk,Ryo Hisatsune,30.1,3005
Adam Schenk,Lee Hodges,32.9,3292
Adam Schenk,Rico Hoey,33.2,3318
Adam Schenk,Tom Hoge,35.1,3515
Adam Schenk,Rasmus Hojgaard,40.5,4055
Adam Schenk,Billy Horschel,34.9,3489
Adam Schenk,Beau Hossler,32.9,3287
Adam Schenk,Mark Hubbard,34.3,3431
Adam Schenk,Mackenzie Hughes,33.5,3354
Adam Schenk,Sungjae Im,33.2,3317
Adam Schenk,Stephan Jaeger,39.6,3962
Adam Schenk,Ben James,29.4,2936
Adam Schenk,Takumi Kanaya,38.6,3862
Adam Schenk,Jeffrey Kang,38.9,3886
Adam Schenk,Johnny Keefer,31.8,3183
Adam Schenk,Michael Kim,32.2,3216
Adam Schenk,Tom Kim,20.7,2071
Adam Schenk,Chris Kirk,31.5,3153
Adam Schenk,Patton Kizzire,63.9,6395
Adam Schenk,Brooks Koepka,30.4,3036
Adam Schenk,Ben Kohles,24.6,2455
Adam Schenk,Jackson Koivun,23.4,2342
Adam Schenk,Matt Kuchar,31.1,3112
Adam Schenk,Christo Lamprecht,66.9,6694
Adam Schenk,Hank Lebioda,40.1,4007
Adam Schenk,Haotong Li,49.2,4918
Adam Schenk,David Lipsky,36.7,3673
Adam Schenk,Luke List,38.5,3846
Adam Schenk,Justin Lower,40.8,4084
Adam Schenk,Peter Malnati,54.2,5425
Adam Schenk,Hideki Matsuyama,24.4,2444
Adam Schenk,Denny McCarthy,35.0,3496
Adam Schenk,Matt McCarty,38.0,3801
Adam Schenk,Max McGreevy,31.5,3153
Adam Schenk,Maverick McNealy,30.1,3005
Adam Schenk,Mac Meissner,29.9,2986
Adam Schenk,Keith Mitchell,29.4,2943
Adam Schenk,Taylor Moore,38.6,3861
Adam Schenk,William Mouw,32.3,3234
Adam Schenk,Rasmus Neergaard-Petersen,32.5,3252
Adam Schenk,Alex Noren,34.1,3409
Adam Schenk,Andrew Novak,32.9,3289
Adam Schenk,Pontus Nyholm,45.0,4503
Adam Schenk,Thorbjorn Olesen,42.9,4288
Adam Schenk,John Parry,35.0,3498
Adam Schenk,Matthieu Pavon,38.5,3846
Adam Schenk,Taylor Pendrith,38.7,3868
Adam Schenk,Marco Penge,30.8,3075
Adam Schenk,Chandler Phillips,34.1,3410
Adam Schenk,J.T. Poston,29.3,2927
Adam Schenk,Aldrich Potgieter,41.2,4115
Adam Schenk,Seamus Power,42.4,4238
Adam Schenk,Andrew Putnam,35.1,3512
Adam Schenk,Aaron Rai,23.0,2303
Adam Schenk,Chad Ramey,49.2,4919
Adam Schenk,Davis Riley,47.5,4754
Adam Schenk,Patrick Rodgers,48.7,4871
Adam Schenk,Kevin Roy,38.6,3862
Adam Schenk,Marcelo Rozo,44.6,4462
Adam Schenk,Adrien Saddier,40.7,4066
Adam Schenk,Gordon Sargent,47.6,4765
Adam Schenk,Matti Schmid,42.6,4255
Adam Schenk,Ben Silverman,38.7,3868
Adam Schenk,Webb Simpson,51.5,5147
Adam Schenk,Alex Smalley,32.1,3208
Adam Schenk,Jordan Smith,28.1,2812
Adam Schenk,Austin Smotherman,42.6,4260
Adam Schenk,Brandt Snedeker,35.4,3541
Adam Schenk,Jordan Spieth,36.7,3666
Adam Schenk,Sam Stevens,37.9,3793
Adam Schenk,Sepp Straka,40.2,4016
Adam Schenk,Kevin Streelman,38.1,3809
Adam Schenk,Jackson Suber,27.8,2784
Adam Schenk,Adam Svensson,43.7,4375
Adam Schenk,Jesper Svensson,37.7,3769
Adam Schenk,Nick Taylor,33.2,3323
Adam Schenk,Sahith Theegala,32.1,3212
Adam Schenk,Justin Thomas,21.6,2157
Adam Schenk,Davis Thompson,31.5,3153
Adam Schenk,Alejandro Tosti,50.8,5079
Adam Schenk,Erik van Rooyen,37.1,3708
Adam Schenk,John VanDerLaan,43.1,4312
Adam Schenk,Karl Vilips,43.8,4377
Adam Schenk,Camilo Villegas,41.3,4135
Adam Schenk,Danny Walker,56.3,5632
Adam Schenk,Matt Wallace,27.2,2721
Adam Schenk,Vince Whaley,48.0,4801
Adam Schenk,Aaron Wise,34.3,3427
Adam Schenk,Dylan Wu,43.7,4371
Adam Schenk,Cameron Young,19.0,1899
Adam Schenk,Kevin Yu,30.0,3001
Matti Schmid,Zach Bauchou,39.1,3907
Matti Schmid,Christiaan Bezuidenhout,36.4,3641
Matti Schmid,Daniel Berger,46.6,4660
Matti Schmid,Zac Blair,35.2,3521
Matti Schmid,Chandler Blanchet,48.0,4803
Matti Schmid,Keegan Bradley,32.7,3274
Matti Schmid,Michael Brennan,38.9,3887
Matti Schmid,Brian Campbell,51.0,5102
Matti Schmid,Rafael Campos,51.1,5108
Matti Schmid,Ricky Castillo,40.3,4033
Matti Schmid,Bud Cauley,30.1,3006
Matti Schmid,Davis Chatfield,44.8,4482
Matti Schmid,Luke Clanton,42.6,4261
Matti Schmid,Eric Cole,38.8,3875
Matti Schmid,Pierceson Coody,48.5,4853
Matti Schmid,Joel Dahmen,40.0,3996
Matti Schmid,Cam Davis,59.8,5978
Matti Schmid,Jason Day,44.9,4493
Matti Schmid,Zecheng Dou,46.7,4673
Matti Schmid,Adrien Dumont de Chassart,46.7,4674
Matti Schmid,Nick Dunlap,50.7,5070
Matti Schmid,Nico Echavarria,40.0,4002
Matti Schmid,Austin Eckroat,46.9,4694
Matti Schmid,Harris English,35.8,3577
Matti Schmid,Tony Finau,42.3,4226
Matti Schmid,Patrick Fishburn,40.9,4088
Matti Schmid,Steven Fisk,49.3,4931
Matti Schmid,Alex Fitzpatrick,26.2,2624
Matti Schmid,Brice Garnett,46.4,4645
Matti Schmid,Ryan Gerard,32.1,3209
Matti Schmid,Doug Ghim,32.1,3211
Matti Schmid,Lucas Glover,40.4,4036
Matti Schmid,Max Greyserman,47.1,4708
Matti Schmid,Ben Griffin,28.9,2890
Matti Schmid,Lanto Griffin,47.1,4708
Matti Schmid,Emiliano Grillo,34.1,3408
Matti Schmid,Harry Hall,46.5,4655
Matti Schmid,Brian Harman,35.6,3564
Matti Schmid,Garrick Higgo,55.0,5501
Matti Schmid,Joe Highsmith,52.7,5269
Matti Schmid,Kensei Hirata,55.9,5591
Matti Schmid,Ryo Hisatsune,36.9,3688
Matti Schmid,Lee Hodges,40.0,3997
Matti Schmid,Rico Hoey,40.2,4024
Matti Schmid,Tom Hoge,42.3,4233
Matti Schmid,Rasmus Hojgaard,47.9,4795
Matti Schmid,Billy Horschel,42.1,4205
Matti Schmid,Beau Hossler,39.9,3990
Matti Schmid,Mark Hubbard,41.4,4145
Matti Schmid,Mackenzie Hughes,40.6,4062
Matti Schmid,Sungjae Im,40.2,4022
Matti Schmid,Stephan Jaeger,47.0,4699
Matti Schmid,Ben James,36.1,3613
Matti Schmid,Takumi Kanaya,46.0,4596
Matti Schmid,Jeffrey Kang,46.2,4621
Matti Schmid,Johnny Keefer,38.8,3879
Matti Schmid,Michael Kim,39.2,3915
Matti Schmid,Tom Kim,26.5,2648
Matti Schmid,Chris Kirk,38.5,3847
Matti Schmid,Patton Kizzire,70.7,7071
Matti Schmid,Brooks Koepka,37.2,3721
Matti Schmid,Ben Kohles,30.8,3082
Matti Schmid,Jackson Koivun,29.5,2955
Matti Schmid,Matt Kuchar,38.0,3803
Matti Schmid,Christo Lamprecht,73.4,7343
Matti Schmid,Hank Lebioda,47.5,4746
Matti Schmid,Haotong Li,56.6,5664
Matti Schmid,David Lipsky,44.0,4399
Matti Schmid,Luke List,45.8,4580
Matti Schmid,Justin Lower,48.3,4825
Matti Schmid,Peter Malnati,61.6,6158
Matti Schmid,Hideki Matsuyama,30.7,3070
Matti Schmid,Denny McCarthy,42.1,4212
Matti Schmid,Matt McCarty,45.3,4533
Matti Schmid,Max McGreevy,38.5,3847
Matti Schmid,Maverick McNealy,36.9,3688
Matti Schmid,Mac Meissner,36.7,3667
Matti Schmid,Keith Mitchell,36.2,3620
Matti Schmid,Taylor Moore,45.9,4595
Matti Schmid,William Mouw,39.3,3934
Matti Schmid,Rasmus Neergaard-Petersen,39.5,3953
Matti Schmid,Alex Noren,41.2,4120
Matti Schmid,Andrew Novak,39.9,3993
Matti Schmid,Pontus Nyholm,52.5,5251
Matti Schmid,Thorbjorn Olesen,50.3,5033
Matti Schmid,John Parry,42.1,4215
Matti Schmid,Matthieu Pavon,45.8,4580
Matti Schmid,Taylor Pendrith,46.0,4602
Matti Schmid,Marco Penge,37.6,3764
Matti Schmid,Chandler Phillips,41.2,4122
Matti Schmid,J.T. Poston,36.0,3603
Matti Schmid,Aldrich Potgieter,48.6,4857
Matti Schmid,Seamus Power,49.8,4982
Matti Schmid,Andrew Putnam,42.3,4230
Matti Schmid,Aaron Rai,29.1,2911
Matti Schmid,Chad Ramey,56.7,5665
Matti Schmid,Davis Riley,55.0,5501
Matti Schmid,Patrick Rodgers,56.2,5618
Matti Schmid,Kevin Roy,46.0,4596
Matti Schmid,Marcelo Rozo,52.1,5210
Matti Schmid,Adrien Saddier,48.1,4806
Matti Schmid,Gordon Sargent,55.1,5512
Matti Schmid,Adam Schenk,57.4,5745
Matti Schmid,Ben Silverman,46.0,4602
Matti Schmid,Webb Simpson,58.9,5888
Matti Schmid,Alex Smalley,39.1,3906
Matti Schmid,Jordan Smith,34.8,3477
Matti Schmid,Austin Smotherman,50.0,5005
Matti Schmid,Brandt Snedeker,42.6,4260
Matti Schmid,Jordan Spieth,43.9,4392
Matti Schmid,Sam Stevens,45.2,4524
Matti Schmid,Sepp Straka,47.6,4756
Matti Schmid,Kevin Streelman,45.4,4541
Matti Schmid,Jackson Suber,34.5,3446
Matti Schmid,Adam Svensson,51.2,5121
Matti Schmid,Jesper Svensson,45.0,4499
Matti Schmid,Nick Taylor,40.3,4029
Matti Schmid,Sahith Theegala,39.1,3911
Matti Schmid,Justin Thomas,27.5,2745
Matti Schmid,Davis Thompson,38.5,3847
Matti Schmid,Alejandro Tosti,58.2,5822
Matti Schmid,Erik van Rooyen,44.4,4435
Matti Schmid,John VanDerLaan,50.6,5058
Matti Schmid,Karl Vilips,51.2,5123
Matti Schmid,Camilo Villegas,48.8,4877
Matti Schmid,Danny Walker,63.6,6356
Matti Schmid,Matt Wallace,33.8,3377
Matti Schmid,Vince Whaley,55.5,5548
Matti Schmid,Aaron Wise,41.4,4140
Matti Schmid,Dylan Wu,51.2,5117
Matti Schmid,Cameron Young,24.5,2449
Matti Schmid,Kevin Yu,36.8,3684
Ben Silverman,Zach Bauchou,43.0,4296
Ben Silverman,Christiaan Bezuidenhout,40.2,4022
Ben Silverman,Daniel Berger,50.6,5058
Ben Silverman,Zac Blair,39.0,3899
Ben Silverman,Chandler Blanchet,52.0,5202
Ben Silverman,Keegan Bradley,36.4,3642
Ben Silverman,Michael Brennan,42.7,4274
Ben Silverman,Brian Campbell,55.0,5499
Ben Silverman,Rafael Campos,55.0,5505
Ben Silverman,Ricky Castillo,44.2,4424
Ben Silverman,Bud Cauley,33.6,3363
Ben Silverman,Davis Chatfield,48.8,4880
Ben Silverman,Luke Clanton,46.6,4655
Ben Silverman,Eric Cole,42.6,4263
Ben Silverman,Pierceson Coody,52.5,5251
Ben Silverman,Joel Dahmen,43.9,4387
Ben Silverman,Cam Davis,63.6,6359
Ben Silverman,Jason Day,48.9,4890
Ben Silverman,Zecheng Dou,50.7,5071
Ben Silverman,Adrien Dumont de Chassart,50.7,5072
Ben Silverman,Nick Dunlap,54.7,5468
Ben Silverman,Nico Echavarria,43.9,4392
Ben Silverman,Austin Eckroat,50.9,5093
Ben Silverman,Harris English,39.6,3956
Ben Silverman,Tony Finau,46.2,4621
Ben Silverman,Patrick Fishburn,44.8,4480
Ben Silverman,Steven Fisk,53.3,5329
Ben Silverman,Alex Fitzpatrick,29.6,2959
Ben Silverman,Brice Garnett,50.4,5043
Ben Silverman,Ryan Gerard,35.7,3575
Ben Silverman,Doug Ghim,35.8,3577
Ben Silverman,Lucas Glover,44.3,4427
Ben Silverman,Max Greyserman,51.1,5107
Ben Silverman,Ben Griffin,32.4,3241
Ben Silverman,Lanto Griffin,51.1,5106
Ben Silverman,Emiliano Grillo,37.8,3781
Ben Silverman,Harry Hall,50.5,5053
Ben Silverman,Brian Harman,39.4,3942
Ben Silverman,Garrick Higgo,58.9,5893
Ben Silverman,Joe Highsmith,56.6,5664
Ben Silverman,Kensei Hirata,59.8,5981
Ben Silverman,Ryo Hisatsune,40.7,4070
Ben Silverman,Lee Hodges,43.9,4387
Ben Silverman,Rico Hoey,44.1,4415
Ben Silverman,Tom Hoge,46.3,4627
Ben Silverman,Rasmus Hojgaard,51.9,5193
Ben Silverman,Billy Horschel,46.0,4599
Ben Silverman,Beau Hossler,43.8,4381
Ben Silverman,Mark Hubbard,45.4,4538
Ben Silverman,Mackenzie Hughes,44.5,4454
Ben Silverman,Sungjae Im,44.1,4413
Ben Silverman,Stephan Jaeger,51.0,5097
Ben Silverman,Ben James,39.9,3993
Ben Silverman,Takumi Kanaya,49.9,4994
Ben Silverman,Jeffrey Kang,50.2,5019
Ben Silverman,Johnny Keefer,42.7,4267
Ben Silverman,Michael Kim,43.0,4304
Ben Silverman,Tom Kim,29.8,2985
Ben Silverman,Chris Kirk,42.3,4234
Ben Silverman,Patton Kizzire,74.0,7404
Ben Silverman,Brooks Koepka,41.0,4105
Ben Silverman,Ben Kohles,34.4,3442
Ben Silverman,Jackson Koivun,33.1,3309
Ben Silverman,Matt Kuchar,41.9,4189
Ben Silverman,Christo Lamprecht,76.6,7660
Ben Silverman,Hank Lebioda,51.4,5144
Ben Silverman,Haotong Li,60.5,6053
Ben Silverman,David Lipsky,48.0,4795
Ben Silverman,Luke List,49.8,4977
Ben Silverman,Justin Lower,52.2,5224
Ben Silverman,Peter Malnati,65.3,6534
Ben Silverman,Hideki Matsuyama,34.3,3429
Ben Silverman,Denny McCarthy,46.1,4606
Ben Silverman,Matt McCarty,49.3,4930
Ben Silverman,Max McGreevy,42.3,4234
Ben Silverman,Maverick McNealy,40.7,4070
Ben Silverman,Mac Meissner,40.5,4049
Ben Silverman,Keith Mitchell,40.0,4001
Ben Silverman,Taylor Moore,49.9,4993
Ben Silverman,William Mouw,43.2,4323
Ben Silverman,Rasmus Neergaard-Petersen,43.4,4343
Ben Silverman,Alex Noren,45.1,4513
Ben Silverman,Andrew Novak,43.8,4383
Ben Silverman,Pontus Nyholm,56.5,5647
Ben Silverman,Thorbjorn Olesen,54.3,5431
Ben Silverman,John Parry,46.1,4609
Ben Silverman,Matthieu Pavon,49.8,4978
Ben Silverman,Taylor Pendrith,50.0,5000
Ben Silverman,Marco Penge,41.5,4148
Ben Silverman,Chandler Phillips,45.1,4515
Ben Silverman,J.T. Poston,39.8,3983
Ben Silverman,Aldrich Potgieter,52.6,5256
Ben Silverman,Seamus Power,53.8,5380
Ben Silverman,Andrew Putnam,46.2,4624
Ben Silverman,Aaron Rai,32.6,3263
Ben Silverman,Chad Ramey,60.5,6054
Ben Silverman,Davis Riley,58.9,5894
Ben Silverman,Patrick Rodgers,60.1,6008
Ben Silverman,Kevin Roy,49.9,4994
Ben Silverman,Marcelo Rozo,56.1,5606
Ben Silverman,Adrien Saddier,52.0,5205
Ben Silverman,Gordon Sargent,59.0,5904
Ben Silverman,Adam Schenk,61.3,6132
Ben Silverman,Matti Schmid,54.0,5398
Ben Silverman,Webb Simpson,62.7,6272
Ben Silverman,Alex Smalley,42.9,4294
Ben Silverman,Jordan Smith,38.5,3853
Ben Silverman,Austin Smotherman,54.0,5403
Ben Silverman,Brandt Snedeker,46.5,4655
Ben Silverman,Jordan Spieth,47.9,4788
Ben Silverman,Sam Stevens,49.2,4922
Ben Silverman,Sepp Straka,51.5,5154
Ben Silverman,Kevin Streelman,49.4,4939
Ben Silverman,Jackson Suber,38.2,3821
Ben Silverman,Adam Svensson,55.2,5518
Ben Silverman,Jesper Svensson,49.0,4896
Ben Silverman,Nick Taylor,44.2,4420
Ben Silverman,Sahith Theegala,43.0,4299
Ben Silverman,Justin Thomas,30.9,3088
Ben Silverman,Davis Thompson,42.3,4234
Ben Silverman,Alejandro Tosti,62.1,6208
Ben Silverman,Erik van Rooyen,48.3,4832
Ben Silverman,John VanDerLaan,54.6,5455
Ben Silverman,Karl Vilips,55.2,5521
Ben Silverman,Camilo Villegas,52.8,5276
Ben Silverman,Danny Walker,67.2,6725
Ben Silverman,Matt Wallace,37.5,3749
Ben Silverman,Vince Whaley,59.4,5940
Ben Silverman,Aaron Wise,45.3,4533
Ben Silverman,Dylan Wu,55.1,5515
Ben Silverman,Cameron Young,27.7,2774
Ben Silverman,Kevin Yu,40.7,4066
Webb Simpson,Zach Bauchou,30.8,3078
Webb Simpson,Christiaan Bezuidenhout,28.4,2836
Webb Simpson,Daniel Berger,37.8,3783
Webb Simpson,Zac Blair,27.3,2729
Webb Simpson,Chandler Blanchet,39.2,3921
Webb Simpson,Keegan Bradley,25.1,2509
Webb Simpson,Michael Brennan,30.6,3059
Webb Simpson,Brian Campbell,42.1,4211
Webb Simpson,Rafael Campos,42.2,4217
Webb Simpson,Ricky Castillo,31.9,3194
Webb Simpson,Bud Cauley,22.7,2275
Webb Simpson,Davis Chatfield,36.1,3614
Webb Simpson,Luke Clanton,34.1,3405
Webb Simpson,Eric Cole,30.5,3049
Webb Simpson,Pierceson Coody,39.7,3969
Webb Simpson,Joel Dahmen,31.6,3160
Webb Simpson,Cam Davis,50.9,5092
Webb Simpson,Jason Day,36.2,3624
Webb Simpson,Zecheng Dou,38.0,3796
Webb Simpson,Adrien Dumont de Chassart,38.0,3797
Webb Simpson,Nick Dunlap,41.8,4180
Webb Simpson,Nico Echavarria,31.7,3165
Webb Simpson,Austin Eckroat,38.2,3816
Webb Simpson,Harris English,27.8,2779
Webb Simpson,Tony Finau,33.7,3373
Webb Simpson,Patrick Fishburn,32.5,3245
Webb Simpson,Steven Fisk,40.4,4044
Webb Simpson,Alex Fitzpatrick,19.5,1947
Webb Simpson,Brice Garnett,37.7,3769
Webb Simpson,Ryan Gerard,24.5,2452
Webb Simpson,Doug Ghim,24.5,2454
Webb Simpson,Lucas Glover,32.0,3197
Webb Simpson,Max Greyserman,38.3,3830
Webb Simpson,Ben Griffin,21.7,2175
Webb Simpson,Lanto Griffin,38.3,3829
Webb Simpson,Emiliano Grillo,26.3,2627
Webb Simpson,Harry Hall,37.8,3778
Webb Simpson,Brian Harman,27.7,2767
Webb Simpson,Garrick Higgo,46.1,4607
Webb Simpson,Joe Highsmith,43.8,4376
Webb Simpson,Kensei Hirata,47.0,4697
Webb Simpson,Ryo Hisatsune,28.8,2879
Webb Simpson,Lee Hodges,31.6,3160
Webb Simpson,Rico Hoey,31.9,3185
Webb Simpson,Tom Hoge,33.8,3379
Webb Simpson,Rasmus Hojgaard,39.1,3913
Webb Simpson,Billy Horschel,33.5,3354
Webb Simpson,Beau Hossler,31.5,3155
Webb Simpson,Mark Hubbard,33.0,3297
Webb Simpson,Mackenzie Hughes,32.2,3221
Webb Simpson,Sungjae Im,31.8,3184
Webb Simpson,Stephan Jaeger,38.2,3821
Webb Simpson,Ben James,28.1,2811
Webb Simpson,Takumi Kanaya,37.2,3722
Webb Simpson,Jeffrey Kang,37.5,3746
Webb Simpson,Johnny Keefer,30.5,3053
Webb Simpson,Michael Kim,30.9,3086
Webb Simpson,Tom Kim,19.7,1968
Webb Simpson,Chris Kirk,30.2,3023
Webb Simpson,Patton Kizzire,62.6,6256
Webb Simpson,Brooks Koepka,29.1,2909
Webb Simpson,Ben Kohles,23.4,2341
Webb Simpson,Jackson Koivun,22.3,2230
Webb Simpson,Matt Kuchar,29.8,2983
Webb Simpson,Christo Lamprecht,65.6,6559
Webb Simpson,Hank Lebioda,38.7,3866
Webb Simpson,Haotong Li,47.7,4771
Webb Simpson,David Lipsky,35.4,3535
Webb Simpson,Luke List,37.1,3706
Webb Simpson,Justin Lower,39.4,3942
Webb Simpson,Peter Malnati,52.8,5279
Webb Simpson,Hideki Matsuyama,23.3,2330
Webb Simpson,Denny McCarthy,33.6,3360
Webb Simpson,Matt McCarty,36.6,3662
Webb Simpson,Max McGreevy,30.2,3023
Webb Simpson,Maverick McNealy,28.8,2878
Webb Simpson,Mac Meissner,28.6,2860
Webb Simpson,Keith Mitchell,28.2,2818
Webb Simpson,Taylor Moore,37.2,3721
Webb Simpson,William Mouw,31.0,3103
Webb Simpson,Rasmus Neergaard-Petersen,31.2,3121
Webb Simpson,Alex Noren,32.7,3275
Webb Simpson,Andrew Novak,31.6,3157
Webb Simpson,Pontus Nyholm,43.6,4358
Webb Simpson,Thorbjorn Olesen,41.4,4144
Webb Simpson,John Parry,33.6,3362
Webb Simpson,Matthieu Pavon,37.1,3707
Webb Simpson,Taylor Pendrith,37.3,3728
Webb Simpson,Marco Penge,29.5,2947
Webb Simpson,Chandler Phillips,32.8,3276
Webb Simpson,J.T. Poston,28.0,2802
Webb Simpson,Aldrich Potgieter,39.7,3973
Webb Simpson,Seamus Power,40.9,4094
Webb Simpson,Andrew Putnam,33.8,3376
Webb Simpson,Aaron Rai,21.9,2192
Webb Simpson,Chad Ramey,47.7,4773
Webb Simpson,Davis Riley,46.1,4607
Webb Simpson,Patrick Rodgers,47.2,4724
Webb Simpson,Kevin Roy,37.2,3722
Webb Simpson,Marcelo Rozo,43.2,4317
Webb Simpson,Adrien Saddier,39.2,3924
Webb Simpson,Gordon Sargent,46.2,4618
Webb Simpson,Adam Schenk,48.5,4853
Webb Simpson,Matti Schmid,41.1,4112
Webb Simpson,Ben Silverman,37.3,3728
Webb Simpson,Alex Smalley,30.8,3077
Webb Simpson,Jordan Smith,26.9,2689
Webb Simpson,Austin Smotherman,41.2,4116
Webb Simpson,Brandt Snedeker,34.0,3405
Webb Simpson,Jordan Spieth,35.3,3528
Webb Simpson,Sam Stevens,36.5,3654
Webb Simpson,Sepp Straka,38.7,3875
Webb Simpson,Kevin Streelman,36.7,3670
Webb Simpson,Jackson Suber,26.6,2662
Webb Simpson,Adam Svensson,42.3,4230
Webb Simpson,Jesper Svensson,36.3,3630
Webb Simpson,Nick Taylor,31.9,3190
Webb Simpson,Sahith Theegala,30.8,3082
Webb Simpson,Justin Thomas,20.5,2050
Webb Simpson,Davis Thompson,30.2,3023
Webb Simpson,Alejandro Tosti,49.3,4932
Webb Simpson,Erik van Rooyen,35.7,3570
Webb Simpson,John VanDerLaan,41.7,4168
Webb Simpson,Karl Vilips,42.3,4232
Webb Simpson,Camilo Villegas,39.9,3992
Webb Simpson,Danny Walker,54.9,5486
Webb Simpson,Matt Wallace,26.0,2600
Webb Simpson,Vince Whaley,46.5,4655
Webb Simpson,Aaron Wise,32.9,3293
Webb Simpson,Dylan Wu,42.3,4226
Webb Simpson,Cameron Young,18.0,1801
Webb Simpson,Kevin Yu,28.7,2875
Alex Smalley,Zach Bauchou,50.0,5001
Alex Smalley,Christiaan Bezuidenhout,47.2,4722
Alex Smalley,Daniel Berger,57.6,5763
Alex Smalley,Zac Blair,45.9,4594
Alex Smalley,Chandler Blanchet,59.0,5903
Alex Smalley,Keegan Bradley,43.3,4328
Alex Smalley,Michael Brennan,49.8,4980
Alex Smalley,Brian Campbell,61.9,6192
Alex Smalley,Rafael Campos,62.0,6197
Alex Smalley,Ricky Castillo,51.3,5132
Alex Smalley,Bud Cauley,40.3,4033
Alex Smalley,Davis Chatfield,55.9,5587
Alex Smalley,Luke Clanton,53.6,5364
Alex Smalley,Eric Cole,49.7,4968
Alex Smalley,Pierceson Coody,59.5,5952
Alex Smalley,Joel Dahmen,50.9,5094
Alex Smalley,Cam Davis,70.0,7003
Alex Smalley,Jason Day,56.0,5597
Alex Smalley,Zecheng Dou,57.8,5776
Alex Smalley,Adrien Dumont de Chassart,57.8,5777
Alex Smalley,Nick Dunlap,61.6,6161
Alex Smalley,Nico Echavarria,51.0,5099
Alex Smalley,Austin Eckroat,58.0,5797
Alex Smalley,Harris English,46.5,4654
Alex Smalley,Tony Finau,53.3,5329
Alex Smalley,Patrick Fishburn,51.9,5188
Alex Smalley,Steven Fisk,60.3,6027
Alex Smalley,Alex Fitzpatrick,36.0,3600
Alex Smalley,Brice Garnett,57.5,5748
Alex Smalley,Ryan Gerard,42.6,4257
Alex Smalley,Doug Ghim,42.6,4259
Alex Smalley,Lucas Glover,51.3,5135
Alex Smalley,Max Greyserman,58.1,5811
Alex Smalley,Ben Griffin,39.0,3903
Alex Smalley,Lanto Griffin,58.1,5810
Alex Smalley,Emiliano Grillo,44.7,4473
Alex Smalley,Harry Hall,57.6,5758
Alex Smalley,Brian Harman,46.4,4640
Alex Smalley,Garrick Higgo,65.7,6568
Alex Smalley,Joe Highsmith,63.5,6350
Alex Smalley,Kensei Hirata,66.5,6651
Alex Smalley,Ryo Hisatsune,47.7,4771
Alex Smalley,Lee Hodges,50.9,5094
Alex Smalley,Rico Hoey,51.2,5122
Alex Smalley,Tom Hoge,53.4,5335
Alex Smalley,Rasmus Hojgaard,59.0,5895
Alex Smalley,Billy Horschel,53.1,5307
Alex Smalley,Beau Hossler,50.9,5087
Alex Smalley,Mark Hubbard,52.5,5246
Alex Smalley,Mackenzie Hughes,51.6,5161
Alex Smalley,Sungjae Im,51.2,5120
Alex Smalley,Stephan Jaeger,58.0,5801
Alex Smalley,Ben James,46.9,4692
Alex Smalley,Takumi Kanaya,57.0,5699
Alex Smalley,Jeffrey Kang,57.2,5724
Alex Smalley,Johnny Keefer,49.7,4972
Alex Smalley,Michael Kim,50.1,5010
Alex Smalley,Tom Kim,36.3,3628
Alex Smalley,Chris Kirk,49.4,4939
Alex Smalley,Patton Kizzire,79.5,7946
Alex Smalley,Brooks Koepka,48.1,4807
Alex Smalley,Ben Kohles,41.2,4117
Alex Smalley,Jackson Koivun,39.8,3976
Alex Smalley,Matt Kuchar,48.9,4893
Alex Smalley,Christo Lamprecht,81.7,8169
Alex Smalley,Hank Lebioda,58.5,5847
Alex Smalley,Haotong Li,67.2,6718
Alex Smalley,David Lipsky,55.0,5503
Alex Smalley,Luke List,56.8,5683
Alex Smalley,Justin Lower,59.2,5925
Alex Smalley,Peter Malnati,71.6,7164
Alex Smalley,Hideki Matsuyama,41.0,4103
Alex Smalley,Denny McCarthy,53.1,5315
Alex Smalley,Matt McCarty,56.4,5637
Alex Smalley,Max McGreevy,49.4,4939
Alex Smalley,Maverick McNealy,47.7,4771
Alex Smalley,Mac Meissner,47.5,4750
Alex Smalley,Keith Mitchell,47.0,4700
Alex Smalley,Taylor Moore,57.0,5698
Alex Smalley,William Mouw,50.3,5029
Alex Smalley,Rasmus Neergaard-Petersen,50.5,5049
Alex Smalley,Alex Noren,52.2,5221
Alex Smalley,Andrew Novak,50.9,5090
Alex Smalley,Pontus Nyholm,63.3,6333
Alex Smalley,Thorbjorn Olesen,61.3,6126
Alex Smalley,John Parry,53.2,5317
Alex Smalley,Matthieu Pavon,56.8,5684
Alex Smalley,Taylor Pendrith,57.1,5706
Alex Smalley,Marco Penge,48.5,4851
Alex Smalley,Chandler Phillips,52.2,5223
Alex Smalley,J.T. Poston,46.8,4681
Alex Smalley,Aldrich Potgieter,59.6,5956
Alex Smalley,Seamus Power,60.8,6077
Alex Smalley,Andrew Putnam,53.3,5332
Alex Smalley,Aaron Rai,39.3,3926
Alex Smalley,Chad Ramey,67.2,6719
Alex Smalley,Davis Riley,65.7,6568
Alex Smalley,Patrick Rodgers,66.8,6675
Alex Smalley,Kevin Roy,57.0,5699
Alex Smalley,Marcelo Rozo,62.9,6294
Alex Smalley,Adrien Saddier,59.1,5906
Alex Smalley,Gordon Sargent,65.8,6578
Alex Smalley,Adam Schenk,67.9,6792
Alex Smalley,Matti Schmid,60.9,6094
Alex Smalley,Ben Silverman,57.1,5706
Alex Smalley,Webb Simpson,69.2,6923
Alex Smalley,Jordan Smith,45.5,4547
Alex Smalley,Austin Smotherman,61.0,6098
Alex Smalley,Brandt Snedeker,53.6,5363
Alex Smalley,Jordan Spieth,55.0,5496
Alex Smalley,Sam Stevens,56.3,5628
Alex Smalley,Sepp Straka,58.6,5857
Alex Smalley,Kevin Streelman,56.5,5645
Alex Smalley,Jackson Suber,45.1,4514
Alex Smalley,Adam Svensson,62.1,6210
Alex Smalley,Jesper Svensson,56.0,5604
Alex Smalley,Nick Taylor,51.3,5127
Alex Smalley,Sahith Theegala,50.1,5005
Alex Smalley,Justin Thomas,37.4,3739
Alex Smalley,Davis Thompson,49.4,4938
Alex Smalley,Alejandro Tosti,68.6,6863
Alex Smalley,Erik van Rooyen,55.4,5540
Alex Smalley,John VanDerLaan,61.5,6149
Alex Smalley,Karl Vilips,62.1,6212
Alex Smalley,Camilo Villegas,59.8,5975
Alex Smalley,Danny Walker,73.4,7339
Alex Smalley,Matt Wallace,44.4,4439
Alex Smalley,Vince Whaley,66.1,6612
Alex Smalley,Aaron Wise,52.4,5241
Alex Smalley,Dylan Wu,62.1,6206
Alex Smalley,Cameron Young,34.0,3399
Alex Smalley,Kevin Yu,47.7,4767
Jordan Smith,Zach Bauchou,54.5,5454
Jordan Smith,Christiaan Bezuidenhout,51.8,5175
Jordan Smith,Daniel Berger,62.0,6203
Jordan Smith,Zac Blair,50.5,5047
Jordan Smith,Chandler Blanchet,63.4,6339
Jordan Smith,Keegan Bradley,47.8,4778
Jordan Smith,Michael Brennan,54.3,5433
Jordan Smith,Brian Campbell,66.2,6617
Jordan Smith,Rafael Campos,66.2,6622
Jordan Smith,Ricky Castillo,55.8,5583
Jordan Smith,Bud Cauley,44.8,4478
Jordan Smith,Davis Chatfield,60.3,6031
Jordan Smith,Luke Clanton,58.1,5812
Jordan Smith,Eric Cole,54.2,5421
Jordan Smith,Pierceson Coody,63.9,6386
Jordan Smith,Joel Dahmen,55.5,5546
Jordan Smith,Cam Davis,73.9,7386
Jordan Smith,Jason Day,60.4,6041
Jordan Smith,Zecheng Dou,62.1,6215
Jordan Smith,Adrien Dumont de Chassart,62.2,6216
Jordan Smith,Nick Dunlap,65.9,6587
Jordan Smith,Nico Echavarria,55.5,5551
Jordan Smith,Austin Eckroat,62.4,6235
Jordan Smith,Harris English,51.1,5107
Jordan Smith,Tony Finau,57.8,5778
Jordan Smith,Patrick Fishburn,56.4,5639
Jordan Smith,Steven Fisk,64.6,6459
Jordan Smith,Alex Fitzpatrick,40.3,4034
Jordan Smith,Brice Garnett,61.9,6188
Jordan Smith,Ryan Gerard,47.1,4706
Jordan Smith,Doug Ghim,47.1,4708
Jordan Smith,Lucas Glover,55.9,5586
Jordan Smith,Max Greyserman,62.5,6249
Jordan Smith,Ben Griffin,43.5,4346
Jordan Smith,Lanto Griffin,62.5,6248
Jordan Smith,Emiliano Grillo,49.2,4925
Jordan Smith,Harry Hall,62.0,6198
Jordan Smith,Brian Harman,50.9,5093
Jordan Smith,Garrick Higgo,69.8,6976
Jordan Smith,Joe Highsmith,67.7,6768
Jordan Smith,Kensei Hirata,70.5,7054
Jordan Smith,Ryo Hisatsune,52.2,5225
Jordan Smith,Lee Hodges,55.5,5546
Jordan Smith,Rico Hoey,55.7,5574
Jordan Smith,Tom Hoge,57.8,5784
Jordan Smith,Rasmus Hojgaard,63.3,6331
Jordan Smith,Billy Horschel,57.6,5757
Jordan Smith,Beau Hossler,55.4,5540
Jordan Smith,Mark Hubbard,57.0,5696
Jordan Smith,Mackenzie Hughes,56.1,5613
Jordan Smith,Sungjae Im,55.7,5572
Jordan Smith,Stephan Jaeger,62.4,6240
Jordan Smith,Ben James,51.5,5145
Jordan Smith,Takumi Kanaya,61.4,6141
Jordan Smith,Jeffrey Kang,61.6,6165
Jordan Smith,Johnny Keefer,54.2,5425
Jordan Smith,Michael Kim,54.6,5462
Jordan Smith,Tom Kim,40.6,4062
Jordan Smith,Chris Kirk,53.9,5392
Jordan Smith,Patton Kizzire,82.5,8254
Jordan Smith,Brooks Koepka,52.6,5260
Jordan Smith,Ben Kohles,45.6,4564
Jordan Smith,Jackson Koivun,44.2,4420
Jordan Smith,Matt Kuchar,53.5,5346
Jordan Smith,Christo Lamprecht,84.6,8455
Jordan Smith,Hank Lebioda,62.8,6285
Jordan Smith,Haotong Li,71.2,7118
Jordan Smith,David Lipsky,59.5,5949
Jordan Smith,Luke List,61.3,6125
Jordan Smith,Justin Lower,63.6,6360
Jordan Smith,Peter Malnati,75.4,7536
Jordan Smith,Hideki Matsuyama,45.5,4550
Jordan Smith,Denny McCarthy,57.6,5764
Jordan Smith,Matt McCarty,60.8,6080
Jordan Smith,Max McGreevy,53.9,5392
Jordan Smith,Maverick McNealy,52.2,5225
Jordan Smith,Mac Meissner,52.0,5203
Jordan Smith,Keith Mitchell,51.5,5153
Jordan Smith,Taylor Moore,61.4,6140
Jordan Smith,William Mouw,54.8,5482
Jordan Smith,Rasmus Neergaard-Petersen,55.0,5501
Jordan Smith,Alex Noren,56.7,5672
Jordan Smith,Andrew Novak,55.4,5542
Jordan Smith,Pontus Nyholm,67.5,6752
Jordan Smith,Thorbjorn Olesen,65.5,6554
Jordan Smith,John Parry,57.7,5766
Jordan Smith,Matthieu Pavon,61.3,6125
Jordan Smith,Taylor Pendrith,61.5,6147
Jordan Smith,Marco Penge,53.0,5305
Jordan Smith,Chandler Phillips,56.7,5673
Jordan Smith,J.T. Poston,51.3,5135
Jordan Smith,Aldrich Potgieter,63.9,6390
Jordan Smith,Seamus Power,65.1,6506
Jordan Smith,Andrew Putnam,57.8,5781
Jordan Smith,Aaron Rai,43.7,4369
Jordan Smith,Chad Ramey,71.2,7119
Jordan Smith,Davis Riley,69.8,6976
Jordan Smith,Patrick Rodgers,70.8,7078
Jordan Smith,Kevin Roy,61.4,6141
Jordan Smith,Marcelo Rozo,67.2,6715
Jordan Smith,Adrien Saddier,63.4,6342
Jordan Smith,Gordon Sargent,69.9,6985
Jordan Smith,Adam Schenk,71.9,7188
Jordan Smith,Matti Schmid,65.2,6523
Jordan Smith,Ben Silverman,61.5,6147
Jordan Smith,Webb Simpson,73.1,7311
Jordan Smith,Alex Smalley,54.5,5453
Jordan Smith,Austin Smotherman,65.3,6527
Jordan Smith,Brandt Snedeker,58.1,5812
Jordan Smith,Jordan Spieth,59.4,5942
Jordan Smith,Sam Stevens,60.7,6071
Jordan Smith,Sepp Straka,62.9,6294
Jordan Smith,Kevin Streelman,60.9,6088
Jordan Smith,Jackson Suber,49.7,4966
Jordan Smith,Adam Svensson,66.3,6634
Jordan Smith,Jesper Svensson,60.5,6047
Jordan Smith,Nick Taylor,55.8,5579
Jordan Smith,Sahith Theegala,54.6,5458
Jordan Smith,Justin Thomas,41.8,4177
Jordan Smith,Davis Thompson,53.9,5392
Jordan Smith,Alejandro Tosti,72.5,7254
Jordan Smith,Erik van Rooyen,59.8,5985
Jordan Smith,John VanDerLaan,65.8,6576
Jordan Smith,Karl Vilips,66.4,6636
Jordan Smith,Camilo Villegas,64.1,6408
Jordan Smith,Danny Walker,77.0,7698
Jordan Smith,Matt Wallace,48.9,4891
Jordan Smith,Vince Whaley,70.2,7017
Jordan Smith,Aaron Wise,56.9,5691
Jordan Smith,Dylan Wu,66.3,6631
Jordan Smith,Cameron Young,38.2,3824
Jordan Smith,Kevin Yu,52.2,5220
Austin Smotherman,Zach Bauchou,39.0,3903
Austin Smotherman,Christiaan Bezuidenhout,36.4,3637
Austin Smotherman,Daniel Berger,46.6,4656
Austin Smotherman,Zac Blair,35.2,3517
Austin Smotherman,Chandler Blanchet,48.0,4799
Austin Smotherman,Keegan Bradley,32.7,3270
Austin Smotherman,Michael Brennan,38.8,3882
Austin Smotherman,Brian Campbell,51.0,5097
Austin Smotherman,Rafael Campos,51.0,5103
Austin Smotherman,Ricky Castillo,40.3,4029
Austin Smotherman,Bud Cauley,30.0,3002
Austin Smotherman,Davis Chatfield,44.8,4478
Austin Smotherman,Luke Clanton,42.6,4256
Austin Smotherman,Eric Cole,38.7,3871
Austin Smotherman,Pierceson Coody,48.5,4848
Austin Smotherman,Joel Dahmen,39.9,3992
Austin Smotherman,Cam Davis,59.7,5974
Austin Smotherman,Jason Day,44.9,4489
Austin Smotherman,Zecheng Dou,46.7,4668
Austin Smotherman,Adrien Dumont de Chassart,46.7,4670
Austin Smotherman,Nick Dunlap,50.7,5065
Austin Smotherman,Nico Echavarria,40.0,3997
Austin Smotherman,Austin Eckroat,46.9,4690
Austin Smotherman,Harris English,35.7,3573
Austin Smotherman,Tony Finau,42.2,4222
Austin Smotherman,Patrick Fishburn,40.8,4084
Austin Smotherman,Steven Fisk,49.3,4926
Austin Smotherman,Alex Fitzpatrick,26.2,2620
Austin Smotherman,Brice Garnett,46.4,4640
Austin Smotherman,Ryan Gerard,32.1,3205
Austin Smotherman,Doug Ghim,32.1,3207
Austin Smotherman,Lucas Glover,40.3,4032
Austin Smotherman,Max Greyserman,47.0,4704
Austin Smotherman,Ben Griffin,28.9,2886
Austin Smotherman,Lanto Griffin,47.0,4703
Austin Smotherman,Emiliano Grillo,34.0,3404
Austin Smotherman,Harry Hall,46.5,4650
Austin Smotherman,Brian Harman,35.6,3559
Austin Smotherman,Garrick Higgo,55.0,5497
Austin Smotherman,Joe Highsmith,52.6,5264
Austin Smotherman,Kensei Hirata,55.9,5586
Austin Smotherman,Ryo Hisatsune,36.8,3683
Austin Smotherman,Lee Hodges,39.9,3992
Austin Smotherman,Rico Hoey,40.2,4019
Austin Smotherman,Tom Hoge,42.3,4228
Austin Smotherman,Rasmus Hojgaard,47.9,4790
Austin Smotherman,Billy Horschel,42.0,4201
Austin Smotherman,Beau Hossler,39.9,3986
Austin Smotherman,Mark Hubbard,41.4,4140
Austin Smotherman,Mackenzie Hughes,40.6,4058
Austin Smotherman,Sungjae Im,40.2,4018
Austin Smotherman,Stephan Jaeger,46.9,4695
Austin Smotherman,Ben James,36.1,3608
Austin Smotherman,Takumi Kanaya,45.9,4591
Austin Smotherman,Jeffrey Kang,46.2,4616
Austin Smotherman,Johnny Keefer,38.7,3875
Austin Smotherman,Michael Kim,39.1,3911
Austin Smotherman,Tom Kim,26.4,2644
Austin Smotherman,Chris Kirk,38.4,3843
Austin Smotherman,Patton Kizzire,70.7,7067
Austin Smotherman,Brooks Koepka,37.2,3717
Austin Smotherman,Ben Kohles,30.8,3078
Austin Smotherman,Jackson Koivun,29.5,2951
Austin Smotherman,Matt Kuchar,38.0,3799
Austin Smotherman,Christo Lamprecht,73.4,7339
Austin Smotherman,Hank Lebioda,47.4,4741
Austin Smotherman,Haotong Li,56.6,5659
Austin Smotherman,David Lipsky,43.9,4394
Austin Smotherman,Luke List,45.8,4575
Austin Smotherman,Justin Lower,48.2,4821
Austin Smotherman,Peter Malnati,61.5,6154
Austin Smotherman,Hideki Matsuyama,30.7,3066
Austin Smotherman,Denny McCarthy,42.1,4208
Austin Smotherman,Matt McCarty,45.3,4528
Austin Smotherman,Max McGreevy,38.4,3843
Austin Smotherman,Maverick McNealy,36.8,3683
Austin Smotherman,Mac Meissner,36.6,3663
Austin Smotherman,Keith Mitchell,36.2,3616
Austin Smotherman,Taylor Moore,45.9,4590
Austin Smotherman,William Mouw,39.3,3930
Austin Smotherman,Rasmus Neergaard-Petersen,39.5,3949
Austin Smotherman,Alex Noren,41.2,4116
Austin Smotherman,Andrew Novak,39.9,3988
Austin Smotherman,Pontus Nyholm,52.5,5247
Austin Smotherman,Thorbjorn Olesen,50.3,5029
Austin Smotherman,John Parry,42.1,4210
Austin Smotherman,Matthieu Pavon,45.8,4575
Austin Smotherman,Taylor Pendrith,46.0,4598
Austin Smotherman,Marco Penge,37.6,3759
Austin Smotherman,Chandler Phillips,41.2,4117
Austin Smotherman,J.T. Poston,36.0,3599
Austin Smotherman,Aldrich Potgieter,48.5,4853
Austin Smotherman,Seamus Power,49.8,4978
Austin Smotherman,Andrew Putnam,42.3,4225
Austin Smotherman,Aaron Rai,29.1,2907
Austin Smotherman,Chad Ramey,56.6,5661
Austin Smotherman,Davis Riley,55.0,5497
Austin Smotherman,Patrick Rodgers,56.1,5613
Austin Smotherman,Kevin Roy,45.9,4591
Austin Smotherman,Marcelo Rozo,52.1,5205
Austin Smotherman,Adrien Saddier,48.0,4802
Austin Smotherman,Gordon Sargent,55.1,5508
Austin Smotherman,Adam Schenk,57.4,5740
Austin Smotherman,Matti Schmid,50.0,4995
Austin Smotherman,Ben Silverman,46.0,4597
Austin Smotherman,Webb Simpson,58.8,5884
Austin Smotherman,Alex Smalley,39.0,3902
Austin Smotherman,Jordan Smith,34.7,3473
Austin Smotherman,Brandt Snedeker,42.6,4255
Austin Smotherman,Jordan Spieth,43.9,4387
Austin Smotherman,Sam Stevens,45.2,4520
Austin Smotherman,Sepp Straka,47.5,4751
Austin Smotherman,Kevin Streelman,45.4,4536
Austin Smotherman,Jackson Suber,34.4,3442
Austin Smotherman,Adam Svensson,51.2,5117
Austin Smotherman,Jesper Svensson,44.9,4495
Austin Smotherman,Nick Taylor,40.2,4024
Austin Smotherman,Sahith Theegala,39.1,3907
Austin Smotherman,Justin Thomas,27.4,2741
Austin Smotherman,Davis Thompson,38.4,3843
Austin Smotherman,Alejandro Tosti,58.2,5818
Austin Smotherman,Erik van Rooyen,44.3,4431
Austin Smotherman,John VanDerLaan,50.5,5053
Austin Smotherman,Karl Vilips,51.2,5119
Austin Smotherman,Camilo Villegas,48.7,4873
Austin Smotherman,Danny Walker,63.5,6352
Austin Smotherman,Matt Wallace,33.7,3373
Austin Smotherman,Vince Whaley,55.4,5544
Austin Smotherman,Aaron Wise,41.4,4136
Austin Smotherman,Dylan Wu,51.1,5113
Austin Smotherman,Cameron Young,24.5,2445
Austin Smotherman,Kevin Yu,36.8,3679
Brandt Snedeker,Zach Bauchou,46.4,4638
Brandt Snedeker,Christiaan Bezuidenhout,43.6,4361
Brandt Snedeker,Daniel Berger,54.0,5403
Brandt Snedeker,Zac Blair,42.3,4235
Brandt Snedeker,Chandler Blanchet,55.5,5546
Brandt Snedeker,Keegan Bradley,39.7,3972
Brandt Snedeker,Michael Brennan,46.2,4617
Brandt Snedeker,Brian Campbell,58.4,5840
Brandt Snedeker,Rafael Campos,58.5,5845
Brandt Snedeker,Ricky Castillo,47.7,4768
Brandt Snedeker,Bud Cauley,36.8,3684
Brandt Snedeker,Davis Chatfield,52.3,5225
Brandt Snedeker,Luke Clanton,50.0,5001
Brandt Snedeker,Eric Cole,46.1,4605
Brandt Snedeker,Pierceson Coody,56.0,5595
Brandt Snedeker,Joel Dahmen,47.3,4730
Brandt Snedeker,Cam Davis,66.8,6679
Brandt Snedeker,Jason Day,52.4,5236
Brandt Snedeker,Zecheng Dou,54.2,5416
Brandt Snedeker,Adrien Dumont de Chassart,54.2,5417
Brandt Snedeker,Nick Dunlap,58.1,5809
Brandt Snedeker,Nico Echavarria,47.4,4736
Brandt Snedeker,Austin Eckroat,54.4,5438
Brandt Snedeker,Harris English,42.9,4294
Brandt Snedeker,Tony Finau,49.7,4966
Brandt Snedeker,Patrick Fishburn,48.2,4825
Brandt Snedeker,Steven Fisk,56.7,5672
Brandt Snedeker,Alex Fitzpatrick,32.7,3265
Brandt Snedeker,Brice Garnett,53.9,5388
Brandt Snedeker,Ryan Gerard,39.0,3903
Brandt Snedeker,Doug Ghim,39.0,3905
Brandt Snedeker,Lucas Glover,47.7,4771
Brandt Snedeker,Max Greyserman,54.5,5452
Brandt Snedeker,Ben Griffin,35.6,3558
Brandt Snedeker,Lanto Griffin,54.5,5451
Brandt Snedeker,Emiliano Grillo,41.1,4115
Brandt Snedeker,Harry Hall,54.0,5398
Brandt Snedeker,Brian Harman,42.8,4279
Brandt Snedeker,Garrick Higgo,62.3,6227
Brandt Snedeker,Joe Highsmith,60.0,6003
Brandt Snedeker,Kensei Hirata,63.1,6313
Brandt Snedeker,Ryo Hisatsune,44.1,4410
Brandt Snedeker,Lee Hodges,47.3,4730
Brandt Snedeker,Rico Hoey,47.6,4758
Brandt Snedeker,Tom Hoge,49.7,4972
Brandt Snedeker,Rasmus Hojgaard,55.4,5538
Brandt Snedeker,Billy Horschel,49.4,4944
Brandt Snedeker,Beau Hossler,47.2,4724
Brandt Snedeker,Mark Hubbard,48.8,4882
Brandt Snedeker,Mackenzie Hughes,48.0,4798
Brandt Snedeker,Sungjae Im,47.6,4757
Brandt Snedeker,Stephan Jaeger,54.4,5442
Brandt Snedeker,Ben James,43.3,4331
Brandt Snedeker,Takumi Kanaya,53.4,5339
Brandt Snedeker,Jeffrey Kang,53.6,5364
Brandt Snedeker,Johnny Keefer,46.1,4609
Brandt Snedeker,Michael Kim,46.5,4646
Brandt Snedeker,Tom Kim,32.9,3292
Brandt Snedeker,Chris Kirk,45.8,4576
Brandt Snedeker,Patton Kizzire,76.8,7677
Brandt Snedeker,Brooks Koepka,44.4,4445
Brandt Snedeker,Ben Kohles,37.7,3767
Brandt Snedeker,Jackson Koivun,36.3,3629
Brandt Snedeker,Matt Kuchar,45.3,4530
Brandt Snedeker,Christo Lamprecht,79.2,7918
Brandt Snedeker,Hank Lebioda,54.9,5489
Brandt Snedeker,Haotong Li,63.8,6382
Brandt Snedeker,David Lipsky,51.4,5141
Brandt Snedeker,Luke List,53.2,5323
Brandt Snedeker,Justin Lower,55.7,5568
Brandt Snedeker,Peter Malnati,68.5,6848
Brandt Snedeker,Hideki Matsuyama,37.5,3753
Brandt Snedeker,Denny McCarthy,49.5,4951
Brandt Snedeker,Matt McCarty,52.8,5276
Brandt Snedeker,Max McGreevy,45.8,4576
Brandt Snedeker,Maverick McNealy,44.1,4410
Brandt Snedeker,Mac Meissner,43.9,4388
Brandt Snedeker,Keith Mitchell,43.4,4339
Brandt Snedeker,Taylor Moore,53.4,5338
Brandt Snedeker,William Mouw,46.7,4666
Brandt Snedeker,Rasmus Neergaard-Petersen,46.9,4686
Brandt Snedeker,Alex Noren,48.6,4857
Brandt Snedeker,Andrew Novak,47.3,4726
Brandt Snedeker,Pontus Nyholm,59.9,5985
Brandt Snedeker,Thorbjorn Olesen,57.7,5773
Brandt Snedeker,John Parry,49.5,4954
Brandt Snedeker,Matthieu Pavon,53.2,5323
Brandt Snedeker,Taylor Pendrith,53.5,5345
Brandt Snedeker,Marco Penge,44.9,4489
Brandt Snedeker,Chandler Phillips,48.6,4859
Brandt Snedeker,J.T. Poston,43.2,4321
Brandt Snedeker,Aldrich Potgieter,56.0,5599
Brandt Snedeker,Seamus Power,57.2,5723
Brandt Snedeker,Andrew Putnam,49.7,4969
Brandt Snedeker,Aaron Rai,35.8,3581
Brandt Snedeker,Chad Ramey,63.8,6384
Brandt Snedeker,Davis Riley,62.3,6227
Brandt Snedeker,Patrick Rodgers,63.4,6338
Brandt Snedeker,Kevin Roy,53.4,5339
Brandt Snedeker,Marcelo Rozo,59.5,5945
Brandt Snedeker,Adrien Saddier,55.5,5549
Brandt Snedeker,Gordon Sargent,62.4,6237
Brandt Snedeker,Adam Schenk,64.6,6459
Brandt Snedeker,Matti Schmid,57.4,5740
Brandt Snedeker,Ben Silverman,53.5,5345
Brandt Snedeker,Webb Simpson,66.0,6595
Brandt Snedeker,Alex Smalley,46.4,4637
Brandt Snedeker,Jordan Smith,41.9,4188
Brandt Snedeker,Austin Smotherman,57.4,5745
Brandt Snedeker,Jordan Spieth,51.3,5134
Brandt Snedeker,Sam Stevens,52.7,5267
Brandt Snedeker,Sepp Straka,55.0,5499
Brandt Snedeker,Kevin Streelman,52.8,5284
Brandt Snedeker,Jackson Suber,41.6,4155
Brandt Snedeker,Adam Svensson,58.6,5859
Brandt Snedeker,Jesper Svensson,52.4,5242
Brandt Snedeker,Nick Taylor,47.6,4763
Brandt Snedeker,Sahith Theegala,46.4,4642
Brandt Snedeker,Justin Thomas,34.0,3400
Brandt Snedeker,Davis Thompson,45.8,4576
Brandt Snedeker,Alejandro Tosti,65.3,6533
Brandt Snedeker,Erik van Rooyen,51.8,5178
Brandt Snedeker,John VanDerLaan,58.0,5796
Brandt Snedeker,Karl Vilips,58.6,5861
Brandt Snedeker,Camilo Villegas,56.2,5619
Brandt Snedeker,Danny Walker,70.3,7031
Brandt Snedeker,Matt Wallace,40.8,4082
Brandt Snedeker,Vince Whaley,62.7,6272
Brandt Snedeker,Aaron Wise,48.8,4878
Brandt Snedeker,Dylan Wu,58.6,5855
Brandt Snedeker,Cameron Young,30.7,3071
Brandt Snedeker,Kevin Yu,44.1,4405
Jordan Spieth,Zach Bauchou,45.1,4505
Jordan Spieth,Christiaan Bezuidenhout,42.3,4229
Jordan Spieth,Daniel Berger,52.7,5270
Jordan Spieth,Zac Blair,41.0,4104
Jordan Spieth,Chandler Blanchet,54.1,5413
Jordan Spieth,Keegan Bradley,38.4,3844
Jordan Spieth,Michael Brennan,44.8,4484
Jordan Spieth,Brian Campbell,57.1,5709
Jordan Spieth,Rafael Campos,57.1,5714
Jordan Spieth,Ricky Castillo,46.3,4635
Jordan Spieth,Bud Cauley,35.6,3559
Jordan Spieth,Davis Chatfield,50.9,5092
Jordan Spieth,Luke Clanton,48.7,4867
Jordan Spieth,Eric Cole,44.7,4472
Jordan Spieth,Pierceson Coody,54.6,5463
Jordan Spieth,Joel Dahmen,46.0,4597
Jordan Spieth,Cam Davis,65.6,6557
Jordan Spieth,Jason Day,51.0,5102
Jordan Spieth,Zecheng Dou,52.8,5283
Jordan Spieth,Adrien Dumont de Chassart,52.8,5284
Jordan Spieth,Nick Dunlap,56.8,5677
Jordan Spieth,Nico Echavarria,46.0,4602
Jordan Spieth,Austin Eckroat,53.0,5305
Jordan Spieth,Harris English,41.6,4163
Jordan Spieth,Tony Finau,48.3,4832
Jordan Spieth,Patrick Fishburn,46.9,4691
Jordan Spieth,Steven Fisk,55.4,5540
Jordan Spieth,Alex Fitzpatrick,31.5,3146
Jordan Spieth,Brice Garnett,52.5,5255
Jordan Spieth,Ryan Gerard,37.8,3775
Jordan Spieth,Doug Ghim,37.8,3777
Jordan Spieth,Lucas Glover,46.4,4638
Jordan Spieth,Max Greyserman,53.2,5319
Jordan Spieth,Ben Griffin,34.3,3434
Jordan Spieth,Lanto Griffin,53.2,5318
Jordan Spieth,Emiliano Grillo,39.8,3985
Jordan Spieth,Harry Hall,52.7,5265
Jordan Spieth,Brian Harman,41.5,4148
Jordan Spieth,Garrick Higgo,61.0,6099
Jordan Spieth,Joe Highsmith,58.7,5873
Jordan Spieth,Kensei Hirata,61.9,6186
Jordan Spieth,Ryo Hisatsune,42.8,4278
Jordan Spieth,Lee Hodges,46.0,4597
Jordan Spieth,Rico Hoey,46.3,4625
Jordan Spieth,Tom Hoge,48.4,4839
Jordan Spieth,Rasmus Hojgaard,54.0,5405
Jordan Spieth,Billy Horschel,48.1,4811
Jordan Spieth,Beau Hossler,45.9,4591
Jordan Spieth,Mark Hubbard,47.5,4749
Jordan Spieth,Mackenzie Hughes,46.6,4665
Jordan Spieth,Sungjae Im,46.2,4624
Jordan Spieth,Stephan Jaeger,53.1,5309
Jordan Spieth,Ben James,42.0,4200
Jordan Spieth,Takumi Kanaya,52.1,5206
Jordan Spieth,Jeffrey Kang,52.3,5231
Jordan Spieth,Johnny Keefer,44.8,4476
Jordan Spieth,Michael Kim,45.1,4514
Jordan Spieth,Tom Kim,31.7,3172
Jordan Spieth,Chris Kirk,44.4,4443
Jordan Spieth,Patton Kizzire,75.7,7574
Jordan Spieth,Brooks Koepka,43.1,4313
Jordan Spieth,Ben Kohles,36.4,3640
Jordan Spieth,Jackson Koivun,35.0,3504
Jordan Spieth,Matt Kuchar,44.0,4398
Jordan Spieth,Christo Lamprecht,78.2,7820
Jordan Spieth,Hank Lebioda,53.6,5356
Jordan Spieth,Haotong Li,62.6,6256
Jordan Spieth,David Lipsky,50.1,5007
Jordan Spieth,Luke List,51.9,5190
Jordan Spieth,Justin Lower,54.4,5435
Jordan Spieth,Peter Malnati,67.3,6728
Jordan Spieth,Hideki Matsuyama,36.3,3627
Jordan Spieth,Denny McCarthy,48.2,4818
Jordan Spieth,Matt McCarty,51.4,5142
Jordan Spieth,Max McGreevy,44.4,4443
Jordan Spieth,Maverick McNealy,42.8,4278
Jordan Spieth,Mac Meissner,42.6,4257
Jordan Spieth,Keith Mitchell,42.1,4208
Jordan Spieth,Taylor Moore,52.0,5205
Jordan Spieth,William Mouw,45.3,4533
Jordan Spieth,Rasmus Neergaard-Petersen,45.5,4553
Jordan Spieth,Alex Noren,47.2,4724
Jordan Spieth,Andrew Novak,45.9,4593
Jordan Spieth,Pontus Nyholm,58.6,5855
Jordan Spieth,Thorbjorn Olesen,56.4,5641
Jordan Spieth,John Parry,48.2,4820
Jordan Spieth,Matthieu Pavon,51.9,5190
Jordan Spieth,Taylor Pendrith,52.1,5212
Jordan Spieth,Marco Penge,43.6,4357
Jordan Spieth,Chandler Phillips,47.3,4726
Jordan Spieth,J.T. Poston,41.9,4190
Jordan Spieth,Aldrich Potgieter,54.7,5467
Jordan Spieth,Seamus Power,55.9,5591
Jordan Spieth,Andrew Putnam,48.4,4836
Jordan Spieth,Aaron Rai,34.6,3456
Jordan Spieth,Chad Ramey,62.6,6258
Jordan Spieth,Davis Riley,61.0,6099
Jordan Spieth,Patrick Rodgers,62.1,6212
Jordan Spieth,Kevin Roy,52.1,5206
Jordan Spieth,Marcelo Rozo,58.1,5815
Jordan Spieth,Adrien Saddier,54.2,5416
Jordan Spieth,Gordon Sargent,61.1,6110
Jordan Spieth,Adam Schenk,63.3,6334
Jordan Spieth,Matti Schmid,56.1,5608
Jordan Spieth,Ben Silverman,52.1,5212
Jordan Spieth,Webb Simpson,64.7,6472
Jordan Spieth,Alex Smalley,45.0,4504
Jordan Spieth,Jordan Smith,40.6,4058
Jordan Spieth,Austin Smotherman,56.1,5613
Jordan Spieth,Brandt Snedeker,48.7,4866
Jordan Spieth,Sam Stevens,51.3,5134
Jordan Spieth,Sepp Straka,53.7,5366
Jordan Spieth,Kevin Streelman,51.5,5151
Jordan Spieth,Jackson Suber,40.3,4025
Jordan Spieth,Adam Svensson,57.3,5728
Jordan Spieth,Jesper Svensson,51.1,5109
Jordan Spieth,Nick Taylor,46.3,4630
Jordan Spieth,Sahith Theegala,45.1,4509
Jordan Spieth,Justin Thomas,32.8,3278
Jordan Spieth,Davis Thompson,44.4,4443
Jordan Spieth,Alejandro Tosti,64.1,6408
Jordan Spieth,Erik van Rooyen,50.4,5044
Jordan Spieth,John VanDerLaan,56.7,5665
Jordan Spieth,Karl Vilips,57.3,5730
Jordan Spieth,Camilo Villegas,54.9,5487
Jordan Spieth,Danny Walker,69.1,6914
Jordan Spieth,Matt Wallace,39.5,3953
Jordan Spieth,Vince Whaley,61.4,6145
Jordan Spieth,Aaron Wise,47.4,4744
Jordan Spieth,Dylan Wu,57.2,5724
Jordan Spieth,Cameron Young,29.5,2955
Jordan Spieth,Kevin Yu,42.7,4274
Sam Stevens,Zach Bauchou,43.7,4373
Sam Stevens,Christiaan Bezuidenhout,41.0,4098
Sam Stevens,Daniel Berger,51.4,5137
Sam Stevens,Zac Blair,39.7,3974
Sam Stevens,Chandler Blanchet,52.8,5280
Sam Stevens,Keegan Bradley,37.2,3717
Sam Stevens,Michael Brennan,43.5,4352
Sam Stevens,Brian Campbell,55.8,5577
Sam Stevens,Rafael Campos,55.8,5583
Sam Stevens,Ricky Castillo,45.0,4502
Sam Stevens,Bud Cauley,34.3,3435
Sam Stevens,Davis Chatfield,49.6,4958
Sam Stevens,Luke Clanton,47.3,4734
Sam Stevens,Eric Cole,43.4,4340
Sam Stevens,Pierceson Coody,53.3,5330
Sam Stevens,Joel Dahmen,44.6,4464
Sam Stevens,Cam Davis,64.3,6433
Sam Stevens,Jason Day,49.7,4969
Sam Stevens,Zecheng Dou,51.5,5150
Sam Stevens,Adrien Dumont de Chassart,51.5,5151
Sam Stevens,Nick Dunlap,55.5,5545
Sam Stevens,Nico Echavarria,44.7,4470
Sam Stevens,Austin Eckroat,51.7,5171
Sam Stevens,Harris English,40.3,4032
Sam Stevens,Tony Finau,47.0,4699
Sam Stevens,Patrick Fishburn,45.6,4558
Sam Stevens,Steven Fisk,54.1,5407
Sam Stevens,Alex Fitzpatrick,30.3,3028
Sam Stevens,Brice Garnett,51.2,5121
Sam Stevens,Ryan Gerard,36.5,3648
Sam Stevens,Doug Ghim,36.5,3650
Sam Stevens,Lucas Glover,45.0,4505
Sam Stevens,Max Greyserman,51.9,5185
Sam Stevens,Ben Griffin,33.1,3312
Sam Stevens,Lanto Griffin,51.8,5185
Sam Stevens,Emiliano Grillo,38.6,3856
Sam Stevens,Harry Hall,51.3,5132
Sam Stevens,Brian Harman,40.2,4018
Sam Stevens,Garrick Higgo,59.7,5970
Sam Stevens,Joe Highsmith,57.4,5742
Sam Stevens,Kensei Hirata,60.6,6057
Sam Stevens,Ryo Hisatsune,41.5,4147
Sam Stevens,Lee Hodges,44.6,4464
Sam Stevens,Rico Hoey,44.9,4492
Sam Stevens,Tom Hoge,47.1,4705
Sam Stevens,Rasmus Hojgaard,52.7,5272
Sam Stevens,Billy Horschel,46.8,4677
Sam Stevens,Beau Hossler,44.6,4458
Sam Stevens,Mark Hubbard,46.2,4616
Sam Stevens,Mackenzie Hughes,45.3,4532
Sam Stevens,Sungjae Im,44.9,4491
Sam Stevens,Stephan Jaeger,51.8,5176
Sam Stevens,Ben James,40.7,4069
Sam Stevens,Takumi Kanaya,50.7,5072
Sam Stevens,Jeffrey Kang,51.0,5097
Sam Stevens,Johnny Keefer,43.4,4344
Sam Stevens,Michael Kim,43.8,4381
Sam Stevens,Tom Kim,30.5,3053
Sam Stevens,Chris Kirk,43.1,4311
Sam Stevens,Patton Kizzire,74.7,7468
Sam Stevens,Brooks Koepka,41.8,4182
Sam Stevens,Ben Kohles,35.2,3515
Sam Stevens,Jackson Koivun,33.8,3380
Sam Stevens,Matt Kuchar,42.7,4266
Sam Stevens,Christo Lamprecht,77.2,7720
Sam Stevens,Hank Lebioda,52.2,5223
Sam Stevens,Haotong Li,61.3,6128
Sam Stevens,David Lipsky,48.7,4874
Sam Stevens,Luke List,50.6,5056
Sam Stevens,Justin Lower,53.0,5302
Sam Stevens,Peter Malnati,66.1,6606
Sam Stevens,Hideki Matsuyama,35.0,3502
Sam Stevens,Denny McCarthy,46.8,4685
Sam Stevens,Matt McCarty,50.1,5009
Sam Stevens,Max McGreevy,43.1,4311
Sam Stevens,Maverick McNealy,41.5,4147
Sam Stevens,Mac Meissner,41.3,4126
Sam Stevens,Keith Mitchell,40.8,4077
Sam Stevens,Taylor Moore,50.7,5071
Sam Stevens,William Mouw,44.0,4401
Sam Stevens,Rasmus Neergaard-Petersen,44.2,4420
Sam Stevens,Alex Noren,45.9,4591
Sam Stevens,Andrew Novak,44.6,4461
Sam Stevens,Pontus Nyholm,57.2,5724
Sam Stevens,Thorbjorn Olesen,55.1,5509
Sam Stevens,John Parry,46.9,4687
Sam Stevens,Matthieu Pavon,50.6,5056
Sam Stevens,Taylor Pendrith,50.8,5079
Sam Stevens,Marco Penge,42.3,4225
Sam Stevens,Chandler Phillips,45.9,4593
Sam Stevens,J.T. Poston,40.6,4059
Sam Stevens,Aldrich Potgieter,53.3,5334
Sam Stevens,Seamus Power,54.6,5458
Sam Stevens,Andrew Putnam,47.0,4702
Sam Stevens,Aaron Rai,33.3,3334
Sam Stevens,Chad Ramey,61.3,6130
Sam Stevens,Davis Riley,59.7,5970
Sam Stevens,Patrick Rodgers,60.8,6083
Sam Stevens,Kevin Roy,50.7,5072
Sam Stevens,Marcelo Rozo,56.8,5684
Sam Stevens,Adrien Saddier,52.8,5283
Sam Stevens,Gordon Sargent,59.8,5981
Sam Stevens,Adam Schenk,62.1,6207
Sam Stevens,Matti Schmid,54.8,5476
Sam Stevens,Ben Silverman,50.8,5078
Sam Stevens,Webb Simpson,63.5,6346
Sam Stevens,Alex Smalley,43.7,4372
Sam Stevens,Jordan Smith,39.3,3929
Sam Stevens,Austin Smotherman,54.8,5480
Sam Stevens,Brandt Snedeker,47.3,4733
Sam Stevens,Jordan Spieth,48.7,4866
Sam Stevens,Sepp Straka,52.3,5232
Sam Stevens,Kevin Streelman,50.2,5017
Sam Stevens,Jackson Suber,39.0,3896
Sam Stevens,Adam Svensson,56.0,5596
Sam Stevens,Jesper Svensson,49.7,4975
Sam Stevens,Nick Taylor,45.0,4497
Sam Stevens,Sahith Theegala,43.8,4377
Sam Stevens,Justin Thomas,31.6,3158
Sam Stevens,Davis Thompson,43.1,4311
Sam Stevens,Alejandro Tosti,62.8,6282
Sam Stevens,Erik van Rooyen,49.1,4910
Sam Stevens,John VanDerLaan,55.3,5533
Sam Stevens,Karl Vilips,56.0,5598
Sam Stevens,Camilo Villegas,53.5,5354
Sam Stevens,Danny Walker,68.0,6795
Sam Stevens,Matt Wallace,38.2,3824
Sam Stevens,Vince Whaley,60.2,6016
Sam Stevens,Aaron Wise,46.1,4611
Sam Stevens,Dylan Wu,55.9,5592
Sam Stevens,Cameron Young,28.4,2840
Sam Stevens,Kevin Yu,41.4,4142
Sepp Straka,Zach Bauchou,41.4,4144
Sepp Straka,Christiaan Bezuidenhout,38.7,3873
Sepp Straka,Daniel Berger,49.0,4904
Sepp Straka,Zac Blair,37.5,3751
Sepp Straka,Chandler Blanchet,50.5,5048
Sepp Straka,Keegan Bradley,35.0,3498
Sepp Straka,Michael Brennan,41.2,4123
Sepp Straka,Brian Campbell,53.5,5346
Sepp Straka,Rafael Campos,53.5,5352
Sepp Straka,Ricky Castillo,42.7,4272
Sepp Straka,Bud Cauley,32.2,3223
Sepp Straka,Davis Chatfield,47.3,4726
Sepp Straka,Luke Clanton,45.0,4502
Sepp Straka,Eric Cole,41.1,4112
Sepp Straka,Pierceson Coody,51.0,5098
Sepp Straka,Joel Dahmen,42.3,4235
Sepp Straka,Cam Davis,62.1,6213
Sepp Straka,Jason Day,47.4,4736
Sepp Straka,Zecheng Dou,49.2,4917
Sepp Straka,Adrien Dumont de Chassart,49.2,4918
Sepp Straka,Nick Dunlap,53.1,5314
Sepp Straka,Nico Echavarria,42.4,4240
Sepp Straka,Austin Eckroat,49.4,4939
Sepp Straka,Harris English,38.1,3808
Sepp Straka,Tony Finau,44.7,4467
Sepp Straka,Patrick Fishburn,43.3,4328
Sepp Straka,Steven Fisk,51.8,5175
Sepp Straka,Alex Fitzpatrick,28.3,2827
Sepp Straka,Brice Garnett,48.9,4889
Sepp Straka,Ryan Gerard,34.3,3432
Sepp Straka,Doug Ghim,34.3,3434
Sepp Straka,Lucas Glover,42.8,4275
Sepp Straka,Max Greyserman,49.5,4953
Sepp Straka,Ben Griffin,31.0,3103
Sepp Straka,Lanto Griffin,49.5,4952
Sepp Straka,Emiliano Grillo,36.4,3635
Sepp Straka,Harry Hall,49.0,4899
Sepp Straka,Brian Harman,37.9,3794
Sepp Straka,Garrick Higgo,57.4,5743
Sepp Straka,Joe Highsmith,55.1,5512
Sepp Straka,Kensei Hirata,58.3,5831
Sepp Straka,Ryo Hisatsune,39.2,3921
Sepp Straka,Lee Hodges,42.4,4235
Sepp Straka,Rico Hoey,42.6,4263
Sepp Straka,Tom Hoge,44.7,4474
Sepp Straka,Rasmus Hojgaard,50.4,5039
Sepp Straka,Billy Horschel,44.5,4446
Sepp Straka,Beau Hossler,42.3,4229
Sepp Straka,Mark Hubbard,43.8,4385
Sepp Straka,Mackenzie Hughes,43.0,4302
Sepp Straka,Sungjae Im,42.6,4261
Sepp Straka,Stephan Jaeger,49.4,4943
Sepp Straka,Ben James,38.4,3845
Sepp Straka,Takumi Kanaya,48.4,4839
Sepp Straka,Jeffrey Kang,48.6,4865
Sepp Straka,Johnny Keefer,41.2,4116
Sepp Straka,Michael Kim,41.5,4153
Sepp Straka,Tom Kim,28.5,2852
Sepp Straka,Chris Kirk,40.8,4083
Sepp Straka,Patton Kizzire,72.8,7278
Sepp Straka,Brooks Koepka,39.6,3955
Sepp Straka,Ben Kohles,33.0,3301
Sepp Straka,Jackson Koivun,31.7,3170
Sepp Straka,Matt Kuchar,40.4,4039
Sepp Straka,Christo Lamprecht,75.4,7540
Sepp Straka,Hank Lebioda,49.9,4990
Sepp Straka,Haotong Li,59.0,5903
Sepp Straka,David Lipsky,46.4,4642
Sepp Straka,Luke List,48.2,4823
Sepp Straka,Justin Lower,50.7,5070
Sepp Straka,Peter Malnati,63.9,6390
Sepp Straka,Hideki Matsuyama,32.9,3288
Sepp Straka,Denny McCarthy,44.5,4453
Sepp Straka,Matt McCarty,47.8,4776
Sepp Straka,Max McGreevy,40.8,4083
Sepp Straka,Maverick McNealy,39.2,3921
Sepp Straka,Mac Meissner,39.0,3900
Sepp Straka,Keith Mitchell,38.5,3853
Sepp Straka,Taylor Moore,48.4,4839
Sepp Straka,William Mouw,41.7,4172
Sepp Straka,Rasmus Neergaard-Petersen,41.9,4191
Sepp Straka,Alex Noren,43.6,4360
Sepp Straka,Andrew Novak,42.3,4231
Sepp Straka,Pontus Nyholm,54.9,5495
Sepp Straka,Thorbjorn Olesen,52.8,5278
Sepp Straka,John Parry,44.6,4456
Sepp Straka,Matthieu Pavon,48.2,4823
Sepp Straka,Taylor Pendrith,48.5,4846
Sepp Straka,Marco Penge,40.0,3998
Sepp Straka,Chandler Phillips,43.6,4362
Sepp Straka,J.T. Poston,38.3,3835
Sepp Straka,Aldrich Potgieter,51.0,5102
Sepp Straka,Seamus Power,52.3,5227
Sepp Straka,Andrew Putnam,44.7,4471
Sepp Straka,Aaron Rai,31.2,3124
Sepp Straka,Chad Ramey,59.1,5905
Sepp Straka,Davis Riley,57.4,5743
Sepp Straka,Patrick Rodgers,58.6,5858
Sepp Straka,Kevin Roy,48.4,4839
Sepp Straka,Marcelo Rozo,54.5,5453
Sepp Straka,Adrien Saddier,50.5,5051
Sepp Straka,Gordon Sargent,57.5,5754
Sepp Straka,Adam Schenk,59.8,5984
Sepp Straka,Matti Schmid,52.4,5244
Sepp Straka,Ben Silverman,48.5,4846
Sepp Straka,Webb Simpson,61.3,6125
Sepp Straka,Alex Smalley,41.4,4143
Sepp Straka,Jordan Smith,37.1,3706
Sepp Straka,Austin Smotherman,52.5,5249
Sepp Straka,Brandt Snedeker,45.0,4501
Sepp Straka,Jordan Spieth,46.3,4634
Sepp Straka,Sam Stevens,47.7,4768
Sepp Straka,Kevin Streelman,47.8,4785
Sepp Straka,Jackson Suber,36.7,3675
Sepp Straka,Adam Svensson,53.7,5365
Sepp Straka,Jesper Svensson,47.4,4743
Sepp Straka,Nick Taylor,42.7,4268
Sepp Straka,Sahith Theegala,41.5,4148
Sepp Straka,Justin Thomas,29.5,2953
Sepp Straka,Davis Thompson,40.8,4083
Sepp Straka,Alejandro Tosti,60.6,6060
Sepp Straka,Erik van Rooyen,46.8,4678
Sepp Straka,John VanDerLaan,53.0,5302
Sepp Straka,Karl Vilips,53.7,5367
Sepp Straka,Camilo Villegas,51.2,5122
Sepp Straka,Danny Walker,65.8,6584
Sepp Straka,Matt Wallace,36.0,3604
Sepp Straka,Vince Whaley,57.9,5790
Sepp Straka,Aaron Wise,43.8,4380
Sepp Straka,Dylan Wu,53.6,5361
Sepp Straka,Cameron Young,26.5,2646
Sepp Straka,Kevin Yu,39.2,3917
Kevin Streelman,Zach Bauchou,43.6,4356
Kevin Streelman,Christiaan Bezuidenhout,40.8,4082
Kevin Streelman,Daniel Berger,51.2,5120
Kevin Streelman,Zac Blair,39.6,3958
Kevin Streelman,Chandler Blanchet,52.6,5263
Kevin Streelman,Keegan Bradley,37.0,3700
Kevin Streelman,Michael Brennan,43.4,4335
Kevin Streelman,Brian Campbell,55.6,5560
Kevin Streelman,Rafael Campos,55.7,5566
Kevin Streelman,Ricky Castillo,44.9,4485
Kevin Streelman,Bud Cauley,34.2,3419
Kevin Streelman,Davis Chatfield,49.4,4941
Kevin Streelman,Luke Clanton,47.2,4717
Kevin Streelman,Eric Cole,43.2,4323
Kevin Streelman,Pierceson Coody,53.1,5313
Kevin Streelman,Joel Dahmen,44.5,4447
Kevin Streelman,Cam Davis,64.2,6417
Kevin Streelman,Jason Day,49.5,4952
Kevin Streelman,Zecheng Dou,51.3,5133
Kevin Streelman,Adrien Dumont de Chassart,51.3,5134
Kevin Streelman,Nick Dunlap,55.3,5529
Kevin Streelman,Nico Echavarria,44.5,4453
Kevin Streelman,Austin Eckroat,51.5,5154
Kevin Streelman,Harris English,40.2,4016
Kevin Streelman,Tony Finau,46.8,4682
Kevin Streelman,Patrick Fishburn,45.4,4541
Kevin Streelman,Steven Fisk,53.9,5390
Kevin Streelman,Alex Fitzpatrick,30.1,3013
Kevin Streelman,Brice Garnett,51.0,5104
Kevin Streelman,Ryan Gerard,36.3,3633
Kevin Streelman,Doug Ghim,36.3,3634
Kevin Streelman,Lucas Glover,44.9,4488
Kevin Streelman,Max Greyserman,51.7,5168
Kevin Streelman,Ben Griffin,33.0,3297
Kevin Streelman,Lanto Griffin,51.7,5168
Kevin Streelman,Emiliano Grillo,38.4,3840
Kevin Streelman,Harry Hall,51.1,5115
Kevin Streelman,Brian Harman,40.0,4002
Kevin Streelman,Garrick Higgo,59.5,5953
Kevin Streelman,Joe Highsmith,57.3,5725
Kevin Streelman,Kensei Hirata,60.4,6041
Kevin Streelman,Ryo Hisatsune,41.3,4130
Kevin Streelman,Lee Hodges,44.5,4448
Kevin Streelman,Rico Hoey,44.8,4475
Kevin Streelman,Tom Hoge,46.9,4688
Kevin Streelman,Rasmus Hojgaard,52.5,5255
Kevin Streelman,Billy Horschel,46.6,4660
Kevin Streelman,Beau Hossler,44.4,4441
Kevin Streelman,Mark Hubbard,46.0,4599
Kevin Streelman,Mackenzie Hughes,45.1,4515
Kevin Streelman,Sungjae Im,44.7,4474
Kevin Streelman,Stephan Jaeger,51.6,5159
Kevin Streelman,Ben James,40.5,4053
Kevin Streelman,Takumi Kanaya,50.6,5055
Kevin Streelman,Jeffrey Kang,50.8,5080
Kevin Streelman,Johnny Keefer,43.3,4327
Kevin Streelman,Michael Kim,43.6,4364
Kevin Streelman,Tom Kim,30.4,3039
Kevin Streelman,Chris Kirk,42.9,4295
Kevin Streelman,Patton Kizzire,74.5,7454
Kevin Streelman,Brooks Koepka,41.7,4165
Kevin Streelman,Ben Kohles,35.0,3499
Kevin Streelman,Jackson Koivun,33.6,3365
Kevin Streelman,Matt Kuchar,42.5,4249
Kevin Streelman,Christo Lamprecht,77.1,7707
Kevin Streelman,Hank Lebioda,52.1,5206
Kevin Streelman,Haotong Li,61.1,6112
Kevin Streelman,David Lipsky,48.6,4857
Kevin Streelman,Luke List,50.4,5039
Kevin Streelman,Justin Lower,52.9,5285
Kevin Streelman,Peter Malnati,65.9,6590
Kevin Streelman,Hideki Matsuyama,34.9,3486
Kevin Streelman,Denny McCarthy,46.7,4668
Kevin Streelman,Matt McCarty,49.9,4992
Kevin Streelman,Max McGreevy,42.9,4295
Kevin Streelman,Maverick McNealy,41.3,4130
Kevin Streelman,Mac Meissner,41.1,4109
Kevin Streelman,Keith Mitchell,40.6,4061
Kevin Streelman,Taylor Moore,50.5,5054
Kevin Streelman,William Mouw,43.8,4384
Kevin Streelman,Rasmus Neergaard-Petersen,44.0,4403
Kevin Streelman,Alex Noren,45.7,4574
Kevin Streelman,Andrew Novak,44.4,4444
Kevin Streelman,Pontus Nyholm,57.1,5708
Kevin Streelman,Thorbjorn Olesen,54.9,5492
Kevin Streelman,John Parry,46.7,4670
Kevin Streelman,Matthieu Pavon,50.4,5039
Kevin Streelman,Taylor Pendrith,50.6,5062
Kevin Streelman,Marco Penge,42.1,4208
Kevin Streelman,Chandler Phillips,45.8,4576
Kevin Streelman,J.T. Poston,40.4,4043
Kevin Streelman,Aldrich Potgieter,53.2,5317
Kevin Streelman,Seamus Power,54.4,5441
Kevin Streelman,Andrew Putnam,46.9,4685
Kevin Streelman,Aaron Rai,33.2,3318
Kevin Streelman,Chad Ramey,61.1,6114
Kevin Streelman,Davis Riley,59.5,5953
Kevin Streelman,Patrick Rodgers,60.7,6067
Kevin Streelman,Kevin Roy,50.6,5055
Kevin Streelman,Marcelo Rozo,56.7,5667
Kevin Streelman,Adrien Saddier,52.7,5266
Kevin Streelman,Gordon Sargent,59.6,5964
Kevin Streelman,Adam Schenk,61.9,6191
Kevin Streelman,Matti Schmid,54.6,5459
Kevin Streelman,Ben Silverman,50.6,5061
Kevin Streelman,Webb Simpson,63.3,6330
Kevin Streelman,Alex Smalley,43.5,4355
Kevin Streelman,Jordan Smith,39.1,3912
Kevin Streelman,Austin Smotherman,54.6,5464
Kevin Streelman,Brandt Snedeker,47.2,4716
Kevin Streelman,Jordan Spieth,48.5,4849
Kevin Streelman,Sam Stevens,49.8,4983
Kevin Streelman,Sepp Straka,52.2,5215
Kevin Streelman,Jackson Suber,38.8,3880
Kevin Streelman,Adam Svensson,55.8,5579
Kevin Streelman,Jesper Svensson,49.6,4958
Kevin Streelman,Nick Taylor,44.8,4481
Kevin Streelman,Sahith Theegala,43.6,4360
Kevin Streelman,Justin Thomas,31.4,3143
Kevin Streelman,Davis Thompson,42.9,4294
Kevin Streelman,Alejandro Tosti,62.7,6266
Kevin Streelman,Erik van Rooyen,48.9,4893
Kevin Streelman,John VanDerLaan,55.2,5516
Kevin Streelman,Karl Vilips,55.8,5581
Kevin Streelman,Camilo Villegas,53.4,5337
Kevin Streelman,Danny Walker,67.8,6780
Kevin Streelman,Matt Wallace,38.1,3808
Kevin Streelman,Vince Whaley,60.0,6000
Kevin Streelman,Aaron Wise,45.9,4594
Kevin Streelman,Dylan Wu,55.8,5575
Kevin Streelman,Cameron Young,28.3,2826
Kevin Streelman,Kevin Yu,41.3,4126
Jackson Suber,Zach Bauchou,54.9,5487
Jackson Suber,Christiaan Bezuidenhout,52.1,5209
Jackson Suber,Daniel Berger,62.3,6235
Jackson Suber,Zac Blair,50.8,5081
Jackson Suber,Chandler Blanchet,63.7,6370
Jackson Suber,Keegan Bradley,48.1,4812
Jackson Suber,Michael Brennan,54.7,5466
Jackson Suber,Brian Campbell,66.5,6647
Jackson Suber,Rafael Campos,66.5,6653
Jackson Suber,Ricky Castillo,56.2,5616
Jackson Suber,Bud Cauley,45.1,4512
Jackson Suber,Davis Chatfield,60.6,6063
Jackson Suber,Luke Clanton,58.5,5845
Jackson Suber,Eric Cole,54.5,5454
Jackson Suber,Pierceson Coody,64.2,6417
Jackson Suber,Joel Dahmen,55.8,5579
Jackson Suber,Cam Davis,74.1,7414
Jackson Suber,Jason Day,60.7,6074
Jackson Suber,Zecheng Dou,62.5,6247
Jackson Suber,Adrien Dumont de Chassart,62.5,6248
Jackson Suber,Nick Dunlap,66.2,6618
Jackson Suber,Nico Echavarria,55.8,5584
Jackson Suber,Austin Eckroat,62.7,6267
Jackson Suber,Harris English,51.4,5141
Jackson Suber,Tony Finau,58.1,5811
Jackson Suber,Patrick Fishburn,56.7,5672
Jackson Suber,Steven Fisk,64.9,6490
Jackson Suber,Alex Fitzpatrick,40.7,4066
Jackson Suber,Brice Garnett,62.2,6220
Jackson Suber,Ryan Gerard,47.4,4740
Jackson Suber,Doug Ghim,47.4,4742
Jackson Suber,Lucas Glover,56.2,5619
Jackson Suber,Max Greyserman,62.8,6281
Jackson Suber,Ben Griffin,43.8,4379
Jackson Suber,Lanto Griffin,62.8,6280
Jackson Suber,Emiliano Grillo,49.6,4958
Jackson Suber,Harry Hall,62.3,6230
Jackson Suber,Brian Harman,51.3,5126
Jackson Suber,Garrick Higgo,70.0,7005
Jackson Suber,Joe Highsmith,68.0,6799
Jackson Suber,Kensei Hirata,70.8,7083
Jackson Suber,Ryo Hisatsune,52.6,5258
Jackson Suber,Lee Hodges,55.8,5579
Jackson Suber,Rico Hoey,56.1,5607
Jackson Suber,Tom Hoge,58.2,5817
Jackson Suber,Rasmus Hojgaard,63.6,6362
Jackson Suber,Billy Horschel,57.9,5790
Jackson Suber,Beau Hossler,55.7,5573
Jackson Suber,Mark Hubbard,57.3,5729
Jackson Suber,Mackenzie Hughes,56.5,5646
Jackson Suber,Sungjae Im,56.1,5605
Jackson Suber,Stephan Jaeger,62.7,6272
Jackson Suber,Ben James,51.8,5179
Jackson Suber,Takumi Kanaya,61.7,6173
Jackson Suber,Jeffrey Kang,62.0,6197
Jackson Suber,Johnny Keefer,54.6,5458
Jackson Suber,Michael Kim,55.0,5496
Jackson Suber,Tom Kim,41.0,4095
Jackson Suber,Chris Kirk,54.3,5425
Jackson Suber,Patton Kizzire,82.8,8276
Jackson Suber,Brooks Koepka,52.9,5294
Jackson Suber,Ben Kohles,46.0,4598
Jackson Suber,Jackson Koivun,44.5,4453
Jackson Suber,Matt Kuchar,53.8,5380
Jackson Suber,Christo Lamprecht,84.8,8475
Jackson Suber,Hank Lebioda,63.2,6316
Jackson Suber,Haotong Li,71.5,7146
Jackson Suber,David Lipsky,59.8,5982
Jackson Suber,Luke List,61.6,6157
Jackson Suber,Justin Lower,63.9,6391
Jackson Suber,Peter Malnati,75.6,7563
Jackson Suber,Hideki Matsuyama,45.8,4584
Jackson Suber,Denny McCarthy,58.0,5797
Jackson Suber,Matt McCarty,61.1,6112
Jackson Suber,Max McGreevy,54.3,5425
Jackson Suber,Maverick McNealy,52.6,5258
Jackson Suber,Mac Meissner,52.4,5237
Jackson Suber,Keith Mitchell,51.9,5187
Jackson Suber,Taylor Moore,61.7,6172
Jackson Suber,William Mouw,55.2,5515
Jackson Suber,Rasmus Neergaard-Petersen,55.3,5535
Jackson Suber,Alex Noren,57.0,5705
Jackson Suber,Andrew Novak,55.8,5575
Jackson Suber,Pontus Nyholm,67.8,6783
Jackson Suber,Thorbjorn Olesen,65.8,6585
Jackson Suber,John Parry,58.0,5799
Jackson Suber,Matthieu Pavon,61.6,6157
Jackson Suber,Taylor Pendrith,61.8,6179
Jackson Suber,Marco Penge,53.4,5338
Jackson Suber,Chandler Phillips,57.1,5706
Jackson Suber,J.T. Poston,51.7,5168
Jackson Suber,Aldrich Potgieter,64.2,6421
Jackson Suber,Seamus Power,65.4,6537
Jackson Suber,Andrew Putnam,58.1,5814
Jackson Suber,Aaron Rai,44.0,4402
Jackson Suber,Chad Ramey,71.5,7148
Jackson Suber,Davis Riley,70.1,7005
Jackson Suber,Patrick Rodgers,71.1,7107
Jackson Suber,Kevin Roy,61.7,6173
Jackson Suber,Marcelo Rozo,67.5,6745
Jackson Suber,Adrien Saddier,63.7,6373
Jackson Suber,Gordon Sargent,70.1,7015
Jackson Suber,Adam Schenk,72.2,7216
Jackson Suber,Matti Schmid,65.5,6554
Jackson Suber,Ben Silverman,61.8,6179
Jackson Suber,Webb Simpson,73.4,7338
Jackson Suber,Alex Smalley,54.9,5486
Jackson Suber,Jordan Smith,50.3,5034
Jackson Suber,Austin Smotherman,65.6,6558
Jackson Suber,Brandt Snedeker,58.4,5845
Jackson Suber,Jordan Spieth,59.7,5975
Jackson Suber,Sam Stevens,61.0,6104
Jackson Suber,Sepp Straka,63.3,6325
Jackson Suber,Kevin Streelman,61.2,6120
Jackson Suber,Adam Svensson,66.6,6665
Jackson Suber,Jesper Svensson,60.8,6080
Jackson Suber,Nick Taylor,56.1,5612
Jackson Suber,Sahith Theegala,54.9,5491
Jackson Suber,Justin Thomas,42.1,4210
Jackson Suber,Davis Thompson,54.2,5425
Jackson Suber,Alejandro Tosti,72.8,7282
Jackson Suber,Erik van Rooyen,60.2,6017
Jackson Suber,John VanDerLaan,66.1,6607
Jackson Suber,Karl Vilips,66.7,6667
Jackson Suber,Camilo Villegas,64.4,6440
Jackson Suber,Danny Walker,77.2,7724
Jackson Suber,Matt Wallace,49.2,4925
Jackson Suber,Vince Whaley,70.5,7046
Jackson Suber,Aaron Wise,57.2,5725
Jackson Suber,Dylan Wu,66.6,6661
Jackson Suber,Cameron Young,38.6,3856
Jackson Suber,Kevin Yu,52.5,5254
Adam Svensson,Zach Bauchou,37.9,3791
Adam Svensson,Christiaan Bezuidenhout,35.3,3527
Adam Svensson,Daniel Berger,45.4,4540
Adam Svensson,Zac Blair,34.1,3409
Adam Svensson,Chandler Blanchet,46.8,4682
Adam Svensson,Keegan Bradley,31.7,3165
Adam Svensson,Michael Brennan,37.7,3771
Adam Svensson,Brian Campbell,49.8,4981
Adam Svensson,Rafael Campos,49.9,4986
Adam Svensson,Ricky Castillo,39.2,3916
Adam Svensson,Bud Cauley,29.0,2901
Adam Svensson,Davis Chatfield,43.6,4363
Adam Svensson,Luke Clanton,41.4,4142
Adam Svensson,Eric Cole,37.6,3760
Adam Svensson,Pierceson Coody,47.3,4732
Adam Svensson,Joel Dahmen,38.8,3880
Adam Svensson,Cam Davis,58.6,5860
Adam Svensson,Jason Day,43.7,4373
Adam Svensson,Zecheng Dou,45.5,4552
Adam Svensson,Adrien Dumont de Chassart,45.5,4554
Adam Svensson,Nick Dunlap,49.5,4949
Adam Svensson,Nico Echavarria,38.8,3885
Adam Svensson,Austin Eckroat,45.7,4574
Adam Svensson,Harris English,34.6,3464
Adam Svensson,Tony Finau,41.1,4108
Adam Svensson,Patrick Fishburn,39.7,3971
Adam Svensson,Steven Fisk,48.1,4810
Adam Svensson,Alex Fitzpatrick,25.3,2526
Adam Svensson,Brice Garnett,45.2,4524
Adam Svensson,Ryan Gerard,31.0,3101
Adam Svensson,Doug Ghim,31.0,3103
Adam Svensson,Lucas Glover,39.2,3919
Adam Svensson,Max Greyserman,45.9,4588
Adam Svensson,Ben Griffin,27.9,2787
Adam Svensson,Lanto Griffin,45.9,4587
Adam Svensson,Emiliano Grillo,33.0,3297
Adam Svensson,Harry Hall,45.3,4534
Adam Svensson,Brian Harman,34.5,3451
Adam Svensson,Garrick Higgo,53.8,5381
Adam Svensson,Joe Highsmith,51.5,5148
Adam Svensson,Kensei Hirata,54.7,5471
Adam Svensson,Ryo Hisatsune,35.7,3574
Adam Svensson,Lee Hodges,38.8,3880
Adam Svensson,Rico Hoey,39.1,3907
Adam Svensson,Tom Hoge,41.1,4114
Adam Svensson,Rasmus Hojgaard,46.7,4674
Adam Svensson,Billy Horschel,40.9,4087
Adam Svensson,Beau Hossler,38.7,3874
Adam Svensson,Mark Hubbard,40.3,4027
Adam Svensson,Mackenzie Hughes,39.4,3945
Adam Svensson,Sungjae Im,39.1,3905
Adam Svensson,Stephan Jaeger,45.8,4578
Adam Svensson,Ben James,35.0,3500
Adam Svensson,Takumi Kanaya,44.8,4475
Adam Svensson,Jeffrey Kang,45.0,4500
Adam Svensson,Johnny Keefer,37.6,3763
Adam Svensson,Michael Kim,38.0,3799
Adam Svensson,Tom Kim,25.5,2549
Adam Svensson,Chris Kirk,37.3,3732
Adam Svensson,Patton Kizzire,69.7,6965
Adam Svensson,Brooks Koepka,36.1,3607
Adam Svensson,Ben Kohles,29.8,2976
Adam Svensson,Jackson Koivun,28.5,2851
Adam Svensson,Matt Kuchar,36.9,3688
Adam Svensson,Christo Lamprecht,72.4,7243
Adam Svensson,Hank Lebioda,46.3,4625
Adam Svensson,Haotong Li,55.4,5544
Adam Svensson,David Lipsky,42.8,4279
Adam Svensson,Luke List,44.6,4459
Adam Svensson,Justin Lower,47.0,4705
Adam Svensson,Peter Malnati,60.4,6042
Adam Svensson,Hideki Matsuyama,29.6,2964
Adam Svensson,Denny McCarthy,40.9,4094
Adam Svensson,Matt McCarty,44.1,4413
Adam Svensson,Max McGreevy,37.3,3732
Adam Svensson,Maverick McNealy,35.7,3574
Adam Svensson,Mac Meissner,35.5,3553
Adam Svensson,Keith Mitchell,35.1,3507
Adam Svensson,Taylor Moore,44.7,4474
Adam Svensson,William Mouw,38.2,3818
Adam Svensson,Rasmus Neergaard-Petersen,38.4,3837
Adam Svensson,Alex Noren,40.0,4002
Adam Svensson,Andrew Novak,38.8,3876
Adam Svensson,Pontus Nyholm,51.3,5130
Adam Svensson,Thorbjorn Olesen,49.1,4912
Adam Svensson,John Parry,41.0,4096
Adam Svensson,Matthieu Pavon,44.6,4459
Adam Svensson,Taylor Pendrith,44.8,4482
Adam Svensson,Marco Penge,36.5,3649
Adam Svensson,Chandler Phillips,40.0,4004
Adam Svensson,J.T. Poston,34.9,3490
Adam Svensson,Aldrich Potgieter,47.4,4736
Adam Svensson,Seamus Power,48.6,4861
Adam Svensson,Andrew Putnam,41.1,4111
Adam Svensson,Aaron Rai,28.1,2808
Adam Svensson,Chad Ramey,55.5,5546
Adam Svensson,Davis Riley,53.8,5381
Adam Svensson,Patrick Rodgers,55.0,5498
Adam Svensson,Kevin Roy,44.8,4475
Adam Svensson,Marcelo Rozo,50.9,5089
Adam Svensson,Adrien Saddier,46.9,4685
Adam Svensson,Gordon Sargent,53.9,5392
Adam Svensson,Adam Schenk,56.3,5625
Adam Svensson,Matti Schmid,48.8,4879
Adam Svensson,Ben Silverman,44.8,4482
Adam Svensson,Webb Simpson,57.7,5770
Adam Svensson,Alex Smalley,37.9,3790
Adam Svensson,Jordan Smith,33.7,3366
Adam Svensson,Austin Smotherman,48.8,4883
Adam Svensson,Brandt Snedeker,41.4,4141
Adam Svensson,Jordan Spieth,42.7,4272
Adam Svensson,Sam Stevens,44.0,4404
Adam Svensson,Sepp Straka,46.3,4635
Adam Svensson,Kevin Streelman,44.2,4421
Adam Svensson,Jackson Suber,33.4,3335
Adam Svensson,Jesper Svensson,43.8,4379
Adam Svensson,Nick Taylor,39.1,3912
Adam Svensson,Sahith Theegala,37.9,3795
Adam Svensson,Justin Thomas,26.4,2645
Adam Svensson,Davis Thompson,37.3,3731
Adam Svensson,Alejandro Tosti,57.0,5703
Adam Svensson,Erik van Rooyen,43.2,4316
Adam Svensson,John VanDerLaan,49.4,4936
Adam Svensson,Karl Vilips,50.0,5002
Adam Svensson,Camilo Villegas,47.6,4756
Adam Svensson,Danny Walker,62.4,6241
Adam Svensson,Matt Wallace,32.7,3267
Adam Svensson,Vince Whaley,54.3,5428
Adam Svensson,Aaron Wise,40.2,4022
Adam Svensson,Dylan Wu,50.0,4996
Adam Svensson,Cameron Young,23.5,2355
Adam Svensson,Kevin Yu,35.7,3570
Jesper Svensson,Zach Bauchou,44.0,4398
Jesper Svensson,Christiaan Bezuidenhout,41.2,4123
Jesper Svensson,Daniel Berger,51.6,5162
Jesper Svensson,Zac Blair,40.0,3999
Jesper Svensson,Chandler Blanchet,53.1,5305
Jesper Svensson,Keegan Bradley,37.4,3740
Jesper Svensson,Michael Brennan,43.8,4377
Jesper Svensson,Brian Campbell,56.0,5602
Jesper Svensson,Rafael Campos,56.1,5607
Jesper Svensson,Ricky Castillo,45.3,4527
Jesper Svensson,Bud Cauley,34.6,3458
Jesper Svensson,Davis Chatfield,49.8,4983
Jesper Svensson,Luke Clanton,47.6,4759
Jesper Svensson,Eric Cole,43.6,4365
Jesper Svensson,Pierceson Coody,53.5,5355
Jesper Svensson,Joel Dahmen,44.9,4489
Jesper Svensson,Cam Davis,64.6,6456
Jesper Svensson,Jason Day,49.9,4994
Jesper Svensson,Zecheng Dou,51.7,5175
Jesper Svensson,Adrien Dumont de Chassart,51.8,5176
Jesper Svensson,Nick Dunlap,55.7,5570
Jesper Svensson,Nico Echavarria,44.9,4495
Jesper Svensson,Austin Eckroat,52.0,5196
Jesper Svensson,Harris English,40.6,4057
Jesper Svensson,Tony Finau,47.2,4724
Jesper Svensson,Patrick Fishburn,45.8,4583
Jesper Svensson,Steven Fisk,54.3,5432
Jesper Svensson,Alex Fitzpatrick,30.5,3050
Jesper Svensson,Brice Garnett,51.5,5146
Jesper Svensson,Ryan Gerard,36.7,3672
Jesper Svensson,Doug Ghim,36.7,3674
Jesper Svensson,Lucas Glover,45.3,4530
Jesper Svensson,Max Greyserman,52.1,5210
Jesper Svensson,Ben Griffin,33.3,3335
Jesper Svensson,Lanto Griffin,52.1,5210
Jesper Svensson,Emiliano Grillo,38.8,3880
Jesper Svensson,Harry Hall,51.6,5157
Jesper Svensson,Brian Harman,40.4,4043
Jesper Svensson,Garrick Higgo,59.9,5994
Jesper Svensson,Joe Highsmith,57.7,5766
Jesper Svensson,Kensei Hirata,60.8,6081
Jesper Svensson,Ryo Hisatsune,41.7,4171
Jesper Svensson,Lee Hodges,44.9,4489
Jesper Svensson,Rico Hoey,45.2,4517
Jesper Svensson,Tom Hoge,47.3,4730
Jesper Svensson,Rasmus Hojgaard,53.0,5297
Jesper Svensson,Billy Horschel,47.0,4702
Jesper Svensson,Beau Hossler,44.8,4483
Jesper Svensson,Mark Hubbard,46.4,4641
Jesper Svensson,Mackenzie Hughes,45.6,4557
Jesper Svensson,Sungjae Im,45.2,4516
Jesper Svensson,Stephan Jaeger,52.0,5201
Jesper Svensson,Ben James,40.9,4094
Jesper Svensson,Takumi Kanaya,51.0,5097
Jesper Svensson,Jeffrey Kang,51.2,5122
Jesper Svensson,Johnny Keefer,43.7,4369
Jesper Svensson,Michael Kim,44.1,4406
Jesper Svensson,Tom Kim,30.8,3075
Jesper Svensson,Chris Kirk,43.4,4336
Jesper Svensson,Patton Kizzire,74.9,7488
Jesper Svensson,Brooks Koepka,42.1,4206
Jesper Svensson,Ben Kohles,35.4,3538
Jesper Svensson,Jackson Koivun,34.0,3403
Jesper Svensson,Matt Kuchar,42.9,4291
Jesper Svensson,Christo Lamprecht,77.4,7739
Jesper Svensson,Hank Lebioda,52.5,5248
Jesper Svensson,Haotong Li,61.5,6152
Jesper Svensson,David Lipsky,49.0,4899
Jesper Svensson,Luke List,50.8,5081
Jesper Svensson,Justin Lower,53.3,5327
Jesper Svensson,Peter Malnati,66.3,6629
Jesper Svensson,Hideki Matsuyama,35.2,3525
Jesper Svensson,Denny McCarthy,47.1,4710
Jesper Svensson,Matt McCarty,50.3,5034
Jesper Svensson,Max McGreevy,43.4,4336
Jesper Svensson,Maverick McNealy,41.7,4171
Jesper Svensson,Mac Meissner,41.5,4150
Jesper Svensson,Keith Mitchell,41.0,4102
Jesper Svensson,Taylor Moore,51.0,5096
Jesper Svensson,William Mouw,44.3,4425
Jesper Svensson,Rasmus Neergaard-Petersen,44.5,4445
Jesper Svensson,Alex Noren,46.2,4616
Jesper Svensson,Andrew Novak,44.9,4486
Jesper Svensson,Pontus Nyholm,57.5,5749
Jesper Svensson,Thorbjorn Olesen,55.3,5534
Jesper Svensson,John Parry,47.1,4712
Jesper Svensson,Matthieu Pavon,50.8,5081
Jesper Svensson,Taylor Pendrith,51.0,5104
Jesper Svensson,Marco Penge,42.5,4250
Jesper Svensson,Chandler Phillips,46.2,4618
Jesper Svensson,J.T. Poston,40.8,4084
Jesper Svensson,Aldrich Potgieter,53.6,5359
Jesper Svensson,Seamus Power,54.8,5483
Jesper Svensson,Andrew Putnam,47.3,4727
Jesper Svensson,Aaron Rai,33.6,3357
Jesper Svensson,Chad Ramey,61.5,6154
Jesper Svensson,Davis Riley,59.9,5994
Jesper Svensson,Patrick Rodgers,61.1,6108
Jesper Svensson,Kevin Roy,51.0,5097
Jesper Svensson,Marcelo Rozo,57.1,5708
Jesper Svensson,Adrien Saddier,53.1,5308
Jesper Svensson,Gordon Sargent,60.0,6005
Jesper Svensson,Adam Schenk,62.3,6231
Jesper Svensson,Matti Schmid,55.0,5501
Jesper Svensson,Ben Silverman,51.0,5104
Jesper Svensson,Webb Simpson,63.7,6370
Jesper Svensson,Alex Smalley,44.0,4396
Jesper Svensson,Jordan Smith,39.5,3953
Jesper Svensson,Austin Smotherman,55.1,5505
Jesper Svensson,Brandt Snedeker,47.6,4758
Jesper Svensson,Jordan Spieth,48.9,4891
Jesper Svensson,Sam Stevens,50.3,5025
Jesper Svensson,Sepp Straka,52.6,5257
Jesper Svensson,Kevin Streelman,50.4,5042
Jesper Svensson,Jackson Suber,39.2,3920
Jesper Svensson,Adam Svensson,56.2,5621
Jesper Svensson,Nick Taylor,45.2,4522
Jesper Svensson,Sahith Theegala,44.0,4402
Jesper Svensson,Justin Thomas,31.8,3180
Jesper Svensson,Davis Thompson,43.4,4336
Jesper Svensson,Alejandro Tosti,63.1,6306
Jesper Svensson,Erik van Rooyen,49.4,4936
Jesper Svensson,John VanDerLaan,55.6,5558
Jesper Svensson,Karl Vilips,56.2,5623
Jesper Svensson,Camilo Villegas,53.8,5379
Jesper Svensson,Danny Walker,68.2,6818
Jesper Svensson,Matt Wallace,38.5,3848
Jesper Svensson,Vince Whaley,60.4,6040
Jesper Svensson,Aaron Wise,46.4,4636
Jesper Svensson,Dylan Wu,56.2,5617
Jesper Svensson,Cameron Young,28.6,2861
Jesper Svensson,Kevin Yu,41.7,4167
Nick Taylor,Zach Bauchou,48.7,4874
Nick Taylor,Christiaan Bezuidenhout,46.0,4595
Nick Taylor,Daniel Berger,56.4,5638
Nick Taylor,Zac Blair,44.7,4468
Nick Taylor,Chandler Blanchet,57.8,5779
Nick Taylor,Keegan Bradley,42.0,4203
Nick Taylor,Michael Brennan,48.5,4853
Nick Taylor,Brian Campbell,60.7,6070
Nick Taylor,Rafael Campos,60.8,6075
Nick Taylor,Ricky Castillo,50.0,5005
Nick Taylor,Bud Cauley,39.1,3910
Nick Taylor,Davis Chatfield,54.6,5461
Nick Taylor,Luke Clanton,52.4,5237
Nick Taylor,Eric Cole,48.4,4841
Nick Taylor,Pierceson Coody,58.3,5828
Nick Taylor,Joel Dahmen,49.7,4967
Nick Taylor,Cam Davis,68.9,6892
Nick Taylor,Jason Day,54.7,5472
Nick Taylor,Zecheng Dou,56.5,5651
Nick Taylor,Adrien Dumont de Chassart,56.5,5652
Nick Taylor,Nick Dunlap,60.4,6039
Nick Taylor,Nico Echavarria,49.7,4972
Nick Taylor,Austin Eckroat,56.7,5672
Nick Taylor,Harris English,45.3,4528
Nick Taylor,Tony Finau,52.0,5202
Nick Taylor,Patrick Fishburn,50.6,5061
Nick Taylor,Steven Fisk,59.0,5904
Nick Taylor,Alex Fitzpatrick,34.8,3482
Nick Taylor,Brice Garnett,56.2,5623
Nick Taylor,Ryan Gerard,41.3,4132
Nick Taylor,Doug Ghim,41.3,4134
Nick Taylor,Lucas Glover,50.1,5008
Nick Taylor,Max Greyserman,56.9,5686
Nick Taylor,Ben Griffin,37.8,3782
Nick Taylor,Lanto Griffin,56.9,5685
Nick Taylor,Emiliano Grillo,43.5,4347
Nick Taylor,Harry Hall,56.3,5633
Nick Taylor,Brian Harman,45.1,4513
Nick Taylor,Garrick Higgo,64.5,6450
Nick Taylor,Joe Highsmith,62.3,6230
Nick Taylor,Kensei Hirata,65.3,6534
Nick Taylor,Ryo Hisatsune,46.4,4645
Nick Taylor,Lee Hodges,49.7,4967
Nick Taylor,Rico Hoey,49.9,4995
Nick Taylor,Tom Hoge,52.1,5209
Nick Taylor,Rasmus Hojgaard,57.7,5771
Nick Taylor,Billy Horschel,51.8,5181
Nick Taylor,Beau Hossler,49.6,4960
Nick Taylor,Mark Hubbard,51.2,5119
Nick Taylor,Mackenzie Hughes,50.3,5034
Nick Taylor,Sungjae Im,49.9,4993
Nick Taylor,Stephan Jaeger,56.8,5677
Nick Taylor,Ben James,45.7,4565
Nick Taylor,Takumi Kanaya,55.7,5574
Nick Taylor,Jeffrey Kang,56.0,5599
Nick Taylor,Johnny Keefer,48.5,4845
Nick Taylor,Michael Kim,48.8,4883
Nick Taylor,Tom Kim,35.1,3509
Nick Taylor,Chris Kirk,48.1,4812
Nick Taylor,Patton Kizzire,78.5,7854
Nick Taylor,Brooks Koepka,46.8,4680
Nick Taylor,Ben Kohles,39.9,3994
Nick Taylor,Jackson Koivun,38.5,3853
Nick Taylor,Matt Kuchar,47.7,4766
Nick Taylor,Christo Lamprecht,80.8,8084
Nick Taylor,Hank Lebioda,57.2,5723
Nick Taylor,Haotong Li,66.0,6602
Nick Taylor,David Lipsky,53.8,5377
Nick Taylor,Luke List,55.6,5558
Nick Taylor,Justin Lower,58.0,5801
Nick Taylor,Peter Malnati,70.6,7055
Nick Taylor,Hideki Matsuyama,39.8,3980
Nick Taylor,Denny McCarthy,51.9,5188
Nick Taylor,Matt McCarty,55.1,5511
Nick Taylor,Max McGreevy,48.1,4812
Nick Taylor,Maverick McNealy,46.4,4645
Nick Taylor,Mac Meissner,46.2,4623
Nick Taylor,Keith Mitchell,45.7,4574
Nick Taylor,Taylor Moore,55.7,5573
Nick Taylor,William Mouw,49.0,4902
Nick Taylor,Rasmus Neergaard-Petersen,49.2,4922
Nick Taylor,Alex Noren,50.9,5094
Nick Taylor,Andrew Novak,49.6,4963
Nick Taylor,Pontus Nyholm,62.1,6213
Nick Taylor,Thorbjorn Olesen,60.0,6004
Nick Taylor,John Parry,51.9,5190
Nick Taylor,Matthieu Pavon,55.6,5558
Nick Taylor,Taylor Pendrith,55.8,5580
Nick Taylor,Marco Penge,47.2,4724
Nick Taylor,Chandler Phillips,51.0,5096
Nick Taylor,J.T. Poston,45.6,4555
Nick Taylor,Aldrich Potgieter,58.3,5832
Nick Taylor,Seamus Power,59.5,5954
Nick Taylor,Andrew Putnam,52.1,5206
Nick Taylor,Aaron Rai,38.0,3804
Nick Taylor,Chad Ramey,66.0,6604
Nick Taylor,Davis Riley,64.5,6450
Nick Taylor,Patrick Rodgers,65.6,6559
Nick Taylor,Kevin Roy,55.7,5574
Nick Taylor,Marcelo Rozo,61.7,6173
Nick Taylor,Adrien Saddier,57.8,5782
Nick Taylor,Gordon Sargent,64.6,6460
Nick Taylor,Adam Schenk,66.8,6677
Nick Taylor,Matti Schmid,59.7,5971
Nick Taylor,Ben Silverman,55.8,5580
Nick Taylor,Webb Simpson,68.1,6810
Nick Taylor,Alex Smalley,48.7,4873
Nick Taylor,Jordan Smith,44.2,4421
Nick Taylor,Austin Smotherman,59.8,5976
Nick Taylor,Brandt Snedeker,52.4,5237
Nick Taylor,Jordan Spieth,53.7,5370
Nick Taylor,Sam Stevens,55.0,5503
Nick Taylor,Sepp Straka,57.3,5732
Nick Taylor,Kevin Streelman,55.2,5519
Nick Taylor,Jackson Suber,43.9,4388
Nick Taylor,Adam Svensson,60.9,6088
Nick Taylor,Jesper Svensson,54.8,5478
Nick Taylor,Sahith Theegala,48.8,4878
Nick Taylor,Justin Thomas,36.2,3619
Nick Taylor,Davis Thompson,48.1,4812
Nick Taylor,Alejandro Tosti,67.5,6749
Nick Taylor,Erik van Rooyen,54.1,5414
Nick Taylor,John VanDerLaan,60.3,6027
Nick Taylor,Karl Vilips,60.9,6090
Nick Taylor,Camilo Villegas,58.5,5852
Nick Taylor,Danny Walker,72.3,7233
Nick Taylor,Matt Wallace,43.1,4314
Nick Taylor,Vince Whaley,64.9,6494
Nick Taylor,Aaron Wise,51.1,5114
Nick Taylor,Dylan Wu,60.8,6085
Nick Taylor,Cameron Young,32.8,3283
Nick Taylor,Kevin Yu,46.4,4640
Sahith Theegala,Zach Bauchou,50.0,4996
Sahith Theegala,Christiaan Bezuidenhout,47.2,4717
Sahith Theegala,Daniel Berger,57.6,5758
Sahith Theegala,Zac Blair,45.9,4589
Sahith Theegala,Chandler Blanchet,59.0,5898
Sahith Theegala,Keegan Bradley,43.2,4323
Sahith Theegala,Michael Brennan,49.7,4975
Sahith Theegala,Brian Campbell,61.9,6187
Sahith Theegala,Rafael Campos,61.9,6192
Sahith Theegala,Ricky Castillo,51.3,5127
Sahith Theegala,Bud Cauley,40.3,4028
Sahith Theegala,Davis Chatfield,55.8,5582
Sahith Theegala,Luke Clanton,53.6,5359
Sahith Theegala,Eric Cole,49.6,4963
Sahith Theegala,Pierceson Coody,59.5,5947
Sahith Theegala,Joel Dahmen,50.9,5088
Sahith Theegala,Cam Davis,70.0,6999
Sahith Theegala,Jason Day,55.9,5592
Sahith Theegala,Zecheng Dou,57.7,5771
Sahith Theegala,Adrien Dumont de Chassart,57.7,5772
Sahith Theegala,Nick Dunlap,61.6,6156
Sahith Theegala,Nico Echavarria,50.9,5094
Sahith Theegala,Austin Eckroat,57.9,5792
Sahith Theegala,Harris English,46.5,4649
Sahith Theegala,Tony Finau,53.2,5324
Sahith Theegala,Patrick Fishburn,51.8,5183
Sahith Theegala,Steven Fisk,60.2,6022
Sahith Theegala,Alex Fitzpatrick,36.0,3596
Sahith Theegala,Brice Garnett,57.4,5743
Sahith Theegala,Ryan Gerard,42.5,4252
Sahith Theegala,Doug Ghim,42.5,4254
Sahith Theegala,Lucas Glover,51.3,5129
Sahith Theegala,Max Greyserman,58.1,5805
Sahith Theegala,Ben Griffin,39.0,3898
Sahith Theegala,Lanto Griffin,58.0,5805
Sahith Theegala,Emiliano Grillo,44.7,4467
Sahith Theegala,Harry Hall,57.5,5753
Sahith Theegala,Brian Harman,46.3,4634
Sahith Theegala,Garrick Higgo,65.6,6563
Sahith Theegala,Joe Highsmith,63.5,6345
Sahith Theegala,Kensei Hirata,66.5,6646
Sahith Theegala,Ryo Hisatsune,47.7,4766
Sahith Theegala,Lee Hodges,50.9,5089
Sahith Theegala,Rico Hoey,51.2,5117
Sahith Theegala,Tom Hoge,53.3,5330
Sahith Theegala,Rasmus Hojgaard,58.9,5890
Sahith Theegala,Billy Horschel,53.0,5302
Sahith Theegala,Beau Hossler,50.8,5082
Sahith Theegala,Mark Hubbard,52.4,5241
Sahith Theegala,Mackenzie Hughes,51.6,5156
Sahith Theegala,Sungjae Im,51.2,5115
Sahith Theegala,Stephan Jaeger,58.0,5796
Sahith Theegala,Ben James,46.9,4687
Sahith Theegala,Takumi Kanaya,56.9,5694
Sahith Theegala,Jeffrey Kang,57.2,5719
Sahith Theegala,Johnny Keefer,49.7,4967
Sahith Theegala,Michael Kim,50.0,5004
Sahith Theegala,Tom Kim,36.2,3623
Sahith Theegala,Chris Kirk,49.3,4934
Sahith Theegala,Patton Kizzire,79.4,7942
Sahith Theegala,Brooks Koepka,48.0,4802
Sahith Theegala,Ben Kohles,41.1,4112
Sahith Theegala,Jackson Koivun,39.7,3971
Sahith Theegala,Matt Kuchar,48.9,4888
Sahith Theegala,Christo Lamprecht,81.7,8166
Sahith Theegala,Hank Lebioda,58.4,5842
Sahith Theegala,Haotong Li,67.1,6713
Sahith Theegala,David Lipsky,55.0,5498
Sahith Theegala,Luke List,56.8,5678
Sahith Theegala,Justin Lower,59.2,5920
Sahith Theegala,Peter Malnati,71.6,7160
Sahith Theegala,Hideki Matsuyama,41.0,4098
Sahith Theegala,Denny McCarthy,53.1,5310
Sahith Theegala,Matt McCarty,56.3,5632
Sahith Theegala,Max McGreevy,49.3,4934
Sahith Theegala,Maverick McNealy,47.7,4766
Sahith Theegala,Mac Meissner,47.4,4744
Sahith Theegala,Keith Mitchell,46.9,4695
Sahith Theegala,Taylor Moore,56.9,5693
Sahith Theegala,William Mouw,50.2,5024
Sahith Theegala,Rasmus Neergaard-Petersen,50.4,5044
Sahith Theegala,Alex Noren,52.2,5216
Sahith Theegala,Andrew Novak,50.8,5085
Sahith Theegala,Pontus Nyholm,63.3,6329
Sahith Theegala,Thorbjorn Olesen,61.2,6121
Sahith Theegala,John Parry,53.1,5312
Sahith Theegala,Matthieu Pavon,56.8,5678
Sahith Theegala,Taylor Pendrith,57.0,5701
Sahith Theegala,Marco Penge,48.5,4846
Sahith Theegala,Chandler Phillips,52.2,5217
Sahith Theegala,J.T. Poston,46.8,4676
Sahith Theegala,Aldrich Potgieter,59.5,5951
Sahith Theegala,Seamus Power,60.7,6072
Sahith Theegala,Andrew Putnam,53.3,5327
Sahith Theegala,Aaron Rai,39.2,3921
Sahith Theegala,Chad Ramey,67.1,6715
Sahith Theegala,Davis Riley,65.6,6563
Sahith Theegala,Patrick Rodgers,66.7,6671
Sahith Theegala,Kevin Roy,56.9,5694
Sahith Theegala,Marcelo Rozo,62.9,6289
Sahith Theegala,Adrien Saddier,59.0,5901
Sahith Theegala,Gordon Sargent,65.7,6573
Sahith Theegala,Adam Schenk,67.9,6788
Sahith Theegala,Matti Schmid,60.9,6089
Sahith Theegala,Ben Silverman,57.0,5701
Sahith Theegala,Webb Simpson,69.2,6918
Sahith Theegala,Alex Smalley,49.9,4995
Sahith Theegala,Jordan Smith,45.4,4542
Sahith Theegala,Austin Smotherman,60.9,6093
Sahith Theegala,Brandt Snedeker,53.6,5358
Sahith Theegala,Jordan Spieth,54.9,5491
Sahith Theegala,Sam Stevens,56.2,5623
Sahith Theegala,Sepp Straka,58.5,5852
Sahith Theegala,Kevin Streelman,56.4,5640
Sahith Theegala,Jackson Suber,45.1,4509
Sahith Theegala,Adam Svensson,62.1,6205
Sahith Theegala,Jesper Svensson,56.0,5598
Sahith Theegala,Nick Taylor,51.2,5122
Sahith Theegala,Justin Thomas,37.3,3735
Sahith Theegala,Davis Thompson,49.3,4933
Sahith Theegala,Alejandro Tosti,68.6,6858
Sahith Theegala,Erik van Rooyen,55.3,5535
Sahith Theegala,John VanDerLaan,61.4,6144
Sahith Theegala,Karl Vilips,62.1,6207
Sahith Theegala,Camilo Villegas,59.7,5970
Sahith Theegala,Danny Walker,73.3,7334
Sahith Theegala,Matt Wallace,44.3,4434
Sahith Theegala,Vince Whaley,66.1,6607
Sahith Theegala,Aaron Wise,52.4,5236
Sahith Theegala,Dylan Wu,62.0,6201
Sahith Theegala,Cameron Young,33.9,3394
Sahith Theegala,Kevin Yu,47.6,4762
Justin Thomas,Zach Bauchou,62.6,6262
Justin Thomas,Christiaan Bezuidenhout,59.9,5993
Justin Thomas,Daniel Berger,69.6,6963
Justin Thomas,Zac Blair,58.7,5869
Justin Thomas,Chandler Blanchet,70.9,7088
Justin Thomas,Keegan Bradley,56.0,5604
Justin Thomas,Michael Brennan,62.4,6241
Justin Thomas,Brian Campbell,73.4,7339
Justin Thomas,Rafael Campos,73.4,7344
Justin Thomas,Ricky Castillo,63.8,6385
Justin Thomas,Bud Cauley,53.1,5305
Justin Thomas,Davis Chatfield,68.0,6805
Justin Thomas,Luke Clanton,66.0,6601
Justin Thomas,Eric Cole,62.3,6230
Justin Thomas,Pierceson Coody,71.3,7131
Justin Thomas,Joel Dahmen,63.5,6349
Justin Thomas,Cam Davis,80.1,8015
Justin Thomas,Jason Day,68.1,6814
Justin Thomas,Zecheng Dou,69.7,6975
Justin Thomas,Adrien Dumont de Chassart,69.8,6976
Justin Thomas,Nick Dunlap,73.1,7313
Justin Thomas,Nico Echavarria,63.5,6354
Justin Thomas,Austin Eckroat,69.9,6993
Justin Thomas,Harris English,59.3,5927
Justin Thomas,Tony Finau,65.7,6569
Justin Thomas,Patrick Fishburn,64.4,6438
Justin Thomas,Steven Fisk,72.0,7197
Justin Thomas,Alex Fitzpatrick,48.5,4853
Justin Thomas,Brice Garnett,69.5,6950
Justin Thomas,Ryan Gerard,55.3,5533
Justin Thomas,Doug Ghim,55.4,5535
Justin Thomas,Lucas Glover,63.9,6388
Justin Thomas,Max Greyserman,70.1,7006
Justin Thomas,Ben Griffin,51.7,5171
Justin Thomas,Lanto Griffin,70.1,7005
Justin Thomas,Emiliano Grillo,57.5,5749
Justin Thomas,Harry Hall,69.6,6959
Justin Thomas,Brian Harman,59.1,5913
Justin Thomas,Garrick Higgo,76.6,7658
Justin Thomas,Joe Highsmith,74.7,7475
Justin Thomas,Kensei Hirata,77.3,7727
Justin Thomas,Ryo Hisatsune,60.4,6041
Justin Thomas,Lee Hodges,63.5,6349
Justin Thomas,Rico Hoey,63.8,6376
Justin Thomas,Tom Hoge,65.7,6575
Justin Thomas,Rasmus Hojgaard,70.8,7081
Justin Thomas,Billy Horschel,65.5,6549
Justin Thomas,Beau Hossler,63.4,6343
Justin Thomas,Mark Hubbard,64.9,6492
Justin Thomas,Mackenzie Hughes,64.1,6413
Justin Thomas,Sungjae Im,63.7,6374
Justin Thomas,Stephan Jaeger,70.0,6998
Justin Thomas,Ben James,59.6,5964
Justin Thomas,Takumi Kanaya,69.1,6906
Justin Thomas,Jeffrey Kang,69.3,6929
Justin Thomas,Johnny Keefer,62.3,6234
Justin Thomas,Michael Kim,62.7,6270
Justin Thomas,Tom Kim,48.8,4882
Justin Thomas,Chris Kirk,62.0,6202
Justin Thomas,Patton Kizzire,87.4,8737
Justin Thomas,Brooks Koepka,60.8,6076
Justin Thomas,Ben Kohles,53.9,5392
Justin Thomas,Jackson Koivun,52.5,5246
Justin Thomas,Matt Kuchar,61.6,6158
Justin Thomas,Christo Lamprecht,89.0,8897
Justin Thomas,Hank Lebioda,70.4,7038
Justin Thomas,Haotong Li,77.8,7783
Justin Thomas,David Lipsky,67.3,6729
Justin Thomas,Luke List,68.9,6892
Justin Thomas,Justin Lower,71.1,7107
Justin Thomas,Peter Malnati,81.4,8143
Justin Thomas,Hideki Matsuyama,53.8,5377
Justin Thomas,Denny McCarthy,65.6,6556
Justin Thomas,Matt McCarty,68.5,6850
Justin Thomas,Max McGreevy,62.0,6202
Justin Thomas,Maverick McNealy,60.4,6041
Justin Thomas,Mac Meissner,60.2,6020
Justin Thomas,Keith Mitchell,59.7,5972
Justin Thomas,Taylor Moore,69.1,6905
Justin Thomas,William Mouw,62.9,6288
Justin Thomas,Rasmus Neergaard-Petersen,63.1,6307
Justin Thomas,Alex Noren,64.7,6469
Justin Thomas,Andrew Novak,63.5,6346
Justin Thomas,Pontus Nyholm,74.6,7461
Justin Thomas,Thorbjorn Olesen,72.8,7283
Justin Thomas,John Parry,65.6,6558
Justin Thomas,Matthieu Pavon,68.9,6892
Justin Thomas,Taylor Pendrith,69.1,6912
Justin Thomas,Marco Penge,61.2,6118
Justin Thomas,Chandler Phillips,64.7,6470
Justin Thomas,J.T. Poston,59.5,5954
Justin Thomas,Aldrich Potgieter,71.3,7134
Justin Thomas,Seamus Power,72.4,7240
Justin Thomas,Andrew Putnam,65.7,6572
Justin Thomas,Aaron Rai,52.0,5195
Justin Thomas,Chad Ramey,77.8,7784
Justin Thomas,Davis Riley,76.6,7658
Justin Thomas,Patrick Rodgers,77.5,7748
Justin Thomas,Kevin Roy,69.1,6906
Justin Thomas,Marcelo Rozo,74.3,7427
Justin Thomas,Adrien Saddier,70.9,7090
Justin Thomas,Gordon Sargent,76.7,7667
Justin Thomas,Adam Schenk,78.4,7843
Justin Thomas,Matti Schmid,72.5,7255
Justin Thomas,Ben Silverman,69.1,6912
Justin Thomas,Webb Simpson,79.5,7950
Justin Thomas,Alex Smalley,62.6,6261
Justin Thomas,Jordan Smith,58.2,5823
Justin Thomas,Austin Smotherman,72.6,7259
Justin Thomas,Brandt Snedeker,66.0,6600
Justin Thomas,Jordan Spieth,67.2,6722
Justin Thomas,Sam Stevens,68.4,6842
Justin Thomas,Sepp Straka,70.5,7047
Justin Thomas,Kevin Streelman,68.6,6857
Justin Thomas,Jackson Suber,57.9,5790
Justin Thomas,Adam Svensson,73.6,7355
Justin Thomas,Jesper Svensson,68.2,6820
Justin Thomas,Nick Taylor,63.8,6381
Justin Thomas,Sahith Theegala,62.7,6265
Justin Thomas,Davis Thompson,62.0,6202
Justin Thomas,Alejandro Tosti,79.0,7901
Justin Thomas,Erik van Rooyen,67.6,6762
Justin Thomas,John VanDerLaan,73.0,7303
Justin Thomas,Karl Vilips,73.6,7357
Justin Thomas,Camilo Villegas,71.5,7151
Justin Thomas,Danny Walker,82.8,8279
Justin Thomas,Matt Wallace,57.2,5716
Justin Thomas,Vince Whaley,76.9,7695
Justin Thomas,Aaron Wise,64.9,6487
Justin Thomas,Dylan Wu,73.5,7352
Justin Thomas,Cameron Young,46.4,4636
Justin Thomas,Kevin Yu,60.4,6037
Davis Thompson,Zach Bauchou,50.6,5063
Davis Thompson,Christiaan Bezuidenhout,47.8,4783
Davis Thompson,Daniel Berger,58.2,5823
Davis Thompson,Zac Blair,46.6,4656
Davis Thompson,Chandler Blanchet,59.6,5963
Davis Thompson,Keegan Bradley,43.9,4388
Davis Thompson,Michael Brennan,50.4,5041
Davis Thompson,Brian Campbell,62.5,6250
Davis Thompson,Rafael Campos,62.6,6256
Davis Thompson,Ricky Castillo,51.9,5193
Davis Thompson,Bud Cauley,40.9,4093
Davis Thompson,Davis Chatfield,56.5,5648
Davis Thompson,Luke Clanton,54.3,5425
Davis Thompson,Eric Cole,50.3,5030
Davis Thompson,Pierceson Coody,60.1,6011
Davis Thompson,Joel Dahmen,51.6,5155
Davis Thompson,Cam Davis,70.6,7057
Davis Thompson,Jason Day,56.6,5658
Davis Thompson,Zecheng Dou,58.4,5836
Davis Thompson,Adrien Dumont de Chassart,58.4,5837
Davis Thompson,Nick Dunlap,62.2,6220
Davis Thompson,Nico Echavarria,51.6,5161
Davis Thompson,Austin Eckroat,58.6,5857
Davis Thompson,Harris English,47.2,4715
Davis Thompson,Tony Finau,53.9,5390
Davis Thompson,Patrick Fishburn,52.5,5250
Davis Thompson,Steven Fisk,60.9,6087
Davis Thompson,Alex Fitzpatrick,36.6,3658
Davis Thompson,Brice Garnett,58.1,5808
Davis Thompson,Ryan Gerard,43.2,4317
Davis Thompson,Doug Ghim,43.2,4319
Davis Thompson,Lucas Glover,52.0,5196
Davis Thompson,Max Greyserman,58.7,5871
Davis Thompson,Ben Griffin,39.6,3963
Davis Thompson,Lanto Griffin,58.7,5870
Davis Thompson,Emiliano Grillo,45.3,4534
Davis Thompson,Harry Hall,58.2,5818
Davis Thompson,Brian Harman,47.0,4701
Davis Thompson,Garrick Higgo,66.2,6624
Davis Thompson,Joe Highsmith,64.1,6408
Davis Thompson,Kensei Hirata,67.1,6707
Davis Thompson,Ryo Hisatsune,48.3,4833
Davis Thompson,Lee Hodges,51.6,5155
Davis Thompson,Rico Hoey,51.8,5183
Davis Thompson,Tom Hoge,54.0,5397
Davis Thompson,Rasmus Hojgaard,59.6,5955
Davis Thompson,Billy Horschel,53.7,5369
Davis Thompson,Beau Hossler,51.5,5149
Davis Thompson,Mark Hubbard,53.1,5307
Davis Thompson,Mackenzie Hughes,52.2,5223
Davis Thompson,Sungjae Im,51.8,5182
Davis Thompson,Stephan Jaeger,58.6,5862
Davis Thompson,Ben James,47.5,4753
Davis Thompson,Takumi Kanaya,57.6,5760
Davis Thompson,Jeffrey Kang,57.8,5785
Davis Thompson,Johnny Keefer,50.3,5034
Davis Thompson,Michael Kim,50.7,5071
Davis Thompson,Tom Kim,36.9,3686
Davis Thompson,Chris Kirk,50.0,5000
Davis Thompson,Patton Kizzire,79.9,7990
Davis Thompson,Brooks Koepka,48.7,4868
Davis Thompson,Ben Kohles,41.8,4177
Davis Thompson,Jackson Koivun,40.4,4035
Davis Thompson,Matt Kuchar,49.5,4954
Davis Thompson,Christo Lamprecht,82.1,8210
Davis Thompson,Hank Lebioda,59.1,5907
Davis Thompson,Haotong Li,67.7,6774
Davis Thompson,David Lipsky,55.6,5564
Davis Thompson,Luke List,57.4,5744
Davis Thompson,Justin Lower,59.8,5985
Davis Thompson,Peter Malnati,72.2,7216
Davis Thompson,Hideki Matsuyama,41.6,4163
Davis Thompson,Denny McCarthy,53.8,5376
Davis Thompson,Matt McCarty,57.0,5698
Davis Thompson,Max McGreevy,50.0,5000
Davis Thompson,Maverick McNealy,48.3,4833
Davis Thompson,Mac Meissner,48.1,4811
Davis Thompson,Keith Mitchell,47.6,4761
Davis Thompson,Taylor Moore,57.6,5759
Davis Thompson,William Mouw,50.9,5091
Davis Thompson,Rasmus Neergaard-Petersen,51.1,5111
Davis Thompson,Alex Noren,52.8,5282
Davis Thompson,Andrew Novak,51.5,5151
Davis Thompson,Pontus Nyholm,63.9,6391
Davis Thompson,Thorbjorn Olesen,61.8,6185
Davis Thompson,John Parry,53.8,5378
Davis Thompson,Matthieu Pavon,57.4,5744
Davis Thompson,Taylor Pendrith,57.7,5766
Davis Thompson,Marco Penge,49.1,4913
Davis Thompson,Chandler Phillips,52.8,5284
Davis Thompson,J.T. Poston,47.4,4743
Davis Thompson,Aldrich Potgieter,60.2,6016
Davis Thompson,Seamus Power,61.4,6136
Davis Thompson,Andrew Putnam,53.9,5394
Davis Thompson,Aaron Rai,39.9,3986
Davis Thompson,Chad Ramey,67.7,6775
Davis Thompson,Davis Riley,66.2,6624
Davis Thompson,Patrick Rodgers,67.3,6731
Davis Thompson,Kevin Roy,57.6,5760
Davis Thompson,Marcelo Rozo,63.5,6352
Davis Thompson,Adrien Saddier,59.7,5966
Davis Thompson,Gordon Sargent,66.3,6635
Davis Thompson,Adam Schenk,68.5,6847
Davis Thompson,Matti Schmid,61.5,6153
Davis Thompson,Ben Silverman,57.7,5766
Davis Thompson,Webb Simpson,69.8,6977
Davis Thompson,Alex Smalley,50.6,5062
Davis Thompson,Jordan Smith,46.1,4608
Davis Thompson,Austin Smotherman,61.6,6157
Davis Thompson,Brandt Snedeker,54.2,5424
Davis Thompson,Jordan Spieth,55.6,5557
Davis Thompson,Sam Stevens,56.9,5689
Davis Thompson,Sepp Straka,59.2,5917
Davis Thompson,Kevin Streelman,57.1,5706
Davis Thompson,Jackson Suber,45.8,4575
Davis Thompson,Adam Svensson,62.7,6269
Davis Thompson,Jesper Svensson,56.6,5664
Davis Thompson,Nick Taylor,51.9,5188
Davis Thompson,Sahith Theegala,50.7,5067
Davis Thompson,Justin Thomas,38.0,3798
Davis Thompson,Alejandro Tosti,69.2,6917
Davis Thompson,Erik van Rooyen,56.0,5601
Davis Thompson,John VanDerLaan,62.1,6208
Davis Thompson,Karl Vilips,62.7,6271
Davis Thompson,Camilo Villegas,60.3,6035
Davis Thompson,Danny Walker,73.9,7389
Davis Thompson,Matt Wallace,45.0,4500
Davis Thompson,Vince Whaley,66.7,6668
Davis Thompson,Aaron Wise,53.0,5303
Davis Thompson,Dylan Wu,62.6,6265
Davis Thompson,Cameron Young,34.6,3455
Davis Thompson,Kevin Yu,48.3,4828
Alejandro Tosti,Zach Bauchou,31.4,3138
Alejandro Tosti,Christiaan Bezuidenhout,28.9,2894
Alejandro Tosti,Daniel Berger,38.5,3848
Alejandro Tosti,Zac Blair,27.9,2786
Alejandro Tosti,Chandler Blanchet,39.9,3986
Alejandro Tosti,Keegan Bradley,25.6,2563
Alejandro Tosti,Michael Brennan,31.2,3119
Alejandro Tosti,Brian Campbell,42.8,4278
Alejandro Tosti,Rafael Campos,42.8,4283
Alejandro Tosti,Ricky Castillo,32.6,3255
Alejandro Tosti,Bud Cauley,23.3,2326
Alejandro Tosti,Davis Chatfield,36.8,3678
Alejandro Tosti,Luke Clanton,34.7,3468
Alejandro Tosti,Eric Cole,31.1,3109
Alejandro Tosti,Pierceson Coody,40.3,4034
Alejandro Tosti,Joel Dahmen,32.2,3221
Alejandro Tosti,Cam Davis,51.6,5160
Alejandro Tosti,Jason Day,36.9,3688
Alejandro Tosti,Zecheng Dou,38.6,3860
Alejandro Tosti,Adrien Dumont de Chassart,38.6,3862
Alejandro Tosti,Nick Dunlap,42.5,4246
Alejandro Tosti,Nico Echavarria,32.3,3226
Alejandro Tosti,Austin Eckroat,38.8,3881
Alejandro Tosti,Harris English,28.4,2836
Alejandro Tosti,Tony Finau,34.4,3436
Alejandro Tosti,Patrick Fishburn,33.1,3306
Alejandro Tosti,Steven Fisk,41.1,4110
Alejandro Tosti,Alex Fitzpatrick,19.9,1994
Alejandro Tosti,Brice Garnett,38.3,3833
Alejandro Tosti,Ryan Gerard,25.1,2506
Alejandro Tosti,Doug Ghim,25.1,2507
Alejandro Tosti,Lucas Glover,32.6,3258
Alejandro Tosti,Max Greyserman,38.9,3895
Alejandro Tosti,Ben Griffin,22.2,2225
Alejandro Tosti,Lanto Griffin,38.9,3894
Alejandro Tosti,Emiliano Grillo,26.8,2683
Alejandro Tosti,Harry Hall,38.4,3843
Alejandro Tosti,Brian Harman,28.2,2824
Alejandro Tosti,Garrick Higgo,46.7,4675
Alejandro Tosti,Joe Highsmith,44.4,4443
Alejandro Tosti,Kensei Hirata,47.6,4765
Alejandro Tosti,Ryo Hisatsune,29.4,2937
Alejandro Tosti,Lee Hodges,32.2,3221
Alejandro Tosti,Rico Hoey,32.5,3246
Alejandro Tosti,Tom Hoge,34.4,3441
Alejandro Tosti,Rasmus Hojgaard,39.8,3978
Alejandro Tosti,Billy Horschel,34.2,3416
Alejandro Tosti,Beau Hossler,32.2,3215
Alejandro Tosti,Mark Hubbard,33.6,3359
Alejandro Tosti,Mackenzie Hughes,32.8,3282
Alejandro Tosti,Sungjae Im,32.5,3245
Alejandro Tosti,Stephan Jaeger,38.9,3886
Alejandro Tosti,Ben James,28.7,2868
Alejandro Tosti,Takumi Kanaya,37.9,3786
Alejandro Tosti,Jeffrey Kang,38.1,3810
Alejandro Tosti,Johnny Keefer,31.1,3112
Alejandro Tosti,Michael Kim,31.5,3146
Alejandro Tosti,Tom Kim,20.1,2015
Alejandro Tosti,Chris Kirk,30.8,3083
Alejandro Tosti,Patton Kizzire,63.2,6320
Alejandro Tosti,Brooks Koepka,29.7,2967
Alejandro Tosti,Ben Kohles,23.9,2393
Alejandro Tosti,Jackson Koivun,22.8,2281
Alejandro Tosti,Matt Kuchar,30.4,3043
Alejandro Tosti,Christo Lamprecht,66.2,6622
Alejandro Tosti,Hank Lebioda,39.3,3931
Alejandro Tosti,Haotong Li,48.4,4839
Alejandro Tosti,David Lipsky,36.0,3599
Alejandro Tosti,Luke List,37.7,3771
Alejandro Tosti,Justin Lower,40.1,4008
Alejandro Tosti,Peter Malnati,53.5,5346
Alejandro Tosti,Hideki Matsuyama,23.8,2382
Alejandro Tosti,Denny McCarthy,34.2,3423
Alejandro Tosti,Matt McCarty,37.3,3726
Alejandro Tosti,Max McGreevy,30.8,3083
Alejandro Tosti,Maverick McNealy,29.4,2937
Alejandro Tosti,Mac Meissner,29.2,2918
Alejandro Tosti,Keith Mitchell,28.8,2875
Alejandro Tosti,Taylor Moore,37.9,3785
Alejandro Tosti,William Mouw,31.6,3163
Alejandro Tosti,Rasmus Neergaard-Petersen,31.8,3181
Alejandro Tosti,Alex Noren,33.4,3336
Alejandro Tosti,Andrew Novak,32.2,3218
Alejandro Tosti,Pontus Nyholm,44.3,4425
Alejandro Tosti,Thorbjorn Olesen,42.1,4210
Alejandro Tosti,John Parry,34.2,3425
Alejandro Tosti,Matthieu Pavon,37.7,3771
Alejandro Tosti,Taylor Pendrith,37.9,3792
Alejandro Tosti,Marco Penge,30.1,3006
Alejandro Tosti,Chandler Phillips,33.4,3338
Alejandro Tosti,J.T. Poston,28.6,2860
Alejandro Tosti,Aldrich Potgieter,40.4,4039
Alejandro Tosti,Seamus Power,41.6,4160
Alejandro Tosti,Andrew Putnam,34.4,3439
Alejandro Tosti,Aaron Rai,22.4,2243
Alejandro Tosti,Chad Ramey,48.4,4840
Alejandro Tosti,Davis Riley,46.7,4675
Alejandro Tosti,Patrick Rodgers,47.9,4792
Alejandro Tosti,Kevin Roy,37.9,3786
Alejandro Tosti,Marcelo Rozo,43.8,4384
Alejandro Tosti,Adrien Saddier,39.9,3989
Alejandro Tosti,Gordon Sargent,46.9,4686
Alejandro Tosti,Adam Schenk,49.2,4921
Alejandro Tosti,Matti Schmid,41.8,4178
Alejandro Tosti,Ben Silverman,37.9,3792
Alejandro Tosti,Webb Simpson,50.7,5068
Alejandro Tosti,Alex Smalley,31.4,3137
Alejandro Tosti,Jordan Smith,27.5,2746
Alejandro Tosti,Austin Smotherman,41.8,4182
Alejandro Tosti,Brandt Snedeker,34.7,3467
Alejandro Tosti,Jordan Spieth,35.9,3592
Alejandro Tosti,Sam Stevens,37.2,3718
Alejandro Tosti,Sepp Straka,39.4,3940
Alejandro Tosti,Kevin Streelman,37.3,3734
Alejandro Tosti,Jackson Suber,27.2,2718
Alejandro Tosti,Adam Svensson,43.0,4297
Alejandro Tosti,Jesper Svensson,36.9,3694
Alejandro Tosti,Nick Taylor,32.5,3251
Alejandro Tosti,Sahith Theegala,31.4,3142
Alejandro Tosti,Justin Thomas,21.0,2099
Alejandro Tosti,Davis Thompson,30.8,3083
Alejandro Tosti,Erik van Rooyen,36.3,3633
Alejandro Tosti,John VanDerLaan,42.3,4234
Alejandro Tosti,Karl Vilips,43.0,4299
Alejandro Tosti,Camilo Villegas,40.6,4058
Alejandro Tosti,Danny Walker,55.5,5553
Alejandro Tosti,Matt Wallace,26.6,2656
Alejandro Tosti,Vince Whaley,47.2,4722
Alejandro Tosti,Aaron Wise,33.5,3355
Alejandro Tosti,Dylan Wu,42.9,4293
Alejandro Tosti,Cameron Young,18.5,1845
Alejandro Tosti,Kevin Yu,29.3,2933
Erik van Rooyen,Zach Bauchou,44.6,4461
Erik van Rooyen,Christiaan Bezuidenhout,41.9,4186
Erik van Rooyen,Daniel Berger,52.3,5226
Erik van Rooyen,Zac Blair,40.6,4061
Erik van Rooyen,Chandler Blanchet,53.7,5369
Erik van Rooyen,Keegan Bradley,38.0,3802
Erik van Rooyen,Michael Brennan,44.4,4440
Erik van Rooyen,Brian Campbell,56.7,5666
Erik van Rooyen,Rafael Campos,56.7,5671
Erik van Rooyen,Ricky Castillo,45.9,4591
Erik van Rooyen,Bud Cauley,35.2,3518
Erik van Rooyen,Davis Chatfield,50.5,5048
Erik van Rooyen,Luke Clanton,48.2,4823
Erik van Rooyen,Eric Cole,44.3,4429
Erik van Rooyen,Pierceson Coody,54.2,5419
Erik van Rooyen,Joel Dahmen,45.5,4553
Erik van Rooyen,Cam Davis,65.2,6516
Erik van Rooyen,Jason Day,50.6,5058
Erik van Rooyen,Zecheng Dou,52.4,5239
Erik van Rooyen,Adrien Dumont de Chassart,52.4,5240
Erik van Rooyen,Nick Dunlap,56.3,5634
Erik van Rooyen,Nico Echavarria,45.6,4559
Erik van Rooyen,Austin Eckroat,52.6,5261
Erik van Rooyen,Harris English,41.2,4120
Erik van Rooyen,Tony Finau,47.9,4788
Erik van Rooyen,Patrick Fishburn,46.5,4647
Erik van Rooyen,Steven Fisk,55.0,5496
Erik van Rooyen,Alex Fitzpatrick,31.1,3106
Erik van Rooyen,Brice Garnett,52.1,5211
Erik van Rooyen,Ryan Gerard,37.3,3733
Erik van Rooyen,Doug Ghim,37.4,3735
Erik van Rooyen,Lucas Glover,45.9,4594
Erik van Rooyen,Max Greyserman,52.7,5275
Erik van Rooyen,Ben Griffin,33.9,3394
Erik van Rooyen,Lanto Griffin,52.7,5274
Erik van Rooyen,Emiliano Grillo,39.4,3942
Erik van Rooyen,Harry Hall,52.2,5221
Erik van Rooyen,Brian Harman,41.1,4105
Erik van Rooyen,Garrick Higgo,60.6,6056
Erik van Rooyen,Joe Highsmith,58.3,5830
Erik van Rooyen,Kensei Hirata,61.4,6143
Erik van Rooyen,Ryo Hisatsune,42.3,4235
Erik van Rooyen,Lee Hodges,45.5,4553
Erik van Rooyen,Rico Hoey,45.8,4581
Erik van Rooyen,Tom Hoge,47.9,4794
Erik van Rooyen,Rasmus Hojgaard,53.6,5361
Erik van Rooyen,Billy Horschel,47.7,4766
Erik van Rooyen,Beau Hossler,45.5,4547
Erik van Rooyen,Mark Hubbard,47.0,4705
Erik van Rooyen,Mackenzie Hughes,46.2,4621
Erik van Rooyen,Sungjae Im,45.8,4580
Erik van Rooyen,Stephan Jaeger,52.7,5265
Erik van Rooyen,Ben James,41.6,4157
Erik van Rooyen,Takumi Kanaya,51.6,5162
Erik van Rooyen,Jeffrey Kang,51.9,5187
Erik van Rooyen,Johnny Keefer,44.3,4433
Erik van Rooyen,Michael Kim,44.7,4470
Erik van Rooyen,Tom Kim,31.3,3133
Erik van Rooyen,Chris Kirk,44.0,4400
Erik van Rooyen,Patton Kizzire,75.4,7539
Erik van Rooyen,Brooks Koepka,42.7,4269
Erik van Rooyen,Ben Kohles,36.0,3599
Erik van Rooyen,Jackson Koivun,34.6,3463
Erik van Rooyen,Matt Kuchar,43.5,4354
Erik van Rooyen,Christo Lamprecht,77.9,7787
Erik van Rooyen,Hank Lebioda,53.1,5312
Erik van Rooyen,Haotong Li,62.1,6214
Erik van Rooyen,David Lipsky,49.6,4963
Erik van Rooyen,Luke List,51.5,5145
Erik van Rooyen,Justin Lower,53.9,5391
Erik van Rooyen,Peter Malnati,66.9,6688
Erik van Rooyen,Hideki Matsuyama,35.9,3585
Erik van Rooyen,Denny McCarthy,47.7,4774
Erik van Rooyen,Matt McCarty,51.0,5098
Erik van Rooyen,Max McGreevy,44.0,4400
Erik van Rooyen,Maverick McNealy,42.3,4235
Erik van Rooyen,Mac Meissner,42.1,4213
Erik van Rooyen,Keith Mitchell,41.6,4165
Erik van Rooyen,Taylor Moore,51.6,5161
Erik van Rooyen,William Mouw,44.9,4489
Erik van Rooyen,Rasmus Neergaard-Petersen,45.1,4509
Erik van Rooyen,Alex Noren,46.8,4680
Erik van Rooyen,Andrew Novak,45.5,4550
Erik van Rooyen,Pontus Nyholm,58.1,5812
Erik van Rooyen,Thorbjorn Olesen,56.0,5598
Erik van Rooyen,John Parry,47.8,4776
Erik van Rooyen,Matthieu Pavon,51.5,5146
Erik van Rooyen,Taylor Pendrith,51.7,5168
Erik van Rooyen,Marco Penge,43.1,4313
Erik van Rooyen,Chandler Phillips,46.8,4682
Erik van Rooyen,J.T. Poston,41.5,4146
Erik van Rooyen,Aldrich Potgieter,54.2,5423
Erik van Rooyen,Seamus Power,55.5,5547
Erik van Rooyen,Andrew Putnam,47.9,4791
Erik van Rooyen,Aaron Rai,34.2,3416
Erik van Rooyen,Chad Ramey,62.2,6216
Erik van Rooyen,Davis Riley,60.6,6057
Erik van Rooyen,Patrick Rodgers,61.7,6169
Erik van Rooyen,Kevin Roy,51.6,5162
Erik van Rooyen,Marcelo Rozo,57.7,5772
Erik van Rooyen,Adrien Saddier,53.7,5372
Erik van Rooyen,Gordon Sargent,60.7,6067
Erik van Rooyen,Adam Schenk,62.9,6292
Erik van Rooyen,Matti Schmid,55.6,5565
Erik van Rooyen,Ben Silverman,51.7,5168
Erik van Rooyen,Webb Simpson,64.3,6430
Erik van Rooyen,Alex Smalley,44.6,4460
Erik van Rooyen,Jordan Smith,40.2,4015
Erik van Rooyen,Austin Smotherman,55.7,5569
Erik van Rooyen,Brandt Snedeker,48.2,4822
Erik van Rooyen,Jordan Spieth,49.6,4956
Erik van Rooyen,Sam Stevens,50.9,5090
Erik van Rooyen,Sepp Straka,53.2,5322
Erik van Rooyen,Kevin Streelman,51.1,5107
Erik van Rooyen,Jackson Suber,39.8,3983
Erik van Rooyen,Adam Svensson,56.8,5684
Erik van Rooyen,Jesper Svensson,50.6,5064
Erik van Rooyen,Nick Taylor,45.9,4586
Erik van Rooyen,Sahith Theegala,44.7,4465
Erik van Rooyen,Justin Thomas,32.4,3238
Erik van Rooyen,Davis Thompson,44.0,4399
Erik van Rooyen,Alejandro Tosti,63.7,6367
Erik van Rooyen,John VanDerLaan,56.2,5622
Erik van Rooyen,Karl Vilips,56.9,5687
Erik van Rooyen,Camilo Villegas,54.4,5443
Erik van Rooyen,Danny Walker,68.8,6875
Erik van Rooyen,Matt Wallace,39.1,3910
Erik van Rooyen,Vince Whaley,61.0,6102
Erik van Rooyen,Aaron Wise,47.0,4700
Erik van Rooyen,Dylan Wu,56.8,5681
Erik van Rooyen,Cameron Young,29.2,2917
Erik van Rooyen,Kevin Yu,42.3,4230
John VanDerLaan,Zach Bauchou,38.5,3852
John VanDerLaan,Christiaan Bezuidenhout,35.9,3587
John VanDerLaan,Daniel Berger,46.0,4603
John VanDerLaan,Zac Blair,34.7,3468
John VanDerLaan,Chandler Blanchet,47.5,4746
John VanDerLaan,Keegan Bradley,32.2,3222
John VanDerLaan,Michael Brennan,38.3,3831
John VanDerLaan,Brian Campbell,50.4,5045
John VanDerLaan,Rafael Campos,50.5,5050
John VanDerLaan,Ricky Castillo,39.8,3978
John VanDerLaan,Bud Cauley,29.6,2956
John VanDerLaan,Davis Chatfield,44.3,4425
John VanDerLaan,Luke Clanton,42.0,4204
John VanDerLaan,Eric Cole,38.2,3820
John VanDerLaan,Pierceson Coody,48.0,4796
John VanDerLaan,Joel Dahmen,39.4,3941
John VanDerLaan,Cam Davis,59.2,5922
John VanDerLaan,Jason Day,44.4,4436
John VanDerLaan,Zecheng Dou,46.2,4616
John VanDerLaan,Adrien Dumont de Chassart,46.2,4617
John VanDerLaan,Nick Dunlap,50.1,5012
John VanDerLaan,Nico Echavarria,39.5,3946
John VanDerLaan,Austin Eckroat,46.4,4637
John VanDerLaan,Harris English,35.2,3524
John VanDerLaan,Tony Finau,41.7,4170
John VanDerLaan,Patrick Fishburn,40.3,4032
John VanDerLaan,Steven Fisk,48.7,4873
John VanDerLaan,Alex Fitzpatrick,25.8,2577
John VanDerLaan,Brice Garnett,45.9,4587
John VanDerLaan,Ryan Gerard,31.6,3158
John VanDerLaan,Doug Ghim,31.6,3160
John VanDerLaan,Lucas Glover,39.8,3980
John VanDerLaan,Max Greyserman,46.5,4651
John VanDerLaan,Ben Griffin,28.4,2841
John VanDerLaan,Lanto Griffin,46.5,4651
John VanDerLaan,Emiliano Grillo,33.6,3355
John VanDerLaan,Harry Hall,46.0,4598
John VanDerLaan,Brian Harman,35.1,3510
John VanDerLaan,Garrick Higgo,54.4,5444
John VanDerLaan,Joe Highsmith,52.1,5211
John VanDerLaan,Kensei Hirata,55.3,5534
John VanDerLaan,Ryo Hisatsune,36.3,3634
John VanDerLaan,Lee Hodges,39.4,3941
John VanDerLaan,Rico Hoey,39.7,3968
John VanDerLaan,Tom Hoge,41.8,4176
John VanDerLaan,Rasmus Hojgaard,47.4,4737
John VanDerLaan,Billy Horschel,41.5,4149
John VanDerLaan,Beau Hossler,39.3,3935
John VanDerLaan,Mark Hubbard,40.9,4088
John VanDerLaan,Mackenzie Hughes,40.1,4006
John VanDerLaan,Sungjae Im,39.7,3967
John VanDerLaan,Stephan Jaeger,46.4,4642
John VanDerLaan,Ben James,35.6,3559
John VanDerLaan,Takumi Kanaya,45.4,4538
John VanDerLaan,Jeffrey Kang,45.6,4564
John VanDerLaan,Johnny Keefer,38.2,3824
John VanDerLaan,Michael Kim,38.6,3860
John VanDerLaan,Tom Kim,26.0,2601
John VanDerLaan,Chris Kirk,37.9,3792
John VanDerLaan,Patton Kizzire,70.2,7021
John VanDerLaan,Brooks Koepka,36.7,3667
John VanDerLaan,Ben Kohles,30.3,3032
John VanDerLaan,Jackson Koivun,29.1,2905
John VanDerLaan,Matt Kuchar,37.5,3749
John VanDerLaan,Christo Lamprecht,73.0,7296
John VanDerLaan,Hank Lebioda,46.9,4689
John VanDerLaan,Haotong Li,56.1,5607
John VanDerLaan,David Lipsky,43.4,4342
John VanDerLaan,Luke List,45.2,4522
John VanDerLaan,Justin Lower,47.7,4768
John VanDerLaan,Peter Malnati,61.0,6103
John VanDerLaan,Hideki Matsuyama,30.2,3019
John VanDerLaan,Denny McCarthy,41.6,4156
John VanDerLaan,Matt McCarty,44.8,4476
John VanDerLaan,Max McGreevy,37.9,3792
John VanDerLaan,Maverick McNealy,36.3,3633
John VanDerLaan,Mac Meissner,36.1,3613
John VanDerLaan,Keith Mitchell,35.7,3567
John VanDerLaan,Taylor Moore,45.4,4537
John VanDerLaan,William Mouw,38.8,3879
John VanDerLaan,Rasmus Neergaard-Petersen,39.0,3898
John VanDerLaan,Alex Noren,40.6,4064
John VanDerLaan,Andrew Novak,39.4,3937
John VanDerLaan,Pontus Nyholm,51.9,5194
John VanDerLaan,Thorbjorn Olesen,49.8,4976
John VanDerLaan,John Parry,41.6,4158
John VanDerLaan,Matthieu Pavon,45.2,4523
John VanDerLaan,Taylor Pendrith,45.4,4545
John VanDerLaan,Marco Penge,37.1,3709
John VanDerLaan,Chandler Phillips,40.7,4066
John VanDerLaan,J.T. Poston,35.5,3549
John VanDerLaan,Aldrich Potgieter,48.0,4800
John VanDerLaan,Seamus Power,49.2,4925
John VanDerLaan,Andrew Putnam,41.7,4173
John VanDerLaan,Aaron Rai,28.6,2862
John VanDerLaan,Chad Ramey,56.1,5609
John VanDerLaan,Davis Riley,54.4,5444
John VanDerLaan,Patrick Rodgers,55.6,5561
John VanDerLaan,Kevin Roy,45.4,4538
John VanDerLaan,Marcelo Rozo,51.5,5152
John VanDerLaan,Adrien Saddier,47.5,4749
John VanDerLaan,Gordon Sargent,54.6,5455
John VanDerLaan,Adam Schenk,56.9,5688
John VanDerLaan,Matti Schmid,49.4,4942
John VanDerLaan,Ben Silverman,45.4,4545
John VanDerLaan,Webb Simpson,58.3,5832
John VanDerLaan,Alex Smalley,38.5,3851
John VanDerLaan,Jordan Smith,34.2,3424
John VanDerLaan,Austin Smotherman,49.5,4947
John VanDerLaan,Brandt Snedeker,42.0,4204
John VanDerLaan,Jordan Spieth,43.3,4335
John VanDerLaan,Sam Stevens,44.7,4467
John VanDerLaan,Sepp Straka,47.0,4698
John VanDerLaan,Kevin Streelman,44.8,4484
John VanDerLaan,Jackson Suber,33.9,3393
John VanDerLaan,Adam Svensson,50.6,5064
John VanDerLaan,Jesper Svensson,44.4,4442
John VanDerLaan,Nick Taylor,39.7,3973
John VanDerLaan,Sahith Theegala,38.6,3856
John VanDerLaan,Justin Thomas,27.0,2697
John VanDerLaan,Davis Thompson,37.9,3792
John VanDerLaan,Alejandro Tosti,57.7,5766
John VanDerLaan,Erik van Rooyen,43.8,4378
John VanDerLaan,Karl Vilips,50.7,5066
John VanDerLaan,Camilo Villegas,48.2,4820
John VanDerLaan,Danny Walker,63.0,6302
John VanDerLaan,Matt Wallace,33.2,3325
John VanDerLaan,Vince Whaley,54.9,5491
John VanDerLaan,Aaron Wise,40.8,4084
John VanDerLaan,Dylan Wu,50.6,5060
John VanDerLaan,Cameron Young,24.0,2404
John VanDerLaan,Kevin Yu,36.3,3629
Karl Vilips,Zach Bauchou,37.9,3789
Karl Vilips,Christiaan Bezuidenhout,35.3,3525
Karl Vilips,Daniel Berger,45.4,4537
Karl Vilips,Zac Blair,34.1,3407
Karl Vilips,Chandler Blanchet,46.8,4680
Karl Vilips,Keegan Bradley,31.6,3163
Karl Vilips,Michael Brennan,37.7,3769
Karl Vilips,Brian Campbell,49.8,4979
Karl Vilips,Rafael Campos,49.8,4984
Karl Vilips,Ricky Castillo,39.1,3914
Karl Vilips,Bud Cauley,29.0,2900
Karl Vilips,Davis Chatfield,43.6,4360
Karl Vilips,Luke Clanton,41.4,4140
Karl Vilips,Eric Cole,37.6,3758
Karl Vilips,Pierceson Coody,47.3,4730
Karl Vilips,Joel Dahmen,38.8,3877
Karl Vilips,Cam Davis,58.6,5858
Karl Vilips,Jason Day,43.7,4371
Karl Vilips,Zecheng Dou,45.5,4550
Karl Vilips,Adrien Dumont de Chassart,45.5,4551
Karl Vilips,Nick Dunlap,49.5,4947
Karl Vilips,Nico Echavarria,38.8,3883
Karl Vilips,Austin Eckroat,45.7,4572
Karl Vilips,Harris English,34.6,3462
Karl Vilips,Tony Finau,41.1,4106
Karl Vilips,Patrick Fishburn,39.7,3969
Karl Vilips,Steven Fisk,48.1,4808
Karl Vilips,Alex Fitzpatrick,25.2,2524
Karl Vilips,Brice Garnett,45.2,4522
Karl Vilips,Ryan Gerard,31.0,3099
Karl Vilips,Doug Ghim,31.0,3101
Karl Vilips,Lucas Glover,39.2,3917
Karl Vilips,Max Greyserman,45.9,4586
Karl Vilips,Ben Griffin,27.9,2786
Karl Vilips,Lanto Griffin,45.9,4585
Karl Vilips,Emiliano Grillo,33.0,3295
Karl Vilips,Harry Hall,45.3,4532
Karl Vilips,Brian Harman,34.5,3449
Karl Vilips,Garrick Higgo,53.8,5378
Karl Vilips,Joe Highsmith,51.5,5146
Karl Vilips,Kensei Hirata,54.7,5468
Karl Vilips,Ryo Hisatsune,35.7,3572
Karl Vilips,Lee Hodges,38.8,3878
Karl Vilips,Rico Hoey,39.0,3905
Karl Vilips,Tom Hoge,41.1,4112
Karl Vilips,Rasmus Hojgaard,46.7,4672
Karl Vilips,Billy Horschel,40.8,4085
Karl Vilips,Beau Hossler,38.7,3872
Karl Vilips,Mark Hubbard,40.2,4024
Karl Vilips,Mackenzie Hughes,39.4,3943
Karl Vilips,Sungjae Im,39.0,3903
Karl Vilips,Stephan Jaeger,45.8,4576
Karl Vilips,Ben James,35.0,3498
Karl Vilips,Takumi Kanaya,44.7,4473
Karl Vilips,Jeffrey Kang,45.0,4498
Karl Vilips,Johnny Keefer,37.6,3761
Karl Vilips,Michael Kim,38.0,3797
Karl Vilips,Tom Kim,25.5,2547
Karl Vilips,Chris Kirk,37.3,3730
Karl Vilips,Patton Kizzire,69.6,6963
Karl Vilips,Brooks Koepka,36.1,3605
Karl Vilips,Ben Kohles,29.7,2974
Karl Vilips,Jackson Koivun,28.5,2849
Karl Vilips,Matt Kuchar,36.9,3686
Karl Vilips,Christo Lamprecht,72.4,7241
Karl Vilips,Hank Lebioda,46.2,4623
Karl Vilips,Haotong Li,55.4,5542
Karl Vilips,David Lipsky,42.8,4277
Karl Vilips,Luke List,44.6,4457
Karl Vilips,Justin Lower,47.0,4702
Karl Vilips,Peter Malnati,60.4,6040
Karl Vilips,Hideki Matsuyama,29.6,2962
Karl Vilips,Denny McCarthy,40.9,4092
Karl Vilips,Matt McCarty,44.1,4410
Karl Vilips,Max McGreevy,37.3,3730
Karl Vilips,Maverick McNealy,35.7,3572
Karl Vilips,Mac Meissner,35.5,3551
Karl Vilips,Keith Mitchell,35.1,3505
Karl Vilips,Taylor Moore,44.7,4472
Karl Vilips,William Mouw,38.2,3816
Karl Vilips,Rasmus Neergaard-Petersen,38.3,3835
Karl Vilips,Alex Noren,40.0,4000
Karl Vilips,Andrew Novak,38.7,3874
Karl Vilips,Pontus Nyholm,51.3,5128
Karl Vilips,Thorbjorn Olesen,49.1,4910
Karl Vilips,John Parry,40.9,4094
Karl Vilips,Matthieu Pavon,44.6,4457
Karl Vilips,Taylor Pendrith,44.8,4480
Karl Vilips,Marco Penge,36.5,3647
Karl Vilips,Chandler Phillips,40.0,4002
Karl Vilips,J.T. Poston,34.9,3488
Karl Vilips,Aldrich Potgieter,47.3,4734
Karl Vilips,Seamus Power,48.6,4859
Karl Vilips,Andrew Putnam,41.1,4109
Karl Vilips,Aaron Rai,28.1,2806
Karl Vilips,Chad Ramey,55.4,5543
Karl Vilips,Davis Riley,53.8,5379
Karl Vilips,Patrick Rodgers,55.0,5495
Karl Vilips,Kevin Roy,44.7,4473
Karl Vilips,Marcelo Rozo,50.9,5087
Karl Vilips,Adrien Saddier,46.8,4683
Karl Vilips,Gordon Sargent,53.9,5390
Karl Vilips,Adam Schenk,56.2,5623
Karl Vilips,Matti Schmid,48.8,4877
Karl Vilips,Ben Silverman,44.8,4479
Karl Vilips,Webb Simpson,57.7,5768
Karl Vilips,Alex Smalley,37.9,3788
Karl Vilips,Jordan Smith,33.6,3364
Karl Vilips,Austin Smotherman,48.8,4881
Karl Vilips,Brandt Snedeker,41.4,4139
Karl Vilips,Jordan Spieth,42.7,4270
Karl Vilips,Sam Stevens,44.0,4402
Karl Vilips,Sepp Straka,46.3,4633
Karl Vilips,Kevin Streelman,44.2,4419
Karl Vilips,Jackson Suber,33.3,3333
Karl Vilips,Adam Svensson,50.0,4998
Karl Vilips,Jesper Svensson,43.8,4377
Karl Vilips,Nick Taylor,39.1,3910
Karl Vilips,Sahith Theegala,37.9,3793
Karl Vilips,Justin Thomas,26.4,2643
Karl Vilips,Davis Thompson,37.3,3729
Karl Vilips,Alejandro Tosti,57.0,5701
Karl Vilips,Erik van Rooyen,43.1,4313
Karl Vilips,John VanDerLaan,49.3,4934
Karl Vilips,Camilo Villegas,47.5,4754
Karl Vilips,Danny Walker,62.4,6239
Karl Vilips,Matt Wallace,32.6,3265
Karl Vilips,Vince Whaley,54.3,5426
Karl Vilips,Aaron Wise,40.2,4020
Karl Vilips,Dylan Wu,49.9,4994
Karl Vilips,Cameron Young,23.5,2353
Karl Vilips,Kevin Yu,35.7,3568
Camilo Villegas,Zach Bauchou,40.3,4026
Camilo Villegas,Christiaan Bezuidenhout,37.6,3757
Camilo Villegas,Daniel Berger,47.8,4783
Camilo Villegas,Zac Blair,36.4,3636
Camilo Villegas,Chandler Blanchet,49.3,4926
Camilo Villegas,Keegan Bradley,33.9,3386
Camilo Villegas,Michael Brennan,40.1,4005
Camilo Villegas,Brian Campbell,52.2,5225
Camilo Villegas,Rafael Campos,52.3,5230
Camilo Villegas,Ricky Castillo,41.5,4153
Camilo Villegas,Bud Cauley,31.1,3114
Camilo Villegas,Davis Chatfield,46.0,4604
Camilo Villegas,Luke Clanton,43.8,4382
Camilo Villegas,Eric Cole,39.9,3994
Camilo Villegas,Pierceson Coody,49.8,4976
Camilo Villegas,Joel Dahmen,41.2,4116
Camilo Villegas,Cam Davis,61.0,6096
Camilo Villegas,Jason Day,46.2,4615
Camilo Villegas,Zecheng Dou,48.0,4795
Camilo Villegas,Adrien Dumont de Chassart,48.0,4797
Camilo Villegas,Nick Dunlap,51.9,5193
Camilo Villegas,Nico Echavarria,41.2,4121
Camilo Villegas,Austin Eckroat,48.2,4817
Camilo Villegas,Harris English,36.9,3693
Camilo Villegas,Tony Finau,43.5,4347
Camilo Villegas,Patrick Fishburn,42.1,4208
Camilo Villegas,Steven Fisk,50.5,5054
Camilo Villegas,Alex Fitzpatrick,27.2,2725
Camilo Villegas,Brice Garnett,47.7,4767
Camilo Villegas,Ryan Gerard,33.2,3320
Camilo Villegas,Doug Ghim,33.2,3322
Camilo Villegas,Lucas Glover,41.6,4156
Camilo Villegas,Max Greyserman,48.3,4831
Camilo Villegas,Ben Griffin,30.0,2996
Camilo Villegas,Lanto Griffin,48.3,4830
Camilo Villegas,Emiliano Grillo,35.2,3521
Camilo Villegas,Harry Hall,47.8,4777
Camilo Villegas,Brian Harman,36.8,3679
Camilo Villegas,Garrick Higgo,56.2,5623
Camilo Villegas,Joe Highsmith,53.9,5391
Camilo Villegas,Kensei Hirata,57.1,5712
Camilo Villegas,Ryo Hisatsune,38.0,3804
Camilo Villegas,Lee Hodges,41.2,4116
Camilo Villegas,Rico Hoey,41.4,4143
Camilo Villegas,Tom Hoge,43.5,4353
Camilo Villegas,Rasmus Hojgaard,49.2,4918
Camilo Villegas,Billy Horschel,43.3,4326
Camilo Villegas,Beau Hossler,41.1,4110
Camilo Villegas,Mark Hubbard,42.6,4265
Camilo Villegas,Mackenzie Hughes,41.8,4182
Camilo Villegas,Sungjae Im,41.4,4142
Camilo Villegas,Stephan Jaeger,48.2,4822
Camilo Villegas,Ben James,37.3,3729
Camilo Villegas,Takumi Kanaya,47.2,4718
Camilo Villegas,Jeffrey Kang,47.4,4743
Camilo Villegas,Johnny Keefer,40.0,3997
Camilo Villegas,Michael Kim,40.3,4034
Camilo Villegas,Tom Kim,27.5,2749
Camilo Villegas,Chris Kirk,39.7,3965
Camilo Villegas,Patton Kizzire,71.8,7175
Camilo Villegas,Brooks Koepka,38.4,3838
Camilo Villegas,Ben Kohles,31.9,3191
Camilo Villegas,Jackson Koivun,30.6,3062
Camilo Villegas,Matt Kuchar,39.2,3921
Camilo Villegas,Christo Lamprecht,74.4,7443
Camilo Villegas,Hank Lebioda,48.7,4869
Camilo Villegas,Haotong Li,57.8,5784
Camilo Villegas,David Lipsky,45.2,4520
Camilo Villegas,Luke List,47.0,4702
Camilo Villegas,Justin Lower,49.5,4948
Camilo Villegas,Peter Malnati,62.8,6275
Camilo Villegas,Hideki Matsuyama,31.8,3179
Camilo Villegas,Denny McCarthy,43.3,4333
Camilo Villegas,Matt McCarty,46.5,4655
Camilo Villegas,Max McGreevy,39.7,3965
Camilo Villegas,Maverick McNealy,38.0,3804
Camilo Villegas,Mac Meissner,37.8,3784
Camilo Villegas,Keith Mitchell,37.4,3736
Camilo Villegas,Taylor Moore,47.2,4717
Camilo Villegas,William Mouw,40.5,4053
Camilo Villegas,Rasmus Neergaard-Petersen,40.7,4072
Camilo Villegas,Alex Noren,42.4,4240
Camilo Villegas,Andrew Novak,41.1,4112
Camilo Villegas,Pontus Nyholm,53.7,5373
Camilo Villegas,Thorbjorn Olesen,51.6,5156
Camilo Villegas,John Parry,43.4,4335
Camilo Villegas,Matthieu Pavon,47.0,4702
Camilo Villegas,Taylor Pendrith,47.2,4724
Camilo Villegas,Marco Penge,38.8,3881
Camilo Villegas,Chandler Phillips,42.4,4242
Camilo Villegas,J.T. Poston,37.2,3719
Camilo Villegas,Aldrich Potgieter,49.8,4980
Camilo Villegas,Seamus Power,51.0,5105
Camilo Villegas,Andrew Putnam,43.5,4350
Camilo Villegas,Aaron Rai,30.2,3017
Camilo Villegas,Chad Ramey,57.9,5786
Camilo Villegas,Davis Riley,56.2,5623
Camilo Villegas,Patrick Rodgers,57.4,5738
Camilo Villegas,Kevin Roy,47.2,4718
Camilo Villegas,Marcelo Rozo,53.3,5332
Camilo Villegas,Adrien Saddier,49.3,4929
Camilo Villegas,Gordon Sargent,56.3,5634
Camilo Villegas,Adam Schenk,58.7,5865
Camilo Villegas,Matti Schmid,51.2,5123
Camilo Villegas,Ben Silverman,47.2,4724
Camilo Villegas,Webb Simpson,60.1,6008
Camilo Villegas,Alex Smalley,40.2,4025
Camilo Villegas,Jordan Smith,35.9,3592
Camilo Villegas,Austin Smotherman,51.3,5127
Camilo Villegas,Brandt Snedeker,43.8,4381
Camilo Villegas,Jordan Spieth,45.1,4513
Camilo Villegas,Sam Stevens,46.5,4646
Camilo Villegas,Sepp Straka,48.8,4878
Camilo Villegas,Kevin Streelman,46.6,4663
Camilo Villegas,Jackson Suber,35.6,3560
Camilo Villegas,Adam Svensson,52.4,5244
Camilo Villegas,Jesper Svensson,46.2,4621
Camilo Villegas,Nick Taylor,41.5,4148
Camilo Villegas,Sahith Theegala,40.3,4030
Camilo Villegas,Justin Thomas,28.5,2849
Camilo Villegas,Davis Thompson,39.7,3965
Camilo Villegas,Alejandro Tosti,59.4,5942
Camilo Villegas,Erik van Rooyen,45.6,4557
Camilo Villegas,John VanDerLaan,51.8,5180
Camilo Villegas,Karl Vilips,52.5,5246
Camilo Villegas,Danny Walker,64.7,6471
Camilo Villegas,Matt Wallace,34.9,3490
Camilo Villegas,Vince Whaley,56.7,5670
Camilo Villegas,Aaron Wise,42.6,4260
Camilo Villegas,Dylan Wu,52.4,5240
Camilo Villegas,Cameron Young,25.5,2547
Camilo Villegas,Kevin Yu,38.0,3800
Danny Walker,Zach Bauchou,26.6,2662
Danny Walker,Christiaan Bezuidenhout,24.4,2437
Danny Walker,Daniel Berger,33.3,3328
Danny Walker,Zac Blair,23.4,2338
Danny Walker,Chandler Blanchet,34.6,3460
Danny Walker,Keegan Bradley,21.4,2136
Danny Walker,Michael Brennan,26.4,2645
Danny Walker,Brian Campbell,37.4,3740
Danny Walker,Rafael Campos,37.5,3746
Danny Walker,Ricky Castillo,27.7,2771
Danny Walker,Bud Cauley,19.2,1923
Danny Walker,Davis Chatfield,31.7,3167
Danny Walker,Luke Clanton,29.7,2970
Danny Walker,Eric Cole,26.4,2635
Danny Walker,Pierceson Coody,35.1,3506
Danny Walker,Joel Dahmen,27.4,2739
Danny Walker,Cam Davis,46.1,4605
Danny Walker,Jason Day,31.8,3177
Danny Walker,Zecheng Dou,33.4,3340
Danny Walker,Adrien Dumont de Chassart,33.4,3341
Danny Walker,Nick Dunlap,37.1,3710
Danny Walker,Nico Echavarria,27.4,2744
Danny Walker,Austin Eckroat,33.6,3360
Danny Walker,Harris English,23.8,2384
Danny Walker,Tony Finau,29.4,2939
Danny Walker,Patrick Fishburn,28.2,2819
Danny Walker,Steven Fisk,35.8,3579
Danny Walker,Alex Fitzpatrick,16.3,1628
Danny Walker,Brice Garnett,33.1,3314
Danny Walker,Ryan Gerard,20.8,2084
Danny Walker,Doug Ghim,20.9,2086
Danny Walker,Lucas Glover,27.7,2773
Danny Walker,Max Greyserman,33.7,3373
Danny Walker,Ben Griffin,18.3,1833
Danny Walker,Lanto Griffin,33.7,3372
Danny Walker,Emiliano Grillo,22.4,2245
Danny Walker,Harry Hall,33.2,3324
Danny Walker,Brian Harman,23.7,2373
Danny Walker,Garrick Higgo,41.3,4126
Danny Walker,Joe Highsmith,39.0,3900
Danny Walker,Kensei Hirata,42.1,4215
Danny Walker,Ryo Hisatsune,24.8,2477
Danny Walker,Lee Hodges,27.4,2739
Danny Walker,Rico Hoey,27.6,2763
Danny Walker,Tom Hoge,29.4,2945
Danny Walker,Rasmus Hojgaard,34.5,3452
Danny Walker,Billy Horschel,29.2,2921
Danny Walker,Beau Hossler,27.3,2734
Danny Walker,Mark Hubbard,28.7,2868
Danny Walker,Mackenzie Hughes,28.0,2796
Danny Walker,Sungjae Im,27.6,2761
Danny Walker,Stephan Jaeger,33.6,3364
Danny Walker,Ben James,24.1,2414
Danny Walker,Takumi Kanaya,32.7,3270
Danny Walker,Jeffrey Kang,32.9,3293
Danny Walker,Johnny Keefer,26.4,2638
Danny Walker,Michael Kim,26.7,2669
Danny Walker,Tom Kim,16.5,1647
Danny Walker,Chris Kirk,26.1,2611
Danny Walker,Patton Kizzire,57.8,5785
Danny Walker,Brooks Koepka,25.0,2505
Danny Walker,Ben Kohles,19.8,1983
Danny Walker,Jackson Koivun,18.8,1883
Danny Walker,Matt Kuchar,25.7,2574
Danny Walker,Christo Lamprecht,61.0,6099
Danny Walker,Hank Lebioda,34.1,3407
Danny Walker,Haotong Li,42.9,4287
Danny Walker,David Lipsky,30.9,3092
Danny Walker,Luke List,32.6,3255
Danny Walker,Justin Lower,34.8,3481
Danny Walker,Peter Malnati,47.9,4792
Danny Walker,Hideki Matsuyama,19.7,1973
Danny Walker,Denny McCarthy,29.3,2927
Danny Walker,Matt McCarty,32.1,3213
Danny Walker,Max McGreevy,26.1,2611
Danny Walker,Maverick McNealy,24.8,2477
Danny Walker,Mac Meissner,24.6,2459
Danny Walker,Keith Mitchell,24.2,2420
Danny Walker,Taylor Moore,32.7,3269
Danny Walker,William Mouw,26.9,2686
Danny Walker,Rasmus Neergaard-Petersen,27.0,2702
Danny Walker,Alex Noren,28.5,2846
Danny Walker,Andrew Novak,27.4,2736
Danny Walker,Pontus Nyholm,38.8,3883
Danny Walker,Thorbjorn Olesen,36.8,3675
Danny Walker,John Parry,29.3,2929
Danny Walker,Matthieu Pavon,32.6,3255
Danny Walker,Taylor Pendrith,32.8,3276
Danny Walker,Marco Penge,25.4,2540
Danny Walker,Chandler Phillips,28.5,2848
Danny Walker,J.T. Poston,24.1,2406
Danny Walker,Aldrich Potgieter,35.1,3510
Danny Walker,Seamus Power,36.3,3627
Danny Walker,Andrew Putnam,29.4,2942
Danny Walker,Aaron Rai,18.5,1849
Danny Walker,Chad Ramey,42.9,4289
Danny Walker,Davis Riley,41.3,4126
Danny Walker,Patrick Rodgers,42.4,4241
Danny Walker,Kevin Roy,32.7,3270
Danny Walker,Marcelo Rozo,38.4,3843
Danny Walker,Adrien Saddier,34.6,3463
Danny Walker,Gordon Sargent,41.4,4137
Danny Walker,Adam Schenk,43.7,4368
Danny Walker,Matti Schmid,36.4,3644
Danny Walker,Ben Silverman,32.8,3275
Danny Walker,Webb Simpson,45.1,4514
Danny Walker,Alex Smalley,26.6,2661
Danny Walker,Jordan Smith,23.0,2302
Danny Walker,Austin Smotherman,36.5,3648
Danny Walker,Brandt Snedeker,29.7,2969
Danny Walker,Jordan Spieth,30.9,3086
Danny Walker,Sam Stevens,32.0,3205
Danny Walker,Sepp Straka,34.2,3416
Danny Walker,Kevin Streelman,32.2,3220
Danny Walker,Jackson Suber,22.8,2276
Danny Walker,Adam Svensson,37.6,3759
Danny Walker,Jesper Svensson,31.8,3182
Danny Walker,Nick Taylor,27.7,2767
Danny Walker,Sahith Theegala,26.7,2666
Danny Walker,Justin Thomas,17.2,1721
Danny Walker,Davis Thompson,26.1,2611
Danny Walker,Alejandro Tosti,44.5,4447
Danny Walker,Erik van Rooyen,31.2,3125
Danny Walker,John VanDerLaan,37.0,3698
Danny Walker,Karl Vilips,37.6,3761
Danny Walker,Camilo Villegas,35.3,3529
Danny Walker,Matt Wallace,22.2,2220
Danny Walker,Vince Whaley,41.7,4173
Danny Walker,Aaron Wise,28.6,2864
Danny Walker,Dylan Wu,37.5,3755
Danny Walker,Cameron Young,15.0,1498
Danny Walker,Kevin Yu,24.7,2473
Matt Wallace,Zach Bauchou,55.6,5562
Matt Wallace,Christiaan Bezuidenhout,52.8,5284
Matt Wallace,Daniel Berger,63.1,6306
Matt Wallace,Zac Blair,51.6,5156
Matt Wallace,Chandler Blanchet,64.4,6441
Matt Wallace,Keegan Bradley,48.9,4887
Matt Wallace,Michael Brennan,55.4,5541
Matt Wallace,Brian Campbell,67.2,6716
Matt Wallace,Rafael Campos,67.2,6721
Matt Wallace,Ricky Castillo,56.9,5691
Matt Wallace,Bud Cauley,45.9,4586
Matt Wallace,Davis Chatfield,61.4,6136
Matt Wallace,Luke Clanton,59.2,5919
Matt Wallace,Eric Cole,55.3,5529
Matt Wallace,Pierceson Coody,64.9,6487
Matt Wallace,Joel Dahmen,56.5,5653
Matt Wallace,Cam Davis,74.7,7474
Matt Wallace,Jason Day,61.5,6146
Matt Wallace,Zecheng Dou,63.2,6318
Matt Wallace,Adrien Dumont de Chassart,63.2,6319
Matt Wallace,Nick Dunlap,66.9,6687
Matt Wallace,Nico Echavarria,56.6,5658
Matt Wallace,Austin Eckroat,63.4,6339
Matt Wallace,Harris English,52.2,5216
Matt Wallace,Tony Finau,58.8,5884
Matt Wallace,Patrick Fishburn,57.5,5746
Matt Wallace,Steven Fisk,65.6,6559
Matt Wallace,Alex Fitzpatrick,41.4,4140
Matt Wallace,Brice Garnett,62.9,6291
Matt Wallace,Ryan Gerard,48.2,4815
Matt Wallace,Doug Ghim,48.2,4817
Matt Wallace,Lucas Glover,56.9,5694
Matt Wallace,Max Greyserman,63.5,6352
Matt Wallace,Ben Griffin,44.5,4453
Matt Wallace,Lanto Griffin,63.5,6351
Matt Wallace,Emiliano Grillo,50.3,5033
Matt Wallace,Harry Hall,63.0,6301
Matt Wallace,Brian Harman,52.0,5201
Matt Wallace,Garrick Higgo,70.7,7070
Matt Wallace,Joe Highsmith,68.7,6866
Matt Wallace,Kensei Hirata,71.5,7148
Matt Wallace,Ryo Hisatsune,53.3,5333
Matt Wallace,Lee Hodges,56.5,5653
Matt Wallace,Rico Hoey,56.8,5681
Matt Wallace,Tom Hoge,58.9,5891
Matt Wallace,Rasmus Hojgaard,64.3,6433
Matt Wallace,Billy Horschel,58.6,5863
Matt Wallace,Beau Hossler,56.5,5647
Matt Wallace,Mark Hubbard,58.0,5803
Matt Wallace,Mackenzie Hughes,57.2,5720
Matt Wallace,Sungjae Im,56.8,5680
Matt Wallace,Stephan Jaeger,63.4,6343
Matt Wallace,Ben James,52.5,5254
Matt Wallace,Takumi Kanaya,62.4,6244
Matt Wallace,Jeffrey Kang,62.7,6269
Matt Wallace,Johnny Keefer,55.3,5533
Matt Wallace,Michael Kim,55.7,5570
Matt Wallace,Tom Kim,41.7,4168
Matt Wallace,Chris Kirk,55.0,5500
Matt Wallace,Patton Kizzire,83.2,8324
Matt Wallace,Brooks Koepka,53.7,5369
Matt Wallace,Ben Kohles,46.7,4673
Matt Wallace,Jackson Koivun,45.3,4528
Matt Wallace,Matt Kuchar,54.5,5454
Matt Wallace,Christo Lamprecht,85.2,8519
Matt Wallace,Hank Lebioda,63.9,6387
Matt Wallace,Haotong Li,72.1,7210
Matt Wallace,David Lipsky,60.5,6054
Matt Wallace,Luke List,62.3,6229
Matt Wallace,Justin Lower,64.6,6462
Matt Wallace,Peter Malnati,76.2,7622
Matt Wallace,Hideki Matsuyama,46.6,4658
Matt Wallace,Denny McCarthy,58.7,5871
Matt Wallace,Matt McCarty,61.8,6184
Matt Wallace,Max McGreevy,55.0,5500
Matt Wallace,Maverick McNealy,53.3,5333
Matt Wallace,Mac Meissner,53.1,5312
Matt Wallace,Keith Mitchell,52.6,5262
Matt Wallace,Taylor Moore,62.4,6244
Matt Wallace,William Mouw,55.9,5589
Matt Wallace,Rasmus Neergaard-Petersen,56.1,5609
Matt Wallace,Alex Noren,57.8,5778
Matt Wallace,Andrew Novak,56.5,5649
Matt Wallace,Pontus Nyholm,68.5,6850
Matt Wallace,Thorbjorn Olesen,66.5,6653
Matt Wallace,John Parry,58.7,5873
Matt Wallace,Matthieu Pavon,62.3,6229
Matt Wallace,Taylor Pendrith,62.5,6251
Matt Wallace,Marco Penge,54.1,5413
Matt Wallace,Chandler Phillips,57.8,5780
Matt Wallace,J.T. Poston,52.4,5243
Matt Wallace,Aldrich Potgieter,64.9,6491
Matt Wallace,Seamus Power,66.1,6607
Matt Wallace,Andrew Putnam,58.9,5888
Matt Wallace,Aaron Rai,44.8,4477
Matt Wallace,Chad Ramey,72.1,7212
Matt Wallace,Davis Riley,70.7,7070
Matt Wallace,Patrick Rodgers,71.7,7171
Matt Wallace,Kevin Roy,62.4,6244
Matt Wallace,Marcelo Rozo,68.1,6813
Matt Wallace,Adrien Saddier,64.4,6444
Matt Wallace,Gordon Sargent,70.8,7080
Matt Wallace,Adam Schenk,72.8,7279
Matt Wallace,Matti Schmid,66.2,6623
Matt Wallace,Ben Silverman,62.5,6251
Matt Wallace,Webb Simpson,74.0,7400
Matt Wallace,Alex Smalley,55.6,5561
Matt Wallace,Jordan Smith,51.1,5109
Matt Wallace,Austin Smotherman,66.3,6627
Matt Wallace,Brandt Snedeker,59.2,5918
Matt Wallace,Jordan Spieth,60.5,6047
Matt Wallace,Sam Stevens,61.8,6176
Matt Wallace,Sepp Straka,64.0,6396
Matt Wallace,Kevin Streelman,61.9,6192
Matt Wallace,Jackson Suber,50.8,5075
Matt Wallace,Adam Svensson,67.3,6733
Matt Wallace,Jesper Svensson,61.5,6152
Matt Wallace,Nick Taylor,56.9,5686
Matt Wallace,Sahith Theegala,55.7,5566
Matt Wallace,Justin Thomas,42.8,4284
Matt Wallace,Davis Thompson,55.0,5500
Matt Wallace,Alejandro Tosti,73.4,7344
Matt Wallace,Erik van Rooyen,60.9,6090
Matt Wallace,John VanDerLaan,66.8,6675
Matt Wallace,Karl Vilips,67.4,6735
Matt Wallace,Camilo Villegas,65.1,6510
Matt Wallace,Danny Walker,77.8,7780
Matt Wallace,Vince Whaley,71.1,7111
Matt Wallace,Aaron Wise,58.0,5798
Matt Wallace,Dylan Wu,67.3,6730
Matt Wallace,Cameron Young,39.3,3929
Matt Wallace,Kevin Yu,53.3,5329
Vince Whaley,Zach Bauchou,33.9,3389
Vince Whaley,Christiaan Bezuidenhout,31.4,3137
Vince Whaley,Daniel Berger,41.2,4117
Vince Whaley,Zac Blair,30.2,3024
Vince Whaley,Chandler Blanchet,42.6,4257
Vince Whaley,Keegan Bradley,27.9,2793
Vince Whaley,Michael Brennan,33.7,3370
Vince Whaley,Brian Campbell,45.5,4553
Vince Whaley,Rafael Campos,45.6,4558
Vince Whaley,Ricky Castillo,35.1,3510
Vince Whaley,Bud Cauley,25.4,2545
Vince Whaley,Davis Chatfield,39.4,3943
Vince Whaley,Luke Clanton,37.3,3728
Vince Whaley,Eric Cole,33.6,3359
Vince Whaley,Pierceson Coody,43.1,4306
Vince Whaley,Joel Dahmen,34.7,3475
Vince Whaley,Cam Davis,54.4,5437
Vince Whaley,Jason Day,39.5,3954
Vince Whaley,Zecheng Dou,41.3,4129
Vince Whaley,Adrien Dumont de Chassart,41.3,4131
Vince Whaley,Nick Dunlap,45.2,4521
Vince Whaley,Nico Echavarria,34.8,3480
Vince Whaley,Austin Eckroat,41.5,4150
Vince Whaley,Harris English,30.8,3077
Vince Whaley,Tony Finau,37.0,3695
Vince Whaley,Patrick Fishburn,35.6,3563
Vince Whaley,Steven Fisk,43.8,4383
Vince Whaley,Alex Fitzpatrick,21.9,2195
Vince Whaley,Brice Garnett,41.0,4102
Vince Whaley,Ryan Gerard,27.3,2732
Vince Whaley,Doug Ghim,27.3,2734
Vince Whaley,Lucas Glover,35.1,3513
Vince Whaley,Max Greyserman,41.6,4164
Vince Whaley,Ben Griffin,24.4,2438
Vince Whaley,Lanto Griffin,41.6,4164
Vince Whaley,Emiliano Grillo,29.2,2918
Vince Whaley,Harry Hall,41.1,4112
Vince Whaley,Brian Harman,30.6,3064
Vince Whaley,Garrick Higgo,49.5,4952
Vince Whaley,Joe Highsmith,47.2,4719
Vince Whaley,Kensei Hirata,50.4,5043
Vince Whaley,Ryo Hisatsune,31.8,3181
Vince Whaley,Lee Hodges,34.7,3475
Vince Whaley,Rico Hoey,35.0,3501
Vince Whaley,Tom Hoge,37.0,3701
Vince Whaley,Rasmus Hojgaard,42.5,4249
Vince Whaley,Billy Horschel,36.7,3675
Vince Whaley,Beau Hossler,34.7,3469
Vince Whaley,Mark Hubbard,36.2,3617
Vince Whaley,Mackenzie Hughes,35.4,3538
Vince Whaley,Sungjae Im,35.0,3499
Vince Whaley,Stephan Jaeger,41.6,4155
Vince Whaley,Ben James,31.1,3110
Vince Whaley,Takumi Kanaya,40.5,4054
Vince Whaley,Jeffrey Kang,40.8,4078
Vince Whaley,Johnny Keefer,33.6,3363
Vince Whaley,Michael Kim,34.0,3397
Vince Whaley,Tom Kim,22.2,2217
Vince Whaley,Chris Kirk,33.3,3332
Vince Whaley,Patton Kizzire,65.8,6579
Vince Whaley,Brooks Koepka,32.1,3213
Vince Whaley,Ben Kohles,26.1,2615
Vince Whaley,Jackson Koivun,25.0,2497
Vince Whaley,Matt Kuchar,32.9,3291
Vince Whaley,Christo Lamprecht,68.7,6872
Vince Whaley,Hank Lebioda,42.0,4201
Vince Whaley,Haotong Li,51.2,5117
Vince Whaley,David Lipsky,38.6,3862
Vince Whaley,Luke List,40.4,4038
Vince Whaley,Justin Lower,42.8,4279
Vince Whaley,Peter Malnati,56.2,5622
Vince Whaley,Hideki Matsuyama,26.0,2603
Vince Whaley,Denny McCarthy,36.8,3682
Vince Whaley,Matt McCarty,39.9,3992
Vince Whaley,Max McGreevy,33.3,3332
Vince Whaley,Maverick McNealy,31.8,3181
Vince Whaley,Mac Meissner,31.6,3162
Vince Whaley,Keith Mitchell,31.2,3117
Vince Whaley,Taylor Moore,40.5,4053
Vince Whaley,William Mouw,34.2,3415
Vince Whaley,Rasmus Neergaard-Petersen,34.3,3433
Vince Whaley,Alex Noren,35.9,3593
Vince Whaley,Andrew Novak,34.7,3471
Vince Whaley,Pontus Nyholm,47.0,4701
Vince Whaley,Thorbjorn Olesen,44.8,4485
Vince Whaley,John Parry,36.8,3684
Vince Whaley,Matthieu Pavon,40.4,4038
Vince Whaley,Taylor Pendrith,40.6,4060
Vince Whaley,Marco Penge,32.5,3253
Vince Whaley,Chandler Phillips,35.9,3595
Vince Whaley,J.T. Poston,31.0,3101
Vince Whaley,Aldrich Potgieter,43.1,4310
Vince Whaley,Seamus Power,44.3,4434
Vince Whaley,Andrew Putnam,37.0,3698
Vince Whaley,Aaron Rai,24.6,2457
Vince Whaley,Chad Ramey,51.2,5118
Vince Whaley,Davis Riley,49.5,4952
Vince Whaley,Patrick Rodgers,50.7,5070
Vince Whaley,Kevin Roy,40.5,4054
Vince Whaley,Marcelo Rozo,46.6,4660
Vince Whaley,Adrien Saddier,42.6,4260
Vince Whaley,Gordon Sargent,49.6,4963
Vince Whaley,Adam Schenk,52.0,5199
Vince Whaley,Matti Schmid,44.5,4452
Vince Whaley,Ben Silverman,40.6,4060
Vince Whaley,Webb Simpson,53.5,5345
Vince Whaley,Alex Smalley,33.9,3388
Vince Whaley,Jordan Smith,29.8,2983
Vince Whaley,Austin Smotherman,44.6,4456
Vince Whaley,Brandt Snedeker,37.3,3728
Vince Whaley,Jordan Spieth,38.6,3855
Vince Whaley,Sam Stevens,39.8,3984
Vince Whaley,Sepp Straka,42.1,4210
Vince Whaley,Kevin Streelman,40.0,4000
Vince Whaley,Jackson Suber,29.5,2954
Vince Whaley,Adam Svensson,45.7,4572
Vince Whaley,Jesper Svensson,39.6,3960
Vince Whaley,Nick Taylor,35.1,3506
Vince Whaley,Sahith Theegala,33.9,3393
Vince Whaley,Justin Thomas,23.1,2305
Vince Whaley,Davis Thompson,33.3,3332
Vince Whaley,Alejandro Tosti,52.8,5278
Vince Whaley,Erik van Rooyen,39.0,3898
Vince Whaley,John VanDerLaan,45.1,4509
Vince Whaley,Karl Vilips,45.7,4574
Vince Whaley,Camilo Villegas,43.3,4330
Vince Whaley,Danny Walker,58.3,5827
Vince Whaley,Matt Wallace,28.9,2889
Vince Whaley,Aaron Wise,36.1,3612
Vince Whaley,Dylan Wu,45.7,4568
Vince Whaley,Cameron Young,20.4,2037
Vince Whaley,Kevin Yu,31.8,3177
Aaron Wise,Zach Bauchou,47.6,4760
Aaron Wise,Christiaan Bezuidenhout,44.8,4482
Aaron Wise,Daniel Berger,55.2,5525
Aaron Wise,Zac Blair,43.6,4355
Aaron Wise,Chandler Blanchet,56.7,5667
Aaron Wise,Keegan Bradley,40.9,4091
Aaron Wise,Michael Brennan,47.4,4739
Aaron Wise,Brian Campbell,59.6,5959
Aaron Wise,Rafael Campos,59.6,5965
Aaron Wise,Ricky Castillo,48.9,4890
Aaron Wise,Bud Cauley,38.0,3801
Aaron Wise,Davis Chatfield,53.5,5347
Aaron Wise,Luke Clanton,51.2,5123
Aaron Wise,Eric Cole,47.3,4727
Aaron Wise,Pierceson Coody,57.2,5716
Aaron Wise,Joel Dahmen,48.5,4852
Aaron Wise,Cam Davis,67.9,6790
Aaron Wise,Jason Day,53.6,5358
Aaron Wise,Zecheng Dou,55.4,5538
Aaron Wise,Adrien Dumont de Chassart,55.4,5539
Aaron Wise,Nick Dunlap,59.3,5928
Aaron Wise,Nico Echavarria,48.6,4858
Aaron Wise,Austin Eckroat,55.6,5559
Aaron Wise,Harris English,44.1,4414
Aaron Wise,Tony Finau,50.9,5088
Aaron Wise,Patrick Fishburn,49.5,4947
Aaron Wise,Steven Fisk,57.9,5792
Aaron Wise,Alex Fitzpatrick,33.8,3377
Aaron Wise,Brice Garnett,55.1,5510
Aaron Wise,Ryan Gerard,40.2,4021
Aaron Wise,Doug Ghim,40.2,4023
Aaron Wise,Lucas Glover,48.9,4893
Aaron Wise,Max Greyserman,55.7,5573
Aaron Wise,Ben Griffin,36.7,3673
Aaron Wise,Lanto Griffin,55.7,5572
Aaron Wise,Emiliano Grillo,42.3,4234
Aaron Wise,Harry Hall,55.2,5520
Aaron Wise,Brian Harman,44.0,4400
Aaron Wise,Garrick Higgo,63.4,6343
Aaron Wise,Joe Highsmith,61.2,6121
Aaron Wise,Kensei Hirata,64.3,6428
Aaron Wise,Ryo Hisatsune,45.3,4531
Aaron Wise,Lee Hodges,48.5,4853
Aaron Wise,Rico Hoey,48.8,4881
Aaron Wise,Tom Hoge,50.9,5094
Aaron Wise,Rasmus Hojgaard,56.6,5659
Aaron Wise,Billy Horschel,50.7,5066
Aaron Wise,Beau Hossler,48.5,4846
Aaron Wise,Mark Hubbard,50.0,5005
Aaron Wise,Mackenzie Hughes,49.2,4920
Aaron Wise,Sungjae Im,48.8,4879
Aaron Wise,Stephan Jaeger,55.6,5564
Aaron Wise,Ben James,44.5,4452
Aaron Wise,Takumi Kanaya,54.6,5461
Aaron Wise,Jeffrey Kang,54.9,5486
Aaron Wise,Johnny Keefer,47.3,4731
Aaron Wise,Michael Kim,47.7,4768
Aaron Wise,Tom Kim,34.0,3404
Aaron Wise,Chris Kirk,47.0,4698
Aaron Wise,Patton Kizzire,77.7,7770
Aaron Wise,Brooks Koepka,45.7,4566
Aaron Wise,Ben Kohles,38.8,3884
Aaron Wise,Jackson Koivun,37.4,3744
Aaron Wise,Matt Kuchar,46.5,4652
Aaron Wise,Christo Lamprecht,80.0,8004
Aaron Wise,Hank Lebioda,56.1,5610
Aaron Wise,Haotong Li,65.0,6497
Aaron Wise,David Lipsky,52.6,5263
Aaron Wise,Luke List,54.4,5445
Aaron Wise,Justin Lower,56.9,5689
Aaron Wise,Peter Malnati,69.6,6956
Aaron Wise,Hideki Matsuyama,38.7,3870
Aaron Wise,Denny McCarthy,50.7,5074
Aaron Wise,Matt McCarty,54.0,5398
Aaron Wise,Max McGreevy,47.0,4698
Aaron Wise,Maverick McNealy,45.3,4531
Aaron Wise,Mac Meissner,45.1,4509
Aaron Wise,Keith Mitchell,44.6,4460
Aaron Wise,Taylor Moore,54.6,5460
Aaron Wise,William Mouw,47.9,4788
Aaron Wise,Rasmus Neergaard-Petersen,48.1,4808
Aaron Wise,Alex Noren,49.8,4980
Aaron Wise,Andrew Novak,48.5,4849
Aaron Wise,Pontus Nyholm,61.0,6104
Aaron Wise,Thorbjorn Olesen,58.9,5893
Aaron Wise,John Parry,50.8,5076
Aaron Wise,Matthieu Pavon,54.4,5445
Aaron Wise,Taylor Pendrith,54.7,5467
Aaron Wise,Marco Penge,46.1,4610
Aaron Wise,Chandler Phillips,49.8,4981
Aaron Wise,J.T. Poston,44.4,4442
Aaron Wise,Aldrich Potgieter,57.2,5720
Aaron Wise,Seamus Power,58.4,5843
Aaron Wise,Andrew Putnam,50.9,5091
Aaron Wise,Aaron Rai,37.0,3696
Aaron Wise,Chad Ramey,65.0,6498
Aaron Wise,Davis Riley,63.4,6343
Aaron Wise,Patrick Rodgers,64.5,6453
Aaron Wise,Kevin Roy,54.6,5461
Aaron Wise,Marcelo Rozo,60.6,6064
Aaron Wise,Adrien Saddier,56.7,5670
Aaron Wise,Gordon Sargent,63.5,6353
Aaron Wise,Adam Schenk,65.7,6573
Aaron Wise,Matti Schmid,58.6,5860
Aaron Wise,Ben Silverman,54.7,5467
Aaron Wise,Webb Simpson,67.1,6707
Aaron Wise,Alex Smalley,47.6,4759
Aaron Wise,Jordan Smith,43.1,4309
Aaron Wise,Austin Smotherman,58.6,5864
Aaron Wise,Brandt Snedeker,51.2,5122
Aaron Wise,Jordan Spieth,52.6,5256
Aaron Wise,Sam Stevens,53.9,5389
Aaron Wise,Sepp Straka,56.2,5620
Aaron Wise,Kevin Streelman,54.1,5406
Aaron Wise,Jackson Suber,42.8,4275
Aaron Wise,Adam Svensson,59.8,5978
Aaron Wise,Jesper Svensson,53.6,5364
Aaron Wise,Nick Taylor,48.9,4886
Aaron Wise,Sahith Theegala,47.6,4764
Aaron Wise,Justin Thomas,35.1,3513
Aaron Wise,Davis Thompson,47.0,4697
Aaron Wise,Alejandro Tosti,66.5,6645
Aaron Wise,Erik van Rooyen,53.0,5300
Aaron Wise,John VanDerLaan,59.2,5916
Aaron Wise,Karl Vilips,59.8,5980
Aaron Wise,Camilo Villegas,57.4,5740
Aaron Wise,Danny Walker,71.4,7136
Aaron Wise,Matt Wallace,42.0,4202
Aaron Wise,Vince Whaley,63.9,6388
Aaron Wise,Dylan Wu,59.7,5974
Aaron Wise,Cameron Young,31.8,3180
Aaron Wise,Kevin Yu,45.3,4527
Dylan Wu,Zach Bauchou,37.9,3795
Dylan Wu,Christiaan Bezuidenhout,35.3,3531
Dylan Wu,Daniel Berger,45.4,4543
Dylan Wu,Zac Blair,34.1,3413
Dylan Wu,Chandler Blanchet,46.9,4686
Dylan Wu,Keegan Bradley,31.7,3169
Dylan Wu,Michael Brennan,37.7,3774
Dylan Wu,Brian Campbell,49.8,4985
Dylan Wu,Rafael Campos,49.9,4990
Dylan Wu,Ricky Castillo,39.2,3920
Dylan Wu,Bud Cauley,29.0,2905
Dylan Wu,Davis Chatfield,43.7,4366
Dylan Wu,Luke Clanton,41.5,4146
Dylan Wu,Eric Cole,37.6,3763
Dylan Wu,Pierceson Coody,47.4,4736
Dylan Wu,Joel Dahmen,38.8,3883
Dylan Wu,Cam Davis,58.6,5864
Dylan Wu,Jason Day,43.8,4377
Dylan Wu,Zecheng Dou,45.6,4556
Dylan Wu,Adrien Dumont de Chassart,45.6,4557
Dylan Wu,Nick Dunlap,49.5,4953
Dylan Wu,Nico Echavarria,38.9,3888
Dylan Wu,Austin Eckroat,45.8,4578
Dylan Wu,Harris English,34.7,3468
Dylan Wu,Tony Finau,41.1,4112
Dylan Wu,Patrick Fishburn,39.7,3975
Dylan Wu,Steven Fisk,48.1,4814
Dylan Wu,Alex Fitzpatrick,25.3,2529
Dylan Wu,Brice Garnett,45.3,4528
Dylan Wu,Ryan Gerard,31.0,3105
Dylan Wu,Doug Ghim,31.1,3106
Dylan Wu,Lucas Glover,39.2,3923
Dylan Wu,Max Greyserman,45.9,4592
Dylan Wu,Ben Griffin,27.9,2791
Dylan Wu,Lanto Griffin,45.9,4591
Dylan Wu,Emiliano Grillo,33.0,3301
Dylan Wu,Harry Hall,45.4,4538
Dylan Wu,Brian Harman,34.5,3455
Dylan Wu,Garrick Higgo,53.8,5384
Dylan Wu,Joe Highsmith,51.5,5152
Dylan Wu,Kensei Hirata,54.7,5474
Dylan Wu,Ryo Hisatsune,35.8,3577
Dylan Wu,Lee Hodges,38.8,3883
Dylan Wu,Rico Hoey,39.1,3910
Dylan Wu,Tom Hoge,41.2,4118
Dylan Wu,Rasmus Hojgaard,46.8,4678
Dylan Wu,Billy Horschel,40.9,4090
Dylan Wu,Beau Hossler,38.8,3877
Dylan Wu,Mark Hubbard,40.3,4030
Dylan Wu,Mackenzie Hughes,39.5,3949
Dylan Wu,Sungjae Im,39.1,3909
Dylan Wu,Stephan Jaeger,45.8,4582
Dylan Wu,Ben James,35.0,3503
Dylan Wu,Takumi Kanaya,44.8,4479
Dylan Wu,Jeffrey Kang,45.0,4504
Dylan Wu,Johnny Keefer,37.7,3767
Dylan Wu,Michael Kim,38.0,3803
Dylan Wu,Tom Kim,25.5,2552
Dylan Wu,Chris Kirk,37.4,3735
Dylan Wu,Patton Kizzire,69.7,6969
Dylan Wu,Brooks Koepka,36.1,3611
Dylan Wu,Ben Kohles,29.8,2980
Dylan Wu,Jackson Koivun,28.5,2854
Dylan Wu,Matt Kuchar,36.9,3692
Dylan Wu,Christo Lamprecht,72.5,7246
Dylan Wu,Hank Lebioda,46.3,4629
Dylan Wu,Haotong Li,55.5,5548
Dylan Wu,David Lipsky,42.8,4283
Dylan Wu,Luke List,44.6,4463
Dylan Wu,Justin Lower,47.1,4708
Dylan Wu,Peter Malnati,60.5,6045
Dylan Wu,Hideki Matsuyama,29.7,2967
Dylan Wu,Denny McCarthy,41.0,4098
Dylan Wu,Matt McCarty,44.2,4416
Dylan Wu,Max McGreevy,37.4,3735
Dylan Wu,Maverick McNealy,35.8,3577
Dylan Wu,Mac Meissner,35.6,3557
Dylan Wu,Keith Mitchell,35.1,3511
Dylan Wu,Taylor Moore,44.8,4478
Dylan Wu,William Mouw,38.2,3822
Dylan Wu,Rasmus Neergaard-Petersen,38.4,3841
Dylan Wu,Alex Noren,40.1,4006
Dylan Wu,Andrew Novak,38.8,3880
Dylan Wu,Pontus Nyholm,51.3,5134
Dylan Wu,Thorbjorn Olesen,49.2,4916
Dylan Wu,John Parry,41.0,4100
Dylan Wu,Matthieu Pavon,44.6,4463
Dylan Wu,Taylor Pendrith,44.9,4486
Dylan Wu,Marco Penge,36.5,3652
Dylan Wu,Chandler Phillips,40.1,4008
Dylan Wu,J.T. Poston,34.9,3494
Dylan Wu,Aldrich Potgieter,47.4,4740
Dylan Wu,Seamus Power,48.6,4865
Dylan Wu,Andrew Putnam,41.1,4115
Dylan Wu,Aaron Rai,28.1,2811
Dylan Wu,Chad Ramey,55.5,5549
Dylan Wu,Davis Riley,53.8,5385
Dylan Wu,Patrick Rodgers,55.0,5501
Dylan Wu,Kevin Roy,44.8,4479
Dylan Wu,Marcelo Rozo,50.9,5093
Dylan Wu,Adrien Saddier,46.9,4689
Dylan Wu,Gordon Sargent,54.0,5396
Dylan Wu,Adam Schenk,56.3,5629
Dylan Wu,Matti Schmid,48.8,4883
Dylan Wu,Ben Silverman,44.9,4485
Dylan Wu,Webb Simpson,57.7,5774
Dylan Wu,Alex Smalley,37.9,3794
Dylan Wu,Jordan Smith,33.7,3369
Dylan Wu,Austin Smotherman,48.9,4887
Dylan Wu,Brandt Snedeker,41.4,4145
Dylan Wu,Jordan Spieth,42.8,4276
Dylan Wu,Sam Stevens,44.1,4408
Dylan Wu,Sepp Straka,46.4,4639
Dylan Wu,Kevin Streelman,44.2,4425
Dylan Wu,Jackson Suber,33.4,3339
Dylan Wu,Adam Svensson,50.0,5004
Dylan Wu,Jesper Svensson,43.8,4383
Dylan Wu,Nick Taylor,39.2,3915
Dylan Wu,Sahith Theegala,38.0,3799
Dylan Wu,Justin Thomas,26.5,2648
Dylan Wu,Davis Thompson,37.4,3735
Dylan Wu,Alejandro Tosti,57.1,5707
Dylan Wu,Erik van Rooyen,43.2,4319
Dylan Wu,John VanDerLaan,49.4,4940
Dylan Wu,Karl Vilips,50.1,5006
Dylan Wu,Camilo Villegas,47.6,4760
Dylan Wu,Danny Walker,62.5,6245
Dylan Wu,Matt Wallace,32.7,3270
Dylan Wu,Vince Whaley,54.3,5432
Dylan Wu,Aaron Wise,40.3,4026
Dylan Wu,Cameron Young,23.6,2358
Dylan Wu,Kevin Yu,35.7,3573
Cameron Young,Zach Bauchou,66.0,6603
Cameron Young,Christiaan Bezuidenhout,63.4,6342
Cameron Young,Daniel Berger,72.8,7275
Cameron Young,Zac Blair,62.2,6221
Cameron Young,Chandler Blanchet,73.9,7393
Cameron Young,Keegan Bradley,59.6,5962
Cameron Young,Michael Brennan,65.8,6583
Cameron Young,Brian Campbell,76.3,7631
Cameron Young,Rafael Campos,76.3,7635
Cameron Young,Ricky Castillo,67.2,6722
Cameron Young,Bud Cauley,56.7,5667
Cameron Young,Davis Chatfield,71.2,7124
Cameron Young,Luke Clanton,69.3,6929
Cameron Young,Eric Cole,65.7,6572
Cameron Young,Pierceson Coody,74.3,7434
Cameron Young,Joel Dahmen,66.9,6687
Cameron Young,Cam Davis,82.6,8259
Cameron Young,Jason Day,71.3,7133
Cameron Young,Zecheng Dou,72.9,7286
Cameron Young,Adrien Dumont de Chassart,72.9,7287
Cameron Young,Nick Dunlap,76.1,7606
Cameron Young,Nico Echavarria,66.9,6692
Cameron Young,Austin Eckroat,73.0,7304
Cameron Young,Harris English,62.8,6278
Cameron Young,Tony Finau,69.0,6899
Cameron Young,Patrick Fishburn,67.7,6773
Cameron Young,Steven Fisk,75.0,7496
Cameron Young,Alex Fitzpatrick,52.2,5217
Cameron Young,Brice Garnett,72.6,7262
Cameron Young,Ryan Gerard,58.9,5892
Cameron Young,Doug Ghim,58.9,5894
Cameron Young,Lucas Glover,67.2,6724
Cameron Young,Max Greyserman,73.2,7315
Cameron Young,Ben Griffin,55.3,5535
Cameron Young,Lanto Griffin,73.1,7315
Cameron Young,Emiliano Grillo,61.0,6104
Cameron Young,Harry Hall,72.7,7271
Cameron Young,Brian Harman,62.6,6264
Cameron Young,Garrick Higgo,79.3,7929
Cameron Young,Joe Highsmith,77.6,7758
Cameron Young,Kensei Hirata,79.9,7993
Cameron Young,Ryo Hisatsune,63.9,6389
Cameron Young,Lee Hodges,66.9,6687
Cameron Young,Rico Hoey,67.1,6713
Cameron Young,Tom Hoge,69.0,6904
Cameron Young,Rasmus Hojgaard,73.9,7386
Cameron Young,Billy Horschel,68.8,6879
Cameron Young,Beau Hossler,66.8,6681
Cameron Young,Mark Hubbard,68.2,6824
Cameron Young,Mackenzie Hughes,67.5,6748
Cameron Young,Sungjae Im,67.1,6711
Cameron Young,Stephan Jaeger,73.1,7308
Cameron Young,Ben James,63.1,6314
Cameron Young,Takumi Kanaya,72.2,7221
Cameron Young,Jeffrey Kang,72.4,7242
Cameron Young,Johnny Keefer,65.8,6576
Cameron Young,Michael Kim,66.1,6610
Cameron Young,Tom Kim,52.5,5247
Cameron Young,Chris Kirk,65.5,6545
Cameron Young,Patton Kizzire,89.2,8917
Cameron Young,Brooks Koepka,64.2,6422
Cameron Young,Ben Kohles,57.5,5752
Cameron Young,Jackson Koivun,56.1,5609
Cameron Young,Matt Kuchar,65.0,6503
Cameron Young,Christo Lamprecht,90.6,9060
Cameron Young,Hank Lebioda,73.5,7346
Cameron Young,Haotong Li,80.4,8045
Cameron Young,David Lipsky,70.5,7052
Cameron Young,Luke List,72.1,7207
Cameron Young,Justin Lower,74.1,7411
Cameron Young,Peter Malnati,83.8,8377
Cameron Young,Hideki Matsuyama,57.4,5738
Cameron Young,Denny McCarthy,68.9,6886
Cameron Young,Matt McCarty,71.7,7167
Cameron Young,Max McGreevy,65.4,6545
Cameron Young,Maverick McNealy,63.9,6389
Cameron Young,Mac Meissner,63.7,6369
Cameron Young,Keith Mitchell,63.2,6322
Cameron Young,Taylor Moore,72.2,7220
Cameron Young,William Mouw,66.3,6628
Cameron Young,Rasmus Neergaard-Petersen,66.5,6646
Cameron Young,Alex Noren,68.0,6802
Cameron Young,Andrew Novak,66.8,6684
Cameron Young,Pontus Nyholm,77.4,7744
Cameron Young,Thorbjorn Olesen,75.8,7577
Cameron Young,John Parry,68.9,6888
Cameron Young,Matthieu Pavon,72.1,7207
Cameron Young,Taylor Pendrith,72.3,7226
Cameron Young,Marco Penge,64.6,6464
Cameron Young,Chandler Phillips,68.0,6804
Cameron Young,J.T. Poston,63.0,6304
Cameron Young,Aldrich Potgieter,74.4,7437
Cameron Young,Seamus Power,75.4,7537
Cameron Young,Andrew Putnam,69.0,6901
Cameron Young,Aaron Rai,55.6,5558
Cameron Young,Chad Ramey,80.5,8046
Cameron Young,Davis Riley,79.3,7929
Cameron Young,Patrick Rodgers,80.1,8012
Cameron Young,Kevin Roy,72.2,7221
Cameron Young,Marcelo Rozo,77.1,7713
Cameron Young,Adrien Saddier,74.0,7396
Cameron Young,Gordon Sargent,79.4,7937
Cameron Young,Adam Schenk,81.0,8101
Cameron Young,Matti Schmid,75.5,7551
Cameron Young,Ben Silverman,72.3,7226
Cameron Young,Webb Simpson,82.0,8199
Cameron Young,Alex Smalley,66.0,6601
Cameron Young,Jordan Smith,61.8,6176
Cameron Young,Austin Smotherman,75.5,7555
Cameron Young,Brandt Snedeker,69.3,6929
Cameron Young,Jordan Spieth,70.5,7045
Cameron Young,Sam Stevens,71.6,7160
Cameron Young,Sepp Straka,73.5,7354
Cameron Young,Kevin Streelman,71.7,7174
Cameron Young,Jackson Suber,61.4,6144
Cameron Young,Adam Svensson,76.5,7645
Cameron Young,Jesper Svensson,71.4,7139
Cameron Young,Nick Taylor,67.2,6717
Cameron Young,Sahith Theegala,66.1,6606
Cameron Young,Justin Thomas,53.6,5364
Cameron Young,Davis Thompson,65.4,6545
Cameron Young,Alejandro Tosti,81.5,8155
Cameron Young,Erik van Rooyen,70.8,7083
Cameron Young,John VanDerLaan,76.0,7596
Cameron Young,Karl Vilips,76.5,7647
Cameron Young,Camilo Villegas,74.5,7453
Cameron Young,Danny Walker,85.0,8502
Cameron Young,Matt Wallace,60.7,6071
Cameron Young,Vince Whaley,79.6,7963
Cameron Young,Aaron Wise,68.2,6820
Cameron Young,Dylan Wu,76.4,7642
Cameron Young,Kevin Yu,63.8,6385
Kevin Yu,Zach Bauchou,52.3,5234
Kevin Yu,Christiaan Bezuidenhout,49.5,4955
Kevin Yu,Daniel Berger,59.9,5991
Kevin Yu,Zac Blair,48.3,4827
Kevin Yu,Chandler Blanchet,61.3,6129
Kevin Yu,Keegan Bradley,45.6,4559
Kevin Yu,Michael Brennan,52.1,5213
Kevin Yu,Brian Campbell,64.1,6412
Kevin Yu,Rafael Campos,64.2,6418
Kevin Yu,Ricky Castillo,53.6,5364
Kevin Yu,Bud Cauley,42.6,4261
Kevin Yu,Davis Chatfield,58.2,5816
Kevin Yu,Luke Clanton,56.0,5595
Kevin Yu,Eric Cole,52.0,5201
Kevin Yu,Pierceson Coody,61.8,6177
Kevin Yu,Joel Dahmen,53.3,5326
Kevin Yu,Cam Davis,72.0,7203
Kevin Yu,Jason Day,58.3,5827
Kevin Yu,Zecheng Dou,60.0,6003
Kevin Yu,Adrien Dumont de Chassart,60.0,6004
Kevin Yu,Nick Dunlap,63.8,6382
Kevin Yu,Nico Echavarria,53.3,5332
Kevin Yu,Austin Eckroat,60.2,6024
Kevin Yu,Harris English,48.9,4887
Kevin Yu,Tony Finau,55.6,5561
Kevin Yu,Patrick Fishburn,54.2,5421
Kevin Yu,Steven Fisk,62.5,6251
Kevin Yu,Alex Fitzpatrick,38.2,3821
Kevin Yu,Brice Garnett,59.8,5976
Kevin Yu,Ryan Gerard,44.9,4487
Kevin Yu,Doug Ghim,44.9,4489
Kevin Yu,Lucas Glover,53.7,5367
Kevin Yu,Max Greyserman,60.4,6037
Kevin Yu,Ben Griffin,41.3,4129
Kevin Yu,Lanto Griffin,60.4,6037
Kevin Yu,Emiliano Grillo,47.0,4704
Kevin Yu,Harry Hall,59.9,5986
Kevin Yu,Brian Harman,48.7,4872
Kevin Yu,Garrick Higgo,67.8,6780
Kevin Yu,Joe Highsmith,65.7,6568
Kevin Yu,Kensei Hirata,68.6,6861
Kevin Yu,Ryo Hisatsune,50.0,5004
Kevin Yu,Lee Hodges,53.3,5327
Kevin Yu,Rico Hoey,53.5,5355
Kevin Yu,Tom Hoge,55.7,5567
Kevin Yu,Rasmus Hojgaard,61.2,6121
Kevin Yu,Billy Horschel,55.4,5539
Kevin Yu,Beau Hossler,53.2,5320
Kevin Yu,Mark Hubbard,54.8,5478
Kevin Yu,Mackenzie Hughes,53.9,5394
Kevin Yu,Sungjae Im,53.5,5353
Kevin Yu,Stephan Jaeger,60.3,6028
Kevin Yu,Ben James,49.2,4925
Kevin Yu,Takumi Kanaya,59.3,5928
Kevin Yu,Jeffrey Kang,59.5,5952
Kevin Yu,Johnny Keefer,52.1,5205
Kevin Yu,Michael Kim,52.4,5243
Kevin Yu,Tom Kim,38.5,3850
Kevin Yu,Chris Kirk,51.7,5172
Kevin Yu,Patton Kizzire,81.1,8108
Kevin Yu,Brooks Koepka,50.4,5040
Kevin Yu,Ben Kohles,43.5,4346
Kevin Yu,Jackson Koivun,42.0,4203
Kevin Yu,Matt Kuchar,51.3,5126
Kevin Yu,Christo Lamprecht,83.2,8320
Kevin Yu,Hank Lebioda,60.7,6074
Kevin Yu,Haotong Li,69.3,6926
Kevin Yu,David Lipsky,57.3,5734
Kevin Yu,Luke List,59.1,5912
Kevin Yu,Justin Lower,61.5,6150
Kevin Yu,Peter Malnati,73.6,7359
Kevin Yu,Hideki Matsuyama,43.3,4332
Kevin Yu,Denny McCarthy,55.5,5547
Kevin Yu,Matt McCarty,58.7,5866
Kevin Yu,Max McGreevy,51.7,5172
Kevin Yu,Maverick McNealy,50.0,5004
Kevin Yu,Mac Meissner,49.8,4983
Kevin Yu,Keith Mitchell,49.3,4933
Kevin Yu,Taylor Moore,59.3,5927
Kevin Yu,William Mouw,52.6,5262
Kevin Yu,Rasmus Neergaard-Petersen,52.8,5282
Kevin Yu,Alex Noren,54.5,5453
Kevin Yu,Andrew Novak,53.2,5323
Kevin Yu,Pontus Nyholm,65.5,6551
Kevin Yu,Thorbjorn Olesen,63.5,6348
Kevin Yu,John Parry,55.5,5549
Kevin Yu,Matthieu Pavon,59.1,5912
Kevin Yu,Taylor Pendrith,59.3,5934
Kevin Yu,Marco Penge,50.8,5084
Kevin Yu,Chandler Phillips,54.6,5455
Kevin Yu,J.T. Poston,49.1,4914
Kevin Yu,Aldrich Potgieter,61.8,6181
Kevin Yu,Seamus Power,63.0,6300
Kevin Yu,Andrew Putnam,55.6,5564
Kevin Yu,Aaron Rai,41.5,4153
Kevin Yu,Chad Ramey,69.3,6928
Kevin Yu,Davis Riley,67.8,6780
Kevin Yu,Patrick Rodgers,68.9,6885
Kevin Yu,Kevin Roy,59.3,5928
Kevin Yu,Marcelo Rozo,65.1,6513
Kevin Yu,Adrien Saddier,61.3,6132
Kevin Yu,Gordon Sargent,67.9,6790
Kevin Yu,Adam Schenk,70.0,6999
Kevin Yu,Matti Schmid,63.2,6316
Kevin Yu,Ben Silverman,59.3,5934
Kevin Yu,Webb Simpson,71.3,7125
Kevin Yu,Alex Smalley,52.3,5233
Kevin Yu,Jordan Smith,47.8,4780
Kevin Yu,Austin Smotherman,63.2,6321
Kevin Yu,Brandt Snedeker,55.9,5595
Kevin Yu,Jordan Spieth,57.3,5726
Kevin Yu,Sam Stevens,58.6,5858
Kevin Yu,Sepp Straka,60.8,6083
Kevin Yu,Kevin Streelman,58.7,5874
Kevin Yu,Jackson Suber,47.5,4746
Kevin Yu,Adam Svensson,64.3,6430
Kevin Yu,Jesper Svensson,58.3,5833
Kevin Yu,Nick Taylor,53.6,5360
Kevin Yu,Sahith Theegala,52.4,5238
Kevin Yu,Justin Thomas,39.6,3963
Kevin Yu,Davis Thompson,51.7,5172
Kevin Yu,Alejandro Tosti,70.7,7067
Kevin Yu,Erik van Rooyen,57.7,5770
Kevin Yu,John VanDerLaan,63.7,6371
Kevin Yu,Karl Vilips,64.3,6432
Kevin Yu,Camilo Villegas,62.0,6200
Kevin Yu,Danny Walker,75.3,7527
Kevin Yu,Matt Wallace,46.7,4671
Kevin Yu,Vince Whaley,68.2,6823
Kevin Yu,Aaron Wise,54.7,5473
Kevin Yu,Dylan Wu,64.3,6427
Kevin Yu,Cameron Young,36.2,3615
