275,4706,65.0,6499
275,1145,81.0,8104
275,1180,75.6,7561
275,3299,74.2,7425
275,4536,73.0,7301
275,1307,76.8,7681
275,1491,85.7,8565
275,4516,48.8,4879
275,267,63.8,6383
275,1163,63.7,6367
275,1096,71.2,7117
275,1124,65.0,6495
275,213,69.5,6951
275,4798,76.7,7666
275,1482,63.9,6391
275,4362,49.7,4967
275,3478,59.0,5895
275,1047,46.3,4627
275,1154,68.5,6846
275,237,62.9,6285
275,1476,59.6,5960
275,1166,63.0,6299
275,936,75.7,7572
275,229,54.6,5460
275,219,68.6,6861
275,3694,63.3,6333
275,946,51.0,5104
275,203,83.8,8383
275,295,48.6,4865
275,1206,72.3,7227
275,1127,82.7,8268
275,4789,72.5,7255
275,1114,66.4,6639
275,247,66.7,6665
275,184,56.5,5651
275,4170,94.2,9418
275,18,77.4,7739
275,1209,88.5,8853
275,1059,67.8,6777
275,4790,64.5,6453
275,277,78.3,7833
275,4644,59.8,5979
275,259,62.3,6226
275,972,53.1,5311
275,1548,76.4,7638
275,984,53.4,5344
275,198,60.6,6058
275,4489,68.8,6875
275,1514,78.9,7893
275,4705,79.4,7937
275,4795,77.2,7724
275,4527,80.2,8025
275,961,59.6,5964
275,227,75.7,7567
275,257,50.9,5094
275,273,54.0,5400
275,1554,49.5,4949
275,1175,59.4,5935
275,205,74.4,7444
275,4793,75.2,7515
275,1183,73.5,7351
275,996,78.2,7817
275,80,62.3,6228
275,4257,71.2,7119
275,4799,78.6,7863
275,4254,65.0,6501
275,4431,56.2,5619
275,1699,71.3,7130
275,1066,73.1,7310
275,289,48.9,4891
275,2521,78.0,7795
275,188,55.4,5535
275,1078,61.6,6157
275,999,82.2,8215
275,1136,71.9,7193
275,1490,67.7,6770
275,297,60.0,6001
275,1277,74.3,7428
275,1005,60.9,6086
275,975,66.0,6598
275,950,68.4,6841
275,1063,71.4,7139
275,1075,58.2,5822
275,1022,63.9,6391
275,4833,78.3,7831
275,4258,65.2,6515
275,1019,69.9,6988
275,1050,56.8,5677
275,261,67.5,6750
275,1520,59.5,5952
275,269,75.5,7550
275,1148,77.2,7718
275,4383,61.1,6109
275,223,73.2,7324
275,1072,62.2,6217
275,4728,63.5,6347
275,1037,62.4,6237
275,209,79.4,7942
275,285,60.6,6065
275,211,62.1,6211
275,964,66.1,6609
275,1130,81.5,8148
275,249,93.2,9322
275,255,83.9,8393
275,77,74.4,7436
275,4832,79.6,7958
275,192,80.5,8048
275,1687,75.9,7591
275,4256,62.1,6213
275,942,64.5,6446
275,1009,68.0,6799
275,1535,50.0,5005
275,1002,61.7,6174
275,287,66.0,6604
275,1172,74.7,7468
275,1121,71.3,7135
275,283,71.9,7193
275,1025,76.5,7649
275,967,75.2,7524
275,241,63.7,6374
275,1031,69.7,6970
275,1084,73.4,7336
275,271,75.3,7535
275,2046,76.9,7690
275,233,68.0,6795
275,1041,47.8,4777
275,215,72.5,7252
275,1212,81.2,8125
275,1157,80.5,8049
275,1087,65.3,6530
275,57,52.5,5246
275,4788,65.3,6527
275,4791,71.4,7140
4706,275,35.0,3501
4706,1145,68.9,6894
4706,1180,62.1,6212
4706,3299,60.5,6048
4706,4536,59.0,5902
4706,1307,63.6,6359
4706,1491,75.2,7517
4706,4516,33.9,3389
4706,267,48.8,4876
4706,1163,48.6,4859
4706,1096,56.9,5688
4706,1124,50.0,4995
4706,213,55.0,5498
4706,4798,63.4,6340
4706,1482,48.8,4884
4706,4362,34.7,3470
4706,3478,43.7,4368
4706,1047,31.6,3161
4706,1154,53.8,5380
4706,237,47.7,4771
4706,1476,44.4,4435
4706,1166,47.9,4786
4706,936,62.2,6225
4706,229,39.4,3938
4706,219,54.0,5397
4706,3694,48.2,4822
4706,946,36.0,3598
4706,203,72.7,7265
4706,295,33.8,3376
4706,1206,58.1,5815
4706,1127,71.1,7111
4706,4789,58.5,5848
4706,1114,51.5,5152
4706,247,51.8,5180
4706,184,41.2,4125
4706,4170,88.2,8819
4706,18,64.3,6430
4706,1209,79.3,7930
4706,1059,53.0,5303
4706,4790,49.5,4950
4706,277,65.5,6548
4706,4644,44.5,4454
4706,259,47.1,4710
4706,972,37.9,3794
4706,1548,63.1,6307
4706,984,38.3,3826
4706,198,45.4,4535
4706,4489,54.1,5413
4706,1514,66.2,6623
4706,4705,66.8,6680
4706,4795,64.1,6412
4706,4527,67.9,6792
4706,961,44.4,4440
4706,227,62.2,6220
4706,257,35.9,3589
4706,273,38.8,3880
4706,1554,34.5,3453
4706,1175,44.1,4410
4706,205,60.7,6072
4706,4793,61.6,6157
4706,1183,59.6,5961
4706,996,65.3,6528
4706,80,47.1,4712
4706,4257,56.9,5690
4706,4799,65.9,6586
4706,4254,50.0,5002
4706,4431,40.9,4093
4706,1699,57.0,5702
4706,1066,59.1,5912
4706,289,34.0,3400
4706,2521,65.0,6501
4706,188,40.1,4010
4706,1078,46.4,4638
4706,999,70.4,7040
4706,1136,57.8,5776
4706,1490,53.0,5296
4706,297,44.8,4477
4706,1277,60.5,6052
4706,1005,45.6,4564
4706,975,51.1,5107
4706,950,53.8,5375
4706,1063,57.1,5713
4706,1075,43.0,4295
4706,1022,48.8,4884
4706,4833,65.5,6546
4706,4258,50.2,5017
4706,1019,55.4,5540
4706,1050,41.5,4151
4706,261,52.7,5273
4706,1520,44.3,4427
4706,269,62.0,6199
4706,1148,64.0,6404
4706,4383,45.9,4588
4706,223,59.3,5928
4706,1072,47.0,4700
4706,4728,48.4,4837
4706,1037,47.2,4721
4706,209,66.8,6685
4706,285,45.4,4543
4706,211,46.9,4694
4706,964,51.2,5119
4706,1130,69.5,6952
4706,249,86.6,8659
4706,255,72.8,7280
4706,77,60.6,6062
4706,4832,67.1,6706
4706,192,68.2,6822
4706,1687,62.5,6249
4706,4256,47.0,4696
4706,942,49.4,4943
4706,1009,53.3,5328
4706,1535,35.0,3505
4706,1002,46.6,4656
4706,287,51.1,5113
4706,1172,61.0,6100
4706,1121,57.1,5708
4706,283,57.8,5776
4706,1025,63.2,6319
4706,967,61.7,6168
4706,241,48.7,4866
4706,1031,55.2,5520
4706,1084,59.4,5942
4706,271,61.8,6180
4706,2046,63.7,6370
4706,233,53.2,5323
4706,1041,33.0,3296
4706,215,58.4,5844
4706,1212,69.2,6922
4706,1157,68.2,6823
4706,1087,50.3,5033
4706,57,37.3,3732
4706,4788,50.3,5029
4706,4791,57.1,5714
1145,275,19.0,1896
1145,4706,31.1,3106
1145,1180,42.6,4265
1145,3299,41.0,4097
1145,4536,39.5,3951
1145,1307,44.2,4418
1145,1491,57.4,5736
1145,4516,18.1,1815
1145,267,30.0,2997
1145,1163,29.8,2982
1145,1096,37.4,3741
1145,1124,31.0,3102
1145,213,35.6,3561
1145,4798,44.0,4398
1145,1482,30.0,3004
1145,4362,18.7,1874
1145,3478,25.7,2568
1145,1047,16.5,1653
1145,1154,34.5,3451
1145,237,29.1,2907
1145,1476,26.2,2623
1145,1166,29.2,2919
1145,936,42.8,4278
1145,229,22.2,2225
1145,219,34.7,3467
1145,3694,29.5,2950
1145,946,19.7,1968
1145,203,54.3,5430
1145,295,18.1,1806
1145,1206,38.6,3865
1145,1127,52.5,5249
1145,4789,39.0,3898
1145,1114,32.4,3242
1145,247,32.7,3267
1145,184,23.7,2372
1145,4170,75.5,7551
1145,18,44.9,4492
1145,1209,62.6,6265
1145,1059,33.8,3380
1145,4790,30.6,3062
1145,277,46.2,4619
1145,4644,26.4,2639
1145,259,28.5,2854
1145,972,21.1,2115
1145,1548,43.6,4362
1145,984,21.4,2139
1145,198,27.1,2706
1145,4489,34.8,3481
1145,1514,47.0,4700
1145,4705,47.6,4762
1145,4795,44.7,4473
1145,4527,48.9,4885
1145,961,26.3,2627
1145,227,42.7,4272
1145,257,19.6,1961
1145,273,21.8,2181
1145,1554,18.6,1862
1145,1175,26.0,2602
1145,205,41.2,4121
1145,4793,42.1,4208
1145,1183,40.1,4010
1145,996,46.0,4596
1145,80,28.6,2856
1145,4257,37.4,3743
1145,4799,46.6,4659
1145,4254,31.1,3108
1145,4431,23.5,2347
1145,1699,37.5,3755
1145,1066,39.6,3961
1145,289,18.2,1823
1145,2521,45.7,4567
1145,188,22.8,2282
1145,1078,27.9,2793
1145,999,51.7,5166
1145,1136,38.3,3827
1145,1490,33.7,3373
1145,297,26.6,2658
1145,1277,41.0,4101
1145,1005,27.3,2730
1145,975,32.0,3202
1145,950,34.5,3445
1145,1063,37.7,3766
1145,1075,25.1,2509
1145,1022,30.0,3004
1145,4833,46.2,4616
1145,4258,31.2,3121
1145,1019,36.0,3600
1145,1050,23.9,2393
1145,261,33.5,3352
1145,1520,26.2,2616
1145,269,42.5,4251
1145,1148,44.6,4465
1145,4383,27.5,2751
1145,223,39.8,3977
1145,1072,28.5,2846
1145,4728,29.6,2963
1145,1037,28.6,2864
1145,209,47.7,4768
1145,285,27.1,2713
1145,211,28.4,2841
1145,964,32.1,3212
1145,1130,50.7,5066
1145,249,73.0,7300
1145,255,54.5,5448
1145,77,41.1,4111
1145,4832,47.9,4790
1145,192,49.2,4919
1145,1687,43.0,4303
1145,4256,28.4,2842
1145,942,30.6,3056
1145,1009,34.0,3403
1145,1535,19.0,1900
1145,1002,28.1,2808
1145,287,32.1,3207
1145,1172,41.5,4149
1145,1121,37.6,3761
1145,283,38.3,3827
1145,1025,43.8,4375
1145,967,42.2,4219
1145,241,29.9,2988
1145,1031,35.8,3581
1145,1084,39.9,3991
1145,271,42.3,4231
1145,2046,44.3,4428
1145,233,34.0,3398
1145,1041,17.5,1748
1145,215,38.9,3894
1145,1212,50.3,5031
1145,1157,49.2,4920
1145,1087,31.4,3136
1145,57,20.7,2068
1145,4788,31.3,3132
1145,4791,37.7,3767
1180,275,24.4,2439
1180,4706,37.9,3788
1180,1145,57.4,5735
1180,3299,48.3,4829
1180,4536,46.8,4678
1180,1307,51.5,5155
1180,1491,64.5,6447
1180,4516,23.4,2345
1180,267,36.7,3670
1180,1163,36.5,3654
1180,1096,44.6,4461
1180,1124,37.8,3783
1180,213,42.7,4272
1180,4798,51.4,5135
1180,1482,36.8,3678
1180,4362,24.1,2413
1180,3478,32.0,3200
1180,1047,21.6,2155
1180,1154,41.5,4155
1180,237,35.7,3572
1180,1476,32.6,3261
1180,1166,35.9,3585
1180,936,50.1,5013
1180,229,28.1,2815
1180,219,41.7,4172
1180,3694,36.2,3619
1180,946,25.2,2521
1180,203,61.5,6154
1180,295,23.3,2334
1180,1206,45.9,4590
1180,1127,59.8,5979
1180,4789,46.2,4624
1180,1114,39.3,3934
1180,247,39.6,3960
1180,184,29.8,2981
1180,4170,81.0,8095
1180,18,52.3,5230
1180,1209,69.4,6943
1180,1059,40.8,4080
1180,4790,37.4,3740
1180,277,53.6,5357
1180,4644,32.8,3278
1180,259,35.1,3514
1180,972,26.9,2690
1180,1548,51.0,5099
1180,984,27.2,2718
1180,198,33.5,3352
1180,4489,41.9,4188
1180,1514,54.4,5438
1180,4705,55.0,5500
1180,4795,52.1,5211
1180,4527,56.2,5622
1180,961,32.6,3265
1180,227,50.1,5008
1180,257,25.1,2514
1180,273,27.6,2765
1180,1554,24.0,2399
1180,1175,32.4,3238
1180,205,48.5,4853
1180,4793,49.4,4942
1180,1183,47.4,4739
1180,996,53.4,5335
1180,80,35.2,3516
1180,4257,44.6,4463
1180,4799,54.0,5398
1180,4254,37.9,3789
1180,4431,29.5,2953
1180,1699,44.8,4476
1180,1066,46.9,4689
1180,289,23.5,2354
1180,2521,53.1,5306
1180,188,28.8,2879
1180,1078,34.5,3447
1180,999,59.0,5898
1180,1136,45.5,4550
1180,1490,40.7,4073
1180,297,33.0,3299
1180,1277,48.3,4833
1180,1005,33.8,3379
1180,975,38.9,3890
1180,950,41.5,4150
1180,1063,44.9,4487
1180,1075,31.3,3134
1180,1022,36.8,3678
1180,4833,53.5,5354
1180,4258,38.0,3804
1180,1019,43.1,4313
1180,1050,30.0,3004
1180,261,40.5,4051
1180,1520,32.5,3253
1180,269,49.9,4986
1180,1148,52.0,5203
1180,4383,34.0,3401
1180,223,47.0,4705
1180,1072,35.0,3505
1180,4728,36.3,3633
1180,1037,35.2,3525
1180,209,55.1,5506
1180,285,33.6,3359
1180,211,35.0,3500
1180,964,39.0,3901
1180,1130,58.0,5800
1180,249,78.8,7876
1180,255,61.7,6171
1180,77,48.4,4843
1180,4832,55.3,5528
1180,192,56.6,5656
1180,1687,50.4,5039
1180,4256,35.0,3501
1180,942,37.3,3733
1180,1009,41.0,4105
1180,1535,24.4,2443
1180,1002,34.6,3464
1180,287,39.0,3896
1180,1172,48.8,4882
1180,1121,44.8,4482
1180,283,45.5,4550
1180,1025,51.1,5112
1180,967,49.5,4953
1180,241,36.6,3660
1180,1031,42.9,4293
1180,1084,47.2,4720
1180,271,49.7,4966
1180,2046,51.7,5166
1180,233,41.0,4100
1180,1041,22.7,2267
1180,215,46.2,4620
1180,1212,57.7,5766
1180,1157,56.6,5657
1180,1087,38.2,3819
1180,57,26.4,2637
1180,4788,38.2,3816
1180,4791,44.9,4488
3299,275,25.8,2575
3299,4706,39.5,3952
3299,1145,59.0,5903
3299,1180,51.7,5171
3299,4536,48.5,4849
3299,1307,53.3,5326
3299,1491,66.0,6605
3299,4516,24.8,2478
3299,267,38.3,3833
3299,1163,38.2,3816
3299,1096,46.3,4631
3299,1124,39.5,3947
3299,213,44.4,4441
3299,4798,53.1,5306
3299,1482,38.4,3841
3299,4362,25.5,2549
3299,3478,33.5,3355
3299,1047,22.8,2283
3299,1154,43.2,4323
3299,237,37.3,3733
3299,1476,34.2,3417
3299,1166,37.5,3747
3299,936,51.8,5184
3299,229,29.6,2962
3299,219,43.4,4340
3299,3694,37.8,3781
3299,946,26.6,2660
3299,203,63.2,6317
3299,295,24.7,2467
3299,1206,47.6,4760
3299,1127,61.4,6144
3299,4789,47.9,4794
3299,1114,41.0,4099
3299,247,41.3,4126
3299,184,31.3,3132
3299,4170,82.1,8209
3299,18,54.0,5401
3299,1209,70.9,7092
3299,1059,42.5,4248
3299,4790,39.0,3903
3299,277,55.3,5527
3299,4644,34.3,3434
3299,259,36.7,3674
3299,972,28.3,2833
3299,1548,52.7,5270
3299,984,28.6,2862
3299,198,35.1,3510
3299,4489,43.6,4356
3299,1514,56.1,5608
3299,4705,56.7,5669
3299,4795,53.8,5382
3299,4527,57.9,5791
3299,961,34.2,3421
3299,227,51.8,5179
3299,257,26.5,2652
3299,273,29.1,2910
3299,1554,25.3,2534
3299,1175,33.9,3393
3299,205,50.2,5024
3299,4793,51.1,5113
3299,1183,49.1,4910
3299,996,55.0,5505
3299,80,36.8,3677
3299,4257,46.3,4633
3299,4799,55.7,5568
3299,4254,39.5,3953
3299,4431,31.0,3102
3299,1699,46.5,4646
3299,1066,48.6,4860
3299,289,24.9,2488
3299,2521,54.8,5476
3299,188,30.3,3028
3299,1078,36.1,3606
3299,999,60.6,6064
3299,1136,47.2,4720
3299,1490,42.4,4240
3299,297,34.5,3455
3299,1277,50.0,5004
3299,1005,35.4,3537
3299,975,40.6,4056
3299,950,43.2,4318
3299,1063,46.6,4657
3299,1075,32.9,3287
3299,1022,38.4,3840
3299,4833,55.2,5524
3299,4258,39.7,3969
3299,1019,44.8,4483
3299,1050,31.6,3155
3299,261,42.2,4218
3299,1520,34.1,3409
3299,269,51.6,5157
3299,1148,53.7,5373
3299,4383,35.6,3560
3299,223,48.8,4876
3299,1072,36.6,3665
3299,4728,38.0,3796
3299,1037,36.9,3685
3299,209,56.8,5675
3299,285,35.2,3517
3299,211,36.6,3660
3299,964,40.7,4067
3299,1130,59.7,5967
3299,249,80.0,7999
3299,255,63.3,6334
3299,77,50.1,5014
3299,4832,57.0,5697
3299,192,58.2,5824
3299,1687,52.1,5210
3299,4256,36.6,3662
3299,942,39.0,3897
3299,1009,42.7,4272
3299,1535,25.8,2579
3299,1002,36.2,3623
3299,287,40.6,4061
3299,1172,50.5,5053
3299,1121,46.5,4652
3299,283,47.2,4721
3299,1025,52.8,5283
3299,967,51.2,5124
3299,241,38.2,3823
3299,1031,44.6,4462
3299,1084,48.9,4891
3299,271,51.4,5137
3299,2046,53.4,5337
3299,233,42.7,4267
3299,1041,24.0,2398
3299,215,47.9,4790
3299,1212,59.3,5933
3299,1157,58.2,5825
3299,1087,39.8,3984
3299,57,27.8,2779
3299,4788,39.8,3980
3299,4791,46.6,4658
4536,275,27.0,2699
4536,4706,41.0,4098
4536,1145,60.5,6049
4536,1180,53.2,5322
4536,3299,51.5,5151
4536,1307,54.8,5476
4536,1491,67.4,6743
4536,4516,26.0,2599
4536,267,39.8,3978
4536,1163,39.6,3961
4536,1096,47.8,4781
4536,1124,40.9,4093
4536,213,45.9,4591
4536,4798,54.6,5456
4536,1482,39.9,3986
4536,4362,26.7,2672
4536,3478,34.9,3494
4536,1047,24.0,2399
4536,1154,44.7,4473
4536,237,38.8,3877
4536,1476,35.6,3556
4536,1166,38.9,3891
4536,936,53.4,5335
4536,229,30.9,3094
4536,219,44.9,4490
4536,3694,39.3,3926
4536,946,27.9,2786
4536,203,64.6,6459
4536,295,25.9,2588
4536,1206,49.1,4911
4536,1127,62.9,6287
4536,4789,49.5,4945
4536,1114,42.5,4247
4536,247,42.7,4274
4536,184,32.7,3267
4536,4170,83.1,8306
4536,18,55.5,5551
4536,1209,72.2,7220
4536,1059,44.0,4396
4536,4790,40.5,4049
4536,277,56.8,5676
4536,4644,35.7,3574
4536,259,38.2,3818
4536,972,29.6,2963
4536,1548,54.2,5420
4536,984,29.9,2992
4536,198,36.5,3651
4536,4489,45.0,4505
4536,1514,57.6,5757
4536,4705,58.2,5817
4536,4795,55.3,5532
4536,4527,59.4,5938
4536,961,35.6,3561
4536,227,53.3,5330
4536,257,27.8,2778
4536,273,30.4,3041
4536,1554,26.6,2657
4536,1175,35.3,3533
4536,205,51.8,5175
4536,4793,52.6,5264
4536,1183,50.6,5061
4536,996,56.5,5654
4536,80,38.2,3820
4536,4257,47.8,4783
4536,4799,57.2,5717
4536,4254,41.0,4100
4536,4431,32.4,3237
4536,1699,48.0,4796
4536,1066,50.1,5010
4536,289,26.1,2609
4536,2521,56.3,5626
4536,188,31.6,3161
4536,1078,37.5,3749
4536,999,62.1,6209
4536,1136,48.7,4871
4536,1490,43.9,4389
4536,297,36.0,3596
4536,1277,51.5,5155
4536,1005,36.8,3678
4536,975,42.0,4203
4536,950,44.7,4467
4536,1063,48.1,4808
4536,1075,34.2,3425
4536,1022,39.9,3985
4536,4833,56.7,5674
4536,4258,41.1,4115
4536,1019,46.3,4632
4536,1050,32.9,3290
4536,261,43.7,4367
4536,1520,35.5,3549
4536,269,53.1,5307
4536,1148,55.2,5523
4536,4383,37.0,3702
4536,223,50.3,5027
4536,1072,38.1,3808
4536,4728,39.4,3940
4536,1037,38.3,3829
4536,209,58.2,5823
4536,285,36.6,3658
4536,211,38.0,3803
4536,964,42.1,4214
4536,1130,61.1,6113
4536,249,81.0,8103
4536,255,64.8,6475
4536,77,51.6,5165
4536,4832,58.5,5845
4536,192,59.7,5971
4536,1687,53.6,5360
4536,4256,38.0,3805
4536,942,40.4,4042
4536,1009,44.2,4421
4536,1535,27.0,2703
4536,1002,37.7,3766
4536,287,42.1,4209
4536,1172,52.0,5204
4536,1121,48.0,4803
4536,283,48.7,4871
4536,1025,54.3,5434
4536,967,52.8,5275
4536,241,39.7,3968
4536,1031,46.1,4612
4536,1084,50.4,5042
4536,271,52.9,5288
4536,2046,54.9,5487
4536,233,44.2,4416
4536,1041,25.2,2517
4536,215,49.4,4941
4536,1212,60.8,6079
4536,1157,59.7,5972
4536,1087,41.3,4131
4536,57,29.1,2907
4536,4788,41.3,4127
4536,4791,48.1,4809
1307,275,23.2,2319
1307,4706,36.4,3641
1307,1145,55.8,5582
1307,1180,48.5,4845
1307,3299,46.7,4674
1307,4536,45.2,4524
1307,1491,63.0,6301
1307,4516,22.3,2227
1307,267,35.2,3525
1307,1163,35.1,3508
1307,1096,43.1,4308
1307,1124,36.4,3636
1307,213,41.2,4120
1307,4798,49.8,4980
1307,1482,35.3,3532
1307,4362,22.9,2294
1307,3478,30.6,3062
1307,1047,20.4,2043
1307,1154,40.0,4005
1307,237,34.3,3428
1307,1476,31.2,3122
1307,1166,34.4,3441
1307,936,48.6,4858
1307,229,26.9,2686
1307,219,40.2,4021
1307,3694,34.8,3475
1307,946,24.0,2399
1307,203,60.0,6005
1307,295,22.2,2217
1307,1206,44.4,4436
1307,1127,58.3,5828
1307,4789,44.7,4470
1307,1114,37.9,3785
1307,247,38.1,3811
1307,184,28.5,2848
1307,4170,79.9,7987
1307,18,50.8,5076
1307,1209,68.0,6805
1307,1059,39.3,3930
1307,4790,35.9,3594
1307,277,52.0,5203
1307,4644,31.4,3139
1307,259,33.7,3371
1307,972,25.6,2563
1307,1548,49.4,4944
1307,984,25.9,2590
1307,198,32.1,3212
1307,4489,40.4,4037
1307,1514,52.8,5284
1307,4705,53.5,5346
1307,4795,50.6,5056
1307,4527,54.7,5469
1307,961,31.3,3126
1307,227,48.5,4853
1307,257,23.9,2391
1307,273,26.4,2636
1307,1554,22.8,2280
1307,1175,31.0,3099
1307,205,47.0,4698
1307,4793,47.9,4787
1307,1183,45.9,4585
1307,996,51.8,5180
1307,80,33.7,3373
1307,4257,43.1,4310
1307,4799,52.4,5243
1307,4254,36.4,3642
1307,4431,28.2,2820
1307,1699,43.2,4322
1307,1066,45.3,4534
1307,289,22.4,2236
1307,2521,51.5,5151
1307,188,27.5,2748
1307,1078,33.0,3305
1307,999,57.5,5746
1307,1136,44.0,4396
1307,1490,39.2,3923
1307,297,31.6,3159
1307,1277,46.8,4678
1307,1005,32.4,3238
1307,975,37.4,3742
1307,950,40.0,3999
1307,1063,43.3,4334
1307,1075,30.0,2997
1307,1022,35.3,3532
1307,4833,52.0,5200
1307,4258,36.6,3657
1307,1019,41.6,4161
1307,1050,28.7,2870
1307,261,39.0,3901
1307,1520,31.1,3114
1307,269,48.3,4831
1307,1148,50.5,5048
1307,4383,32.6,3260
1307,223,45.5,4551
1307,1072,33.6,3362
1307,4728,34.9,3489
1307,1037,33.8,3382
1307,209,53.5,5352
1307,285,32.2,3219
1307,211,33.6,3357
1307,964,37.5,3753
1307,1130,56.5,5647
1307,249,77.6,7762
1307,255,60.2,6022
1307,77,46.9,4688
1307,4832,53.7,5374
1307,192,55.0,5503
1307,1687,48.8,4884
1307,4256,33.6,3359
1307,942,35.9,3587
1307,1009,39.5,3954
1307,1535,23.2,2322
1307,1002,33.2,3322
1307,287,37.5,3748
1307,1172,47.3,4727
1307,1121,43.3,4329
1307,283,44.0,4397
1307,1025,49.6,4957
1307,967,48.0,4798
1307,241,35.1,3515
1307,1031,41.4,4141
1307,1084,45.6,4565
1307,271,48.1,4811
1307,2046,50.1,5011
1307,233,39.5,3950
1307,1041,21.5,2151
1307,215,44.7,4466
1307,1212,56.1,5613
1307,1157,55.0,5503
1307,1087,36.7,3672
1307,57,25.1,2511
1307,4788,36.7,3668
1307,4791,43.4,4335
1491,275,14.3,1435
1491,4706,24.8,2483
1491,1145,42.6,4264
1491,1180,35.5,3553
1491,3299,34.0,3395
1491,4536,32.6,3257
1491,1307,37.0,3699
1491,4516,13.7,1367
1491,267,23.9,2386
1491,1163,23.7,2372
1491,1096,30.6,3062
1491,1124,24.8,2480
1491,213,29.0,2896
1491,4798,36.8,3680
1491,1482,23.9,2392
1491,4362,14.2,1416
1491,3478,20.1,2008
1491,1047,12.3,1233
1491,1154,27.9,2795
1491,237,23.1,2305
1491,1476,20.6,2056
1491,1166,23.2,2317
1491,936,35.7,3566
1491,229,17.1,1712
1491,219,28.1,2810
1491,3694,23.4,2344
1491,946,14.9,1495
1491,203,46.9,4691
1491,295,13.6,1360
1491,1206,31.8,3177
1491,1127,45.1,4510
1491,4789,32.1,3208
1491,1114,26.1,2606
1491,247,26.3,2628
1491,184,18.4,1838
1491,4170,69.3,6932
1491,18,37.7,3771
1491,1209,55.5,5545
1491,1059,27.3,2731
1491,4790,24.4,2444
1491,277,38.9,3892
1491,4644,20.7,2070
1491,259,22.6,2259
1491,972,16.2,1619
1491,1548,36.5,3646
1491,984,16.4,1639
1491,198,21.3,2128
1491,4489,28.2,2823
1491,1514,39.7,3971
1491,4705,40.3,4031
1491,4795,37.5,3752
1491,4527,41.5,4151
1491,961,20.6,2059
1491,227,35.6,3561
1491,257,14.9,1489
1491,273,16.7,1674
1491,1554,14.1,1406
1491,1175,20.4,2038
1491,205,34.2,3417
1491,4793,35.0,3499
1491,1183,33.1,3313
1491,996,38.7,3871
1491,80,22.6,2261
1491,4257,30.6,3064
1491,4799,39.3,3932
1491,4254,24.9,2485
1491,4431,18.2,1817
1491,1699,30.8,3076
1491,1066,32.7,3267
1491,289,13.7,1374
1491,2521,38.4,3843
1491,188,17.6,1761
1491,1078,22.1,2205
1491,999,44.3,4428
1491,1136,31.4,3142
1491,1490,27.2,2724
1491,297,20.9,2086
1491,1277,34.0,3399
1491,1005,21.5,2150
1491,975,25.7,2569
1491,950,27.9,2790
1491,1063,30.9,3086
1491,1075,19.6,1956
1491,1022,23.9,2392
1491,4833,38.9,3890
1491,4258,25.0,2497
1491,1019,29.3,2932
1491,1050,18.6,1856
1491,261,27.1,2706
1491,1520,20.5,2050
1491,269,35.4,3540
1491,1148,37.4,3744
1491,4383,21.7,2168
1491,223,32.8,3282
1491,1072,22.5,2251
1491,4728,23.6,2356
1491,1037,22.7,2267
1491,209,40.4,4037
1491,285,21.3,2134
1491,211,22.5,2247
1491,964,25.8,2578
1491,1130,43.3,4329
1491,249,66.5,6654
1491,255,47.1,4709
1491,77,34.1,3408
1491,4832,40.6,4059
1491,192,41.9,4185
1491,1687,35.9,3589
1491,4256,22.5,2248
1491,942,24.4,2438
1491,1009,27.5,2751
1491,1535,14.4,1438
1491,1002,22.2,2218
1491,287,25.7,2574
1491,1172,34.4,3444
1491,1121,30.8,3081
1491,283,31.4,3142
1491,1025,36.6,3659
1491,967,35.1,3510
1491,241,23.8,2378
1491,1031,29.1,2915
1491,1084,33.0,3295
1491,271,35.2,3522
1491,2046,37.1,3709
1491,233,27.5,2747
1491,1041,13.1,1312
1491,215,32.0,3204
1491,1212,43.0,4295
1491,1157,41.9,4186
1491,1087,25.1,2510
1491,57,15.8,1579
1491,4788,25.1,2507
1491,4791,30.9,3086
4516,275,51.2,5121
4516,4706,66.1,6611
4516,1145,81.8,8185
4516,1180,76.5,7655
4516,3299,75.2,7522
4516,4536,74.0,7401
4516,1307,77.7,7773
4516,1491,86.3,8633
4516,267,65.0,6497
4516,1163,64.8,6480
4516,1096,72.2,7220
4516,1124,66.1,6607
4516,213,70.6,7056
4516,4798,77.6,7758
4516,1482,65.0,6504
4516,4362,50.9,5088
4516,3478,60.1,6012
4516,1047,47.5,4748
4516,1154,69.5,6953
4516,237,64.0,6399
4516,1476,60.8,6077
4516,1166,64.1,6413
4516,936,76.7,7666
4516,229,55.8,5580
4516,219,69.7,6968
4516,3694,64.5,6446
4516,946,52.2,5225
4516,203,84.6,8456
4516,295,49.9,4986
4516,1206,73.3,7327
4516,1127,83.5,8345
4516,4789,73.6,7356
4516,1114,67.5,6750
4516,247,67.7,6774
4516,184,57.7,5771
4516,4170,94.5,9452
4516,18,78.3,7829
4516,1209,89.1,8911
4516,1059,68.8,6885
4516,4790,65.7,6565
4516,277,79.2,7921
4516,4644,61.0,6096
4516,259,63.4,6341
4516,972,54.3,5431
4516,1548,77.3,7731
4516,984,54.6,5465
4516,198,61.7,6174
4516,4489,69.8,6982
4516,1514,79.8,7979
4516,4705,80.2,8023
4516,4795,78.2,7815
4516,4527,81.1,8108
4516,961,60.8,6082
4516,227,76.6,7661
4516,257,52.1,5215
4516,273,55.2,5521
4516,1554,50.7,5070
4516,1175,60.5,6053
4516,205,75.4,7541
4516,4793,76.1,7611
4516,1183,74.5,7450
4516,996,79.0,7905
4516,80,63.4,6343
4516,4257,72.2,7221
4516,4799,79.5,7951
4516,4254,66.1,6613
4516,4431,57.4,5738
4516,1699,72.3,7232
4516,1066,74.1,7409
4516,289,50.1,5012
4516,2521,78.8,7884
4516,188,56.5,5655
4516,1078,62.7,6272
4516,999,82.9,8293
4516,1136,73.0,7295
4516,1490,68.8,6878
4516,297,61.2,6118
4516,1277,75.2,7525
4516,1005,62.0,6202
4516,975,67.1,6709
4516,950,69.5,6948
4516,1063,72.4,7242
4516,1075,59.4,5940
4516,1022,65.0,6504
4516,4833,79.2,7919
4516,4258,66.3,6627
4516,1019,70.9,7093
4516,1050,58.0,5796
4516,261,68.6,6858
4516,1520,60.7,6069
4516,269,76.4,7644
4516,1148,78.1,7808
4516,4383,62.2,6225
4516,223,74.2,7423
4516,1072,63.3,6332
4516,4728,64.6,6461
4516,1037,63.5,6352
4516,209,80.3,8027
4516,285,61.8,6181
4516,211,63.3,6326
4516,964,67.2,6719
4516,1130,82.3,8228
4516,249,93.6,9361
4516,255,84.7,8466
4516,77,75.3,7533
4516,4832,80.4,8043
4516,192,81.3,8131
4516,1687,76.8,7685
4516,4256,63.3,6328
4516,942,65.6,6558
4516,1009,69.1,6907
4516,1535,51.3,5126
4516,1002,62.9,6290
4516,287,67.1,6714
4516,1172,75.6,7564
4516,1121,72.4,7237
4516,283,73.0,7295
4516,1025,77.4,7741
4516,967,76.2,7619
4516,241,64.9,6487
4516,1031,70.8,7075
4516,1084,74.3,7434
4516,271,76.3,7629
4516,2046,77.8,7781
4516,233,69.0,6903
4516,1041,49.0,4898
4516,215,73.5,7352
4516,1212,82.1,8206
4516,1157,81.3,8132
4516,1087,66.4,6642
4516,57,53.7,5367
4516,4788,66.4,6638
4516,4791,72.4,7243
267,275,36.2,3617
267,4706,51.2,5124
267,1145,70.0,7003
267,1180,63.3,6330
267,3299,61.7,6167
267,4536,60.2,6022
267,1307,64.8,6475
267,1491,76.1,7614
267,4516,35.0,3503
267,1163,49.8,4983
267,1096,58.1,5809
267,1124,51.2,5119
267,213,56.2,5621
267,4798,64.6,6457
267,1482,50.1,5008
267,4362,35.9,3586
267,3478,44.9,4491
267,1047,32.7,3272
267,1154,55.0,5503
267,237,49.0,4895
267,1476,45.6,4558
267,1166,49.1,4910
267,936,63.4,6343
267,229,40.6,4058
267,219,55.2,5521
267,3694,49.5,4946
267,946,37.1,3715
267,203,73.7,7367
267,295,34.9,3491
267,1206,59.4,5936
267,1127,72.2,7216
267,4789,59.7,5969
267,1114,52.8,5276
267,247,53.0,5304
267,184,42.5,4247
267,4170,88.8,8880
267,18,65.5,6545
267,1209,80.2,8018
267,1059,54.3,5427
267,4790,50.7,5074
267,277,66.6,6662
267,4644,45.8,4577
267,259,48.3,4834
267,972,39.1,3913
267,1548,64.2,6423
267,984,39.5,3945
267,198,46.6,4658
267,4489,55.4,5536
267,1514,67.4,6736
267,4705,67.9,6792
267,4795,65.3,6528
267,4527,69.0,6902
267,961,45.6,4563
267,227,63.4,6338
267,257,37.1,3706
267,273,40.0,3999
267,1554,35.7,3569
267,1175,45.3,4533
267,205,61.9,6191
267,4793,62.8,6275
267,1183,60.8,6081
267,996,66.4,6642
267,80,48.4,4836
267,4257,58.1,5811
267,4799,67.0,6699
267,4254,51.3,5126
267,4431,42.1,4214
267,1699,58.2,5824
267,1066,60.3,6032
267,289,35.1,3515
267,2521,66.2,6615
267,188,41.3,4131
267,1078,47.6,4761
267,999,71.5,7146
267,1136,59.0,5897
267,1490,54.2,5419
267,297,46.0,4600
267,1277,61.7,6171
267,1005,46.9,4687
267,975,52.3,5231
267,950,55.0,5498
267,1063,58.4,5835
267,1075,44.2,4418
267,1022,50.1,5008
267,4833,66.6,6660
267,4258,51.4,5141
267,1019,56.6,5663
267,1050,42.7,4272
267,261,54.0,5397
267,1520,45.5,4550
267,269,63.2,6317
267,1148,65.2,6520
267,4383,47.1,4712
267,223,60.5,6048
267,1072,48.2,4824
267,4728,49.6,4961
267,1037,48.5,4845
267,209,68.0,6797
267,285,46.7,4666
267,211,48.2,4818
267,964,52.4,5243
267,1130,70.6,7060
267,249,87.2,8725
267,255,73.8,7382
267,77,61.8,6181
267,4832,68.2,6818
267,192,69.3,6932
267,1687,63.7,6367
267,4256,48.2,4820
267,942,50.7,5067
267,1009,54.5,5452
267,1535,36.2,3621
267,1002,47.8,4780
267,287,52.4,5237
267,1172,62.2,6218
267,1121,58.3,5830
267,283,59.0,5897
267,1025,64.4,6436
267,967,62.9,6286
267,241,49.9,4990
267,1031,56.4,5642
267,1084,60.6,6063
267,271,63.0,6298
267,2046,64.9,6486
267,233,54.5,5447
267,1041,34.1,3409
267,215,59.6,5965
267,1212,70.3,7030
267,1157,69.3,6933
267,1087,51.6,5157
267,57,38.5,3851
267,4788,51.5,5153
267,4791,58.4,5836
1163,275,36.3,3633
1163,4706,51.4,5141
1163,1145,70.2,7018
1163,1180,63.5,6346
1163,3299,61.8,6184
1163,4536,60.4,6039
1163,1307,64.9,6492
1163,1491,76.3,7628
1163,4516,35.2,3520
1163,267,50.2,5017
1163,1096,58.3,5826
1163,1124,51.4,5137
1163,213,56.4,5638
1163,4798,64.7,6473
1163,1482,50.3,5026
1163,4362,36.0,3602
1163,3478,45.1,4508
1163,1047,32.9,3288
1163,1154,55.2,5521
1163,237,49.1,4913
1163,1476,45.8,4575
1163,1166,49.3,4928
1163,936,63.6,6359
1163,229,40.8,4075
1163,219,55.4,5538
1163,3694,49.6,4963
1163,946,37.3,3731
1163,203,73.8,7382
1163,295,35.1,3507
1163,1206,59.5,5953
1163,1127,72.3,7231
1163,4789,59.9,5986
1163,1114,52.9,5293
1163,247,53.2,5321
1163,184,42.6,4264
1163,4170,88.9,8888
1163,18,65.6,6562
1163,1209,80.3,8030
1163,1059,54.4,5444
1163,4790,50.9,5091
1163,277,66.8,6678
1163,4644,45.9,4594
1163,259,48.5,4851
1163,972,39.3,3929
1163,1548,64.4,6440
1163,984,39.6,3962
1163,198,46.8,4676
1163,4489,55.5,5553
1163,1514,67.5,6752
1163,4705,68.1,6807
1163,4795,65.4,6544
1163,4527,69.2,6917
1163,961,45.8,4580
1163,227,63.5,6354
1163,257,37.2,3722
1163,273,40.2,4016
1163,1554,35.9,3585
1163,1175,45.5,4550
1163,205,62.1,6207
1163,4793,62.9,6292
1163,1183,61.0,6098
1163,996,66.6,6658
1163,80,48.5,4854
1163,4257,58.3,5828
1163,4799,67.2,6715
1163,4254,51.4,5143
1163,4431,42.3,4231
1163,1699,58.4,5841
1163,1066,60.5,6049
1163,289,35.3,3531
1163,2521,66.3,6631
1163,188,41.5,4148
1163,1078,47.8,4779
1163,999,71.6,7161
1163,1136,59.1,5914
1163,1490,54.4,5437
1163,297,46.2,4617
1163,1277,61.9,6188
1163,1005,47.0,4705
1163,975,52.5,5248
1163,950,55.1,5515
1163,1063,58.5,5852
1163,1075,44.4,4435
1163,1022,50.2,5025
1163,4833,66.8,6675
1163,4258,51.6,5159
1163,1019,56.8,5680
1163,1050,42.9,4289
1163,261,54.1,5414
1163,1520,45.7,4567
1163,269,63.3,6333
1163,1148,65.4,6536
1163,4383,47.3,4729
1163,223,60.6,6065
1163,1072,48.4,4841
1163,4728,49.8,4979
1163,1037,48.6,4863
1163,209,68.1,6813
1163,285,46.8,4683
1163,211,48.4,4835
1163,964,52.6,5260
1163,1130,70.8,7075
1163,249,87.3,8734
1163,255,74.0,7396
1163,77,62.0,6197
1163,4832,68.3,6833
1163,192,69.5,6947
1163,1687,63.8,6383
1163,4256,48.4,4838
1163,942,50.8,5084
1163,1009,54.7,5469
1163,1535,36.4,3638
1163,1002,48.0,4797
1163,287,52.5,5254
1163,1172,62.4,6235
1163,1121,58.5,5847
1163,283,59.1,5914
1163,1025,64.5,6452
1163,967,63.0,6302
1163,241,50.1,5007
1163,1031,56.6,5659
1163,1084,60.8,6079
1163,271,63.1,6315
1163,2046,65.0,6502
1163,233,54.6,5464
1163,1041,34.2,3425
1163,215,59.8,5982
1163,1212,70.5,7045
1163,1157,69.5,6948
1163,1087,51.8,5175
1163,57,38.7,3867
1163,4788,51.7,5171
1163,4791,58.5,5853
1096,275,28.8,2883
1096,4706,43.1,4312
1096,1145,62.6,6259
1096,1180,55.4,5539
1096,3299,53.7,5369
1096,4536,52.2,5219
1096,1307,56.9,5692
1096,1491,69.4,6938
1096,4516,27.8,2780
1096,267,41.9,4191
1096,1163,41.7,4174
1096,1124,43.1,4308
1096,213,48.1,4809
1096,4798,56.7,5672
1096,1482,42.0,4199
1096,4362,28.6,2855
1096,3478,37.0,3699
1096,1047,25.7,2572
1096,1154,46.9,4690
1096,237,40.9,4088
1096,1476,37.6,3763
1096,1166,41.0,4103
1096,936,55.5,5552
1096,229,32.9,3290
1096,219,47.1,4707
1096,3694,41.4,4138
1096,946,29.7,2973
1096,203,66.6,6661
1096,295,27.7,2769
1096,1206,51.3,5129
1096,1127,64.9,6493
1096,4789,51.6,5164
1096,1114,44.6,4463
1096,247,44.9,4490
1096,184,34.7,3467
1096,4170,84.4,8441
1096,18,57.7,5767
1096,1209,74.0,7401
1096,1059,46.1,4613
1096,4790,42.6,4263
1096,277,58.9,5891
1096,4644,37.8,3781
1096,259,40.3,4029
1096,972,31.6,3155
1096,1548,56.4,5637
1096,984,31.9,3185
1096,198,38.6,3859
1096,4489,47.2,4723
1096,1514,59.7,5970
1096,4705,60.3,6030
1096,4795,57.5,5747
1096,4527,61.5,6149
1096,961,37.7,3767
1096,227,55.5,5547
1096,257,29.6,2964
1096,273,32.4,3236
1096,1554,28.4,2839
1096,1175,37.4,3739
1096,205,53.9,5393
1096,4793,54.8,5482
1096,1183,52.8,5280
1096,996,58.7,5869
1096,80,40.3,4031
1096,4257,50.0,5002
1096,4799,59.3,5931
1096,4254,43.1,4314
1096,4431,34.4,3437
1096,1699,50.1,5015
1096,1066,52.3,5229
1096,289,27.9,2791
1096,2521,58.4,5841
1096,188,33.6,3358
1096,1078,39.6,3958
1096,999,64.2,6416
1096,1136,50.9,5090
1096,1490,46.1,4606
1096,297,38.0,3803
1096,1277,53.7,5373
1096,1005,38.9,3887
1096,975,44.2,4418
1096,950,46.9,4685
1096,1063,50.3,5026
1096,1075,36.3,3629
1096,1022,42.0,4199
1096,4833,58.9,5888
1096,4258,43.3,4330
1096,1019,48.5,4851
1096,1050,34.9,3491
1096,261,45.8,4584
1096,1520,37.5,3755
1096,269,55.2,5525
1096,1148,57.4,5739
1096,4383,39.1,3911
1096,223,52.5,5246
1096,1072,40.2,4019
1096,4728,41.5,4153
1096,1037,40.4,4040
1096,209,60.4,6036
1096,285,38.7,3866
1096,211,40.1,4013
1096,964,44.3,4430
1096,1130,63.2,6321
1096,249,82.5,8248
1096,255,66.8,6677
1096,77,53.8,5383
1096,4832,60.6,6058
1096,192,61.8,6182
1096,1687,55.8,5577
1096,4256,40.1,4015
1096,942,42.6,4256
1096,1009,46.4,4638
1096,1535,28.9,2887
1096,1002,39.8,3976
1096,287,44.2,4424
1096,1172,54.2,5422
1096,1121,50.2,5021
1096,283,50.9,5090
1096,1025,56.5,5650
1096,967,54.9,5493
1096,241,41.8,4181
1096,1031,48.3,4830
1096,1084,52.6,5260
1096,271,55.1,5506
1096,2046,57.0,5703
1096,233,46.3,4633
1096,1041,26.9,2695
1096,215,51.6,5160
1096,1212,62.9,6288
1096,1157,61.8,6183
1096,1087,43.5,4345
1096,57,31.0,3098
1096,4788,43.4,4342
1096,4791,50.3,5027
1124,275,35.0,3505
1124,4706,50.0,5005
1124,1145,69.0,6898
1124,1180,62.2,6217
1124,3299,60.5,6053
1124,4536,59.1,5907
1124,1307,63.6,6364
1124,1491,75.2,7520
1124,4516,33.9,3393
1124,267,48.8,4881
1124,1163,48.6,4863
1124,1096,56.9,5692
1124,213,55.0,5503
1124,4798,63.5,6345
1124,1482,48.9,4889
1124,4362,34.8,3475
1124,3478,43.7,4373
1124,1047,31.6,3165
1124,1154,53.9,5385
1124,237,47.8,4776
1124,1476,44.4,4440
1124,1166,47.9,4791
1124,936,62.3,6230
1124,229,39.4,3942
1124,219,54.0,5402
1124,3694,48.3,4827
1124,946,36.0,3602
1124,203,72.7,7269
1124,295,33.8,3381
1124,1206,58.2,5819
1124,1127,71.2,7115
1124,4789,58.5,5853
1124,1114,51.6,5157
1124,247,51.9,5185
1124,184,41.3,4130
1124,4170,88.2,8822
1124,18,64.3,6435
1124,1209,79.3,7933
1124,1059,53.1,5308
1124,4790,49.5,4955
1124,277,65.5,6553
1124,4644,44.6,4459
1124,259,47.1,4715
1124,972,38.0,3798
1124,1548,63.1,6311
1124,984,38.3,3830
1124,198,45.4,4540
1124,4489,54.2,5418
1124,1514,66.3,6628
1124,4705,66.8,6684
1124,4795,64.2,6417
1124,4527,68.0,6796
1124,961,44.4,4444
1124,227,62.2,6225
1124,257,35.9,3593
1124,273,38.8,3884
1124,1554,34.6,3458
1124,1175,44.1,4415
1124,205,60.8,6076
1124,4793,61.6,6162
1124,1183,59.7,5966
1124,996,65.3,6532
1124,80,47.2,4717
1124,4257,56.9,5694
1124,4799,65.9,6590
1124,4254,50.1,5007
1124,4431,41.0,4098
1124,1699,57.1,5707
1124,1066,59.2,5917
1124,289,34.0,3405
1124,2521,65.0,6505
1124,188,40.1,4015
1124,1078,46.4,4643
1124,999,70.4,7044
1124,1136,57.8,5780
1124,1490,53.0,5301
1124,297,44.8,4482
1124,1277,60.6,6057
1124,1005,45.7,4569
1124,975,51.1,5112
1124,950,53.8,5379
1124,1063,57.2,5718
1124,1075,43.0,4300
1124,1022,48.9,4889
1124,4833,65.5,6550
1124,4258,50.2,5022
1124,1019,55.5,5545
1124,1050,41.5,4155
1124,261,52.8,5278
1124,1520,44.3,4431
1124,269,62.0,6203
1124,1148,64.1,6409
1124,4383,45.9,4593
1124,223,59.3,5933
1124,1072,47.0,4705
1124,4728,48.4,4842
1124,1037,47.3,4726
1124,209,66.9,6690
1124,285,45.5,4547
1124,211,47.0,4699
1124,964,51.2,5123
1124,1130,69.6,6956
1124,249,86.6,8661
1124,255,72.8,7284
1124,77,60.7,6066
1124,4832,67.1,6710
1124,192,68.3,6826
1124,1687,62.5,6254
1124,4256,47.0,4701
1124,942,49.5,4948
1124,1009,53.3,5333
1124,1535,35.1,3510
1124,1002,46.6,4661
1124,287,51.2,5118
1124,1172,61.0,6104
1124,1121,57.1,5713
1124,283,57.8,5781
1124,1025,63.2,6324
1124,967,61.7,6172
1124,241,48.7,4871
1124,1031,55.2,5524
1124,1084,59.5,5947
1124,271,61.9,6185
1124,2046,63.7,6374
1124,233,53.3,5328
1124,1041,33.0,3300
1124,215,58.5,5849
1124,1212,69.3,6926
1124,1157,68.3,6827
1124,1087,50.4,5038
1124,57,37.4,3737
1124,4788,50.3,5034
1124,4791,57.2,5719
213,275,30.5,3049
213,4706,45.0,4502
213,1145,64.4,6439
213,1180,57.3,5728
213,3299,55.6,5559
213,4536,54.1,5409
213,1307,58.8,5880
213,1491,71.0,7104
213,4516,29.4,2944
213,267,43.8,4379
213,1163,43.6,4362
213,1096,51.9,5191
213,1124,45.0,4497
213,4798,58.6,5860
213,1482,43.9,4387
213,4362,30.2,3020
213,3478,38.8,3881
213,1047,27.3,2729
213,1154,48.8,4881
213,237,42.8,4276
213,1476,39.5,3946
213,1166,42.9,4290
213,936,57.4,5741
213,229,34.6,3465
213,219,49.0,4898
213,3694,43.3,4326
213,946,31.4,3141
213,203,68.3,6833
213,295,29.3,2932
213,1206,53.2,5321
213,1127,66.7,6669
213,4789,53.5,5355
213,1114,46.5,4653
213,247,46.8,4681
213,184,36.5,3646
213,4170,85.5,8553
213,18,59.5,5953
213,1209,75.5,7554
213,1059,48.0,4804
213,4790,44.5,4452
213,277,60.8,6076
213,4644,39.6,3965
213,259,42.1,4215
213,972,33.3,3327
213,1548,58.2,5825
213,984,33.6,3358
213,198,40.4,4044
213,4489,49.1,4914
213,1514,61.5,6155
213,4705,62.1,6214
213,4795,59.4,5935
213,4527,63.3,6331
213,961,39.5,3950
213,227,57.4,5736
213,257,31.3,3132
213,273,34.1,3410
213,1554,30.0,3004
213,1175,39.2,3922
213,205,55.8,5583
213,4793,56.7,5671
213,1183,54.7,5470
213,996,60.5,6055
213,80,42.2,4218
213,4257,51.9,5193
213,4799,61.2,6116
213,4254,45.0,4503
213,4431,36.1,3615
213,1699,52.1,5206
213,1066,54.2,5420
213,289,29.5,2954
213,2521,60.3,6027
213,188,35.4,3535
213,1078,41.4,4144
213,999,65.9,6593
213,1136,52.8,5281
213,1490,48.0,4797
213,297,39.9,3987
213,1277,55.6,5563
213,1005,40.7,4072
213,975,46.1,4608
213,950,48.8,4876
213,1063,52.2,5218
213,1075,38.1,3810
213,1022,43.9,4387
213,4833,60.7,6074
213,4258,45.2,4519
213,1019,50.4,5042
213,1050,36.7,3670
213,261,47.7,4774
213,1520,39.4,3938
213,269,57.1,5714
213,1148,59.3,5926
213,4383,41.0,4096
213,223,54.4,5436
213,1072,42.1,4206
213,4728,43.4,4341
213,1037,42.3,4226
213,209,62.2,6220
213,285,40.5,4051
213,211,42.0,4200
213,964,46.2,4620
213,1130,65.0,6500
213,249,83.7,8369
213,255,68.5,6849
213,77,55.7,5573
213,4832,62.4,6241
213,192,63.6,6363
213,1687,57.7,5766
213,4256,42.0,4202
213,942,44.5,4445
213,1009,48.3,4829
213,1535,30.5,3053
213,1002,41.6,4162
213,287,46.1,4614
213,1172,56.1,5612
213,1121,52.1,5212
213,283,52.8,5281
213,1025,58.4,5838
213,967,56.8,5682
213,241,43.7,4369
213,1031,50.2,5021
213,1084,54.5,5451
213,271,57.0,5695
213,2046,58.9,5891
213,233,48.2,4824
213,1041,28.6,2856
213,215,53.5,5351
213,1212,64.7,6468
213,1157,63.6,6364
213,1087,45.4,4535
213,57,32.7,3269
213,4788,45.3,4531
213,4791,52.2,5219
4798,275,23.3,2334
4798,4706,36.6,3660
4798,1145,56.0,5602
4798,1180,48.6,4865
4798,3299,46.9,4694
4798,4536,45.4,4544
4798,1307,50.2,5020
4798,1491,63.2,6320
4798,4516,22.4,2242
4798,267,35.4,3543
4798,1163,35.3,3527
4798,1096,43.3,4328
4798,1124,36.5,3655
4798,213,41.4,4140
4798,1482,35.5,3551
4798,4362,23.1,2309
4798,3478,30.8,3080
4798,1047,20.6,2058
4798,1154,40.2,4024
4798,237,34.5,3446
4798,1476,31.4,3140
4798,1166,34.6,3460
4798,936,48.8,4878
4798,229,27.0,2702
4798,219,40.4,4041
4798,3694,34.9,3493
4798,946,24.1,2415
4798,203,60.2,6025
4798,295,22.3,2232
4798,1206,44.6,4456
4798,1127,58.5,5847
4798,4789,44.9,4490
4798,1114,38.0,3804
4798,247,38.3,3831
4798,184,28.6,2865
4798,4170,80.0,8002
4798,18,51.0,5096
4798,1209,68.2,6823
4798,1059,39.5,3950
4798,4790,36.1,3613
4798,277,52.2,5223
4798,4644,31.6,3157
4798,259,33.9,3390
4798,972,25.8,2580
4798,1548,49.6,4964
4798,984,26.1,2607
4798,198,32.3,3230
4798,4489,40.6,4056
4798,1514,53.0,5304
4798,4705,53.7,5366
4798,4795,50.8,5076
4798,4527,54.9,5489
4798,961,31.4,3144
4798,227,48.7,4873
4798,257,24.1,2407
4798,273,26.5,2653
4798,1554,22.9,2295
4798,1175,31.2,3117
4798,205,47.2,4719
4798,4793,48.1,4807
4798,1183,46.0,4605
4798,996,52.0,5200
4798,80,33.9,3392
4798,4257,43.3,4330
4798,4799,52.6,5263
4798,4254,36.6,3661
4798,4431,28.4,2837
4798,1699,43.4,4342
4798,1066,45.5,4554
4798,289,22.5,2251
4798,2521,51.7,5171
4798,188,27.6,2765
4798,1078,33.2,3323
4798,999,57.7,5766
4798,1136,44.2,4416
4798,1490,39.4,3942
4798,297,31.8,3177
4798,1277,47.0,4698
4798,1005,32.6,3256
4798,975,37.6,3761
4798,950,40.2,4019
4798,1063,43.5,4354
4798,1075,30.1,3015
4798,1022,35.5,3551
4798,4833,52.2,5220
4798,4258,36.8,3676
4798,1019,41.8,4181
4798,1050,28.9,2887
4798,261,39.2,3921
4798,1520,31.3,3132
4798,269,48.5,4851
4798,1148,50.7,5068
4798,4383,32.8,3278
4798,223,45.7,4571
4798,1072,33.8,3381
4798,4728,35.1,3507
4798,1037,34.0,3400
4798,209,53.7,5372
4798,285,32.4,3237
4798,211,33.8,3375
4798,964,37.7,3772
4798,1130,56.7,5667
4798,249,77.8,7777
4798,255,60.4,6042
4798,77,47.1,4708
4798,4832,53.9,5394
4798,192,55.2,5523
4798,1687,49.0,4904
4798,4256,33.8,3377
4798,942,36.1,3606
4798,1009,39.7,3974
4798,1535,23.4,2338
4798,1002,33.4,3340
4798,287,37.7,3767
4798,1172,47.5,4747
4798,1121,43.5,4348
4798,283,44.2,4417
4798,1025,49.8,4978
4798,967,48.2,4818
4798,241,35.3,3534
4798,1031,41.6,4161
4798,1084,45.9,4586
4798,271,48.3,4831
4798,2046,50.3,5031
4798,233,39.7,3969
4798,1041,21.7,2166
4798,215,44.9,4486
4798,1212,56.3,5633
4798,1157,55.2,5524
4798,1087,36.9,3691
4798,57,25.3,2527
4798,4788,36.9,3688
4798,4791,43.5,4355
1482,275,36.1,3609
1482,4706,51.2,5116
1482,1145,70.0,6996
1482,1180,63.2,6322
1482,3299,61.6,6159
1482,4536,60.1,6014
1482,1307,64.7,6468
1482,1491,76.1,7608
1482,4516,35.0,3496
1482,267,49.9,4992
1482,1163,49.7,4974
1482,1096,58.0,5801
1482,1124,51.1,5111
1482,213,56.1,5613
1482,4798,64.5,6449
1482,4362,35.8,3578
1482,3478,44.8,4483
1482,1047,32.6,3265
1482,1154,55.0,5495
1482,237,48.9,4887
1482,1476,45.5,4550
1482,1166,49.0,4902
1482,936,63.4,6335
1482,229,40.5,4050
1482,219,55.1,5512
1482,3694,49.4,4938
1482,946,37.1,3707
1482,203,73.6,7361
1482,295,34.8,3483
1482,1206,59.3,5928
1482,1127,72.1,7209
1482,4789,59.6,5961
1482,1114,52.7,5268
1482,247,53.0,5295
1482,184,42.4,4238
1482,4170,88.8,8876
1482,18,65.4,6538
1482,1209,80.1,8012
1482,1059,54.2,5419
1482,4790,50.6,5065
1482,277,66.5,6655
1482,4644,45.7,4569
1482,259,48.2,4825
1482,972,39.0,3905
1482,1548,64.2,6415
1482,984,39.4,3937
1482,198,46.5,4650
1482,4489,55.3,5528
1482,1514,67.3,6729
1482,4705,67.8,6784
1482,4795,65.2,6520
1482,4527,69.0,6895
1482,961,45.5,4554
1482,227,63.3,6330
1482,257,37.0,3698
1482,273,39.9,3991
1482,1554,35.6,3561
1482,1175,45.2,4525
1482,205,61.8,6183
1482,4793,62.7,6267
1482,1183,60.7,6073
1482,996,66.3,6634
1482,80,48.3,4828
1482,4257,58.0,5803
1482,4799,66.9,6692
1482,4254,51.2,5117
1482,4431,42.1,4206
1482,1699,58.2,5816
1482,1066,60.2,6024
1482,289,35.1,3507
1482,2521,66.1,6607
1482,188,41.2,4123
1482,1078,47.5,4753
1482,999,71.4,7139
1482,1136,58.9,5889
1482,1490,54.1,5411
1482,297,45.9,4592
1482,1277,61.6,6163
1482,1005,46.8,4679
1482,975,52.2,5223
1482,950,54.9,5490
1482,1063,58.3,5827
1482,1075,44.1,4410
1482,1022,50.0,5000
1482,4833,66.5,6652
1482,4258,51.3,5133
1482,1019,56.5,5654
1482,1050,42.6,4264
1482,261,53.9,5389
1482,1520,45.4,4541
1482,269,63.1,6309
1482,1148,65.1,6512
1482,4383,47.0,4703
1482,223,60.4,6040
1482,1072,48.2,4816
1482,4728,49.5,4953
1482,1037,48.4,4837
1482,209,67.9,6790
1482,285,46.6,4658
1482,211,48.1,4810
1482,964,52.3,5234
1482,1130,70.5,7053
1482,249,87.2,8720
1482,255,73.8,7375
1482,77,61.7,6173
1482,4832,68.1,6810
1482,192,69.2,6925
1482,1687,63.6,6359
1482,4256,48.1,4812
1482,942,50.6,5058
1482,1009,54.4,5444
1482,1535,36.1,3613
1482,1002,47.7,4771
1482,287,52.3,5228
1482,1172,62.1,6210
1482,1121,58.2,5822
1482,283,58.9,5889
1482,1025,64.3,6428
1482,967,62.8,6278
1482,241,49.8,4981
1482,1031,56.3,5634
1482,1084,60.5,6054
1482,271,62.9,6290
1482,2046,64.8,6478
1482,233,54.4,5439
1482,1041,34.0,3401
1482,215,59.6,5957
1482,1212,70.2,7023
1482,1157,69.3,6926
1482,1087,51.5,5149
1482,57,38.4,3843
1482,4788,51.5,5145
1482,4791,58.3,5828
4362,275,50.3,5033
4362,4706,65.3,6530
4362,1145,81.3,8126
4362,1180,75.9,7587
4362,3299,74.5,7451
4362,4536,73.3,7328
4362,1307,77.1,7706
4362,1491,85.8,8584
4362,4516,49.1,4912
4362,267,64.1,6414
4362,1163,64.0,6398
4362,1096,71.5,7145
4362,1124,65.2,6525
4362,213,69.8,6980
4362,4798,76.9,7691
4362,1482,64.2,6422
4362,3478,59.3,5927
4362,1047,46.6,4660
4362,1154,68.8,6875
4362,237,63.2,6316
4362,1476,59.9,5992
4362,1166,63.3,6330
4362,936,76.0,7597
4362,229,54.9,5493
4362,219,68.9,6890
4362,3694,63.6,6364
4362,946,51.4,5137
4362,203,84.0,8403
4362,295,49.0,4898
4362,1206,72.5,7254
4362,1127,82.9,8289
4362,4789,72.8,7283
4362,1114,66.7,6670
4362,247,67.0,6695
4362,184,56.8,5684
4362,4170,94.3,9427
4362,18,77.6,7763
4362,1209,88.7,8869
4362,1059,68.1,6806
4362,4790,64.8,6483
4362,277,78.6,7858
4362,4644,60.1,6011
4362,259,62.6,6257
4362,972,53.4,5344
4362,1548,76.6,7664
4362,984,53.8,5377
4362,198,60.9,6089
4362,4489,69.0,6904
4362,1514,79.2,7917
4362,4705,79.6,7961
4362,4795,77.5,7749
4362,4527,80.5,8047
4362,961,60.0,5996
4362,227,75.9,7593
4362,257,51.3,5127
4362,273,54.3,5433
4362,1554,49.8,4982
4362,1175,59.7,5967
4362,205,74.7,7471
4362,4793,75.4,7542
4362,1183,73.8,7378
4362,996,78.4,7841
4362,80,62.6,6260
4362,4257,71.5,7147
4362,4799,78.9,7887
4362,4254,65.3,6531
4362,4431,56.5,5652
4362,1699,71.6,7158
4362,1066,73.4,7337
4362,289,49.2,4924
4362,2521,78.2,7820
4362,188,55.7,5567
4362,1078,61.9,6188
4362,999,82.4,8236
4362,1136,72.2,7221
4362,1490,68.0,6800
4362,297,60.3,6033
4362,1277,74.5,7455
4362,1005,61.2,6117
4362,975,66.3,6628
4362,950,68.7,6870
4362,1063,71.7,7167
4362,1075,58.5,5854
4362,1022,64.2,6422
4362,4833,78.5,7855
4362,4258,65.5,6546
4362,1019,70.2,7016
4362,1050,57.1,5710
4362,261,67.8,6780
4362,1520,59.8,5984
4362,269,75.8,7576
4362,1148,77.4,7743
4362,4383,61.4,6141
4362,223,73.5,7351
4362,1072,62.5,6248
4362,4728,63.8,6378
4362,1037,62.7,6268
4362,209,79.7,7965
4362,285,61.0,6097
4362,211,62.4,6242
4362,964,66.4,6639
4362,1130,81.7,8170
4362,249,93.3,9332
4362,255,84.1,8413
4362,77,74.6,7462
4362,4832,79.8,7981
4362,192,80.7,8071
4362,1687,76.2,7617
4362,4256,62.4,6244
4362,942,64.8,6477
4362,1009,68.3,6829
4362,1535,50.4,5038
4362,1002,62.1,6206
4362,287,66.3,6634
4362,1172,74.9,7494
4362,1121,71.6,7163
4362,283,72.2,7221
4362,1025,76.7,7674
4362,967,75.5,7550
4362,241,64.0,6405
4362,1031,70.0,6999
4362,1084,73.6,7363
4362,271,75.6,7560
4362,2046,77.2,7715
4362,233,68.2,6824
4362,1041,48.1,4809
4362,215,72.8,7279
4362,1212,81.5,8147
4362,1157,80.7,8072
4362,1087,65.6,6561
4362,57,52.8,5279
4362,4788,65.6,6557
4362,4791,71.7,7168
3478,275,41.0,4105
3478,4706,56.3,5632
3478,1145,74.3,7432
3478,1180,68.0,6800
3478,3299,66.5,6645
3478,4536,65.1,6506
3478,1307,69.4,6938
3478,1491,79.9,7992
3478,4516,39.9,3988
3478,267,55.1,5509
3478,1163,54.9,5492
3478,1096,63.0,6301
3478,1124,56.3,5627
3478,213,61.2,6119
3478,4798,69.2,6920
3478,1482,55.2,5517
3478,4362,40.7,4073
3478,1047,37.5,3746
3478,1154,60.0,6004
3478,237,54.0,5405
3478,1476,50.7,5067
3478,1166,54.2,5420
3478,936,68.1,6812
3478,229,45.6,4560
3478,219,60.2,6021
3478,3694,54.5,5455
3478,946,42.1,4207
3478,203,77.7,7767
3478,295,39.8,3975
3478,1206,64.2,6423
3478,1127,76.3,7629
3478,4789,64.5,6455
3478,1114,57.8,5781
3478,247,58.1,5808
3478,184,47.5,4752
3478,4170,91.0,9105
3478,18,70.0,7004
3478,1209,83.5,8354
3478,1059,59.3,5929
3478,4790,55.8,5582
3478,277,71.1,7114
3478,4644,50.9,5087
3478,259,53.4,5343
3478,972,44.1,4411
3478,1548,68.9,6888
3478,984,44.4,4444
3478,198,51.7,5168
3478,4489,60.4,6036
3478,1514,71.8,7183
3478,4705,72.3,7235
3478,4795,69.9,6987
3478,4527,73.4,7338
3478,961,50.7,5072
3478,227,68.1,6807
3478,257,42.0,4198
3478,273,45.0,4500
3478,1554,40.6,4056
3478,1175,50.4,5042
3478,205,66.7,6667
3478,4793,67.5,6748
3478,1183,65.6,6563
3478,996,70.9,7094
3478,80,53.5,5346
3478,4257,63.0,6303
3478,4799,71.5,7149
3478,4254,56.3,5633
3478,4431,47.2,4720
3478,1699,63.1,6315
3478,1066,65.2,6516
3478,289,40.0,4000
3478,2521,70.7,7069
3478,188,46.4,4635
3478,1078,52.7,5271
3478,999,75.6,7564
3478,1136,63.9,6386
3478,1490,59.2,5922
3478,297,51.1,5109
3478,1277,66.5,6649
3478,1005,52.0,5197
3478,975,57.4,5737
3478,950,60.0,5999
3478,1063,63.3,6326
3478,1075,49.3,4926
3478,1022,55.2,5517
3478,4833,71.1,7111
3478,4258,56.5,5649
3478,1019,61.6,6159
3478,1050,47.8,4779
3478,261,59.0,5900
3478,1520,50.6,5059
3478,269,67.9,6787
3478,1148,69.8,6980
3478,4383,52.2,5222
3478,223,65.3,6531
3478,1072,53.3,5334
3478,4728,54.7,5470
3478,1037,53.5,5355
3478,209,72.4,7240
3478,285,51.8,5176
3478,211,53.3,5328
3478,964,57.5,5748
3478,1130,74.8,7484
3478,249,89.7,8972
3478,255,77.8,7781
3478,77,66.6,6658
3478,4832,72.6,7259
3478,192,73.7,7366
3478,1687,68.3,6835
3478,4256,53.3,5330
3478,942,55.8,5575
3478,1009,59.5,5954
3478,1535,41.1,4110
3478,1002,52.9,5289
3478,287,57.4,5743
3478,1172,66.9,6694
3478,1121,63.2,6321
3478,283,63.9,6386
3478,1025,69.0,6900
3478,967,67.6,6758
3478,241,55.0,5499
3478,1031,61.4,6139
3478,1084,65.5,6545
3478,271,67.7,6770
3478,2046,69.5,6947
3478,233,59.5,5949
3478,1041,38.9,3889
3478,215,64.5,6451
3478,1212,74.6,7457
3478,1157,73.7,7367
3478,1087,56.6,5664
3478,57,43.5,4347
3478,4788,56.6,5661
3478,4791,63.3,6327
1047,275,53.7,5373
1047,4706,68.4,6839
1047,1145,83.5,8347
1047,1180,78.5,7845
1047,3299,77.2,7717
1047,4536,76.0,7601
1047,1307,79.6,7957
1047,1491,87.7,8767
1047,4516,52.5,5252
1047,267,67.3,6728
1047,1163,67.1,6712
1047,1096,74.3,7428
1047,1124,68.3,6835
1047,213,72.7,7271
1047,4798,79.4,7942
1047,1482,67.3,6735
1047,4362,53.4,5340
1047,3478,62.5,6254
1047,1154,71.7,7171
1047,237,66.3,6633
1047,1476,63.2,6318
1047,1166,66.5,6646
1047,936,78.5,7855
1047,229,58.3,5828
1047,219,71.8,7185
1047,3694,66.8,6679
1047,946,54.8,5476
1047,203,86.0,8601
1047,295,52.4,5238
1047,1206,75.3,7531
1047,1127,85.0,8497
1047,4789,75.6,7558
1047,1114,69.7,6974
1047,247,70.0,6998
1047,184,60.2,6016
1047,4170,95.2,9519
1047,18,80.1,8010
1047,1209,90.2,9024
1047,1059,71.0,7105
1047,4790,67.9,6794
1047,277,81.0,8098
1047,4644,63.4,6336
1047,259,65.8,6576
1047,972,56.8,5681
1047,1548,79.2,7917
1047,984,57.1,5714
1047,198,64.1,6413
1047,4489,72.0,7199
1047,1514,81.5,8153
1047,4705,81.9,8194
1047,4795,80.0,7996
1047,4527,82.7,8274
1047,961,63.2,6322
1047,227,78.5,7851
1047,257,54.7,5467
1047,273,57.7,5770
1047,1554,53.2,5322
1047,1175,62.9,6294
1047,205,77.4,7736
1047,4793,78.0,7802
1047,1183,76.5,7649
1047,996,80.8,8083
1047,80,65.8,6578
1047,4257,74.3,7429
1047,4799,81.2,8125
1047,4254,68.4,6841
1047,4431,59.9,5985
1047,1699,74.4,7440
1047,1066,76.1,7609
1047,289,52.6,5264
1047,2521,80.6,8063
1047,188,59.0,5902
1047,1078,65.1,6509
1047,999,84.5,8448
1047,1136,75.0,7500
1047,1490,71.0,7098
1047,297,63.6,6358
1047,1277,77.2,7720
1047,1005,64.4,6440
1047,975,69.3,6934
1047,950,71.7,7166
1047,1063,74.5,7449
1047,1075,61.8,6183
1047,1022,67.3,6735
1047,4833,81.0,8096
1047,4258,68.5,6855
1047,1019,73.0,7305
1047,1050,60.4,6042
1047,261,70.8,7079
1047,1520,63.1,6310
1047,269,78.3,7834
1047,1148,79.9,7991
1047,4383,64.6,6463
1047,223,76.2,7622
1047,1072,65.7,6567
1047,4728,66.9,6693
1047,1037,65.9,6587
1047,209,82.0,8198
1047,285,64.2,6420
1047,211,65.6,6561
1047,964,69.4,6944
1047,1130,83.9,8387
1047,249,94.4,9436
1047,255,86.1,8611
1047,77,77.3,7728
1047,4832,82.1,8213
1047,192,83.0,8296
1047,1687,78.7,7873
1047,4256,65.6,6563
1047,942,67.9,6788
1047,1009,71.3,7126
1047,1535,53.8,5378
1047,1002,65.3,6526
1047,287,69.4,6939
1047,1172,77.6,7757
1047,1121,74.5,7445
1047,283,75.0,7500
1047,1025,79.3,7926
1047,967,78.1,7810
1047,241,67.2,6719
1047,1031,72.9,7288
1047,1084,76.3,7634
1047,271,78.2,7820
1047,2046,79.7,7965
1047,233,71.2,7122
1047,1041,51.5,5150
1047,215,75.5,7555
1047,1212,83.7,8366
1047,1157,83.0,8297
1047,1087,68.7,6869
1047,57,56.2,5617
1047,4788,68.7,6865
1047,4791,74.5,7450
1154,275,31.5,3154
1154,4706,46.2,4620
1154,1145,65.5,6549
1154,1180,58.5,5845
1154,3299,56.8,5677
1154,4536,55.3,5527
1154,1307,60.0,5995
1154,1491,72.0,7205
1154,4516,30.5,3047
1154,267,45.0,4497
1154,1163,44.8,4479
1154,1096,53.1,5310
1154,1124,46.1,4615
1154,213,51.2,5119
1154,4798,59.8,5976
1154,1482,45.0,4505
1154,4362,31.2,3125
1154,3478,40.0,3996
1154,1047,28.3,2829
1154,237,43.9,4393
1154,1476,40.6,4061
1154,1166,44.1,4408
1154,936,58.6,5858
1154,229,35.8,3576
1154,219,50.2,5017
1154,3694,44.4,4443
1154,946,32.5,3247
1154,203,69.4,6939
1154,295,30.4,3035
1154,1206,54.4,5439
1154,1127,67.8,6776
1154,4789,54.7,5473
1154,1114,47.7,4772
1154,247,48.0,4799
1154,184,37.6,3758
1154,4170,86.2,8620
1154,18,60.7,6068
1154,1209,76.5,7647
1154,1059,49.2,4923
1154,4790,45.7,4570
1154,277,61.9,6190
1154,4644,40.8,4080
1154,259,43.3,4332
1154,972,34.4,3436
1154,1548,59.4,5941
1154,984,34.7,3467
1154,198,41.6,4159
1154,4489,50.3,5033
1154,1514,62.7,6268
1154,4705,63.3,6327
1154,4795,60.5,6050
1154,4527,64.4,6443
1154,961,40.7,4066
1154,227,58.5,5852
1154,257,32.4,3239
1154,273,35.2,3520
1154,1554,31.1,3109
1154,1175,40.4,4037
1154,205,57.0,5701
1154,4793,57.9,5788
1154,1183,55.9,5588
1154,996,61.7,6169
1154,80,43.4,4335
1154,4257,53.1,5312
1154,4799,62.3,6229
1154,4254,46.2,4622
1154,4431,37.3,3727
1154,1699,53.2,5325
1154,1066,55.4,5538
1154,289,30.6,3058
1154,2521,61.4,6141
1154,188,36.5,3646
1154,1078,42.6,4261
1154,999,67.0,6702
1154,1136,54.0,5399
1154,1490,49.1,4915
1154,297,41.0,4102
1154,1277,56.8,5681
1154,1005,41.9,4188
1154,975,47.3,4727
1154,950,49.9,4994
1154,1063,53.4,5336
1154,1075,39.2,3924
1154,1022,45.0,4505
1154,4833,61.9,6188
1154,4258,46.4,4637
1154,1019,51.6,5161
1154,1050,37.8,3783
1154,261,48.9,4893
1154,1520,40.5,4053
1154,269,58.3,5831
1154,1148,60.4,6042
1154,4383,42.1,4212
1154,223,55.5,5554
1154,1072,43.2,4322
1154,4728,44.6,4458
1154,1037,43.4,4343
1154,209,63.3,6332
1154,285,41.7,4167
1154,211,43.2,4317
1154,964,47.4,4738
1154,1130,66.1,6610
1154,249,84.4,8441
1154,255,69.5,6954
1154,77,56.9,5690
1154,4832,63.5,6354
1154,192,64.8,6475
1154,1687,58.8,5882
1154,4256,43.2,4319
1154,942,45.6,4563
1154,1009,49.5,4948
1154,1535,31.6,3159
1154,1002,42.8,4279
1154,287,47.3,4732
1154,1172,57.3,5729
1154,1121,53.3,5331
1154,283,54.0,5400
1154,1025,59.5,5954
1154,967,58.0,5799
1154,241,44.9,4486
1154,1031,51.4,5140
1154,1084,55.7,5569
1154,271,58.1,5812
1154,2046,60.1,6006
1154,233,49.4,4943
1154,1041,29.6,2958
1154,215,54.7,5469
1154,1212,65.8,6578
1154,1157,64.8,6476
1154,1087,46.5,4653
1154,57,33.8,3377
1154,4788,46.5,4649
1154,4791,53.4,5337
237,275,37.1,3715
237,4706,52.3,5229
237,1145,70.9,7093
237,1180,64.3,6428
237,3299,62.7,6267
237,4536,61.2,6123
237,1307,65.7,6572
237,1491,77.0,7695
237,4516,36.0,3601
237,267,51.0,5105
237,1163,50.9,5087
237,1096,59.1,5912
237,1124,52.2,5224
237,213,57.2,5724
237,4798,65.5,6554
237,1482,51.1,5113
237,4362,36.8,3684
237,3478,46.0,4595
237,1047,33.7,3367
237,1154,56.1,5607
237,1476,46.6,4662
237,1166,50.1,5015
237,936,64.4,6441
237,229,41.6,4160
237,219,56.2,5624
237,3694,50.5,5051
237,946,38.1,3814
237,203,74.5,7452
237,295,35.9,3588
237,1206,60.4,6037
237,1127,73.0,7304
237,4789,60.7,6070
237,1114,53.8,5380
237,247,54.1,5408
237,184,43.5,4350
237,4170,89.3,8929
237,18,66.4,6642
237,1209,80.9,8090
237,1059,55.3,5531
237,4790,51.8,5179
237,277,67.6,6757
237,4644,46.8,4681
237,259,49.4,4938
237,972,40.1,4014
237,1548,65.2,6521
237,984,40.5,4046
237,198,47.6,4763
237,4489,56.4,5640
237,1514,68.3,6830
237,4705,68.8,6885
237,4795,66.2,6624
237,4527,69.9,6994
237,961,46.7,4667
237,227,64.4,6436
237,257,38.0,3805
237,273,41.0,4101
237,1554,36.7,3667
237,1175,46.4,4637
237,205,62.9,6290
237,4793,63.7,6374
237,1183,61.8,6182
237,996,67.4,6737
237,80,49.4,4941
237,4257,59.1,5914
237,4799,67.9,6794
237,4254,52.3,5230
237,4431,43.2,4317
237,1699,59.3,5926
237,1066,61.3,6133
237,289,36.1,3613
237,2521,67.1,6710
237,188,42.3,4233
237,1078,48.7,4866
237,999,72.3,7235
237,1136,60.0,5999
237,1490,55.2,5523
237,297,47.0,4704
237,1277,62.7,6271
237,1005,47.9,4792
237,975,53.4,5336
237,950,56.0,5602
237,1063,59.4,5937
237,1075,45.2,4522
237,1022,51.1,5113
237,4833,67.5,6754
237,4258,52.5,5246
237,1019,57.7,5766
237,1050,43.8,4375
237,261,55.0,5501
237,1520,46.5,4654
237,269,64.2,6415
237,1148,66.2,6616
237,4383,48.2,4816
237,223,61.5,6149
237,1072,49.3,4929
237,4728,50.7,5066
237,1037,49.5,4950
237,209,68.9,6891
237,285,47.7,4770
237,211,49.2,4923
237,964,53.5,5347
237,1130,71.5,7150
237,249,87.8,8779
237,255,74.7,7466
237,77,62.8,6280
237,4832,69.1,6911
237,192,70.2,7024
237,1687,64.7,6465
237,4256,49.2,4925
237,942,51.7,5171
237,1009,55.6,5556
237,1535,37.2,3720
237,1002,48.8,4884
237,287,53.4,5341
237,1172,63.2,6318
237,1121,59.3,5932
237,283,60.0,5999
237,1025,65.3,6533
237,967,63.9,6385
237,241,50.9,5094
237,1031,57.5,5745
237,1084,61.6,6163
237,271,64.0,6397
237,2046,65.8,6583
237,233,55.5,5551
237,1041,35.1,3506
237,215,60.7,6066
237,1212,71.2,7120
237,1157,70.2,7025
237,1087,52.6,5262
237,57,39.5,3951
237,4788,52.6,5258
237,4791,59.4,5938
1476,275,40.4,4040
1476,4706,55.6,5565
1476,1145,73.8,7377
1476,1180,67.4,6739
1476,3299,65.8,6583
1476,4536,64.4,6444
1476,1307,68.8,6878
1476,1491,79.4,7944
1476,4516,39.2,3923
1476,267,54.4,5442
1476,1163,54.2,5425
1476,1096,62.4,6237
1476,1124,55.6,5560
1476,213,60.5,6054
1476,4798,68.6,6860
1476,1482,54.5,5450
1476,4362,40.1,4008
1476,3478,49.3,4933
1476,1047,36.8,3682
1476,1154,59.4,5939
1476,237,53.4,5338
1476,1166,53.5,5353
1476,936,67.5,6751
1476,229,44.9,4493
1476,219,59.5,5955
1476,3694,53.9,5388
1476,946,41.4,4141
1476,203,77.2,7717
1476,295,39.1,3910
1476,1206,63.6,6360
1476,1127,75.8,7576
1476,4789,63.9,6392
1476,1114,57.1,5715
1476,247,57.4,5742
1476,184,46.9,4685
1476,4170,90.8,9077
1476,18,69.5,6945
1476,1209,83.1,8312
1476,1059,58.6,5864
1476,4790,55.1,5515
1476,277,70.6,7056
1476,4644,50.2,5019
1476,259,52.8,5276
1476,972,43.5,4345
1476,1548,68.3,6829
1476,984,43.8,4378
1476,198,51.0,5101
1476,4489,59.7,5971
1476,1514,71.3,7126
1476,4705,71.8,7178
1476,4795,69.3,6928
1476,4527,72.8,7282
1476,961,50.0,5005
1476,227,67.5,6747
1476,257,41.3,4132
1476,273,44.3,4433
1476,1554,39.9,3990
1476,1175,49.8,4975
1476,205,66.1,6606
1476,4793,66.9,6687
1476,1183,65.0,6500
1476,996,70.4,7036
1476,80,52.8,5279
1476,4257,62.4,6239
1476,4799,70.9,7091
1476,4254,55.7,5567
1476,4431,46.5,4652
1476,1699,62.5,6251
1476,1066,64.5,6453
1476,289,39.3,3934
1476,2521,70.1,7011
1476,188,45.7,4568
1476,1078,52.0,5204
1476,999,75.1,7511
1476,1136,63.2,6322
1476,1490,58.6,5856
1476,297,50.4,5042
1476,1277,65.9,6587
1476,1005,51.3,5130
1476,975,56.7,5671
1476,950,59.3,5933
1476,1063,62.6,6262
1476,1075,48.6,4859
1476,1022,54.5,5450
1476,4833,70.5,7053
1476,4258,55.8,5582
1476,1019,60.9,6094
1476,1050,47.1,4711
1476,261,58.3,5834
1476,1520,49.9,4991
1476,269,67.3,6727
1476,1148,69.2,6920
1476,4383,51.5,5154
1476,223,64.7,6469
1476,1072,52.7,5266
1476,4728,54.0,5403
1476,1037,52.9,5288
1476,209,71.8,7184
1476,285,51.1,5108
1476,211,52.6,5261
1476,964,56.8,5682
1476,1130,74.3,7430
1476,249,89.4,8942
1476,255,77.3,7730
1476,77,66.0,6596
1476,4832,72.0,7203
1476,192,73.1,7311
1476,1687,67.7,6774
1476,4256,52.6,5263
1476,942,55.1,5508
1476,1009,58.9,5888
1476,1535,40.5,4045
1476,1002,52.2,5222
1476,287,56.8,5677
1476,1172,66.3,6632
1476,1121,62.6,6257
1476,283,63.2,6323
1476,1025,68.4,6840
1476,967,67.0,6697
1476,241,54.3,5432
1476,1031,60.8,6075
1476,1084,64.8,6482
1476,271,67.1,6709
1476,2046,68.9,6888
1476,233,58.8,5883
1476,1041,38.2,3824
1476,215,63.9,6388
1476,1212,74.0,7402
1476,1157,73.1,7311
1476,1087,56.0,5598
1476,57,42.8,4281
1476,4788,55.9,5594
1476,4791,62.6,6263
1166,275,37.0,3701
1166,4706,52.1,5214
1166,1145,70.8,7081
1166,1180,64.2,6415
1166,3299,62.5,6253
1166,4536,61.1,6109
1166,1307,65.6,6559
1166,1491,76.8,7683
1166,4516,35.9,3587
1166,267,50.9,5090
1166,1163,50.7,5072
1166,1096,59.0,5897
1166,1124,52.1,5209
1166,213,57.1,5710
1166,4798,65.4,6540
1166,1482,51.0,5098
1166,4362,36.7,3670
1166,3478,45.8,4580
1166,1047,33.5,3354
1166,1154,55.9,5592
1166,237,49.9,4985
1166,1476,46.5,4647
1166,936,64.3,6427
1166,229,41.5,4145
1166,219,56.1,5609
1166,3694,50.4,5036
1166,946,38.0,3800
1166,203,74.4,7440
1166,295,35.7,3574
1166,1206,60.2,6023
1166,1127,72.9,7291
1166,4789,60.6,6056
1166,1114,53.7,5366
1166,247,53.9,5393
1166,184,43.4,4335
1166,4170,89.2,8922
1166,18,66.3,6628
1166,1209,80.8,8080
1166,1059,55.2,5516
1166,4790,51.6,5164
1166,277,67.4,6744
1166,4644,46.7,4667
1166,259,49.2,4924
1166,972,40.0,3999
1166,1548,65.1,6507
1166,984,40.3,4032
1166,198,47.5,4748
1166,4489,56.2,5625
1166,1514,68.2,6817
1166,4705,68.7,6872
1166,4795,66.1,6610
1166,4527,69.8,6981
1166,961,46.5,4652
1166,227,64.2,6422
1166,257,37.9,3791
1166,273,40.9,4087
1166,1554,36.5,3653
1166,1175,46.2,4622
1166,205,62.8,6276
1166,4793,63.6,6360
1166,1183,61.7,6167
1166,996,67.2,6723
1166,80,49.3,4926
1166,4257,59.0,5899
1166,4799,67.8,6780
1166,4254,52.1,5215
1166,4431,43.0,4303
1166,1699,59.1,5912
1166,1066,61.2,6119
1166,289,36.0,3599
1166,2521,67.0,6697
1166,188,42.2,4219
1166,1078,48.5,4851
1166,999,72.2,7222
1166,1136,59.8,5984
1166,1490,55.1,5509
1166,297,46.9,4689
1166,1277,62.6,6257
1166,1005,47.8,4777
1166,975,53.2,5321
1166,950,55.9,5587
1166,1063,59.2,5923
1166,1075,45.1,4507
1166,1022,51.0,5098
1166,4833,67.4,6741
1166,4258,52.3,5231
1166,1019,57.5,5751
1166,1050,43.6,4361
1166,261,54.9,5486
1166,1520,46.4,4639
1166,269,64.0,6401
1166,1148,66.0,6603
1166,4383,48.0,4802
1166,223,61.4,6135
1166,1072,49.1,4914
1166,4728,50.5,5051
1166,1037,49.4,4935
1166,209,68.8,6877
1166,285,47.6,4756
1166,211,49.1,4908
1166,964,53.3,5332
1166,1130,71.4,7137
1166,249,87.7,8771
1166,255,74.5,7455
1166,77,62.7,6266
1166,4832,69.0,6897
1166,192,70.1,7011
1166,1687,64.5,6451
1166,4256,49.1,4910
1166,942,51.6,5157
1166,1009,55.4,5541
1166,1535,37.1,3706
1166,1002,48.7,4869
1166,287,53.3,5326
1166,1172,63.0,6304
1166,1121,59.2,5918
1166,283,59.9,5985
1166,1025,65.2,6519
1166,967,63.7,6371
1166,241,50.8,5080
1166,1031,57.3,5731
1166,1084,61.5,6149
1166,271,63.8,6383
1166,2046,65.7,6569
1166,233,55.4,5536
1166,1041,34.9,3492
1166,215,60.5,6052
1166,1212,71.1,7108
1166,1157,70.1,7012
1166,1087,52.5,5247
1166,57,39.4,3937
1166,4788,52.4,5243
1166,4791,59.2,5924
936,275,24.3,2428
936,4706,37.8,3775
936,1145,57.2,5722
936,1180,49.9,4987
936,3299,48.2,4816
936,4536,46.6,4665
936,1307,51.4,5142
936,1491,64.3,6434
936,4516,23.3,2334
936,267,36.6,3657
936,1163,36.4,3641
936,1096,44.5,4448
936,1124,37.7,3770
936,213,42.6,4259
936,4798,51.2,5122
936,1482,36.6,3665
936,4362,24.0,2403
936,3478,31.9,3188
936,1047,21.4,2145
936,1154,41.4,4142
936,237,35.6,3559
936,1476,32.5,3249
936,1166,35.7,3573
936,229,28.0,2804
936,219,41.6,4159
936,3694,36.1,3607
936,946,25.1,2511
936,203,61.4,6142
936,295,23.2,2324
936,1206,45.8,4576
936,1127,59.7,5966
936,4789,46.1,4611
936,1114,39.2,3921
936,247,39.5,3947
936,184,29.7,2970
936,4170,80.9,8086
936,18,52.2,5217
936,1209,69.3,6931
936,1059,40.7,4067
936,4790,37.3,3727
936,277,53.4,5344
936,4644,32.7,3266
936,259,35.0,3502
936,972,26.8,2679
936,1548,50.9,5086
936,984,27.1,2707
936,198,33.4,3340
936,4489,41.8,4175
936,1514,54.2,5425
936,4705,54.9,5486
936,4795,52.0,5198
936,4527,56.1,5609
936,961,32.5,3253
936,227,50.0,4995
936,257,25.0,2503
936,273,27.5,2754
936,1554,23.9,2388
936,1175,32.3,3226
936,205,48.4,4840
936,4793,49.3,4929
936,1183,47.3,4726
936,996,53.2,5322
936,80,35.0,3504
936,4257,44.5,4450
936,4799,53.9,5385
936,4254,37.8,3776
936,4431,29.4,2941
936,1699,44.6,4462
936,1066,46.8,4675
936,289,23.4,2344
936,2521,52.9,5293
936,188,28.7,2868
936,1078,34.4,3435
936,999,58.9,5885
936,1136,45.4,4537
936,1490,40.6,4060
936,297,32.9,3287
936,1277,48.2,4820
936,1005,33.7,3367
936,975,38.8,3877
936,950,41.4,4137
936,1063,44.7,4474
936,1075,31.2,3122
936,1022,36.6,3665
936,4833,53.4,5341
936,4258,37.9,3791
936,1019,43.0,4300
936,1050,29.9,2992
936,261,40.4,4038
936,1520,32.4,3241
936,269,49.7,4972
936,1148,51.9,5189
936,4383,33.9,3389
936,223,46.9,4692
936,1072,34.9,3493
936,4728,36.2,3621
936,1037,35.1,3512
936,209,54.9,5493
936,285,33.5,3347
936,211,34.9,3487
936,964,38.9,3888
936,1130,57.9,5787
936,249,78.7,7867
936,255,61.6,6158
936,77,48.3,4830
936,4832,55.1,5515
936,192,56.4,5643
936,1687,50.2,5025
936,4256,34.9,3489
936,942,37.2,3721
936,1009,40.9,4092
936,1535,24.3,2432
936,1002,34.5,3452
936,287,38.8,3883
936,1172,48.7,4869
936,1121,44.7,4469
936,283,45.4,4537
936,1025,51.0,5099
936,967,49.4,4940
936,241,36.5,3648
936,1031,42.8,4280
936,1084,47.1,4707
936,271,49.5,4953
936,2046,51.5,5153
936,233,40.9,4087
936,1041,22.6,2257
936,215,46.1,4606
936,1212,57.5,5753
936,1157,56.4,5644
936,1087,38.1,3807
936,57,26.3,2626
936,4788,38.0,3803
936,4791,44.8,4475
229,275,45.4,4540
229,4706,60.6,6062
229,1145,77.8,7775
229,1180,71.8,7185
229,3299,70.4,7038
229,4536,69.1,6906
229,1307,73.1,7314
229,1491,82.9,8288
229,4516,44.2,4420
229,267,59.4,5942
229,1163,59.2,5925
229,1096,67.1,6710
229,1124,60.6,6058
229,213,65.3,6535
229,4798,73.0,7298
229,1482,59.5,5950
229,4362,45.1,4507
229,3478,54.4,5440
229,1047,41.7,4172
229,1154,64.2,6424
229,237,58.4,5840
229,1476,55.1,5507
229,1166,58.5,5855
229,936,72.0,7196
229,219,64.4,6440
229,3694,58.9,5890
229,946,46.4,4643
229,203,80.8,8083
229,295,44.1,4406
229,1206,68.3,6827
229,1127,79.6,7956
229,4789,68.6,6857
229,1114,62.1,6208
229,247,62.4,6235
229,184,51.9,5193
229,4170,92.7,9271
229,18,73.8,7376
229,1209,86.1,8613
229,1059,63.5,6352
229,4790,60.1,6014
229,277,74.8,7479
229,4644,55.3,5526
229,259,57.8,5780
229,972,48.5,4850
229,1548,72.7,7268
229,984,48.8,4883
229,198,56.1,5607
229,4489,64.5,6455
229,1514,75.4,7544
229,4705,75.9,7592
229,4795,73.6,7360
229,4527,76.9,7688
229,961,55.1,5511
229,227,71.9,7191
229,257,46.3,4634
229,273,49.4,4940
229,1554,44.9,4489
229,1175,54.8,5482
229,205,70.6,7059
229,4793,71.3,7135
229,1183,69.6,6960
229,996,74.6,7461
229,80,57.8,5782
229,4257,67.1,6712
229,4799,75.1,7512
229,4254,60.6,6064
229,4431,51.6,5160
229,1699,67.2,6724
229,1066,69.2,6915
229,289,44.3,4432
229,2521,74.4,7438
229,188,50.8,5075
229,1078,57.1,5709
229,999,79.0,7897
229,1136,67.9,6791
229,1490,63.5,6345
229,297,55.5,5549
229,1277,70.4,7042
229,1005,56.4,5636
229,975,61.6,6165
229,950,64.2,6419
229,1063,67.3,6734
229,1075,53.7,5366
229,1022,59.5,5950
229,4833,74.8,7477
229,4258,60.8,6079
229,1019,65.7,6574
229,1050,52.2,5219
229,261,63.2,6324
229,1520,55.0,5499
229,269,71.7,7172
229,1148,73.5,7353
229,4383,56.6,5660
229,223,69.3,6930
229,1072,57.7,5770
229,4728,59.0,5905
229,1037,57.9,5791
229,209,76.0,7597
229,285,56.1,5614
229,211,57.6,5764
229,964,61.8,6176
229,1130,78.2,7823
229,249,91.6,9157
229,255,81.0,8095
229,77,70.5,7050
229,4832,76.2,7615
229,192,77.1,7714
229,1687,72.2,7217
229,4256,57.7,5767
229,942,60.1,6007
229,1009,63.8,6376
229,1535,45.5,4545
229,1002,57.3,5727
229,287,61.7,6171
229,1172,70.8,7084
229,1121,67.3,6729
229,283,67.9,6791
229,1025,72.8,7279
229,967,71.5,7145
229,241,59.3,5932
229,1031,65.5,6555
229,1084,69.4,6943
229,271,71.6,7156
229,2046,73.2,7323
229,233,63.7,6371
229,1041,43.2,4319
229,215,68.5,6854
229,1212,78.0,7798
229,1157,77.2,7715
229,1087,60.9,6094
229,57,47.9,4785
229,4788,60.9,6091
229,4791,67.3,6735
219,275,31.4,3139
219,4706,46.0,4603
219,1145,65.3,6533
219,1180,58.3,5828
219,3299,56.6,5660
219,4536,55.1,5510
219,1307,59.8,5979
219,1491,71.9,7190
219,4516,30.3,3032
219,267,44.8,4479
219,1163,44.6,4462
219,1096,52.9,5293
219,1124,46.0,4598
219,213,51.0,5102
219,4798,59.6,5959
219,1482,44.9,4488
219,4362,31.1,3110
219,3478,39.8,3979
219,1047,28.1,2815
219,1154,49.8,4983
219,237,43.8,4376
219,1476,40.5,4045
219,1166,43.9,4391
219,936,58.4,5841
219,229,35.6,3560
219,3694,44.3,4426
219,946,32.3,3232
219,203,69.2,6923
219,295,30.2,3020
219,1206,54.2,5422
219,1127,67.6,6761
219,4789,54.6,5456
219,1114,47.5,4754
219,247,47.8,4782
219,184,37.4,3742
219,4170,86.1,8610
219,18,60.5,6052
219,1209,76.3,7633
219,1059,49.1,4906
219,4790,45.5,4553
219,277,61.7,6174
219,4644,40.6,4063
219,259,43.1,4315
219,972,34.2,3420
219,1548,59.2,5924
219,984,34.5,3451
219,198,41.4,4143
219,4489,50.2,5016
219,1514,62.5,6252
219,4705,63.1,6310
219,4795,60.3,6033
219,4527,64.3,6427
219,961,40.5,4049
219,227,58.4,5835
219,257,32.2,3223
219,273,35.0,3504
219,1554,30.9,3093
219,1175,40.2,4020
219,205,56.8,5684
219,4793,57.7,5771
219,1183,55.7,5571
219,996,61.5,6153
219,80,43.2,4318
219,4257,53.0,5295
219,4799,62.1,6213
219,4254,46.0,4604
219,4431,37.1,3711
219,1699,53.1,5308
219,1066,55.2,5521
219,289,30.4,3043
219,2521,61.2,6125
219,188,36.3,3630
219,1078,42.4,4244
219,999,66.9,6686
219,1136,53.8,5382
219,1490,49.0,4898
219,297,40.9,4085
219,1277,56.6,5664
219,1005,41.7,4171
219,975,47.1,4709
219,950,49.8,4977
219,1063,53.2,5319
219,1075,39.1,3908
219,1022,44.9,4487
219,4833,61.7,6171
219,4258,46.2,4620
219,1019,51.4,5144
219,1050,37.7,3767
219,261,48.8,4876
219,1520,40.4,4036
219,269,58.1,5814
219,1148,60.2,6025
219,4383,42.0,4195
219,223,55.4,5537
219,1072,43.0,4305
219,4728,44.4,4441
219,1037,43.3,4326
219,209,63.2,6316
219,285,41.5,4150
219,211,43.0,4300
219,964,47.2,4721
219,1130,65.9,6594
219,249,84.3,8431
219,255,69.4,6939
219,77,56.7,5673
219,4832,63.4,6337
219,192,64.6,6459
219,1687,58.6,5865
219,4256,43.0,4302
219,942,45.5,4546
219,1009,49.3,4931
219,1535,31.4,3143
219,1002,42.6,4262
219,287,47.1,4715
219,1172,57.1,5712
219,1121,53.1,5314
219,283,53.8,5382
219,1025,59.4,5937
219,967,57.8,5782
219,241,44.7,4469
219,1031,51.2,5123
219,1084,55.5,5552
219,271,58.0,5795
219,2046,59.9,5989
219,233,49.3,4926
219,1041,29.4,2943
219,215,54.5,5452
219,1212,65.6,6562
219,1157,64.6,6459
219,1087,46.4,4636
219,57,33.6,3361
219,4788,46.3,4632
219,4791,53.2,5320
3694,275,36.7,3667
3694,4706,51.8,5178
3694,1145,70.5,7050
3694,1180,63.8,6381
3694,3299,62.2,6219
3694,4536,60.7,6074
3694,1307,65.2,6525
3694,1491,76.6,7656
3694,4516,35.5,3554
3694,267,50.5,5054
3694,1163,50.4,5037
3694,1096,58.6,5862
3694,1124,51.7,5173
3694,213,56.7,5674
3694,4798,65.1,6507
3694,1482,50.6,5062
3694,4362,36.4,3636
3694,3478,45.5,4545
3694,1047,33.2,3321
3694,1154,55.6,5557
3694,237,49.5,4949
3694,1476,46.1,4612
3694,1166,49.6,4964
3694,936,63.9,6393
3694,229,41.1,4110
3694,219,55.7,5574
3694,946,37.7,3766
3694,203,74.1,7411
3694,295,35.4,3541
3694,1206,59.9,5988
3694,1127,72.6,7261
3694,4789,60.2,6021
3694,1114,53.3,5330
3694,247,53.6,5357
3694,184,43.0,4300
3694,4170,89.0,8905
3694,18,66.0,6595
3694,1209,80.5,8055
3694,1059,54.8,5480
3694,4790,51.3,5128
3694,277,67.1,6711
3694,4644,46.3,4631
3694,259,48.9,4888
3694,972,39.6,3965
3694,1548,64.7,6474
3694,984,40.0,3997
3694,198,47.1,4712
3694,4489,55.9,5590
3694,1514,67.8,6785
3694,4705,68.4,6840
3694,4795,65.8,6577
3694,4527,69.5,6949
3694,961,46.2,4616
3694,227,63.9,6388
3694,257,37.6,3757
3694,273,40.5,4052
3694,1554,36.2,3619
3694,1175,45.9,4586
3694,205,62.4,6242
3694,4793,63.3,6326
3694,1183,61.3,6133
3694,996,66.9,6691
3694,80,48.9,4890
3694,4257,58.6,5864
3694,4799,67.5,6748
3694,4254,51.8,5180
3694,4431,42.7,4267
3694,1699,58.8,5877
3694,1066,60.8,6084
3694,289,35.6,3565
3694,2521,66.6,6664
3694,188,41.8,4184
3694,1078,48.1,4815
3694,999,71.9,7192
3694,1136,59.5,5949
3694,1490,54.7,5473
3694,297,46.5,4654
3694,1277,62.2,6223
3694,1005,47.4,4741
3694,975,52.9,5285
3694,950,55.5,5551
3694,1063,58.9,5888
3694,1075,44.7,4471
3694,1022,50.6,5062
3694,4833,67.1,6709
3694,4258,52.0,5195
3694,1019,57.2,5716
3694,1050,43.2,4325
3694,261,54.5,5451
3694,1520,46.0,4603
3694,269,63.7,6367
3694,1148,65.7,6569
3694,4383,47.7,4766
3694,223,61.0,6100
3694,1072,48.8,4878
3694,4728,50.1,5015
3694,1037,49.0,4899
3694,209,68.5,6845
3694,285,47.2,4720
3694,211,48.7,4872
3694,964,53.0,5296
3694,1130,71.1,7106
3694,249,87.5,8753
3694,255,74.3,7426
3694,77,62.3,6232
3694,4832,68.7,6866
3694,192,69.8,6979
3694,1687,64.2,6417
3694,4256,48.7,4874
3694,942,51.2,5121
3694,1009,55.0,5505
3694,1535,36.7,3672
3694,1002,48.3,4833
3694,287,52.9,5291
3694,1172,62.7,6270
3694,1121,58.8,5883
3694,283,59.5,5950
3694,1025,64.9,6486
3694,967,63.4,6337
3694,241,50.4,5044
3694,1031,57.0,5695
3694,1084,61.1,6114
3694,271,63.5,6349
3694,2046,65.4,6536
3694,233,55.0,5500
3694,1041,34.6,3458
3694,215,60.2,6017
3694,1212,70.8,7077
3694,1157,69.8,6980
3694,1087,52.1,5211
3694,57,39.0,3902
3694,4788,52.1,5207
3694,4791,58.9,5889
946,275,49.0,4896
946,4706,64.0,6402
946,1145,80.3,8032
946,1180,74.8,7479
946,3299,73.4,7340
946,4536,72.1,7214
946,1307,76.0,7601
946,1491,85.0,8505
946,4516,47.8,4775
946,267,62.9,6285
946,1163,62.7,6269
946,1096,70.3,7027
946,1124,64.0,6398
946,213,68.6,6859
946,4798,75.8,7585
946,1482,62.9,6293
946,4362,48.6,4863
946,3478,57.9,5793
946,1047,45.2,4524
946,1154,67.5,6753
946,237,61.9,6186
946,1476,58.6,5859
946,1166,62.0,6200
946,936,74.9,7489
946,229,53.6,5357
946,219,67.7,6768
946,3694,62.3,6234
946,203,83.2,8318
946,295,47.6,4761
946,1206,71.4,7139
946,1127,82.0,8201
946,4789,71.7,7168
946,1114,65.4,6544
946,247,65.7,6569
946,184,55.5,5549
946,4170,93.9,9387
946,18,76.6,7660
946,1209,88.0,8802
946,1059,66.8,6683
946,4790,63.5,6355
946,277,77.6,7756
946,4644,58.8,5878
946,259,61.3,6127
946,972,52.1,5207
946,1548,75.6,7557
946,984,52.4,5241
946,198,59.6,5957
946,4489,67.8,6782
946,1514,78.2,7817
946,4705,78.6,7862
946,4795,76.5,7645
946,4527,79.5,7951
946,961,58.6,5863
946,227,74.8,7485
946,257,49.9,4990
946,273,53.0,5297
946,1554,48.5,4845
946,1175,58.3,5834
946,205,73.6,7360
946,4793,74.3,7432
946,1183,72.7,7265
946,996,77.4,7739
946,80,61.3,6129
946,4257,70.3,7029
946,4799,77.9,7787
946,4254,64.0,6404
946,4431,55.2,5516
946,1699,70.4,7040
946,1066,72.2,7223
946,289,47.9,4787
946,2521,77.2,7717
946,188,54.3,5432
946,1078,60.6,6057
946,999,81.5,8146
946,1136,71.0,7105
946,1490,66.8,6676
946,297,59.0,5900
946,1277,73.4,7343
946,1005,59.9,5985
946,975,65.0,6502
946,950,67.5,6748
946,1063,70.5,7050
946,1075,57.2,5720
946,1022,62.9,6293
946,4833,77.5,7754
946,4258,64.2,6418
946,1019,69.0,6896
946,1050,55.8,5575
946,261,66.6,6656
946,1520,58.5,5850
946,269,74.7,7467
946,1148,76.4,7638
946,4383,60.1,6009
946,223,72.4,7237
946,1072,61.2,6117
946,4728,62.5,6249
946,1037,61.4,6138
946,209,78.7,7867
946,285,59.6,5964
946,211,61.1,6112
946,964,65.1,6513
946,1130,80.8,8078
946,249,92.9,9287
946,255,83.3,8329
946,77,73.5,7351
946,4832,78.8,7883
946,192,79.8,7976
946,1687,75.1,7509
946,4256,61.1,6114
946,942,63.5,6348
946,1009,67.1,6706
946,1535,49.0,4901
946,1002,60.8,6075
946,287,65.1,6508
946,1172,73.8,7383
946,1121,70.5,7046
946,283,71.0,7105
946,1025,75.7,7568
946,967,74.4,7441
946,241,62.8,6276
946,1031,68.8,6878
946,1084,72.5,7249
946,271,74.5,7452
946,2046,76.1,7610
946,233,67.0,6701
946,1041,46.7,4673
946,215,71.6,7164
946,1212,80.5,8054
946,1157,79.8,7976
946,1087,64.3,6433
946,57,51.4,5143
946,4788,64.3,6430
946,4791,70.5,7051
203,275,16.2,1617
203,4706,27.4,2735
203,1145,45.7,4570
203,1180,38.5,3846
203,3299,36.8,3683
203,4536,35.4,3541
203,1307,40.0,3995
203,1491,53.1,5309
203,4516,15.4,1544
203,267,26.3,2633
203,1163,26.2,2618
203,1096,33.4,3339
203,1124,27.3,2731
203,213,31.7,3167
203,4798,39.8,3975
203,1482,26.4,2639
203,4362,16.0,1597
203,3478,22.3,2233
203,1047,14.0,1399
203,1154,30.6,3061
203,237,25.5,2548
203,1476,22.8,2283
203,1166,25.6,2560
203,936,38.6,3858
203,229,19.2,1917
203,219,30.8,3077
203,3694,25.9,2589
203,946,16.8,1682
203,295,15.4,1536
203,1206,34.6,3458
203,1127,48.2,4818
203,4789,34.9,3490
203,1114,28.6,2863
203,247,28.9,2887
203,184,20.5,2052
203,4170,72.0,7199
203,18,40.7,4068
203,1209,58.5,5849
203,1059,29.9,2994
203,4790,26.9,2693
203,277,41.9,4192
203,4644,23.0,2298
203,259,25.0,2498
203,972,18.2,1816
203,1548,39.4,3941
203,984,18.4,1838
203,198,23.6,2360
203,4489,30.9,3091
203,1514,42.7,4272
203,4705,43.3,4333
203,4795,40.5,4049
203,4527,44.5,4455
203,961,22.9,2287
203,227,38.5,3853
203,257,16.8,1676
203,273,18.8,1876
203,1554,15.9,1586
203,1175,22.6,2264
203,205,37.1,3706
203,4793,37.9,3790
203,1183,36.0,3598
203,996,41.7,4170
203,80,25.0,2500
203,4257,33.4,3341
203,4799,42.3,4232
203,4254,27.4,2736
203,4431,20.3,2028
203,1699,33.5,3353
203,1066,35.5,3551
203,289,15.5,1551
203,2521,41.4,4142
203,188,19.7,1969
203,1078,24.4,2441
203,999,47.4,4735
203,1136,34.2,3422
203,1490,29.9,2987
203,297,23.1,2315
203,1277,36.9,3687
203,1005,23.8,2383
203,975,28.2,2825
203,950,30.6,3057
203,1063,33.6,3363
203,1075,21.8,2178
203,1022,26.4,2639
203,4833,41.9,4190
203,4258,27.5,2750
203,1019,32.0,3204
203,1050,20.7,2070
203,261,29.7,2968
203,1520,22.8,2277
203,269,38.3,3832
203,1148,40.4,4041
203,4383,24.0,2402
203,223,35.7,3567
203,1072,24.9,2490
203,4728,26.0,2601
203,1037,25.1,2507
203,209,43.4,4339
203,285,23.7,2366
203,211,24.9,2486
203,964,28.4,2835
203,1130,46.4,4635
203,249,69.3,6931
203,255,50.2,5018
203,77,37.0,3696
203,4832,43.6,4362
203,192,44.9,4489
203,1687,38.8,3883
203,4256,24.9,2487
203,942,26.9,2688
203,1009,30.2,3016
203,1535,16.2,1620
203,1002,24.6,2455
203,287,28.3,2830
203,1172,37.3,3733
203,1121,33.6,3359
203,283,34.2,3422
203,1025,39.5,3954
203,967,38.0,3801
203,241,26.2,2624
203,1031,31.9,3186
203,1084,35.8,3580
203,271,38.1,3813
203,2046,40.1,4006
203,233,30.1,3012
203,1041,14.8,1484
203,215,34.9,3486
203,1212,46.0,4601
203,1157,44.9,4490
203,1087,27.6,2763
203,57,17.7,1773
203,4788,27.6,2760
203,4791,33.6,3364
295,275,51.4,5135
295,4706,66.2,6624
295,1145,81.9,8194
295,1180,76.7,7666
295,3299,75.3,7533
295,4536,74.1,7412
295,1307,77.8,7783
295,1491,86.4,8640
295,4516,50.1,5014
295,267,65.1,6509
295,1163,64.9,6493
295,1096,72.3,7231
295,1124,66.2,6619
295,213,70.7,7068
295,4798,77.7,7768
295,1482,65.2,6517
295,4362,51.0,5102
295,3478,60.2,6025
295,1047,47.6,4762
295,1154,69.7,6965
295,237,64.1,6412
295,1476,60.9,6090
295,1166,64.3,6426
295,936,76.8,7676
295,229,55.9,5594
295,219,69.8,6980
295,3694,64.6,6459
295,946,52.4,5239
295,203,84.6,8464
295,1206,73.4,7339
295,1127,83.5,8353
295,4789,73.7,7367
295,1114,67.6,6762
295,247,67.9,6787
295,184,57.8,5784
295,4170,94.6,9456
295,18,78.4,7839
295,1209,89.2,8917
295,1059,69.0,6897
295,4790,65.8,6578
295,277,79.3,7931
295,4644,61.1,6109
295,259,63.5,6354
295,972,54.5,5445
295,1548,77.4,7741
295,984,54.8,5478
295,198,61.9,6187
295,4489,69.9,6994
295,1514,79.9,7989
295,4705,80.3,8032
295,4795,78.2,7825
295,4527,81.2,8117
295,961,61.0,6095
295,227,76.7,7672
295,257,52.3,5229
295,273,55.3,5534
295,1554,50.8,5084
295,1175,60.7,6066
295,205,75.5,7552
295,4793,76.2,7621
295,1183,74.6,7461
295,996,79.2,7915
295,80,63.6,6356
295,4257,72.3,7233
295,4799,79.6,7960
295,4254,66.2,6625
295,4431,57.5,5752
295,1699,72.4,7244
295,1066,74.2,7420
295,289,50.3,5026
295,2521,78.9,7894
295,188,56.7,5668
295,1078,62.9,6285
295,999,83.0,8301
295,1136,73.1,7306
295,1490,68.9,6890
295,297,61.3,6131
295,1277,75.4,7536
295,1005,62.1,6215
295,975,67.2,6721
295,950,69.6,6960
295,1063,72.5,7253
295,1075,59.5,5954
295,1022,65.2,6517
295,4833,79.3,7929
295,4258,66.4,6640
295,1019,71.0,7104
295,1050,58.1,5810
295,261,68.7,6871
295,1520,60.8,6082
295,269,76.5,7655
295,1148,78.2,7819
295,4383,62.4,6238
295,223,74.3,7434
295,1072,63.5,6345
295,4728,64.7,6473
295,1037,63.6,6365
295,209,80.4,8037
295,285,61.9,6194
295,211,63.4,6339
295,964,67.3,6732
295,1130,82.4,8237
295,249,93.7,9365
295,255,84.8,8475
295,77,75.4,7544
295,4832,80.5,8052
295,192,81.4,8140
295,1687,77.0,7695
295,4256,63.4,6341
295,942,65.7,6571
295,1009,69.2,6919
295,1535,51.4,5140
295,1002,63.0,6303
295,287,67.3,6726
295,1172,75.7,7574
295,1121,72.5,7249
295,283,73.1,7306
295,1025,77.5,7751
295,967,76.3,7630
295,241,65.0,6500
295,1031,70.9,7087
295,1084,74.5,7445
295,271,76.4,7640
295,2046,77.9,7791
295,233,69.2,6915
295,1041,49.1,4911
295,215,73.6,7364
295,1212,82.2,8215
295,1157,81.4,8141
295,1087,66.5,6654
295,57,53.8,5381
295,4788,66.5,6651
295,4791,72.5,7254
1206,275,27.7,2773
1206,4706,41.9,4185
1206,1145,61.4,6135
1206,1180,54.1,5410
1206,3299,52.4,5240
1206,4536,50.9,5089
1206,1307,55.6,5564
1206,1491,68.2,6823
1206,4516,26.7,2673
1206,267,40.6,4064
1206,1163,40.5,4047
1206,1096,48.7,4871
1206,1124,41.8,4181
1206,213,46.8,4679
1206,4798,55.4,5544
1206,1482,40.7,4072
1206,4362,27.5,2746
1206,3478,35.8,3577
1206,1047,24.7,2469
1206,1154,45.6,4561
1206,237,39.6,3963
1206,1476,36.4,3640
1206,1166,39.8,3977
1206,936,54.2,5424
1206,229,31.7,3173
1206,219,45.8,4578
1206,3694,40.1,4012
1206,946,28.6,2861
1206,203,65.4,6542
1206,295,26.6,2661
1206,1127,63.7,6372
1206,4789,50.3,5034
1206,1114,43.4,4335
1206,247,43.6,4362
1206,184,33.5,3348
1206,4170,83.6,8362
1206,18,56.4,5639
1206,1209,73.0,7295
1206,1059,44.9,4485
1206,4790,41.4,4136
1206,277,57.6,5764
1206,4644,36.6,3658
1206,259,39.0,3903
1206,972,30.4,3041
1206,1548,55.1,5509
1206,984,30.7,3070
1206,198,37.4,3735
1206,4489,45.9,4594
1206,1514,58.4,5844
1206,4705,59.0,5904
1206,4795,56.2,5620
1206,4527,60.2,6024
1206,961,36.4,3644
1206,227,54.2,5418
1206,257,28.5,2853
1206,273,31.2,3120
1206,1554,27.3,2730
1206,1175,36.2,3616
1206,205,52.6,5264
1206,4793,53.5,5353
1206,1183,51.5,5150
1206,996,57.4,5742
1206,80,39.1,3906
1206,4257,48.7,4873
1206,4799,58.0,5804
1206,4254,41.9,4187
1206,4431,33.2,3318
1206,1699,48.9,4885
1206,1066,51.0,5100
1206,289,26.8,2683
1206,2521,57.1,5714
1206,188,32.4,3241
1206,1078,38.3,3834
1206,999,62.9,6294
1206,1136,49.6,4960
1206,1490,44.8,4477
1206,297,36.8,3680
1206,1277,52.4,5244
1206,1005,37.6,3763
1206,975,42.9,4291
1206,950,45.6,4556
1206,1063,49.0,4897
1206,1075,35.1,3508
1206,1022,40.7,4072
1206,4833,57.6,5761
1206,4258,42.0,4202
1206,1019,47.2,4721
1206,1050,33.7,3372
1206,261,44.5,4455
1206,1520,36.3,3632
1206,269,54.0,5396
1206,1148,56.1,5612
1206,4383,37.9,3786
1206,223,51.2,5116
1206,1072,38.9,3894
1206,4728,40.3,4027
1206,1037,39.1,3914
1206,209,59.1,5910
1206,285,37.4,3743
1206,211,38.9,3888
1206,964,43.0,4302
1206,1130,62.0,6198
1206,249,81.6,8163
1206,255,65.6,6558
1206,77,52.5,5254
1206,4832,59.3,5932
1206,192,60.6,6057
1206,1687,54.5,5449
1206,4256,38.9,3890
1206,942,41.3,4129
1206,1009,45.1,4510
1206,1535,27.8,2778
1206,1002,38.5,3851
1206,287,43.0,4296
1206,1172,52.9,5293
1206,1121,48.9,4892
1206,283,49.6,4961
1206,1025,55.2,5522
1206,967,53.6,5364
1206,241,40.5,4054
1206,1031,47.0,4701
1206,1084,51.3,5131
1206,271,53.8,5377
1206,2046,55.8,5575
1206,233,45.0,4505
1206,1041,25.9,2589
1206,215,50.3,5030
1206,1212,61.6,6165
1206,1157,60.6,6058
1206,1087,42.2,4218
1206,57,29.8,2984
1206,4788,42.1,4214
1206,4791,49.0,4898
1127,275,17.3,1732
1127,4706,28.9,2889
1127,1145,47.5,4751
1127,1180,40.2,4021
1127,3299,38.6,3856
1127,4536,37.1,3713
1127,1307,41.7,4172
1127,1491,54.9,5490
1127,4516,16.6,1655
1127,267,27.8,2784
1127,1163,27.7,2769
1127,1096,35.1,3507
1127,1124,28.9,2885
1127,213,33.3,3331
1127,4798,41.5,4153
1127,1482,27.9,2791
1127,4362,17.1,1711
1127,3478,23.7,2371
1127,1047,15.0,1503
1127,1154,32.2,3224
1127,237,27.0,2696
1127,1476,24.2,2424
1127,1166,27.1,2709
1127,936,40.3,4034
1127,229,20.4,2044
1127,219,32.4,3239
1127,3694,27.4,2739
1127,946,18.0,1799
1127,203,51.8,5182
1127,295,16.5,1647
1127,1206,36.3,3628
1127,4789,36.6,3661
1127,1114,30.2,3021
1127,247,30.4,3045
1127,184,21.8,2184
1127,4170,73.5,7351
1127,18,42.5,4246
1127,1209,60.3,6027
1127,1059,31.6,3155
1127,4790,28.5,2846
1127,277,43.7,4372
1127,4644,24.4,2439
1127,259,26.5,2646
1127,972,19.4,1939
1127,1548,41.2,4118
1127,984,19.6,1962
1127,198,25.0,2503
1127,4489,32.5,3253
1127,1514,44.5,4452
1127,4705,45.1,4514
1127,4795,42.3,4227
1127,4527,46.4,4637
1127,961,24.3,2427
1127,227,40.3,4029
1127,257,17.9,1793
1127,273,20.0,2001
1127,1554,17.0,1699
1127,1175,24.0,2404
1127,205,38.8,3880
1127,4793,39.6,3965
1127,1183,37.7,3771
1127,996,43.5,4350
1127,80,26.5,2648
1127,4257,35.1,3509
1127,4799,44.1,4412
1127,4254,28.9,2891
1127,4431,21.6,2160
1127,1699,35.2,3521
1127,1066,37.2,3722
1127,289,16.6,1663
1127,2521,43.2,4321
1127,188,21.0,2098
1127,1078,25.9,2587
1127,999,49.2,4917
1127,1136,35.9,3591
1127,1490,31.5,3148
1127,297,24.6,2457
1127,1277,38.6,3860
1127,1005,25.3,2527
1127,975,29.8,2982
1127,950,32.2,3219
1127,1063,35.3,3532
1127,1075,23.1,2314
1127,1022,27.9,2791
1127,4833,43.7,4369
1127,4258,29.0,2904
1127,1019,33.7,3370
1127,1050,22.0,2203
1127,261,31.3,3128
1127,1520,24.2,2417
1127,269,40.1,4008
1127,1148,42.2,4219
1127,4383,25.5,2546
1127,223,37.4,3738
1127,1072,26.4,2638
1127,4728,27.5,2751
1127,1037,26.6,2655
1127,209,45.2,4520
1127,285,25.1,2510
1127,211,26.3,2633
1127,964,29.9,2992
1127,1130,48.2,4817
1127,249,70.9,7090
1127,255,52.0,5200
1127,77,38.7,3870
1127,4832,45.4,4542
1127,192,46.7,4671
1127,1687,40.6,4059
1127,4256,26.4,2635
1127,942,28.4,2840
1127,1009,31.8,3177
1127,1535,17.4,1735
1127,1002,26.0,2601
1127,287,29.9,2987
1127,1172,39.1,3908
1127,1121,35.3,3527
1127,283,35.9,3591
1127,1025,41.3,4131
1127,967,39.8,3976
1127,241,27.8,2775
1127,1031,33.5,3351
1127,1084,37.5,3752
1127,271,39.9,3989
1127,2046,41.8,4183
1127,233,31.7,3173
1127,1041,15.9,1592
1127,215,36.6,3657
1127,1212,47.8,4782
1127,1157,46.7,4672
1127,1087,29.2,2918
1127,57,18.9,1895
1127,4788,29.1,2914
1127,4791,35.3,3533
4789,275,27.4,2745
4789,4706,41.5,4152
4789,1145,61.0,6102
4789,1180,53.8,5376
4789,3299,52.1,5206
4789,4536,50.5,5055
4789,1307,55.3,5530
4789,1491,67.9,6792
4789,4516,26.4,2644
4789,267,40.3,4031
4789,1163,40.1,4014
4789,1096,48.4,4836
4789,1124,41.5,4147
4789,213,46.5,4645
4789,4798,55.1,5510
4789,1482,40.4,4039
4789,4362,27.2,2717
4789,3478,35.5,3545
4789,1047,24.4,2442
4789,1154,45.3,4527
4789,237,39.3,3930
4789,1476,36.1,3608
4789,1166,39.4,3944
4789,936,53.9,5389
4789,229,31.4,3143
4789,219,45.4,4544
4789,3694,39.8,3979
4789,946,28.3,2832
4789,203,65.1,6510
4789,295,26.3,2633
4789,1206,49.7,4966
4789,1127,63.4,6339
4789,1114,43.0,4301
4789,247,43.3,4328
4789,184,33.2,3316
4789,4170,83.4,8341
4789,18,56.0,5605
4789,1209,72.7,7266
4789,1059,44.5,4451
4789,4790,41.0,4103
4789,277,57.3,5730
4789,4644,36.3,3626
4789,259,38.7,3870
4789,972,30.1,3010
4789,1548,54.8,5475
4789,984,30.4,3040
4789,198,37.0,3703
4789,4489,45.6,4560
4789,1514,58.1,5810
4789,4705,58.7,5871
4789,4795,55.9,5586
4789,4527,59.9,5991
4789,961,36.1,3612
4789,227,53.8,5384
4789,257,28.2,2824
4789,273,30.9,3089
4789,1554,27.0,2702
4789,1175,35.8,3584
4789,205,52.3,5230
4789,4793,53.2,5319
4789,1183,51.2,5116
4789,996,57.1,5708
4789,80,38.7,3873
4789,4257,48.4,4838
4789,4799,57.7,5770
4789,4254,41.5,4153
4789,4431,32.9,3287
4789,1699,48.5,4851
4789,1066,50.6,5065
4789,289,26.5,2654
4789,2521,56.8,5680
4789,188,32.1,3210
4789,1078,38.0,3801
4789,999,62.6,6261
4789,1136,49.3,4926
4789,1490,44.4,4443
4789,297,36.5,3647
4789,1277,52.1,5210
4789,1005,37.3,3730
4789,975,42.6,4257
4789,950,45.2,4521
4789,1063,48.6,4862
4789,1075,34.8,3476
4789,1022,40.4,4039
4789,4833,57.3,5728
4789,4258,41.7,4169
4789,1019,46.9,4687
4789,1050,33.4,3340
4789,261,44.2,4421
4789,1520,36.0,3600
4789,269,53.6,5362
4789,1148,55.8,5577
4789,4383,37.5,3754
4789,223,50.8,5082
4789,1072,38.6,3861
4789,4728,39.9,3993
4789,1037,38.8,3881
4789,209,58.8,5877
4789,285,37.1,3710
4789,211,38.5,3855
4789,964,42.7,4268
4789,1130,61.6,6165
4789,249,81.4,8140
4789,255,65.3,6526
4789,77,52.2,5219
4789,4832,59.0,5899
4789,192,60.2,6024
4789,1687,54.1,5415
4789,4256,38.6,3857
4789,942,41.0,4096
4789,1009,44.8,4475
4789,1535,27.5,2749
4789,1002,38.2,3818
4789,287,42.6,4262
4789,1172,52.6,5259
4789,1121,48.6,4857
4789,283,49.3,4926
4789,1025,54.9,5488
4789,967,53.3,5330
4789,241,40.2,4021
4789,1031,46.7,4667
4789,1084,51.0,5096
4789,271,53.4,5343
4789,2046,55.4,5541
4789,233,44.7,4470
4789,1041,25.6,2561
4789,215,50.0,4996
4789,1212,61.3,6132
4789,1157,60.2,6025
4789,1087,41.8,4184
4789,57,29.5,2954
4789,4788,41.8,4180
4789,4791,48.6,4863
1114,275,33.6,3361
1114,4706,48.5,4848
1114,1145,67.6,6758
1114,1180,60.7,6066
1114,3299,59.0,5901
1114,4536,57.5,5753
1114,1307,62.1,6215
1114,1491,73.9,7394
1114,4516,32.5,3250
1114,267,47.2,4724
1114,1163,47.1,4707
1114,1096,55.4,5537
1114,1124,48.4,4843
1114,213,53.5,5347
1114,4798,62.0,6196
1114,1482,47.3,4732
1114,4362,33.3,3330
1114,3478,42.2,4219
1114,1047,30.3,3026
1114,1154,52.3,5228
1114,237,46.2,4620
1114,1476,42.9,4285
1114,1166,46.3,4634
1114,936,60.8,6079
1114,229,37.9,3792
1114,219,52.5,5246
1114,3694,46.7,4670
1114,946,34.6,3456
1114,203,71.4,7137
1114,295,32.4,3238
1114,1206,56.6,5665
1114,1127,69.8,6979
1114,4789,57.0,5699
1114,247,50.3,5028
1114,184,39.8,3977
1114,4170,87.4,8742
1114,18,62.9,6287
1114,1209,78.2,7819
1114,1059,51.5,5151
1114,4790,48.0,4798
1114,277,64.1,6407
1114,4644,43.0,4304
1114,259,45.6,4558
1114,972,36.5,3649
1114,1548,61.6,6162
1114,984,36.8,3681
1114,198,43.8,4384
1114,4489,52.6,5261
1114,1514,64.8,6483
1114,4705,65.4,6540
1114,4795,62.7,6269
1114,4527,66.5,6654
1114,961,42.9,4289
1114,227,60.7,6074
1114,257,34.5,3447
1114,273,37.4,3735
1114,1554,33.1,3314
1114,1175,42.6,4260
1114,205,59.2,5924
1114,4793,60.1,6011
1114,1183,58.1,5813
1114,996,63.9,6386
1114,80,45.6,4561
1114,4257,55.4,5539
1114,4799,64.5,6445
1114,4254,48.5,4850
1114,4431,39.5,3946
1114,1699,55.5,5552
1114,1066,57.6,5763
1114,289,32.6,3261
1114,2521,63.6,6358
1114,188,38.6,3864
1114,1078,44.9,4487
1114,999,69.1,6906
1114,1136,56.3,5626
1114,1490,51.4,5144
1114,297,43.3,4326
1114,1277,59.0,5905
1114,1005,44.1,4413
1114,975,49.5,4955
1114,950,52.2,5223
1114,1063,55.6,5563
1114,1075,41.5,4146
1114,1022,47.3,4732
1114,4833,64.0,6404
1114,4258,48.6,4865
1114,1019,53.9,5389
1114,1050,40.0,4003
1114,261,51.2,5122
1114,1520,42.8,4276
1114,269,60.5,6053
1114,1148,62.6,6261
1114,4383,44.4,4437
1114,223,57.8,5780
1114,1072,45.5,4549
1114,4728,46.9,4685
1114,1037,45.7,4570
1114,209,65.5,6546
1114,285,43.9,4392
1114,211,45.4,4543
1114,964,49.7,4966
1114,1130,68.2,6817
1114,249,85.7,8574
1114,255,71.5,7152
1114,77,59.1,5914
1114,4832,65.7,6567
1114,192,66.8,6685
1114,1687,61.0,6104
1114,4256,45.5,4545
1114,942,47.9,4791
1114,1009,51.8,5177
1114,1535,33.6,3365
1114,1002,45.0,4505
1114,287,49.6,4961
1114,1172,59.5,5952
1114,1121,55.6,5558
1114,283,56.3,5626
1114,1025,61.7,6174
1114,967,60.2,6021
1114,241,47.1,4714
1114,1031,53.7,5368
1114,1084,57.9,5794
1114,271,60.3,6034
1114,2046,62.3,6226
1114,233,51.7,5172
1114,1041,31.6,3159
1114,215,57.0,5695
1114,1212,67.9,6786
1114,1157,66.9,6686
1114,1087,48.8,4881
1114,57,35.9,3589
1114,4788,48.8,4877
1114,4791,55.6,5564
247,275,33.4,3335
247,4706,48.2,4820
247,1145,67.3,6733
247,1180,60.4,6040
247,3299,58.7,5874
247,4536,57.3,5726
247,1307,61.9,6189
247,1491,73.7,7372
247,4516,32.3,3226
247,267,47.0,4696
247,1163,46.8,4679
247,1096,55.1,5510
247,1124,48.1,4815
247,213,53.2,5319
247,4798,61.7,6169
247,1482,47.0,4705
247,4362,33.0,3305
247,3478,41.9,4192
247,1047,30.0,3002
247,1154,52.0,5201
247,237,45.9,4592
247,1476,42.6,4258
247,1166,46.1,4607
247,936,60.5,6053
247,229,37.6,3765
247,219,52.2,5218
247,3694,46.4,4643
247,946,34.3,3431
247,203,71.1,7113
247,295,32.1,3213
247,1206,56.4,5638
247,1127,69.5,6955
247,4789,56.7,5672
247,1114,49.7,4972
247,184,39.5,3951
247,4170,87.3,8728
247,18,62.6,6261
247,1209,78.0,7799
247,1059,51.2,5124
247,4790,47.7,4770
247,277,63.8,6381
247,4644,42.8,4277
247,259,45.3,4531
247,972,36.2,3623
247,1548,61.4,6135
247,984,36.5,3655
247,198,43.6,4357
247,4489,52.3,5234
247,1514,64.6,6457
247,4705,65.2,6515
247,4795,62.4,6242
247,4527,66.3,6629
247,961,42.6,4262
247,227,60.5,6047
247,257,34.2,3422
247,273,37.1,3708
247,1554,32.9,3289
247,1175,42.3,4233
247,205,59.0,5897
247,4793,59.8,5984
247,1183,57.9,5786
247,996,63.6,6360
247,80,45.3,4533
247,4257,55.1,5512
247,4799,64.2,6419
247,4254,48.2,4822
247,4431,39.2,3919
247,1699,55.2,5525
247,1066,57.4,5736
247,289,32.4,3237
247,2521,63.3,6332
247,188,38.4,3837
247,1078,44.6,4459
247,999,68.8,6882
247,1136,56.0,5599
247,1490,51.2,5116
247,297,43.0,4299
247,1277,58.8,5878
247,1005,43.9,4386
247,975,49.3,4927
247,950,52.0,5195
247,1063,55.4,5536
247,1075,41.2,4119
247,1022,47.0,4704
247,4833,63.8,6378
247,4258,48.4,4838
247,1019,53.6,5361
247,1050,39.8,3976
247,261,50.9,5094
247,1520,42.5,4249
247,269,60.3,6026
247,1148,62.3,6234
247,4383,44.1,4410
247,223,57.5,5752
247,1072,45.2,4521
247,4728,46.6,4658
247,1037,45.4,4542
247,209,65.2,6520
247,285,43.6,4365
247,211,45.1,4515
247,964,49.4,4939
247,1130,67.9,6792
247,249,85.6,8559
247,255,71.3,7128
247,77,58.9,5887
247,4832,65.4,6541
247,192,66.6,6660
247,1687,60.8,6077
247,4256,45.2,4517
247,942,47.6,4763
247,1009,51.5,5149
247,1535,33.4,3340
247,1002,44.8,4477
247,287,49.3,4933
247,1172,59.3,5926
247,1121,55.3,5531
247,283,56.0,5599
247,1025,61.5,6148
247,967,60.0,5995
247,241,46.9,4686
247,1031,53.4,5341
247,1084,57.7,5767
247,271,60.1,6007
247,2046,62.0,6199
247,233,51.4,5144
247,1041,31.3,3134
247,215,56.7,5668
247,1212,67.6,6761
247,1157,66.6,6661
247,1087,48.5,4854
247,57,35.6,3563
247,4788,48.5,4850
247,4791,55.4,5537
184,275,43.5,4349
184,4706,58.8,5875
184,1145,76.3,7628
184,1180,70.2,7019
184,3299,68.7,6868
184,4536,67.3,6733
184,1307,71.5,7152
184,1491,81.6,8162
184,4516,42.3,4229
184,267,57.5,5753
184,1163,57.4,5736
184,1096,65.3,6533
184,1124,58.7,5870
184,213,63.5,6354
184,4798,71.3,7135
184,1482,57.6,5762
184,4362,43.2,4316
184,3478,52.5,5248
184,1047,39.8,3984
184,1154,62.4,6242
184,237,56.5,5650
184,1476,53.1,5315
184,1166,56.6,5665
184,936,70.3,7030
184,229,48.1,4807
184,219,62.6,6258
184,3694,57.0,5700
184,946,44.5,4451
184,203,79.5,7948
184,295,42.2,4216
184,1206,66.5,6652
184,1127,78.2,7816
184,4789,66.8,6684
184,1114,60.2,6023
184,247,60.5,6049
184,4170,92.0,9201
184,18,72.2,7216
184,1209,85.0,8503
184,1059,61.7,6168
184,4790,58.3,5826
184,277,73.2,7322
184,4644,53.3,5334
184,259,55.9,5589
184,972,46.6,4657
184,1548,71.0,7104
184,984,46.9,4691
184,198,54.1,5415
184,4489,62.7,6273
184,1514,73.9,7389
184,4705,74.4,7439
184,4795,72.0,7200
184,4527,75.4,7538
184,961,53.2,5319
184,227,70.3,7026
184,257,44.4,4442
184,273,47.5,4747
184,1554,43.0,4298
184,1175,52.9,5289
184,205,68.9,6890
184,4793,69.7,6968
184,1183,67.9,6788
184,996,73.0,7304
184,80,55.9,5592
184,4257,65.3,6535
184,4799,73.6,7356
184,4254,58.8,5876
184,4431,49.7,4967
184,1699,65.5,6547
184,1066,67.4,6743
184,289,42.4,4241
184,2521,72.8,7279
184,188,48.8,4882
184,1078,55.2,5518
184,999,77.5,7754
184,1136,66.2,6616
184,1490,61.6,6161
184,297,53.6,5357
184,1277,68.7,6872
184,1005,54.4,5444
184,975,59.8,5979
184,950,62.4,6237
184,1063,65.6,6557
184,1075,51.7,5174
184,1022,57.6,5761
184,4833,73.2,7320
184,4258,58.9,5892
184,1019,63.9,6394
184,1050,50.3,5026
184,261,61.4,6140
184,1520,53.1,5306
184,269,70.1,7006
184,1148,71.9,7193
184,4383,54.7,5468
184,223,67.6,6758
184,1072,55.8,5580
184,4728,57.1,5715
184,1037,56.0,5601
184,209,74.4,7444
184,285,54.2,5423
184,211,55.7,5574
184,964,59.9,5990
184,1130,76.8,7678
184,249,90.8,9079
184,255,79.6,7961
184,77,68.8,6881
184,4832,74.6,7462
184,192,75.7,7565
184,1687,70.5,7052
184,4256,55.8,5576
184,942,58.2,5819
184,1009,61.9,6192
184,1535,43.5,4353
184,1002,55.4,5536
184,287,59.9,5985
184,1172,69.2,6916
184,1121,65.5,6553
184,283,66.2,6616
184,1025,71.2,7116
184,967,69.8,6978
184,241,57.4,5743
184,1031,63.8,6375
184,1084,67.7,6771
184,271,69.9,6989
184,2046,71.6,7162
184,233,61.9,6188
184,1041,41.3,4129
184,215,66.8,6680
184,1212,76.5,7652
184,1157,75.7,7565
184,1087,59.1,5907
184,57,45.9,4593
184,4788,59.0,5904
184,4791,65.6,6558
4170,275,5.8,582
4170,4706,11.8,1181
4170,1145,24.5,2449
4170,1180,19.1,1905
4170,3299,17.9,1791
4170,4536,16.9,1694
4170,1307,20.1,2013
4170,1491,30.7,3068
4170,4516,5.5,548
4170,267,11.2,1120
4170,1163,11.1,1112
4170,1096,15.6,1559
4170,1124,11.8,1178
4170,213,14.5,1447
4170,4798,20.0,1998
4170,1482,11.2,1124
4170,4362,5.7,573
4170,3478,8.9,895
4170,1047,4.8,481
4170,1154,13.8,1380
4170,237,10.7,1071
4170,1476,9.2,923
4170,1166,10.8,1078
4170,936,19.1,1914
4170,229,7.3,729
4170,219,13.9,1390
4170,3694,10.9,1095
4170,946,6.1,613
4170,203,28.0,2801
4170,295,5.4,544
4170,1206,16.4,1638
4170,1127,26.5,2649
4170,4789,16.6,1659
4170,1114,12.6,1258
4170,247,12.7,1272
4170,184,8.0,799
4170,18,20.7,2066
4170,1209,35.6,3565
4170,1059,13.4,1338
4170,4790,11.6,1156
4170,277,21.6,2158
4170,4644,9.3,931
4170,259,10.4,1043
4170,972,6.8,679
4170,1548,19.7,1973
4170,984,6.9,690
4170,198,9.7,965
4170,4489,14.0,1398
4170,1514,22.2,2219
4170,4705,22.6,2265
4170,4795,20.5,2052
4170,4527,23.6,2359
4170,961,9.2,925
4170,227,19.1,1910
4170,257,6.1,610
4170,273,7.1,709
4170,1554,5.7,567
4170,1175,9.1,912
4170,205,18.1,1807
4170,4793,18.7,1866
4170,1183,17.3,1732
4170,996,21.4,2142
4170,80,10.4,1044
4170,4257,15.6,1560
4170,4799,21.9,2188
4170,4254,11.8,1181
4170,4431,7.9,787
4170,1699,15.7,1568
4170,1066,17.0,1700
4170,289,5.5,551
4170,2521,21.2,2121
4170,188,7.6,756
4170,1078,10.1,1010
4170,999,25.8,2582
4170,1136,16.1,1613
4170,1490,13.3,1334
4170,297,9.4,940
4170,1277,17.9,1793
4170,1005,9.8,978
4170,975,12.3,1235
4170,950,13.8,1377
4170,1063,15.8,1575
4170,1075,8.7,866
4170,1022,11.2,1124
4170,4833,21.6,2156
4170,4258,11.9,1189
4170,1019,14.7,1471
4170,1050,8.1,809
4170,261,13.2,1322
4170,1520,9.2,919
4170,269,18.9,1895
4170,1148,20.5,2046
4170,4383,9.9,988
4170,223,17.1,1711
4170,1072,10.4,1038
4170,4728,11.0,1102
4170,1037,10.5,1048
4170,209,22.7,2270
4170,285,9.7,969
4170,211,10.4,1036
4170,964,12.4,1240
4170,1130,25.0,2501
4170,249,46.9,4690
4170,255,28.2,2816
4170,77,18.0,1800
4170,4832,22.9,2287
4170,192,23.9,2386
4170,1687,19.3,1932
4170,4256,10.4,1037
4170,942,11.5,1152
4170,1009,13.5,1352
4170,1535,5.8,584
4170,1002,10.2,1018
4170,287,12.4,1237
4170,1172,18.3,1826
4170,1121,15.7,1571
4170,283,16.1,1613
4170,1025,19.8,1983
4170,967,18.7,1873
4170,241,11.2,1115
4170,1031,14.6,1459
4170,1084,17.2,1720
4170,271,18.8,1882
4170,2046,20.2,2020
4170,233,13.5,1349
4170,1041,5.2,520
4170,215,16.6,1656
4170,1212,24.7,2474
4170,1157,23.9,2387
4170,1087,12.0,1197
4170,57,6.6,658
4170,4788,11.9,1195
4170,4791,15.8,1575
18,275,22.6,2261
18,4706,35.7,3570
18,1145,55.1,5508
18,1180,47.7,4770
18,3299,46.0,4599
18,4536,44.5,4449
18,1307,49.2,4924
18,1491,62.3,6229
18,4516,21.7,2171
18,267,34.5,3455
18,1163,34.4,3438
18,1096,42.3,4233
18,1124,35.6,3565
18,213,40.5,4047
18,4798,49.0,4904
18,1482,34.6,3462
18,4362,22.4,2237
18,3478,30.0,2996
18,1047,19.9,1990
18,1154,39.3,3932
18,237,33.6,3358
18,1476,30.6,3055
18,1166,33.7,3372
18,936,47.8,4783
18,229,26.2,2624
18,219,39.5,3948
18,3694,34.0,3405
18,946,23.4,2340
18,203,59.3,5932
18,295,21.6,2161
18,1206,43.6,4361
18,1127,57.5,5754
18,4789,44.0,4395
18,1114,37.1,3713
18,247,37.4,3739
18,184,27.8,2784
18,4170,79.3,7934
18,1209,67.4,6737
18,1059,38.6,3857
18,4790,35.2,3523
18,277,51.3,5127
18,4644,30.7,3072
18,259,33.0,3302
18,972,25.0,2503
18,1548,48.7,4869
18,984,25.3,2529
18,198,31.4,3144
18,4489,39.6,3964
18,1514,52.1,5209
18,4705,52.7,5270
18,4795,49.8,4981
18,4527,53.9,5393
18,961,30.6,3059
18,227,47.8,4777
18,257,23.3,2333
18,273,25.8,2575
18,1554,22.2,2223
18,1175,30.3,3033
18,205,46.2,4623
18,4793,47.1,4712
18,1183,45.1,4510
18,996,51.0,5105
18,80,33.0,3304
18,4257,42.4,4235
18,4799,51.7,5168
18,4254,35.7,3571
18,4431,27.6,2756
18,1699,42.5,4248
18,1066,44.6,4460
18,289,21.8,2180
18,2521,50.8,5076
18,188,26.9,2686
18,1078,32.4,3237
18,999,56.7,5672
18,1136,43.2,4322
18,1490,38.5,3850
18,297,30.9,3092
18,1277,46.0,4603
18,1005,31.7,3170
18,975,36.7,3671
18,950,39.3,3926
18,1063,42.6,4259
18,1075,29.3,2932
18,1022,34.6,3462
18,4833,51.2,5124
18,4258,35.9,3586
18,1019,40.9,4087
18,1050,28.1,2806
18,261,38.3,3829
18,1520,30.5,3048
18,269,47.5,4755
18,1148,49.7,4972
18,4383,31.9,3192
18,223,44.8,4476
18,1072,32.9,3293
18,4728,34.2,3419
18,1037,33.1,3313
18,209,52.8,5276
18,285,31.5,3151
18,211,32.9,3288
18,964,36.8,3681
18,1130,55.7,5573
18,249,77.0,7705
18,255,59.5,5949
18,77,46.1,4613
18,4832,53.0,5299
18,192,54.3,5428
18,1687,48.1,4808
18,4256,32.9,3290
18,942,35.2,3516
18,1009,38.8,3882
18,1535,22.6,2265
18,1002,32.5,3253
18,287,36.8,3676
18,1172,46.5,4652
18,1121,42.5,4254
18,283,43.2,4322
18,1025,48.8,4882
18,967,47.2,4723
18,241,34.5,3445
18,1031,40.7,4067
18,1084,44.9,4490
18,271,47.4,4736
18,2046,49.4,4935
18,233,38.8,3877
18,1041,21.0,2096
18,215,43.9,4391
18,1212,55.4,5539
18,1157,54.3,5428
18,1087,36.0,3601
18,57,24.5,2451
18,4788,36.0,3597
18,4791,42.6,4260
1209,275,11.5,1147
1209,4706,20.7,2070
1209,1145,37.4,3735
1209,1180,30.6,3057
1209,3299,29.1,2908
1209,4536,27.8,2780
1209,1307,31.9,3195
1209,1491,44.5,4455
1209,4516,10.9,1089
1209,267,19.8,1982
1209,1163,19.7,1970
1209,1096,26.0,2599
1209,1124,20.7,2067
1209,213,24.5,2446
1209,4798,31.8,3177
1209,1482,19.9,1988
1209,4362,11.3,1131
1209,3478,16.5,1646
1209,1047,9.8,976
1209,1154,23.5,2353
1209,237,19.1,1910
1209,1476,16.9,1688
1209,1166,19.2,1920
1209,936,30.7,3069
1209,229,13.9,1387
1209,219,23.7,2367
1209,3694,19.4,1945
1209,946,12.0,1198
1209,203,41.5,4151
1209,295,10.8,1083
1209,1206,27.1,2705
1209,1127,39.7,3973
1209,4789,27.3,2734
1209,1114,21.8,2181
1209,247,22.0,2201
1209,184,15.0,1497
1209,4170,64.3,6435
1209,18,32.6,3263
1209,1059,22.9,2294
1209,4790,20.3,2034
1209,277,33.8,3378
1209,4644,17.0,1700
1209,259,18.7,1868
1209,972,13.1,1305
1209,1548,31.4,3145
1209,984,13.2,1323
1209,198,17.5,1752
1209,4489,23.8,2379
1209,1514,34.5,3453
1209,4705,35.1,3511
1209,4795,32.5,3245
1209,4527,36.3,3626
1209,961,16.9,1691
1209,227,30.6,3064
1209,257,11.9,1193
1209,273,13.5,1354
1209,1554,11.2,1122
1209,1175,16.7,1672
1209,205,29.3,2929
1209,4793,30.1,3006
1209,1183,28.3,2832
1209,996,33.6,3358
1209,80,18.7,1870
1209,4257,26.0,2601
1209,4799,34.2,3416
1209,4254,20.7,2071
1209,4431,14.8,1478
1209,1699,26.1,2611
1209,1066,27.9,2789
1209,289,10.9,1095
1209,2521,33.3,3331
1209,188,14.3,1429
1209,1078,18.2,1820
1209,999,38.9,3894
1209,1136,26.7,2673
1209,1490,22.9,2289
1209,297,17.1,1715
1209,1277,29.1,2912
1209,1005,17.7,1771
1209,975,21.5,2148
1209,950,23.5,2349
1209,1063,26.2,2621
1209,1075,16.0,1600
1209,1022,19.9,1988
1209,4833,33.8,3376
1209,4258,20.8,2083
1209,1019,24.8,2479
1209,1050,15.1,1512
1209,261,22.7,2272
1209,1520,16.8,1683
1209,269,30.4,3044
1209,1148,32.4,3237
1209,4383,17.9,1787
1209,223,28.0,2803
1209,1072,18.6,1862
1209,4728,19.6,1956
1209,1037,18.8,1876
1209,209,35.2,3516
1209,285,17.6,1757
1209,211,18.6,1858
1209,964,21.6,2156
1209,1130,38.0,3797
1209,249,61.4,6142
1209,255,41.7,4168
1209,77,29.2,2920
1209,4832,35.4,3537
1209,192,36.6,3658
1209,1687,30.9,3091
1209,4256,18.6,1859
1209,942,20.3,2029
1209,1009,23.1,2314
1209,1535,11.5,1149
1209,1002,18.3,1832
1209,287,21.5,2152
1209,1172,29.5,2954
1209,1121,26.2,2616
1209,283,26.7,2673
1209,1025,31.6,3157
1209,967,30.2,3016
1209,241,19.8,1975
1209,1031,24.6,2463
1209,1084,28.1,2815
1209,271,30.3,3027
1209,2046,32.0,3204
1209,233,23.1,2310
1209,1041,10.4,1042
1209,215,27.3,2731
1209,1212,37.6,3765
1209,1157,36.6,3659
1209,1087,20.9,2094
1209,57,12.7,1271
1209,4788,20.9,2091
1209,4791,26.2,2621
1059,275,32.2,3223
1059,4706,47.0,4697
1059,1145,66.2,6620
1059,1180,59.2,5920
1059,3299,57.5,5752
1059,4536,56.0,5604
1059,1307,60.7,6070
1059,1491,72.7,7269
1059,4516,31.1,3115
1059,267,45.7,4573
1059,1163,45.6,4556
1059,1096,53.9,5387
1059,1124,46.9,4692
1059,213,52.0,5196
1059,4798,60.5,6050
1059,1482,45.8,4581
1059,4362,31.9,3194
1059,3478,40.7,4071
1059,1047,28.9,2895
1059,1154,50.8,5077
1059,237,44.7,4469
1059,1476,41.4,4136
1059,1166,44.8,4484
1059,936,59.3,5933
1059,229,36.5,3648
1059,219,50.9,5094
1059,3694,45.2,4520
1059,946,33.2,3317
1059,203,70.1,7006
1059,295,31.0,3103
1059,1206,55.1,5515
1059,1127,68.5,6845
1059,4789,55.5,5549
1059,1114,48.5,4849
1059,247,48.8,4876
1059,184,38.3,3832
1059,4170,86.6,8662
1059,18,61.4,6143
1059,1209,77.1,7706
1059,4790,46.5,4647
1059,277,62.6,6264
1059,4644,41.5,4155
1059,259,44.1,4408
1059,972,35.1,3508
1059,1548,60.2,6016
1059,984,35.4,3539
1059,198,42.4,4235
1059,4489,51.1,5110
1059,1514,63.4,6341
1059,4705,64.0,6399
1059,4795,61.2,6124
1059,4527,65.1,6514
1059,961,41.4,4141
1059,227,59.3,5927
1059,257,33.1,3308
1059,273,35.9,3592
1059,1554,31.8,3177
1059,1175,41.1,4112
1059,205,57.8,5776
1059,4793,58.6,5863
1059,1183,56.6,5664
1059,996,62.4,6243
1059,80,44.1,4411
1059,4257,53.9,5389
1059,4799,63.0,6303
1059,4254,47.0,4698
1059,4431,38.0,3800
1059,1699,54.0,5401
1059,1066,56.1,5614
1059,289,31.3,3126
1059,2521,62.1,6215
1059,188,37.2,3719
1059,1078,43.4,4337
1059,999,67.7,6771
1059,1136,54.8,5476
1059,1490,49.9,4992
1059,297,41.8,4177
1059,1277,57.6,5756
1059,1005,42.6,4264
1059,975,48.0,4804
1059,950,50.7,5071
1059,1063,54.1,5413
1059,1075,40.0,3999
1059,1022,45.8,4581
1059,4833,62.6,6261
1059,4258,47.1,4714
1059,1019,52.4,5238
1059,1050,38.6,3857
1059,261,49.7,4970
1059,1520,41.3,4128
1059,269,59.1,5906
1059,1148,61.2,6116
1059,4383,42.9,4288
1059,223,56.3,5630
1059,1072,44.0,4398
1059,4728,45.4,4535
1059,1037,44.2,4420
1059,209,64.0,6405
1059,285,42.4,4243
1059,211,43.9,4393
1059,964,48.1,4815
1059,1130,66.8,6680
1059,249,84.9,8487
1059,255,70.2,7021
1059,77,57.7,5766
1059,4832,64.3,6426
1059,192,65.5,6546
1059,1687,59.6,5957
1059,4256,44.0,4395
1059,942,46.4,4640
1059,1009,50.2,5025
1059,1535,32.3,3228
1059,1002,43.5,4355
1059,287,48.1,4809
1059,1172,58.0,5805
1059,1121,54.1,5408
1059,283,54.8,5476
1059,1025,60.3,6029
1059,967,58.7,5874
1059,241,45.6,4563
1059,1031,52.2,5217
1059,1084,56.5,5645
1059,271,58.9,5887
1059,2046,60.8,6081
1059,233,50.2,5020
1059,1041,30.2,3025
1059,215,55.5,5545
1059,1212,66.5,6649
1059,1157,65.5,6547
1059,1087,47.3,4730
1059,57,34.5,3448
1059,4788,47.3,4726
1059,4791,54.1,5414
4790,275,35.5,3547
4790,4706,50.5,5050
4790,1145,69.4,6938
4790,1180,62.6,6260
4790,3299,61.0,6097
4790,4536,59.5,5951
4790,1307,64.1,6406
4790,1491,75.6,7556
4790,4516,34.4,3435
4790,267,49.3,4926
4790,1163,49.1,4909
4790,1096,57.4,5737
4790,1124,50.5,5045
4790,213,55.5,5548
4790,4798,63.9,6387
4790,1482,49.4,4935
4790,4362,35.2,3517
4790,3478,44.2,4418
4790,1047,32.1,3206
4790,1154,54.3,5430
4790,237,48.2,4821
4790,1476,44.9,4485
4790,1166,48.4,4836
4790,936,62.7,6273
4790,229,39.9,3986
4790,219,54.5,5447
4790,3694,48.7,4872
4790,946,36.5,3645
4790,203,73.1,7307
4790,295,34.2,3422
4790,1206,58.6,5864
4790,1127,71.5,7154
4790,4789,59.0,5897
4790,1114,52.0,5202
4790,247,52.3,5230
4790,184,41.7,4174
4790,4170,88.4,8844
4790,18,64.8,6477
4790,1209,79.7,7966
4790,1059,53.5,5353
4790,277,66.0,6595
4790,4644,45.0,4504
4790,259,47.6,4760
4790,972,38.4,3842
4790,1548,63.5,6354
4790,984,38.7,3874
4790,198,45.9,4585
4790,4489,54.6,5463
4790,1514,66.7,6669
4790,4705,67.2,6725
4790,4795,64.6,6459
4790,4527,68.4,6836
4790,961,44.9,4489
4790,227,62.7,6268
4790,257,36.4,3636
4790,273,39.3,3928
4790,1554,35.0,3500
4790,1175,44.6,4460
4790,205,61.2,6120
4790,4793,62.0,6205
4790,1183,60.1,6010
4790,996,65.7,6574
4790,80,47.6,4762
4790,4257,57.4,5739
4790,4799,66.3,6632
4790,4254,50.5,5052
4790,4431,41.4,4142
4790,1699,57.5,5751
4790,1066,59.6,5961
4790,289,34.5,3446
4790,2521,65.5,6547
4790,188,40.6,4059
4790,1078,46.9,4688
4790,999,70.8,7083
4790,1136,58.2,5825
4790,1490,53.5,5346
4790,297,45.3,4526
4790,1277,61.0,6100
4790,1005,46.1,4614
4790,975,51.6,5157
4790,950,54.2,5424
4790,1063,57.6,5763
4790,1075,43.5,4345
4790,1022,49.3,4934
4790,4833,65.9,6592
4790,4258,50.7,5068
4790,1019,55.9,5590
4790,1050,42.0,4200
4790,261,53.2,5323
4790,1520,44.8,4476
4790,269,62.5,6247
4790,1148,64.5,6451
4790,4383,46.4,4638
4790,223,59.8,5977
4790,1072,47.5,4750
4790,4728,48.9,4887
4790,1037,47.7,4771
4790,209,67.3,6731
4790,285,45.9,4592
4790,211,47.4,4744
4790,964,51.7,5169
4790,1130,70.0,6996
4790,249,86.9,8686
4790,255,73.2,7321
4790,77,61.1,6110
4790,4832,67.5,6751
4790,192,68.7,6867
4790,1687,63.0,6297
4790,4256,47.5,4746
4790,942,49.9,4993
4790,1009,53.8,5378
4790,1535,35.5,3552
4790,1002,47.1,4706
4790,287,51.6,5163
4790,1172,61.5,6148
4790,1121,57.6,5758
4790,283,58.2,5825
4790,1025,63.7,6366
4790,967,62.2,6216
4790,241,49.2,4916
4790,1031,55.7,5569
4790,1084,59.9,5991
4790,271,62.3,6228
4790,2046,64.2,6417
4790,233,53.7,5373
4790,1041,33.4,3341
4790,215,58.9,5893
4790,1212,69.7,6966
4790,1157,68.7,6868
4790,1087,50.8,5083
4790,57,37.8,3780
4790,4788,50.8,5080
4790,4791,57.6,5764
277,275,21.7,2167
277,4706,34.5,3452
277,1145,53.8,5381
277,1180,46.4,4643
277,3299,44.7,4473
277,4536,43.2,4324
277,1307,48.0,4797
277,1491,61.1,6108
277,4516,20.8,2079
277,267,33.4,3338
277,1163,33.2,3322
277,1096,41.1,4109
277,1124,34.5,3447
277,213,39.2,3924
277,4798,47.8,4777
277,1482,33.5,3345
277,4362,21.4,2142
277,3478,28.9,2886
277,1047,19.0,1902
277,1154,38.1,3810
277,237,32.4,3243
277,1476,29.4,2944
277,1166,32.6,3256
277,936,46.6,4656
277,229,25.2,2521
277,219,38.3,3826
277,3694,32.9,3289
277,946,22.4,2244
277,203,58.1,5808
277,295,20.7,2069
277,1206,42.4,4236
277,1127,56.3,5628
277,4789,42.7,4270
277,1114,35.9,3593
277,247,36.2,3619
277,184,26.8,2678
277,4170,78.4,7842
277,18,48.7,4873
277,1209,66.2,6622
277,1059,37.4,3736
277,4790,34.0,3405
277,4644,29.6,2961
277,259,31.9,3188
277,972,24.0,2402
277,1548,47.4,4742
277,984,24.3,2429
277,198,30.3,3032
277,4489,38.4,3841
277,1514,50.8,5082
277,4705,51.4,5143
277,4795,48.5,4853
277,4527,52.7,5267
277,961,29.5,2948
277,227,46.5,4651
277,257,22.4,2237
277,273,24.7,2473
277,1554,21.3,2129
277,1175,29.2,2922
277,205,45.0,4497
277,4793,45.9,4585
277,1183,43.8,4384
277,996,49.8,4978
277,80,31.9,3190
277,4257,41.1,4111
277,4799,50.4,5041
277,4254,34.5,3453
277,4431,26.5,2651
277,1699,41.2,4124
277,1066,43.3,4334
277,289,20.9,2087
277,2521,49.5,4948
277,188,25.8,2581
277,1078,31.2,3123
277,999,55.5,5546
277,1136,42.0,4197
277,1490,37.3,3729
277,297,29.8,2981
277,1277,44.8,4477
277,1005,30.6,3057
277,975,35.5,3551
277,950,38.0,3804
277,1063,41.4,4135
277,1075,28.2,2823
277,1022,33.5,3345
277,4833,50.0,4997
277,4258,34.7,3468
277,1019,39.6,3964
277,1050,27.0,2700
277,261,37.1,3708
277,1520,29.4,2937
277,269,46.3,4629
277,1148,48.5,4845
277,4383,30.8,3079
277,223,43.5,4350
277,1072,31.8,3179
277,4728,33.0,3303
277,1037,32.0,3198
277,209,51.5,5149
277,285,30.4,3039
277,211,31.7,3174
277,964,35.6,3562
277,1130,54.5,5447
277,249,76.1,7607
277,255,58.2,5825
277,77,44.9,4487
277,4832,51.7,5172
277,192,53.0,5301
277,1687,46.8,4681
277,4256,31.8,3175
277,942,34.0,3399
277,1009,37.6,3760
277,1535,21.7,2170
277,1002,31.4,3139
277,287,35.6,3557
277,1172,45.3,4526
277,1121,41.3,4130
277,283,42.0,4197
277,1025,47.5,4755
277,967,46.0,4596
277,241,33.3,3328
277,1031,39.4,3944
277,1084,43.6,4365
277,271,46.1,4609
277,2046,48.1,4808
277,233,37.5,3755
277,1041,20.1,2006
277,215,42.7,4266
277,1212,54.1,5413
277,1157,53.0,5302
277,1087,34.8,3482
277,57,23.5,2352
277,4788,34.8,3479
277,4791,41.4,4136
4644,275,40.2,4021
4644,4706,55.5,5546
4644,1145,73.6,7361
4644,1180,67.2,6722
4644,3299,65.7,6566
4644,4536,64.3,6426
4644,1307,68.6,6861
4644,1491,79.3,7930
4644,4516,39.0,3904
4644,267,54.2,5423
4644,1163,54.1,5406
4644,1096,62.2,6219
4644,1124,55.4,5541
4644,213,60.4,6035
4644,4798,68.4,6843
4644,1482,54.3,5431
4644,4362,39.9,3989
4644,3478,49.1,4913
4644,1047,36.6,3664
4644,1154,59.2,5920
4644,237,53.2,5319
4644,1476,49.8,4981
4644,1166,53.3,5333
4644,936,67.3,6734
4644,229,44.7,4474
4644,219,59.4,5937
4644,3694,53.7,5369
4644,946,41.2,4122
4644,203,77.0,7702
4644,295,38.9,3891
4644,1206,63.4,6342
4644,1127,75.6,7561
4644,4789,63.7,6374
4644,1114,57.0,5696
4644,247,57.2,5723
4644,184,46.7,4666
4644,4170,90.7,9069
4644,18,69.3,6928
4644,1209,83.0,8300
4644,1059,58.5,5845
4644,4790,55.0,5496
4644,277,70.4,7039
4644,259,52.6,5257
4644,972,43.3,4326
4644,1548,68.1,6811
4644,984,43.6,4359
4644,198,50.8,5081
4644,4489,59.5,5952
4644,1514,71.1,7109
4644,4705,71.6,7162
4644,4795,69.1,6911
4644,4527,72.7,7266
4644,961,49.9,4985
4644,227,67.3,6729
4644,257,41.1,4113
4644,273,44.1,4414
4644,1554,39.7,3972
4644,1175,49.5,4955
4644,205,65.9,6588
4644,4793,66.7,6670
4644,1183,64.8,6483
4644,996,70.2,7020
4644,80,52.6,5260
4644,4257,62.2,6221
4644,4799,70.7,7074
4644,4254,55.5,5548
4644,4431,46.3,4633
4644,1699,62.3,6233
4644,1066,64.3,6435
4644,289,39.2,3916
4644,2521,69.9,6994
4644,188,45.5,4549
4644,1078,51.9,5185
4644,999,75.0,7496
4644,1136,63.0,6304
4644,1490,58.4,5838
4644,297,50.2,5023
4644,1277,65.7,6570
4644,1005,51.1,5111
4644,975,56.5,5652
4644,950,59.1,5915
4644,1063,62.4,6244
4644,1075,48.4,4839
4644,1022,54.3,5431
4644,4833,70.4,7037
4644,4258,55.6,5563
4644,1019,60.8,6076
4644,1050,46.9,4692
4644,261,58.2,5816
4644,1520,49.7,4972
4644,269,67.1,6709
4644,1148,69.0,6903
4644,4383,51.4,5135
4644,223,64.5,6451
4644,1072,52.5,5247
4644,4728,53.8,5384
4644,1037,52.7,5269
4644,209,71.7,7167
4644,285,50.9,5089
4644,211,52.4,5241
4644,964,56.6,5663
4644,1130,74.2,7415
4644,249,89.3,8933
4644,255,77.2,7715
4644,77,65.8,6579
4644,4832,71.9,7186
4644,192,73.0,7295
4644,1687,67.6,6757
4644,4256,52.4,5244
4644,942,54.9,5489
4644,1009,58.7,5869
4644,1535,40.3,4026
4644,1002,52.0,5203
4644,287,56.6,5658
4644,1172,66.2,6615
4644,1121,62.4,6239
4644,283,63.0,6305
4644,1025,68.2,6823
4644,967,66.8,6680
4644,241,54.1,5413
4644,1031,60.6,6056
4644,1084,64.6,6464
4644,271,66.9,6691
4644,2046,68.7,6871
4644,233,58.6,5865
4644,1041,38.1,3806
4644,215,63.7,6370
4644,1212,73.9,7387
4644,1157,73.0,7295
4644,1087,55.8,5579
4644,57,42.6,4262
4644,4788,55.8,5575
4644,4791,62.5,6245
259,275,37.7,3774
259,4706,52.9,5290
259,1145,71.5,7146
259,1180,64.9,6486
259,3299,63.3,6326
259,4536,61.8,6182
259,1307,66.3,6629
259,1491,77.4,7741
259,4516,36.6,3659
259,267,51.7,5166
259,1163,51.5,5149
259,1096,59.7,5971
259,1124,52.9,5285
259,213,57.9,5785
259,4798,66.1,6610
259,1482,51.8,5175
259,4362,37.4,3743
259,3478,46.6,4657
259,1047,34.2,3424
259,1154,56.7,5668
259,237,50.6,5062
259,1476,47.2,4724
259,1166,50.8,5076
259,936,65.0,6498
259,229,42.2,4220
259,219,56.9,5685
259,3694,51.1,5112
259,946,38.7,3873
259,203,75.0,7502
259,295,36.5,3646
259,1206,61.0,6097
259,1127,73.5,7354
259,4789,61.3,6130
259,1114,54.4,5442
259,247,54.7,5469
259,184,44.1,4411
259,4170,89.6,8957
259,18,67.0,6698
259,1209,81.3,8132
259,1059,55.9,5592
259,4790,52.4,5240
259,277,68.1,6812
259,4644,47.4,4743
259,972,40.7,4074
259,1548,65.8,6578
259,984,41.1,4106
259,198,48.2,4824
259,4489,57.0,5701
259,1514,68.8,6885
259,4705,69.4,6940
259,4795,66.8,6680
259,4527,70.5,7047
259,961,47.3,4728
259,227,64.9,6493
259,257,38.6,3864
259,273,41.6,4161
259,1554,37.2,3725
259,1175,47.0,4698
259,205,63.5,6349
259,4793,64.3,6432
259,1183,62.4,6240
259,996,67.9,6792
259,80,50.0,5003
259,4257,59.7,5973
259,4799,68.5,6849
259,4254,52.9,5292
259,4431,43.8,4378
259,1699,59.9,5986
259,1066,61.9,6192
259,289,36.7,3671
259,2521,67.7,6766
259,188,42.9,4294
259,1078,49.3,4928
259,999,72.9,7286
259,1136,60.6,6058
259,1490,55.8,5584
259,297,47.7,4766
259,1277,63.3,6329
259,1005,48.5,4853
259,975,54.0,5397
259,950,56.6,5662
259,1063,60.0,5997
259,1075,45.8,4583
259,1022,51.7,5174
259,4833,68.1,6810
259,4258,53.1,5307
259,1019,58.3,5826
259,1050,44.4,4436
259,261,55.6,5562
259,1520,47.1,4715
259,269,64.7,6473
259,1148,66.7,6673
259,4383,48.8,4878
259,223,62.1,6208
259,1072,49.9,4990
259,4728,51.3,5128
259,1037,50.1,5011
259,209,69.5,6945
259,285,48.3,4832
259,211,49.8,4984
259,964,54.1,5408
259,1130,72.0,7202
259,249,88.1,8810
259,255,75.2,7516
259,77,63.4,6339
259,4832,69.7,6965
259,192,70.8,7077
259,1687,65.2,6522
259,4256,49.9,4986
259,942,52.3,5233
259,1009,56.2,5617
259,1535,37.8,3779
259,1002,49.5,4946
259,287,54.0,5403
259,1172,63.8,6376
259,1121,59.9,5992
259,283,60.6,6059
259,1025,65.9,6590
259,967,64.4,6442
259,241,51.6,5156
259,1031,58.1,5806
259,1084,62.2,6222
259,271,64.5,6454
259,2046,66.4,6639
259,233,56.1,5612
259,1041,35.6,3563
259,215,61.3,6126
259,1212,71.7,7173
259,1157,70.8,7078
259,1087,53.2,5323
259,57,40.1,4011
259,4788,53.2,5319
259,4791,60.0,5998
972,275,46.9,4689
972,4706,62.1,6206
972,1145,78.8,7885
972,1180,73.1,7310
972,3299,71.7,7167
972,4536,70.4,7037
972,1307,74.4,7437
972,1491,83.8,8381
972,4516,45.7,4569
972,267,60.9,6087
972,1163,60.7,6071
972,1096,68.5,6845
972,1124,62.0,6202
972,213,66.7,6673
972,4798,74.2,7420
972,1482,61.0,6095
972,4362,46.6,4656
972,3478,55.9,5589
972,1047,43.2,4319
972,1154,65.6,6564
972,237,59.9,5986
972,1476,56.5,5655
972,1166,60.0,6001
972,936,73.2,7321
972,229,51.5,5150
972,219,65.8,6580
972,3694,60.4,6035
972,946,47.9,4793
972,203,81.8,8184
972,295,45.5,4555
972,1206,69.6,6959
972,1127,80.6,8061
972,4789,69.9,6990
972,1114,63.5,6351
972,247,63.8,6377
972,184,53.4,5343
972,4170,93.2,9321
972,18,75.0,7497
972,1209,87.0,8695
972,1059,64.9,6492
972,4790,61.6,6158
972,277,76.0,7598
972,4644,56.7,5674
972,259,59.3,5926
972,1548,73.9,7392
972,984,50.3,5034
972,198,57.5,5755
972,4489,65.9,6594
972,1514,76.6,7661
972,4705,77.1,7708
972,4795,74.8,7482
972,4527,78.0,7801
972,961,56.6,5660
972,227,73.2,7317
972,257,47.8,4783
972,273,50.9,5090
972,1554,46.4,4638
972,1175,56.3,5630
972,205,71.9,7187
972,4793,72.6,7262
972,1183,70.9,7090
972,996,75.8,7580
972,80,59.3,5929
972,4257,68.5,6847
972,4799,76.3,7629
972,4254,62.1,6208
972,4431,53.1,5310
972,1699,68.6,6858
972,1066,70.5,7046
972,289,45.8,4581
972,2521,75.6,7557
972,188,52.2,5225
972,1078,58.6,5856
972,999,80.0,8004
972,1136,69.2,6925
972,1490,64.8,6485
972,297,57.0,5697
972,1277,71.7,7170
972,1005,57.8,5783
972,975,63.1,6308
972,950,65.6,6559
972,1063,68.7,6868
972,1075,55.2,5516
972,1022,61.0,6095
972,4833,76.0,7595
972,4258,62.2,6223
972,1019,67.1,6711
972,1050,53.7,5369
972,261,64.6,6464
972,1520,56.5,5647
972,269,73.0,7298
972,1148,74.8,7475
972,4383,58.1,5807
972,223,70.6,7061
972,1072,59.2,5917
972,4728,60.5,6050
972,1037,59.4,5938
972,209,77.1,7713
972,285,57.6,5762
972,211,59.1,5911
972,964,63.2,6319
972,1130,79.3,7932
972,249,92.1,9213
972,255,82.0,8196
972,77,71.8,7178
972,4832,77.3,7730
972,192,78.3,7826
972,1687,73.4,7342
972,4256,59.1,5913
972,942,61.5,6152
972,1009,65.2,6516
972,1535,46.9,4694
972,1002,58.7,5874
972,287,63.1,6314
972,1172,72.1,7212
972,1121,68.6,6864
972,283,69.2,6925
972,1025,74.0,7402
972,967,72.7,7271
972,241,60.8,6078
972,1031,66.9,6692
972,1084,70.7,7073
972,271,72.8,7282
972,2046,74.5,7446
972,233,65.1,6511
972,1041,44.7,4467
972,215,69.9,6986
972,1212,79.1,7908
972,1157,78.3,7827
972,1087,62.4,6238
972,57,49.4,4935
972,4788,62.3,6234
972,4791,68.7,6869
1548,275,23.6,2362
1548,4706,36.9,3693
1548,1145,56.4,5638
1548,1180,49.0,4901
1548,3299,47.3,4730
1548,4536,45.8,4580
1548,1307,50.6,5056
1548,1491,63.5,6354
1548,4516,22.7,2269
1548,267,35.8,3577
1548,1163,35.6,3560
1548,1096,43.6,4363
1548,1124,36.9,3689
1548,213,41.8,4175
1548,4798,50.4,5036
1548,1482,35.9,3585
1548,4362,23.4,2336
1548,3478,31.1,3112
1548,1047,20.8,2083
1548,1154,40.6,4059
1548,237,34.8,3479
1548,1476,31.7,3171
1548,1166,34.9,3493
1548,936,49.1,4914
1548,229,27.3,2732
1548,219,40.8,4076
1548,3694,35.3,3526
1548,946,24.4,2443
1548,203,60.6,6059
1548,295,22.6,2259
1548,1206,44.9,4491
1548,1127,58.8,5882
1548,4789,45.2,4525
1548,1114,38.4,3838
1548,247,38.6,3865
1548,184,29.0,2896
1548,4170,80.3,8027
1548,18,51.3,5131
1548,1209,68.5,6855
1548,1059,39.8,3984
1548,4790,36.5,3646
1548,277,52.6,5258
1548,4644,31.9,3189
1548,259,34.2,3422
1548,972,26.1,2608
1548,984,26.4,2636
1548,198,32.6,3262
1548,4489,40.9,4091
1548,1514,53.4,5340
1548,4705,54.0,5401
1548,4795,51.1,5112
1548,4527,55.2,5524
1548,961,31.8,3176
1548,227,49.1,4909
1548,257,24.4,2435
1548,273,26.8,2682
1548,1554,23.2,2322
1548,1175,31.5,3149
1548,205,47.5,4754
1548,4793,48.4,4843
1548,1183,46.4,4640
1548,996,52.4,5236
1548,80,34.2,3425
1548,4257,43.6,4365
1548,4799,53.0,5299
1548,4254,37.0,3695
1548,4431,28.7,2867
1548,1699,43.8,4378
1548,1066,45.9,4590
1548,289,22.8,2278
1548,2521,52.1,5207
1548,188,27.9,2795
1548,1078,33.6,3356
1548,999,58.0,5801
1548,1136,44.5,4452
1548,1490,39.8,3977
1548,297,32.1,3209
1548,1277,47.3,4734
1548,1005,32.9,3288
1548,975,38.0,3795
1548,950,40.5,4053
1548,1063,43.9,4389
1548,1075,30.5,3046
1548,1022,35.8,3584
1548,4833,52.5,5255
1548,4258,37.1,3710
1548,1019,42.2,4216
1548,1050,29.2,2918
1548,261,39.5,3955
1548,1520,31.6,3164
1548,269,48.9,4887
1548,1148,51.0,5104
1548,4383,33.1,3311
1548,223,46.1,4607
1548,1072,34.1,3413
1548,4728,35.4,3541
1548,1037,34.3,3433
1548,209,54.1,5407
1548,285,32.7,3269
1548,211,34.1,3408
1548,964,38.1,3806
1548,1130,57.0,5703
1548,249,78.0,7804
1548,255,60.8,6076
1548,77,47.4,4744
1548,4832,54.3,5430
1548,192,55.6,5558
1548,1687,49.4,4939
1548,4256,34.1,3410
1548,942,36.4,3639
1548,1009,40.1,4008
1548,1535,23.6,2365
1548,1002,33.7,3373
1548,287,38.0,3801
1548,1172,47.8,4783
1548,1121,43.8,4384
1548,283,44.5,4452
1548,1025,50.1,5013
1548,967,48.5,4854
1548,241,35.7,3567
1548,1031,42.0,4196
1548,1084,46.2,4621
1548,271,48.7,4867
1548,2046,50.7,5067
1548,233,40.0,4004
1548,1041,21.9,2192
1548,215,45.2,4521
1548,1212,56.7,5669
1548,1157,55.6,5559
1548,1087,37.2,3725
1548,57,25.6,2556
1548,4788,37.2,3721
1548,4791,43.9,4390
984,275,46.6,4656
984,4706,61.7,6174
984,1145,78.6,7861
984,1180,72.8,7282
984,3299,71.4,7138
984,4536,70.1,7008
984,1307,74.1,7410
984,1491,83.6,8361
984,4516,45.4,4535
984,267,60.5,6055
984,1163,60.4,6038
984,1096,68.2,6815
984,1124,61.7,6170
984,213,66.4,6642
984,4798,73.9,7393
984,1482,60.6,6063
984,4362,46.2,4623
984,3478,55.6,5556
984,1047,42.9,4286
984,1154,65.3,6533
984,237,59.5,5954
984,1476,56.2,5622
984,1166,59.7,5968
984,936,72.9,7293
984,229,51.2,5117
984,219,65.5,6549
984,3694,60.0,6003
984,946,47.6,4759
984,203,81.6,8162
984,295,45.2,4522
984,1206,69.3,6930
984,1127,80.4,8038
984,4789,69.6,6960
984,1114,63.2,6319
984,247,63.5,6345
984,184,53.1,5309
984,4170,93.1,9310
984,18,74.7,7471
984,1209,86.8,8677
984,1059,64.6,6461
984,4790,61.3,6126
984,277,75.7,7571
984,4644,56.4,5641
984,259,58.9,5894
984,972,49.7,4966
984,1548,73.6,7364
984,198,57.2,5722
984,4489,65.6,6563
984,1514,76.3,7635
984,4705,76.8,7682
984,4795,74.5,7455
984,4527,77.8,7776
984,961,56.3,5627
984,227,72.9,7289
984,257,47.5,4750
984,273,50.6,5056
984,1554,46.0,4605
984,1175,56.0,5597
984,205,71.6,7159
984,4793,72.3,7234
984,1183,70.6,7061
984,996,75.5,7554
984,80,59.0,5896
984,4257,68.2,6817
984,4799,76.0,7603
984,4254,61.8,6176
984,4431,52.8,5277
984,1699,68.3,6828
984,1066,70.2,7017
984,289,45.5,4547
984,2521,75.3,7531
984,188,51.9,5192
984,1078,58.2,5823
984,999,79.8,7980
984,1136,69.0,6895
984,1490,64.5,6454
984,297,56.6,5664
984,1277,71.4,7142
984,1005,57.5,5750
984,975,62.8,6276
984,950,65.3,6528
984,1063,68.4,6839
984,1075,54.8,5482
984,1022,60.6,6063
984,4833,75.7,7569
984,4258,61.9,6191
984,1019,66.8,6680
984,1050,53.4,5336
984,261,64.3,6433
984,1520,56.1,5614
984,269,72.7,7270
984,1148,74.5,7448
984,4383,57.7,5774
984,223,70.3,7032
984,1072,58.8,5884
984,4728,60.2,6018
984,1037,59.0,5905
984,209,76.9,7687
984,285,57.3,5729
984,211,58.8,5878
984,964,62.9,6287
984,1130,79.1,7908
984,249,92.0,9201
984,255,81.7,8174
984,77,71.5,7150
984,4832,77.0,7704
984,192,78.0,7801
984,1687,73.1,7314
984,4256,58.8,5881
984,942,61.2,6119
984,1009,64.8,6485
984,1535,46.6,4661
984,1002,58.4,5841
984,287,62.8,6282
984,1172,71.8,7183
984,1121,68.3,6834
984,283,69.0,6895
984,1025,73.8,7375
984,967,72.4,7243
984,241,60.5,6045
984,1031,66.6,6662
984,1084,70.4,7044
984,271,72.5,7254
984,2046,74.2,7419
984,233,64.8,6480
984,1041,44.3,4434
984,215,69.6,6957
984,1212,78.8,7884
984,1157,78.0,7802
984,1087,62.1,6206
984,57,49.0,4902
984,4788,62.0,6202
984,4791,68.4,6839
198,275,39.4,3942
198,4706,54.6,5465
198,1145,72.9,7294
198,1180,66.5,6648
198,3299,64.9,6490
198,4536,63.5,6349
198,1307,67.9,6788
198,1491,78.7,7872
198,4516,38.3,3826
198,267,53.4,5342
198,1163,53.2,5324
198,1096,61.4,6141
198,1124,54.6,5460
198,213,59.6,5956
198,4798,67.7,6770
198,1482,53.5,5350
198,4362,39.1,3911
198,3478,48.3,4832
198,1047,35.9,3587
198,1154,58.4,5841
198,237,52.4,5237
198,1476,49.0,4899
198,1166,52.5,5252
198,936,66.6,6660
198,229,43.9,4393
198,219,58.6,5857
198,3694,52.9,5288
198,946,40.4,4043
198,203,76.4,7640
198,295,38.1,3813
198,1206,62.6,6265
198,1127,75.0,7497
198,4789,63.0,6297
198,1114,56.2,5616
198,247,56.4,5643
198,184,45.9,4585
198,4170,90.3,9035
198,18,68.6,6856
198,1209,82.5,8248
198,1059,57.6,5765
198,4790,54.1,5415
198,277,69.7,6968
198,4644,49.2,4919
198,259,51.8,5176
198,972,42.5,4245
198,1548,67.4,6738
198,984,42.8,4278
198,4489,58.7,5873
198,1514,70.4,7039
198,4705,70.9,7092
198,4795,68.4,6839
198,4527,72.0,7198
198,961,49.0,4904
198,227,66.5,6655
198,257,40.3,4034
198,273,43.3,4334
198,1554,38.9,3893
198,1175,48.7,4874
198,205,65.1,6513
198,4793,66.0,6595
198,1183,64.1,6407
198,996,69.5,6949
198,80,51.8,5178
198,4257,61.4,6143
198,4799,70.0,7004
198,4254,54.7,5467
198,4431,45.5,4552
198,1699,61.5,6155
198,1066,63.6,6359
198,289,38.4,3838
198,2521,69.2,6923
198,188,44.7,4468
198,1078,51.0,5103
198,999,74.3,7430
198,1136,62.3,6227
198,1490,57.6,5758
198,297,49.4,4941
198,1277,64.9,6494
198,1005,50.3,5029
198,975,55.7,5571
198,950,58.4,5835
198,1063,61.7,6166
198,1075,47.6,4758
198,1022,53.5,5350
198,4833,69.7,6966
198,4258,54.8,5482
198,1019,60.0,5997
198,1050,46.1,4611
198,261,57.4,5736
198,1520,48.9,4891
198,269,66.3,6635
198,1148,68.3,6831
198,4383,50.5,5054
198,223,63.8,6375
198,1072,51.7,5166
198,4728,53.0,5303
198,1037,51.9,5187
198,209,71.0,7098
198,285,50.1,5008
198,211,51.6,5160
198,964,55.8,5583
198,1130,73.5,7348
198,249,89.0,8895
198,255,76.5,7653
198,77,65.0,6503
198,4832,71.2,7117
198,192,72.3,7227
198,1687,66.8,6683
198,4256,51.6,5162
198,942,54.1,5408
198,1009,57.9,5790
198,1535,39.5,3947
198,1002,51.2,5122
198,287,55.8,5577
198,1172,65.4,6540
198,1121,61.6,6161
198,283,62.3,6227
198,1025,67.5,6750
198,967,66.0,6605
198,241,53.3,5332
198,1031,59.8,5977
198,1084,63.9,6388
198,271,66.2,6617
198,2046,68.0,6798
198,233,57.9,5785
198,1041,37.3,3729
198,215,62.9,6293
198,1212,73.2,7320
198,1157,72.3,7227
198,1087,55.0,5498
198,57,41.8,4182
198,4788,54.9,5494
198,4791,61.7,6167
4489,275,31.2,3125
4489,4706,45.9,4587
4489,1145,65.2,6519
4489,1180,58.1,5812
4489,3299,56.4,5644
4489,4536,55.0,5495
4489,1307,59.6,5963
4489,1491,71.8,7177
4489,4516,30.2,3018
4489,267,44.6,4464
4489,1163,44.5,4447
4489,1096,52.8,5277
4489,1124,45.8,4582
4489,213,50.9,5086
4489,4798,59.4,5944
4489,1482,44.7,4472
4489,4362,31.0,3096
4489,3478,39.6,3964
4489,1047,28.0,2801
4489,1154,49.7,4967
4489,237,43.6,4360
4489,1476,40.3,4029
4489,1166,43.8,4375
4489,936,58.2,5825
4489,229,35.5,3545
4489,219,49.8,4984
4489,3694,44.1,4410
4489,946,32.2,3218
4489,203,69.1,6909
4489,295,30.1,3006
4489,1206,54.1,5406
4489,1127,67.5,6747
4489,4789,54.4,5440
4489,1114,47.4,4739
4489,247,47.7,4766
4489,184,37.3,3727
4489,4170,86.0,8602
4489,18,60.4,6036
4489,1209,76.2,7621
4489,1059,48.9,4890
4489,4790,45.4,4537
4489,277,61.6,6159
4489,4644,40.5,4048
4489,259,43.0,4299
4489,972,34.1,3406
4489,1548,59.1,5909
4489,984,34.4,3437
4489,198,41.3,4127
4489,1514,62.4,6237
4489,4705,63.0,6295
4489,4795,60.2,6018
4489,4527,64.1,6412
4489,961,40.3,4033
4489,227,58.2,5820
4489,257,32.1,3209
4489,273,34.9,3489
4489,1554,30.8,3079
4489,1175,40.0,4004
4489,205,56.7,5668
4489,4793,57.5,5755
4489,1183,55.5,5555
4489,996,61.4,6137
4489,80,43.0,4302
4489,4257,52.8,5279
4489,4799,62.0,6198
4489,4254,45.9,4589
4489,4431,37.0,3695
4489,1699,52.9,5292
4489,1066,55.0,5505
4489,289,30.3,3029
4489,2521,61.1,6109
4489,188,36.1,3615
4489,1078,42.3,4228
4489,999,66.7,6672
4489,1136,53.7,5366
4489,1490,48.8,4882
4489,297,40.7,4070
4489,1277,56.5,5648
4489,1005,41.6,4156
4489,975,46.9,4694
4489,950,49.6,4961
4489,1063,53.0,5303
4489,1075,38.9,3892
4489,1022,44.7,4472
4489,4833,61.6,6156
4489,4258,46.0,4604
4489,1019,51.3,5128
4489,1050,37.5,3751
4489,261,48.6,4860
4489,1520,40.2,4021
4489,269,58.0,5798
4489,1148,60.1,6010
4489,4383,41.8,4180
4489,223,55.2,5521
4489,1072,42.9,4290
4489,4728,44.2,4425
4489,1037,43.1,4311
4489,209,63.0,6301
4489,285,41.4,4135
4489,211,42.8,4284
4489,964,47.0,4705
4489,1130,65.8,6580
4489,249,84.2,8421
4489,255,69.2,6925
4489,77,56.6,5658
4489,4832,63.2,6322
4489,192,64.4,6444
4489,1687,58.5,5850
4489,4256,42.9,4286
4489,942,45.3,4530
4489,1009,49.1,4915
4489,1535,31.3,3129
4489,1002,42.5,4246
4489,287,47.0,4699
4489,1172,57.0,5696
4489,1121,53.0,5298
4489,283,53.7,5367
4489,1025,59.2,5922
4489,967,57.7,5766
4489,241,44.5,4454
4489,1031,51.1,5107
4489,1084,55.4,5536
4489,271,57.8,5779
4489,2046,59.7,5974
4489,233,49.1,4910
4489,1041,29.3,2929
4489,215,54.4,5436
4489,1212,65.5,6548
4489,1157,64.5,6445
4489,1087,46.2,4620
4489,57,33.5,3347
4489,4788,46.2,4616
4489,4791,53.0,5304
1514,275,21.1,2107
1514,4706,33.8,3377
1514,1145,53.0,5300
1514,1180,45.6,4562
1514,3299,43.9,4392
1514,4536,42.4,4243
1514,1307,47.2,4716
1514,1491,60.3,6029
1514,4516,20.2,2021
1514,267,32.6,3264
1514,1163,32.5,3248
1514,1096,40.3,4030
1514,1124,33.7,3372
1514,213,38.5,3845
1514,4798,47.0,4696
1514,1482,32.7,3271
1514,4362,20.8,2083
1514,3478,28.2,2817
1514,1047,18.5,1847
1514,1154,37.3,3732
1514,237,31.7,3170
1514,1476,28.7,2874
1514,1166,31.8,3183
1514,936,45.8,4575
1514,229,24.6,2456
1514,219,37.5,3748
1514,3694,32.1,3215
1514,946,21.8,2183
1514,203,57.3,5728
1514,295,20.1,2011
1514,1206,41.6,4156
1514,1127,55.5,5548
1514,4789,41.9,4190
1514,1114,35.2,3517
1514,247,35.4,3543
1514,184,26.1,2611
1514,4170,77.8,7781
1514,18,47.9,4791
1514,1209,65.5,6547
1514,1059,36.6,3659
1514,4790,33.3,3331
1514,277,49.2,4918
1514,4644,28.9,2891
1514,259,31.1,3115
1514,972,23.4,2339
1514,1548,46.6,4660
1514,984,23.6,2365
1514,198,29.6,2961
1514,4489,37.6,3763
1514,4705,50.6,5062
1514,4795,47.7,4772
1514,4527,51.9,5185
1514,961,28.8,2878
1514,227,45.7,4570
1514,257,21.8,2176
1514,273,24.1,2409
1514,1554,20.7,2070
1514,1175,28.5,2853
1514,205,44.2,4416
1514,4793,45.0,4504
1514,1183,43.0,4303
1514,996,49.0,4896
1514,80,31.2,3117
1514,4257,40.3,4032
1514,4799,49.6,4959
1514,4254,33.8,3378
1514,4431,25.8,2584
1514,1699,40.4,4044
1514,1066,42.5,4254
1514,289,20.3,2029
1514,2521,48.7,4867
1514,188,25.2,2516
1514,1078,30.5,3051
1514,999,54.7,5466
1514,1136,41.2,4117
1514,1490,36.5,3652
1514,297,29.1,2910
1514,1277,44.0,4396
1514,1005,29.9,2986
1514,975,34.8,3475
1514,950,37.3,3727
1514,1063,40.5,4055
1514,1075,27.6,2755
1514,1022,32.7,3271
1514,4833,49.2,4916
1514,4258,33.9,3393
1514,1019,38.9,3886
1514,1050,26.3,2633
1514,261,36.3,3631
1514,1520,28.7,2867
1514,269,45.5,4547
1514,1148,47.6,4764
1514,4383,30.1,3008
1514,223,42.7,4270
1514,1072,31.1,3106
1514,4728,32.3,3229
1514,1037,31.2,3125
1514,209,50.7,5068
1514,285,29.7,2968
1514,211,31.0,3101
1514,964,34.9,3486
1514,1130,53.7,5366
1514,249,75.4,7543
1514,255,57.5,5745
1514,77,44.1,4406
1514,4832,50.9,5090
1514,192,52.2,5220
1514,1687,46.0,4600
1514,4256,31.0,3103
1514,942,33.2,3324
1514,1009,36.8,3683
1514,1535,21.1,2111
1514,1002,30.7,3067
1514,287,34.8,3481
1514,1172,44.5,4445
1514,1121,40.5,4050
1514,283,41.2,4117
1514,1025,46.7,4674
1514,967,45.1,4515
1514,241,32.5,3255
1514,1031,38.7,3866
1514,1084,42.8,4284
1514,271,45.3,4528
1514,2046,47.3,4727
1514,233,36.8,3678
1514,1041,19.5,1949
1514,215,41.9,4186
1514,1212,53.3,5331
1514,1157,52.2,5221
1514,1087,34.1,3407
1514,57,22.9,2290
1514,4788,34.0,3404
1514,4791,40.6,4056
4705,275,20.6,2063
4705,4706,33.2,3320
4705,1145,52.4,5238
4705,1180,45.0,4500
4705,3299,43.3,4331
4705,4536,41.8,4183
4705,1307,46.5,4654
4705,1491,59.7,5969
4705,4516,19.8,1977
4705,267,32.1,3208
4705,1163,31.9,3193
4705,1096,39.7,3970
4705,1124,33.2,3316
4705,213,37.9,3786
4705,4798,46.3,4634
4705,1482,32.2,3216
4705,4362,20.4,2039
4705,3478,27.6,2765
4705,1047,18.1,1806
4705,1154,36.7,3673
4705,237,31.1,3115
4705,1476,28.2,2822
4705,1166,31.3,3128
4705,936,45.1,4514
4705,229,24.1,2408
4705,219,36.9,3690
4705,3694,31.6,3160
4705,946,21.4,2138
4705,203,56.7,5667
4705,295,19.7,1968
4705,1206,41.0,4096
4705,1127,54.9,5486
4705,4789,41.3,4129
4705,1114,34.6,3460
4705,247,34.9,3485
4705,184,25.6,2561
4705,4170,77.3,7735
4705,18,47.3,4730
4705,1209,64.9,6489
4705,1059,36.0,3601
4705,4790,32.8,3275
4705,277,48.6,4857
4705,4644,28.4,2838
4705,259,30.6,3060
4705,972,22.9,2292
4705,1548,46.0,4599
4705,984,23.2,2318
4705,198,29.1,2908
4705,4489,37.0,3705
4705,1514,49.4,4938
4705,4795,47.1,4710
4705,4527,51.2,5124
4705,961,28.3,2826
4705,227,45.1,4508
4705,257,21.3,2131
4705,273,23.6,2361
4705,1554,20.3,2026
4705,1175,28.0,2800
4705,205,43.5,4355
4705,4793,44.4,4443
4705,1183,42.4,4243
4705,996,48.3,4834
4705,80,30.6,3063
4705,4257,39.7,3972
4705,4799,49.0,4898
4705,4254,33.2,3322
4705,4431,25.4,2535
4705,1699,39.8,3984
4705,1066,41.9,4193
4705,289,19.9,1986
4705,2521,48.0,4805
4705,188,24.7,2467
4705,1078,30.0,2997
4705,999,54.0,5404
4705,1136,40.6,4057
4705,1490,35.9,3594
4705,297,28.6,2857
4705,1277,43.4,4335
4705,1005,29.3,2933
4705,975,34.2,3418
4705,950,36.7,3668
4705,1063,40.0,3995
4705,1075,27.0,2703
4705,1022,32.1,3215
4705,4833,48.5,4854
4705,4258,33.4,3336
4705,1019,38.3,3826
4705,1050,25.8,2582
4705,261,35.7,3573
4705,1520,28.1,2814
4705,269,44.9,4486
4705,1148,47.0,4702
4705,4383,29.5,2954
4705,223,42.1,4209
4705,1072,30.5,3052
4705,4728,31.7,3173
4705,1037,30.7,3071
4705,209,50.1,5006
4705,285,29.1,2914
4705,211,30.5,3047
4705,964,34.3,3429
4705,1130,53.0,5304
4705,249,74.9,7494
4705,255,56.8,5684
4705,77,43.5,4345
4705,4832,50.3,5029
4705,192,51.6,5158
4705,1687,45.4,4539
4705,4256,30.5,3048
4705,942,32.7,3268
4705,1009,36.2,3625
4705,1535,20.7,2066
4705,1002,30.1,3013
4705,287,34.2,3424
4705,1172,43.8,4384
4705,1121,39.9,3990
4705,283,40.6,4057
4705,1025,46.1,4612
4705,967,44.5,4454
4705,241,32.0,3199
4705,1031,38.1,3807
4705,1084,42.2,4224
4705,271,44.7,4467
4705,2046,46.6,4665
4705,233,36.2,3620
4705,1041,19.1,1907
4705,215,41.2,4125
4705,1212,52.7,5270
4705,1157,51.6,5159
4705,1087,33.5,3351
4705,57,22.4,2243
4705,4788,33.5,3347
4705,4791,40.0,3996
4795,275,22.8,2276
4795,4706,35.9,3588
4795,1145,55.3,5527
4795,1180,47.9,4789
4795,3299,46.2,4618
4795,4536,44.7,4468
4795,1307,49.4,4944
4795,1491,62.5,6248
4795,4516,21.9,2185
4795,267,34.7,3472
4795,1163,34.6,3456
4795,1096,42.5,4253
4795,1124,35.8,3583
4795,213,40.6,4065
4795,4798,49.2,4924
4795,1482,34.8,3480
4795,4362,22.5,2251
4795,3478,30.1,3013
4795,1047,20.0,2004
4795,1154,39.5,3950
4795,237,33.8,3376
4795,1476,30.7,3072
4795,1166,33.9,3390
4795,936,48.0,4802
4795,229,26.4,2640
4795,219,39.7,3967
4795,3694,34.2,3423
4795,946,23.6,2355
4795,203,59.5,5951
4795,295,21.8,2175
4795,1206,43.8,4380
4795,1127,57.7,5773
4795,4789,44.1,4414
4795,1114,37.3,3731
4795,247,37.6,3758
4795,184,28.0,2800
4795,4170,79.5,7948
4795,18,50.2,5019
4795,1209,67.5,6755
4795,1059,38.8,3876
4795,4790,35.4,3541
4795,277,51.5,5147
4795,4644,30.9,3089
4795,259,33.2,3320
4795,972,25.2,2518
4795,1548,48.9,4888
4795,984,25.4,2545
4795,198,31.6,3161
4795,4489,39.8,3982
4795,1514,52.3,5228
4795,4705,52.9,5290
4795,4527,54.1,5413
4795,961,30.8,3076
4795,227,48.0,4797
4795,257,23.5,2348
4795,273,25.9,2591
4795,1554,22.4,2237
4795,1175,30.5,3050
4795,205,46.4,4643
4795,4793,47.3,4731
4795,1183,45.3,4529
4795,996,51.2,5124
4795,80,33.2,3322
4795,4257,42.5,4255
4795,4799,51.9,5187
4795,4254,35.9,3590
4795,4431,27.7,2773
4795,1699,42.7,4267
4795,1066,44.8,4479
4795,289,21.9,2194
4795,2521,51.0,5095
4795,188,27.0,2702
4795,1078,32.5,3254
4795,999,56.9,5691
4795,1136,43.4,4341
4795,1490,38.7,3869
4795,297,31.1,3109
4795,1277,46.2,4622
4795,1005,31.9,3187
4795,975,36.9,3689
4795,950,39.5,3945
4795,1063,42.8,4278
4795,1075,29.5,2949
4795,1022,34.8,3480
4795,4833,51.4,5144
4795,4258,36.0,3604
4795,1019,41.1,4106
4795,1050,28.2,2822
4795,261,38.5,3847
4795,1520,30.6,3065
4795,269,47.8,4775
4795,1148,49.9,4992
4795,4383,32.1,3209
4795,223,45.0,4495
4795,1072,33.1,3311
4795,4728,34.4,3437
4795,1037,33.3,3330
4795,209,53.0,5296
4795,285,31.7,3168
4795,211,33.1,3306
4795,964,37.0,3700
4795,1130,55.9,5592
4795,249,77.2,7720
4795,255,59.7,5968
4795,77,46.3,4632
4795,4832,53.2,5318
4795,192,54.5,5447
4795,1687,48.3,4828
4795,4256,33.1,3307
4795,942,35.4,3535
4795,1009,39.0,3900
4795,1535,22.8,2280
4795,1002,32.7,3271
4795,287,36.9,3694
4795,1172,46.7,4671
4795,1121,42.7,4273
4795,283,43.4,4341
4795,1025,49.0,4901
4795,967,47.4,4742
4795,241,34.6,3463
4795,1031,40.9,4086
4795,1084,45.1,4510
4795,271,47.5,4755
4795,2046,49.5,4955
4795,233,39.0,3895
4795,1041,21.1,2110
4795,215,44.1,4410
4795,1212,55.6,5558
4795,1157,54.5,5448
4795,1087,36.2,3619
4795,57,24.7,2467
4795,4788,36.2,3616
4795,4791,42.8,4279
4527,275,19.8,1975
4527,4706,32.1,3208
4527,1145,51.1,5115
4527,1180,43.8,4378
4527,3299,42.1,4209
4527,4536,40.6,4062
4527,1307,45.3,4531
4527,1491,58.5,5849
4527,4516,18.9,1892
4527,267,31.0,3098
4527,1163,30.8,3083
4527,1096,38.5,3851
4527,1124,32.0,3204
4527,213,36.7,3669
4527,4798,45.1,4511
4527,1482,31.1,3105
4527,4362,19.5,1953
4527,3478,26.6,2662
4527,1047,17.3,1726
4527,1154,35.6,3557
4527,237,30.1,3006
4527,1476,27.2,2718
4527,1166,30.2,3019
4527,936,43.9,4391
4527,229,23.1,2312
4527,219,35.7,3573
4527,3694,30.5,3051
4527,946,20.5,2049
4527,203,55.5,5545
4527,295,18.8,1883
4527,1206,39.8,3976
4527,1127,53.6,5363
4527,4789,40.1,4009
4527,1114,33.5,3346
4527,247,33.7,3371
4527,184,24.6,2462
4527,4170,76.4,7641
4527,18,46.1,4607
4527,1209,63.7,6374
4527,1059,34.9,3486
4527,4790,31.6,3164
4527,277,47.3,4733
4527,4644,27.3,2734
4527,259,29.5,2953
4527,972,22.0,2199
4527,1548,44.8,4476
4527,984,22.2,2224
4527,198,28.0,2802
4527,4489,35.9,3588
4527,1514,48.1,4815
4527,4705,48.8,4876
4527,4795,45.9,4587
4527,961,27.2,2722
4527,227,43.9,4386
4527,257,20.4,2042
4527,273,22.7,2267
4527,1554,19.4,1940
4527,1175,27.0,2697
4527,205,42.3,4233
4527,4793,43.2,4321
4527,1183,41.2,4122
4527,996,47.1,4711
4527,80,29.6,2955
4527,4257,38.5,3853
4527,4799,47.7,4774
4527,4254,32.1,3210
4527,4431,24.4,2436
4527,1699,38.6,3865
4527,1066,40.7,4072
4527,289,19.0,1900
4527,2521,46.8,4682
4527,188,23.7,2370
4527,1078,28.9,2890
4527,999,52.8,5281
4527,1136,39.4,3937
4527,1490,34.8,3479
4527,297,27.5,2753
4527,1277,42.1,4213
4527,1005,28.3,2827
4527,975,33.0,3305
4527,950,35.5,3552
4527,1063,38.8,3876
4527,1075,26.0,2602
4527,1022,31.1,3105
4527,4833,47.3,4730
4527,4258,32.2,3224
4527,1019,37.1,3709
4527,1050,24.8,2483
4527,261,34.6,3458
4527,1520,27.1,2711
4527,269,43.6,4364
4527,1148,45.8,4579
4527,4383,28.5,2848
4527,223,40.9,4089
4527,1072,29.4,2944
4527,4728,30.6,3064
4527,1037,29.6,2962
4527,209,48.8,4882
4527,285,28.1,2809
4527,211,29.4,2939
4527,964,33.2,3316
4527,1130,51.8,5181
4527,249,74.0,7395
4527,255,55.6,5562
4527,77,42.2,4223
4527,4832,49.0,4905
4527,192,50.3,5034
4527,1687,44.2,4416
4527,4256,29.4,2941
4527,942,31.6,3157
4527,1009,35.1,3509
4527,1535,19.8,1979
4527,1002,29.1,2906
4527,287,33.1,3311
4527,1172,42.6,4262
4527,1121,38.7,3871
4527,283,39.4,3938
4527,1025,44.9,4489
4527,967,43.3,4332
4527,241,30.9,3089
4527,1031,36.9,3689
4527,1084,41.0,4103
4527,271,43.5,4345
4527,2046,45.4,4542
4527,233,35.0,3504
4527,1041,18.2,1823
4527,215,40.0,4005
4527,1212,51.5,5146
4527,1157,50.4,5035
4527,1087,32.4,3238
4527,57,21.5,2152
4527,4788,32.4,3235
4527,4791,38.8,3877
961,275,40.4,4036
961,4706,55.6,5560
961,1145,73.7,7373
961,1180,67.3,6735
961,3299,65.8,6579
961,4536,64.4,6439
961,1307,68.7,6874
961,1491,79.4,7941
961,4516,39.2,3918
961,267,54.4,5437
961,1163,54.2,5420
961,1096,62.3,6233
961,1124,55.6,5556
961,213,60.5,6050
961,4798,68.6,6856
961,1482,54.5,5446
961,4362,40.0,4004
961,3478,49.3,4928
961,1047,36.8,3678
961,1154,59.3,5934
961,237,53.3,5333
961,1476,50.0,4995
961,1166,53.5,5348
961,936,67.5,6747
961,229,44.9,4489
961,219,59.5,5951
961,3694,53.8,5384
961,946,41.4,4137
961,203,77.1,7713
961,295,39.0,3905
961,1206,63.6,6356
961,1127,75.7,7573
961,4789,63.9,6388
961,1114,57.1,5711
961,247,57.4,5738
961,184,46.8,4681
961,4170,90.8,9075
961,18,69.4,6941
961,1209,83.1,8309
961,1059,58.6,5859
961,4790,55.1,5511
961,277,70.5,7052
961,4644,50.1,5015
961,259,52.7,5272
961,972,43.4,4340
961,1548,68.2,6824
961,984,43.7,4373
961,198,51.0,5096
961,4489,59.7,5967
961,1514,71.2,7122
961,4705,71.7,7174
961,4795,69.2,6924
961,4527,72.8,7278
961,227,67.4,6743
961,257,41.3,4127
961,273,44.3,4429
961,1554,39.9,3986
961,1175,49.7,4970
961,205,66.0,6602
961,4793,66.8,6683
961,1183,65.0,6496
961,996,70.3,7032
961,80,52.7,5274
961,4257,62.4,6235
961,4799,70.9,7087
961,4254,55.6,5562
961,4431,46.5,4648
961,1699,62.5,6247
961,1066,64.5,6449
961,289,39.3,3930
961,2521,70.1,7007
961,188,45.6,4563
961,1078,52.0,5200
961,999,75.1,7507
961,1136,63.2,6318
961,1490,58.5,5852
961,297,50.4,5038
961,1277,65.8,6583
961,1005,51.2,5125
961,975,56.7,5666
961,950,59.3,5929
961,1063,62.6,6258
961,1075,48.5,4854
961,1022,54.5,5445
961,4833,70.5,7049
961,4258,55.8,5578
961,1019,60.9,6090
961,1050,47.1,4707
961,261,58.3,5830
961,1520,49.9,4987
961,269,67.2,6722
961,1148,69.2,6916
961,4383,51.5,5150
961,223,64.7,6465
961,1072,52.6,5262
961,4728,54.0,5399
961,1037,52.8,5283
961,209,71.8,7180
961,285,51.0,5104
961,211,52.6,5256
961,964,56.8,5678
961,1130,74.3,7427
961,249,89.4,8940
961,255,77.3,7727
961,77,65.9,6592
961,4832,72.0,7199
961,192,73.1,7307
961,1687,67.7,6770
961,4256,52.6,5258
961,942,55.0,5504
961,1009,58.8,5884
961,1535,40.4,4040
961,1002,52.2,5218
961,287,56.7,5672
961,1172,66.3,6628
961,1121,62.5,6253
961,283,63.2,6318
961,1025,68.4,6836
961,967,66.9,6693
961,241,54.3,5427
961,1031,60.7,6070
961,1084,64.8,6478
961,271,67.0,6705
961,2046,68.8,6884
961,233,58.8,5879
961,1041,38.2,3820
961,215,63.8,6384
961,1212,74.0,7399
961,1157,73.1,7308
961,1087,55.9,5593
961,57,42.8,4276
961,4788,55.9,5590
961,4791,62.6,6259
227,275,24.3,2433
227,4706,37.8,3780
227,1145,57.3,5728
227,1180,49.9,4992
227,3299,48.2,4821
227,4536,46.7,4670
227,1307,51.5,5147
227,1491,64.4,6439
227,4516,23.4,2339
227,267,36.6,3662
227,1163,36.5,3646
227,1096,44.5,4453
227,1124,37.8,3775
227,213,42.6,4264
227,4798,51.3,5127
227,1482,36.7,3670
227,4362,24.1,2407
227,3478,31.9,3193
227,1047,21.5,2149
227,1154,41.5,4148
227,237,35.6,3564
227,1476,32.5,3253
227,1166,35.8,3578
227,936,50.0,5005
227,229,28.1,2809
227,219,41.6,4165
227,3694,36.1,3612
227,946,25.1,2515
227,203,61.5,6147
227,295,23.3,2328
227,1206,45.8,4582
227,1127,59.7,5971
227,4789,46.2,4616
227,1114,39.3,3926
227,247,39.5,3953
227,184,29.7,2974
227,4170,80.9,8090
227,18,52.2,5223
227,1209,69.4,6936
227,1059,40.7,4073
227,4790,37.3,3732
227,277,53.5,5349
227,4644,32.7,3271
227,259,35.1,3507
227,972,26.8,2683
227,1548,50.9,5091
227,984,27.1,2711
227,198,33.5,3345
227,4489,41.8,4180
227,1514,54.3,5430
227,4705,54.9,5492
227,4795,52.0,5203
227,4527,56.1,5614
227,961,32.6,3257
227,257,25.1,2507
227,273,27.6,2758
227,1554,23.9,2393
227,1175,32.3,3231
227,205,48.5,4845
227,4793,49.3,4934
227,1183,47.3,4731
227,996,53.3,5327
227,80,35.1,3509
227,4257,44.5,4455
227,4799,53.9,5390
227,4254,37.8,3782
227,4431,29.5,2946
227,1699,44.7,4468
227,1066,46.8,4681
227,289,23.5,2348
227,2521,53.0,5298
227,188,28.7,2873
227,1078,34.4,3440
227,999,58.9,5890
227,1136,45.4,4542
227,1490,40.6,4065
227,297,32.9,3291
227,1277,48.2,4825
227,1005,33.7,3371
227,975,38.8,3883
227,950,41.4,4142
227,1063,44.8,4479
227,1075,31.3,3127
227,1022,36.7,3670
227,4833,53.5,5346
227,4258,38.0,3797
227,1019,43.1,4306
227,1050,30.0,2997
227,261,40.4,4043
227,1520,32.5,3246
227,269,49.8,4978
227,1148,52.0,5195
227,4383,33.9,3394
227,223,47.0,4697
227,1072,35.0,3498
227,4728,36.3,3626
227,1037,35.2,3517
227,209,55.0,5498
227,285,33.5,3352
227,211,34.9,3492
227,964,38.9,3894
227,1130,57.9,5792
227,249,78.7,7871
227,255,61.6,6164
227,77,48.4,4835
227,4832,55.2,5520
227,192,56.5,5648
227,1687,50.3,5031
227,4256,34.9,3494
227,942,37.3,3726
227,1009,41.0,4097
227,1535,24.4,2437
227,1002,34.6,3456
227,287,38.9,3888
227,1172,48.7,4874
227,1121,44.7,4474
227,283,45.4,4542
227,1025,51.0,5104
227,967,49.5,4945
227,241,36.5,3653
227,1031,42.9,4285
227,1084,47.1,4712
227,271,49.6,4958
227,2046,51.6,5158
227,233,40.9,4092
227,1041,22.6,2261
227,215,46.1,4612
227,1212,57.6,5758
227,1157,56.5,5649
227,1087,38.1,3812
227,57,26.3,2630
227,4788,38.1,3808
227,4791,44.8,4480
257,275,49.1,4906
257,4706,64.1,6411
257,1145,80.4,8039
257,1180,74.9,7486
257,3299,73.5,7348
257,4536,72.2,7222
257,1307,76.1,7609
257,1491,85.1,8511
257,4516,47.9,4785
257,267,62.9,6294
257,1163,62.8,6278
257,1096,70.4,7036
257,1124,64.1,6407
257,213,68.7,6868
257,4798,75.9,7593
257,1482,63.0,6302
257,4362,48.7,4873
257,3478,58.0,5802
257,1047,45.3,4533
257,1154,67.6,6761
257,237,62.0,6195
257,1476,58.7,5868
257,1166,62.1,6209
257,936,75.0,7497
257,229,53.7,5366
257,219,67.8,6777
257,3694,62.4,6243
257,946,50.1,5010
257,203,83.2,8324
257,295,47.7,4771
257,1206,71.5,7147
257,1127,82.1,8207
257,4789,71.8,7176
257,1114,65.5,6553
257,247,65.8,6578
257,184,55.6,5558
257,4170,93.9,9390
257,18,76.7,7667
257,1209,88.1,8807
257,1059,66.9,6692
257,4790,63.6,6364
257,277,77.6,7763
257,4644,58.9,5887
257,259,61.4,6136
257,972,52.2,5217
257,1548,75.7,7565
257,984,52.5,5250
257,198,59.7,5966
257,4489,67.9,6791
257,1514,78.2,7824
257,4705,78.7,7869
257,4795,76.5,7652
257,4527,79.6,7958
257,961,58.7,5873
257,227,74.9,7493
257,273,53.1,5306
257,1554,48.5,4854
257,1175,58.4,5843
257,205,73.7,7368
257,4793,74.4,7440
257,1183,72.7,7274
257,996,77.5,7747
257,80,61.4,6138
257,4257,70.4,7037
257,4799,77.9,7794
257,4254,64.1,6413
257,4431,55.3,5526
257,1699,70.5,7049
257,1066,72.3,7231
257,289,48.0,4797
257,2521,77.2,7725
257,188,54.4,5441
257,1078,60.7,6066
257,999,81.5,8152
257,1136,71.1,7113
257,1490,66.8,6685
257,297,59.1,5909
257,1277,73.5,7351
257,1005,60.0,5995
257,975,65.1,6511
257,950,67.6,6756
257,1063,70.6,7058
257,1075,57.3,5730
257,1022,63.0,6302
257,4833,77.6,7761
257,4258,64.3,6428
257,1019,69.0,6905
257,1050,55.8,5584
257,261,66.6,6664
257,1520,58.6,5860
257,269,74.8,7475
257,1148,76.5,7646
257,4383,60.2,6018
257,223,72.5,7245
257,1072,61.3,6127
257,4728,62.6,6258
257,1037,61.5,6147
257,209,78.7,7874
257,285,59.7,5974
257,211,61.2,6121
257,964,65.2,6522
257,1130,80.8,8084
257,249,92.9,9290
257,255,83.3,8335
257,77,73.6,7359
257,4832,78.9,7890
257,192,79.8,7983
257,1687,75.2,7517
257,4256,61.2,6123
257,942,63.6,6358
257,1009,67.1,6714
257,1535,49.1,4911
257,1002,60.8,6084
257,287,65.2,6517
257,1172,73.9,7391
257,1121,70.5,7054
257,283,71.1,7113
257,1025,75.8,7575
257,967,74.5,7449
257,241,62.9,6285
257,1031,68.9,6887
257,1084,72.6,7257
257,271,74.6,7459
257,2046,76.2,7617
257,233,67.1,6710
257,1041,46.8,4683
257,215,71.7,7173
257,1212,80.6,8061
257,1157,79.8,7983
257,1087,64.4,6442
257,57,51.5,5152
257,4788,64.4,6439
257,4791,70.6,7059
273,275,46.0,4600
273,4706,61.2,6120
273,1145,78.2,7819
273,1180,72.3,7235
273,3299,70.9,7090
273,4536,69.6,6959
273,1307,73.6,7364
273,1491,83.3,8326
273,4516,44.8,4479
273,267,60.0,6001
273,1163,59.8,5984
273,1096,67.6,6764
273,1124,61.2,6116
273,213,65.9,6590
273,4798,73.5,7347
273,1482,60.1,6009
273,4362,45.7,4567
273,3478,55.0,5500
273,1047,42.3,4230
273,1154,64.8,6480
273,237,59.0,5899
273,1476,55.7,5567
273,1166,59.1,5913
273,936,72.5,7246
273,229,50.6,5060
273,219,65.0,6496
273,3694,59.5,5948
273,946,47.0,4703
273,203,81.2,8124
273,295,44.7,4466
273,1206,68.8,6880
273,1127,80.0,7999
273,4789,69.1,6911
273,1114,62.6,6265
273,247,62.9,6292
273,184,52.5,5253
273,4170,92.9,9291
273,18,74.2,7425
273,1209,86.5,8646
273,1059,64.1,6408
273,4790,60.7,6072
273,277,75.3,7527
273,4644,55.9,5586
273,259,58.4,5839
273,972,49.1,4910
273,1548,73.2,7318
273,984,49.4,4944
273,198,56.7,5666
273,4489,65.1,6511
273,1514,75.9,7591
273,4705,76.4,7639
273,4795,74.1,7409
273,4527,77.3,7733
273,961,55.7,5571
273,227,72.4,7242
273,257,46.9,4694
273,1554,45.5,4549
273,1175,55.4,5541
273,205,71.1,7111
273,4793,71.9,7187
273,1183,70.1,7012
273,996,75.1,7509
273,80,58.4,5841
273,4257,67.7,6766
273,4799,75.6,7559
273,4254,61.2,6122
273,4431,52.2,5220
273,1699,67.8,6778
273,1066,69.7,6968
273,289,44.9,4491
273,2521,74.9,7486
273,188,51.4,5135
273,1078,57.7,5768
273,999,79.4,7940
273,1136,68.5,6845
273,1490,64.0,6401
273,297,56.1,5608
273,1277,70.9,7093
273,1005,57.0,5695
273,975,62.2,6223
273,950,64.8,6475
273,1063,67.9,6788
273,1075,54.3,5426
273,1022,60.1,6008
273,4833,75.2,7525
273,4258,61.4,6137
273,1019,66.3,6629
273,1050,52.8,5279
273,261,63.8,6380
273,1520,55.6,5558
273,269,72.2,7223
273,1148,74.0,7403
273,4383,57.2,5719
273,223,69.8,6983
273,1072,58.3,5829
273,4728,59.6,5963
273,1037,58.5,5850
273,209,76.4,7644
273,285,56.7,5674
273,211,58.2,5823
273,964,62.3,6234
273,1130,78.7,7868
273,249,91.8,9180
273,255,81.4,8136
273,77,71.0,7102
273,4832,76.6,7661
273,192,77.6,7759
273,1687,72.7,7267
273,4256,58.2,5825
273,942,60.6,6065
273,1009,64.3,6432
273,1535,46.0,4605
273,1002,57.9,5786
273,287,62.3,6228
273,1172,71.3,7135
273,1121,67.8,6783
273,283,68.5,6845
273,1025,73.3,7329
273,967,72.0,7196
273,241,59.9,5991
273,1031,66.1,6610
273,1084,70.0,6995
273,271,72.1,7207
273,2046,73.7,7373
273,233,64.3,6427
273,1041,43.8,4378
273,215,69.1,6907
273,1212,78.4,7842
273,1157,77.6,7760
273,1087,61.5,6152
273,57,48.5,4845
273,4788,61.5,6148
273,4791,67.9,6789
1554,275,50.5,5051
1554,4706,65.5,6547
1554,1145,81.4,8138
1554,1180,76.0,7601
1554,3299,74.7,7466
1554,4536,73.4,7343
1554,1307,77.2,7720
1554,1491,85.9,8594
1554,4516,49.3,4930
1554,267,64.3,6431
1554,1163,64.2,6415
1554,1096,71.6,7161
1554,1124,65.4,6542
1554,213,70.0,6996
1554,4798,77.0,7705
1554,1482,64.4,6439
1554,4362,50.2,5018
1554,3478,59.4,5944
1554,1047,46.8,4678
1554,1154,68.9,6891
1554,237,63.3,6333
1554,1476,60.1,6010
1554,1166,63.5,6347
1554,936,76.1,7612
1554,229,55.1,5511
1554,219,69.1,6907
1554,3694,63.8,6381
1554,946,51.5,5155
1554,203,84.1,8414
1554,295,49.2,4916
1554,1206,72.7,7270
1554,1127,83.0,8301
1554,4789,73.0,7298
1554,1114,66.9,6686
1554,247,67.1,6711
1554,184,57.0,5702
1554,4170,94.3,9433
1554,18,77.8,7777
1554,1209,88.8,8878
1554,1059,68.2,6823
1554,4790,65.0,6500
1554,277,78.7,7871
1554,4644,60.3,6028
1554,259,62.8,6275
1554,972,53.6,5362
1554,1548,76.8,7678
1554,984,54.0,5395
1554,198,61.1,6107
1554,4489,69.2,6921
1554,1514,79.3,7930
1554,4705,79.7,7974
1554,4795,77.6,7763
1554,4527,80.6,8060
1554,961,60.1,6014
1554,227,76.1,7607
1554,257,51.5,5146
1554,273,54.5,5451
1554,1175,59.9,5985
1554,205,74.9,7486
1554,4793,75.6,7556
1554,1183,73.9,7393
1554,996,78.5,7855
1554,80,62.8,6277
1554,4257,71.6,7162
1554,4799,79.0,7901
1554,4254,65.5,6548
1554,4431,56.7,5670
1554,1699,71.7,7173
1554,1066,73.5,7352
1554,289,49.4,4942
1554,2521,78.3,7833
1554,188,55.9,5586
1554,1078,62.1,6206
1554,999,82.5,8248
1554,1136,72.4,7236
1554,1490,68.2,6816
1554,297,60.5,6050
1554,1277,74.7,7469
1554,1005,61.4,6135
1554,975,66.5,6645
1554,950,68.9,6886
1554,1063,71.8,7183
1554,1075,58.7,5872
1554,1022,64.4,6439
1554,4833,78.7,7869
1554,4258,65.6,6563
1554,1019,70.3,7032
1554,1050,57.3,5728
1554,261,68.0,6796
1554,1520,60.0,6002
1554,269,75.9,7590
1554,1148,77.6,7756
1554,4383,61.6,6159
1554,223,73.7,7366
1554,1072,62.7,6266
1554,4728,64.0,6395
1554,1037,62.9,6286
1554,209,79.8,7978
1554,285,61.1,6114
1554,211,62.6,6260
1554,964,66.6,6656
1554,1130,81.8,8182
1554,249,93.4,9338
1554,255,84.2,8425
1554,77,74.8,7477
1554,4832,79.9,7994
1554,192,80.8,8084
1554,1687,76.3,7631
1554,4256,62.6,6262
1554,942,64.9,6494
1554,1009,68.5,6845
1554,1535,50.6,5056
1554,1002,62.2,6223
1554,287,66.5,6651
1554,1172,75.1,7509
1554,1121,71.8,7179
1554,283,72.4,7237
1554,1025,76.9,7688
1554,967,75.7,7565
1554,241,64.2,6422
1554,1031,70.2,7015
1554,1084,73.8,7378
1554,271,75.8,7575
1554,2046,77.3,7729
1554,233,68.4,6841
1554,1041,48.3,4828
1554,215,73.0,7295
1554,1212,81.6,8159
1554,1157,80.8,8084
1554,1087,65.8,6577
1554,57,53.0,5298
1554,4788,65.7,6574
1554,4791,71.8,7184
1175,275,40.6,4065
1175,4706,55.9,5590
1175,1145,74.0,7398
1175,1180,67.6,6762
1175,3299,66.1,6607
1175,4536,64.7,6467
1175,1307,69.0,6901
1175,1491,79.6,7962
1175,4516,39.5,3947
1175,267,54.7,5467
1175,1163,54.5,5450
1175,1096,62.6,6261
1175,1124,55.9,5585
1175,213,60.8,6078
1175,4798,68.8,6883
1175,1482,54.8,5475
1175,4362,40.3,4033
1175,3478,49.6,4958
1175,1047,37.1,3706
1175,1154,59.6,5963
1175,237,53.6,5363
1175,1476,50.2,5025
1175,1166,53.8,5378
1175,936,67.7,6774
1175,229,45.2,4518
1175,219,59.8,5980
1175,3694,54.1,5414
1175,946,41.7,4166
1175,203,77.4,7736
1175,295,39.3,3934
1175,1206,63.8,6384
1175,1127,76.0,7596
1175,4789,64.2,6416
1175,1114,57.4,5740
1175,247,57.7,5767
1175,184,47.1,4711
1175,4170,90.9,9088
1175,18,69.7,6967
1175,1209,83.3,8328
1175,1059,58.9,5888
1175,4790,55.4,5540
1175,277,70.8,7078
1175,4644,50.5,5045
1175,259,53.0,5302
1175,972,43.7,4370
1175,1548,68.5,6851
1175,984,44.0,4403
1175,198,51.3,5126
1175,4489,60.0,5996
1175,1514,71.5,7147
1175,4705,72.0,7200
1175,4795,69.5,6950
1175,4527,73.0,7303
1175,961,50.3,5030
1175,227,67.7,6769
1175,257,41.6,4157
1175,273,44.6,4459
1175,1554,40.1,4015
1175,205,66.3,6629
1175,4793,67.1,6710
1175,1183,65.2,6524
1175,996,70.6,7058
1175,80,53.0,5304
1175,4257,62.6,6263
1175,4799,71.1,7113
1175,4254,55.9,5592
1175,4431,46.8,4678
1175,1699,62.8,6276
1175,1066,64.8,6477
1175,289,39.6,3959
1175,2521,70.3,7033
1175,188,45.9,4593
1175,1078,52.3,5229
1175,999,75.3,7531
1175,1136,63.5,6346
1175,1490,58.8,5881
1175,297,50.7,5067
1175,1277,66.1,6611
1175,1005,51.5,5155
1175,975,57.0,5696
1175,950,59.6,5958
1175,1063,62.9,6286
1175,1075,48.8,4884
1175,1022,54.8,5475
1175,4833,70.8,7075
1175,4258,56.1,5607
1175,1019,61.2,6119
1175,1050,47.4,4737
1175,261,58.6,5859
1175,1520,50.2,5017
1175,269,67.5,6749
1175,1148,69.4,6943
1175,4383,51.8,5180
1175,223,64.9,6492
1175,1072,52.9,5292
1175,4728,54.3,5429
1175,1037,53.1,5313
1175,209,72.0,7205
1175,285,51.3,5134
1175,211,52.9,5286
1175,964,57.1,5707
1175,1130,74.5,7451
1175,249,89.5,8953
1175,255,77.5,7749
1175,77,66.2,6619
1175,4832,72.2,7224
1175,192,73.3,7331
1175,1687,68.0,6797
1175,4256,52.9,5288
1175,942,55.3,5533
1175,1009,59.1,5913
1175,1535,40.7,4069
1175,1002,52.5,5248
1175,287,57.0,5702
1175,1172,66.5,6655
1175,1121,62.8,6282
1175,283,63.5,6347
1175,1025,68.6,6863
1175,967,67.2,6720
1175,241,54.6,5457
1175,1031,61.0,6099
1175,1084,65.1,6506
1175,271,67.3,6732
1175,2046,69.1,6910
1175,233,59.1,5908
1175,1041,38.5,3849
1175,215,64.1,6412
1175,1212,74.2,7423
1175,1157,73.3,7332
1175,1087,56.2,5623
1175,57,43.1,4306
1175,4788,56.2,5619
1175,4791,62.9,6287
205,275,25.6,2556
205,4706,39.3,3928
205,1145,58.8,5879
205,1180,51.5,5147
205,3299,49.8,4976
205,4536,48.2,4825
205,1307,53.0,5302
205,1491,65.8,6583
205,4516,24.6,2459
205,267,38.1,3809
205,1163,37.9,3793
205,1096,46.1,4607
205,1124,39.2,3924
205,213,44.2,4417
205,4798,52.8,5281
205,1482,38.2,3817
205,4362,25.3,2529
205,3478,33.3,3333
205,1047,22.6,2264
205,1154,43.0,4299
205,237,37.1,3710
205,1476,33.9,3394
205,1166,37.2,3724
205,936,51.6,5160
205,229,29.4,2941
205,219,43.2,4316
205,3694,37.6,3758
205,946,26.4,2640
205,203,62.9,6294
205,295,24.5,2448
205,1206,47.4,4736
205,1127,61.2,6120
205,4789,47.7,4770
205,1114,40.8,4076
205,247,41.0,4103
205,184,31.1,3110
205,4170,81.9,8193
205,18,53.8,5377
205,1209,70.7,7071
205,1059,42.2,4224
205,4790,38.8,3880
205,277,55.0,5503
205,4644,34.1,3412
205,259,36.5,3651
205,972,28.1,2813
205,1548,52.5,5246
205,984,28.4,2841
205,198,34.9,3487
205,4489,43.3,4332
205,1514,55.8,5584
205,4705,56.5,5645
205,4795,53.6,5357
205,4527,57.7,5767
205,961,34.0,3398
205,227,51.5,5155
205,257,26.3,2632
205,273,28.9,2889
205,1554,25.1,2514
205,1175,33.7,3371
205,4793,50.9,5089
205,1183,48.9,4886
205,996,54.8,5481
205,80,36.5,3654
205,4257,46.1,4609
205,4799,55.4,5544
205,4254,39.3,3930
205,4431,30.8,3081
205,1699,46.2,4621
205,1066,48.4,4835
205,289,24.7,2469
205,2521,54.5,5452
205,188,30.1,3006
205,1078,35.8,3583
205,999,60.4,6041
205,1136,47.0,4696
205,1490,42.2,4216
205,297,34.3,3433
205,1277,49.8,4980
205,1005,35.1,3514
205,975,40.3,4032
205,950,42.9,4294
205,1063,46.3,4633
205,1075,32.6,3265
205,1022,38.2,3817
205,4833,55.0,5500
205,4258,39.5,3945
205,1019,44.6,4458
205,1050,31.3,3133
205,261,41.9,4194
205,1520,33.9,3386
205,269,51.3,5132
205,1148,53.5,5349
205,4383,35.4,3537
205,223,48.5,4852
205,1072,36.4,3642
205,4728,37.7,3772
205,1037,36.6,3662
205,209,56.5,5651
205,285,34.9,3494
205,211,36.4,3637
205,964,40.4,4043
205,1130,59.4,5943
205,249,79.8,7982
205,255,63.1,6311
205,77,49.9,4990
205,4832,56.7,5673
205,192,58.0,5800
205,1687,51.9,5185
205,4256,36.4,3639
205,942,38.7,3873
205,1009,42.5,4248
205,1535,25.6,2560
205,1002,36.0,3601
205,287,40.4,4038
205,1172,50.3,5029
205,1121,46.3,4628
205,283,47.0,4696
205,1025,52.6,5259
205,967,51.0,5100
205,241,38.0,3799
205,1031,44.4,4438
205,1084,48.7,4866
205,271,51.1,5113
205,2046,53.1,5312
205,233,42.4,4243
205,1041,23.8,2379
205,215,47.7,4766
205,1212,59.1,5910
205,1157,58.0,5801
205,1087,39.6,3960
205,57,27.6,2758
205,4788,39.6,3957
205,4791,46.3,4634
4793,275,24.9,2485
4793,4706,38.4,3843
4793,1145,57.9,5792
4793,1180,50.6,5058
4793,3299,48.9,4887
4793,4536,47.4,4736
4793,1307,52.1,5213
4793,1491,65.0,6501
4793,4516,23.9,2389
4793,267,37.2,3725
4793,1163,37.1,3708
4793,1096,45.2,4518
4793,1124,38.4,3838
4793,213,43.3,4329
4793,4798,51.9,5193
4793,1482,37.3,3733
4793,4362,24.6,2458
4793,3478,32.5,3252
4793,1047,22.0,2198
4793,1154,42.1,4212
4793,237,36.3,3626
4793,1476,33.1,3313
4793,1166,36.4,3640
4793,936,50.7,5071
4793,229,28.6,2865
4793,219,42.3,4229
4793,3694,36.7,3674
4793,946,25.7,2568
4793,203,62.1,6210
4793,295,23.8,2379
4793,1206,46.5,4647
4793,1127,60.4,6035
4793,4789,46.8,4681
4793,1114,39.9,3989
4793,247,40.2,4016
4793,184,30.3,3032
4793,4170,81.3,8134
4793,18,52.9,5288
4793,1209,69.9,6994
4793,1059,41.4,4137
4793,4790,38.0,3795
4793,277,54.1,5415
4793,4644,33.3,3330
4793,259,35.7,3568
4793,972,27.4,2738
4793,1548,51.6,5157
4793,984,27.7,2766
4793,198,34.0,3405
4793,4489,42.5,4245
4793,1514,55.0,5496
4793,4705,55.6,5557
4793,4795,52.7,5269
4793,4527,56.8,5679
4793,961,33.2,3317
4793,227,50.7,5066
4793,257,25.6,2560
4793,273,28.1,2813
4793,1554,24.4,2444
4793,1175,32.9,3290
4793,205,49.1,4911
4793,1183,48.0,4797
4793,996,53.9,5392
4793,80,35.7,3570
4793,4257,45.2,4520
4793,4799,54.5,5455
4793,4254,38.4,3844
4793,4431,30.0,3003
4793,1699,45.3,4533
4793,1066,47.5,4746
4793,289,24.0,2399
4793,2521,53.6,5363
4793,188,29.3,2929
4793,1078,35.0,3501
4793,999,59.5,5954
4793,1136,46.1,4607
4793,1490,41.3,4129
4793,297,33.5,3351
4793,1277,48.9,4891
4793,1005,34.3,3432
4793,975,39.5,3946
4793,950,42.1,4207
4793,1063,45.4,4544
4793,1075,31.9,3185
4793,1022,37.3,3732
4793,4833,54.1,5412
4793,4258,38.6,3859
4793,1019,43.7,4370
4793,1050,30.6,3055
4793,261,41.1,4107
4793,1520,33.0,3305
4793,269,50.4,5043
4793,1148,52.6,5260
4793,4383,34.5,3454
4793,223,47.6,4763
4793,1072,35.6,3559
4793,4728,36.9,3688
4793,1037,35.8,3579
4793,209,55.6,5563
4793,285,34.1,3412
4793,211,35.5,3553
4793,964,39.6,3957
4793,1130,58.6,5856
4793,249,79.2,7918
4793,255,62.3,6226
4793,77,49.0,4901
4793,4832,55.9,5585
4793,192,57.1,5713
4793,1687,51.0,5096
4793,4256,35.5,3555
4793,942,37.9,3788
4793,1009,41.6,4161
4793,1535,24.9,2488
4793,1002,35.2,3517
4793,287,39.5,3951
4793,1172,49.4,4940
4793,1121,45.4,4539
4793,283,46.1,4608
4793,1025,51.7,5170
4793,967,50.1,5011
4793,241,37.1,3715
4793,1031,43.5,4350
4793,1084,47.8,4778
4793,271,50.2,5024
4793,2046,52.2,5224
4793,233,41.6,4156
4793,1041,23.1,2310
4793,215,46.8,4677
4793,1212,58.2,5823
4793,1157,57.1,5714
4793,1087,38.8,3875
4793,57,26.8,2684
4793,4788,38.7,3871
4793,4791,45.5,4545
1183,275,26.5,2649
1183,4706,40.4,4039
1183,1145,59.9,5990
1183,1180,52.6,5261
1183,3299,50.9,5090
1183,4536,49.4,4939
1183,1307,54.1,5415
1183,1491,66.9,6687
1183,4516,25.5,2550
1183,267,39.2,3919
1183,1163,39.0,3902
1183,1096,47.2,4720
1183,1124,40.3,4034
1183,213,45.3,4530
1183,4798,54.0,5395
1183,1482,39.3,3927
1183,4362,26.2,2622
1183,3478,34.4,3437
1183,1047,23.5,2351
1183,1154,44.1,4412
1183,237,38.2,3818
1183,1476,35.0,3500
1183,1166,38.3,3833
1183,936,52.7,5274
1183,229,30.4,3040
1183,219,44.3,4429
1183,3694,38.7,3867
1183,946,27.4,2735
1183,203,64.0,6402
1183,295,25.4,2539
1183,1206,48.5,4850
1183,1127,62.3,6229
1183,4789,48.8,4884
1183,1114,41.9,4187
1183,247,42.1,4214
1183,184,32.1,3212
1183,4170,82.7,8268
1183,18,54.9,5490
1183,1209,71.7,7168
1183,1059,43.4,4336
1183,4790,39.9,3990
1183,277,56.2,5616
1183,4644,35.2,3517
1183,259,37.6,3760
1183,972,29.1,2910
1183,1548,53.6,5360
1183,984,29.4,2939
1183,198,35.9,3593
1183,4489,44.5,4445
1183,1514,57.0,5697
1183,4705,57.6,5757
1183,4795,54.7,5471
1183,4527,58.8,5878
1183,961,35.0,3504
1183,227,52.7,5269
1183,257,27.3,2726
1183,273,29.9,2988
1183,1554,26.1,2607
1183,1175,34.8,3476
1183,205,51.1,5114
1183,4793,52.0,5203
1183,996,55.9,5594
1183,80,37.6,3762
1183,4257,47.2,4722
1183,4799,56.6,5656
1183,4254,40.4,4040
1183,4431,31.8,3182
1183,1699,47.4,4735
1183,1066,49.5,4949
1183,289,25.6,2560
1183,2521,55.6,5565
1183,188,31.1,3106
1183,1078,36.9,3691
1183,999,61.5,6150
1183,1136,48.1,4810
1183,1490,43.3,4329
1183,297,35.4,3539
1183,1277,50.9,5094
1183,1005,36.2,3621
1183,975,41.4,4143
1183,950,44.1,4407
1183,1063,47.5,4747
1183,1075,33.7,3369
1183,1022,39.3,3926
1183,4833,56.1,5613
1183,4258,40.6,4056
1183,1019,45.7,4572
1183,1050,32.4,3235
1183,261,43.1,4306
1183,1520,34.9,3492
1183,269,52.5,5246
1183,1148,54.6,5463
1183,4383,36.4,3644
1183,223,49.7,4966
1183,1072,37.5,3750
1183,4728,38.8,3881
1183,1037,37.7,3770
1183,209,57.6,5763
1183,285,36.0,3601
1183,211,37.5,3745
1183,964,41.5,4154
1183,1130,60.5,6054
1183,249,80.6,8061
1183,255,64.2,6418
1183,77,51.0,5104
1183,4832,57.9,5785
1183,192,59.1,5912
1183,1687,53.0,5299
1183,4256,37.5,3747
1183,942,39.8,3983
1183,1009,43.6,4361
1183,1535,26.5,2653
1183,1002,37.1,3708
1183,287,41.5,4149
1183,1172,51.4,5143
1183,1121,47.4,4741
1183,283,48.1,4810
1183,1025,53.7,5373
1183,967,52.1,5214
1183,241,39.1,3909
1183,1031,45.5,4551
1183,1084,49.8,4981
1183,271,52.3,5227
1183,2046,54.3,5426
1183,233,43.6,4356
1183,1041,24.7,2468
1183,215,48.8,4880
1183,1212,60.2,6020
1183,1157,59.1,5913
1183,1087,40.7,4071
1183,57,28.6,2855
1183,4788,40.7,4067
1183,4791,47.5,4748
996,275,21.8,2183
996,4706,34.7,3472
996,1145,54.0,5404
996,1180,46.6,4665
996,3299,45.0,4495
996,4536,43.5,4346
996,1307,48.2,4820
996,1491,61.3,6129
996,4516,20.9,2095
996,267,33.6,3358
996,1163,33.4,3342
996,1096,41.3,4131
996,1124,34.7,3468
996,213,39.5,3945
996,4798,48.0,4800
996,1482,33.7,3366
996,4362,21.6,2159
996,3478,29.1,2906
996,1047,19.2,1917
996,1154,38.3,3831
996,237,32.6,3263
996,1476,29.6,2964
996,1166,32.8,3277
996,936,46.8,4678
996,229,25.4,2539
996,219,38.5,3847
996,3694,33.1,3309
996,946,22.6,2261
996,203,58.3,5830
996,295,20.9,2085
996,1206,42.6,4258
996,1127,56.5,5650
996,4789,42.9,4292
996,1114,36.1,3614
996,247,36.4,3640
996,184,27.0,2696
996,4170,78.6,7858
996,18,49.0,4895
996,1209,66.4,6642
996,1059,37.6,3757
996,4790,34.3,3426
996,277,50.2,5022
996,4644,29.8,2980
996,259,32.1,3208
996,972,24.2,2420
996,1548,47.6,4764
996,984,24.5,2446
996,198,30.5,3051
996,4489,38.6,3863
996,1514,51.0,5104
996,4705,51.7,5166
996,4795,48.8,4876
996,4527,52.9,5289
996,961,29.7,2968
996,227,46.7,4673
996,257,22.5,2253
996,273,24.9,2491
996,1554,21.4,2145
996,1175,29.4,2942
996,205,45.2,4519
996,4793,46.1,4608
996,1183,44.1,4406
996,80,32.1,3210
996,4257,41.3,4133
996,4799,50.6,5063
996,4254,34.7,3474
996,4431,26.7,2669
996,1699,41.5,4145
996,1066,43.6,4356
996,289,21.0,2103
996,2521,49.7,4971
996,188,26.0,2600
996,1078,31.4,3143
996,999,55.7,5569
996,1136,42.2,4219
996,1490,37.5,3750
996,297,30.0,3000
996,1277,45.0,4499
996,1005,30.8,3077
996,975,35.7,3572
996,950,38.3,3826
996,1063,41.6,4157
996,1075,28.4,2842
996,1022,33.7,3366
996,4833,50.2,5020
996,4258,34.9,3488
996,1019,39.9,3986
996,1050,27.2,2718
996,261,37.3,3729
996,1520,29.6,2956
996,269,46.5,4651
996,1148,48.7,4867
996,4383,31.0,3099
996,223,43.7,4372
996,1072,32.0,3199
996,4728,33.2,3323
996,1037,32.2,3218
996,209,51.7,5172
996,285,30.6,3058
996,211,31.9,3194
996,964,35.8,3583
996,1130,54.7,5469
996,249,76.2,7625
996,255,58.5,5847
996,77,45.1,4509
996,4832,51.9,5194
996,192,53.2,5323
996,1687,47.0,4704
996,4256,31.9,3195
996,942,34.2,3420
996,1009,37.8,3781
996,1535,21.9,2187
996,1002,31.6,3159
996,287,35.8,3578
996,1172,45.5,4548
996,1121,41.5,4152
996,283,42.2,4219
996,1025,47.8,4777
996,967,46.2,4619
996,241,33.5,3349
996,1031,39.7,3966
996,1084,43.9,4387
996,271,46.3,4631
996,2046,48.3,4831
996,233,37.8,3777
996,1041,20.2,2022
996,215,42.9,4288
996,1212,54.4,5435
996,1157,53.2,5324
996,1087,35.0,3503
996,57,23.7,2370
996,4788,35.0,3500
996,4791,41.6,4158
80,275,37.7,3772
80,4706,52.9,5288
80,1145,71.4,7144
80,1180,64.8,6484
80,3299,63.2,6323
80,4536,61.8,6180
80,1307,66.3,6627
80,1491,77.4,7739
80,4516,36.6,3657
80,267,51.6,5164
80,1163,51.5,5146
80,1096,59.7,5969
80,1124,52.8,5283
80,213,57.8,5782
80,4798,66.1,6608
80,1482,51.7,5172
80,4362,37.4,3740
80,3478,46.5,4654
80,1047,34.2,3422
80,1154,56.6,5665
80,237,50.6,5059
80,1476,47.2,4721
80,1166,50.7,5074
80,936,65.0,6496
80,229,42.2,4218
80,219,56.8,5682
80,3694,51.1,5110
80,946,38.7,3871
80,203,75.0,7500
80,295,36.4,3644
80,1206,60.9,6094
80,1127,73.5,7352
80,4789,61.3,6127
80,1114,54.4,5439
80,247,54.7,5467
80,184,44.1,4408
80,4170,89.6,8956
80,18,67.0,6696
80,1209,81.3,8130
80,1059,55.9,5589
80,4790,52.4,5238
80,277,68.1,6810
80,4644,47.4,4740
80,259,50.0,4997
80,972,40.7,4071
80,1548,65.8,6575
80,984,41.0,4104
80,198,48.2,4822
80,4489,57.0,5698
80,1514,68.8,6883
80,4705,69.4,6937
80,4795,66.8,6678
80,4527,70.5,7045
80,961,47.3,4726
80,227,64.9,6491
80,257,38.6,3862
80,273,41.6,4159
80,1554,37.2,3723
80,1175,47.0,4696
80,205,63.5,6346
80,4793,64.3,6430
80,1183,62.4,6238
80,996,67.9,6790
80,4257,59.7,5971
80,4799,68.5,6847
80,4254,52.9,5289
80,4431,43.8,4376
80,1699,59.8,5983
80,1066,61.9,6190
80,289,36.7,3668
80,2521,67.6,6764
80,188,42.9,4292
80,1078,49.2,4925
80,999,72.8,7284
80,1136,60.6,6056
80,1490,55.8,5582
80,297,47.6,4763
80,1277,63.3,6327
80,1005,48.5,4851
80,975,53.9,5394
80,950,56.6,5660
80,1063,60.0,5995
80,1075,45.8,4580
80,1022,51.7,5172
80,4833,68.1,6808
80,4258,53.0,5305
80,1019,58.2,5823
80,1050,44.3,4434
80,261,55.6,5560
80,1520,47.1,4713
80,269,64.7,6470
80,1148,66.7,6670
80,4383,48.8,4875
80,223,62.1,6206
80,1072,49.9,4988
80,4728,51.2,5125
80,1037,50.1,5009
80,209,69.4,6943
80,285,48.3,4830
80,211,49.8,4982
80,964,54.1,5406
80,1130,72.0,7200
80,249,88.1,8808
80,255,75.1,7514
80,77,63.4,6336
80,4832,69.6,6963
80,192,70.8,7075
80,1687,65.2,6519
80,4256,49.8,4984
80,942,52.3,5230
80,1009,56.1,5614
80,1535,37.8,3776
80,1002,49.4,4943
80,287,54.0,5400
80,1172,63.7,6373
80,1121,59.9,5990
80,283,60.6,6056
80,1025,65.9,6588
80,967,64.4,6440
80,241,51.5,5153
80,1031,58.0,5803
80,1084,62.2,6220
80,271,64.5,6452
80,2046,66.4,6637
80,233,56.1,5609
80,1041,35.6,3561
80,215,61.2,6123
80,1212,71.7,7171
80,1157,70.8,7076
80,1087,53.2,5321
80,57,40.1,4008
80,4788,53.2,5317
80,4791,60.0,5996
4257,275,28.8,2881
4257,4706,43.1,4310
4257,1145,62.6,6257
4257,1180,55.4,5537
4257,3299,53.7,5367
4257,4536,52.2,5217
4257,1307,56.9,5690
4257,1491,69.4,6936
4257,4516,27.8,2779
4257,267,41.9,4189
4257,1163,41.7,4172
4257,1096,50.0,4998
4257,1124,43.1,4306
4257,213,48.1,4807
4257,4798,56.7,5670
4257,1482,42.0,4197
4257,4362,28.5,2853
4257,3478,37.0,3697
4257,1047,25.7,2571
4257,1154,46.9,4688
4257,237,40.9,4086
4257,1476,37.6,3761
4257,1166,41.0,4101
4257,936,55.5,5550
4257,229,32.9,3288
4257,219,47.0,4705
4257,3694,41.4,4136
4257,946,29.7,2971
4257,203,66.6,6659
4257,295,27.7,2767
4257,1206,51.3,5127
4257,1127,64.9,6491
4257,4789,51.6,5162
4257,1114,44.6,4461
4257,247,44.9,4488
4257,184,34.6,3465
4257,4170,84.4,8440
4257,18,57.6,5765
4257,1209,74.0,7399
4257,1059,46.1,4611
4257,4790,42.6,4261
4257,277,58.9,5889
4257,4644,37.8,3779
4257,259,40.3,4027
4257,972,31.5,3153
4257,1548,56.4,5635
4257,984,31.8,3183
4257,198,38.6,3857
4257,4489,47.2,4721
4257,1514,59.7,5968
4257,4705,60.3,6028
4257,4795,57.5,5745
4257,4527,61.5,6147
4257,961,37.6,3765
4257,227,55.5,5545
4257,257,29.6,2963
4257,273,32.3,3234
4257,1554,28.4,2838
4257,1175,37.4,3737
4257,205,53.9,5391
4257,4793,54.8,5480
4257,1183,52.8,5278
4257,996,58.7,5867
4257,80,40.3,4029
4257,4799,59.3,5929
4257,4254,43.1,4312
4257,4431,34.4,3435
4257,1699,50.1,5013
4257,1066,52.3,5227
4257,289,27.9,2789
4257,2521,58.4,5839
4257,188,33.6,3356
4257,1078,39.6,3956
4257,999,64.1,6414
4257,1136,50.9,5088
4257,1490,46.0,4604
4257,297,38.0,3801
4257,1277,53.7,5371
4257,1005,38.9,3885
4257,975,44.2,4416
4257,950,46.8,4682
4257,1063,50.2,5024
4257,1075,36.3,3627
4257,1022,42.0,4196
4257,4833,58.9,5886
4257,4258,43.3,4328
4257,1019,48.5,4849
4257,1050,34.9,3489
4257,261,45.8,4581
4257,1520,37.5,3753
4257,269,55.2,5523
4257,1148,57.4,5737
4257,4383,39.1,3909
4257,223,52.4,5244
4257,1072,40.2,4017
4257,4728,41.5,4151
4257,1037,40.4,4038
4257,209,60.3,6034
4257,285,38.6,3864
4257,211,40.1,4011
4257,964,44.3,4428
4257,1130,63.2,6319
4257,249,82.5,8247
4257,255,66.8,6675
4257,77,53.8,5381
4257,4832,60.6,6056
4257,192,61.8,6180
4257,1687,55.8,5575
4257,4256,40.1,4013
4257,942,42.5,4254
4257,1009,46.4,4636
4257,1535,28.9,2886
4257,1002,39.7,3974
4257,287,44.2,4422
4257,1172,54.2,5420
4257,1121,50.2,5019
4257,283,50.9,5088
4257,1025,56.5,5648
4257,967,54.9,5491
4257,241,41.8,4179
4257,1031,48.3,4828
4257,1084,52.6,5258
4257,271,55.0,5504
4257,2046,57.0,5701
4257,233,46.3,4631
4257,1041,26.9,2693
4257,215,51.6,5158
4257,1212,62.9,6287
4257,1157,61.8,6181
4257,1087,43.4,4343
4257,57,31.0,3096
4257,4788,43.4,4340
4257,4791,50.2,5025
4799,275,21.4,2137
4799,4706,34.1,3414
4799,1145,53.4,5341
4799,1180,46.0,4602
4799,3299,44.3,4432
4799,4536,42.8,4283
4799,1307,47.6,4757
4799,1491,60.7,6068
4799,4516,20.5,2049
4799,267,33.0,3301
4799,1163,32.9,3285
4799,1096,40.7,4069
4799,1124,34.1,3410
4799,213,38.8,3884
4799,4798,47.4,4737
4799,1482,33.1,3308
4799,4362,21.1,2113
4799,3478,28.5,2851
4799,1047,18.8,1875
4799,1154,37.7,3771
4799,237,32.1,3206
4799,1476,29.1,2909
4799,1166,32.2,3220
4799,936,46.1,4615
4799,229,24.9,2488
4799,219,37.9,3787
4799,3694,32.5,3252
4799,946,22.1,2213
4799,203,57.7,5768
4799,295,20.4,2040
4799,1206,42.0,4196
4799,1127,55.9,5588
4799,4789,42.3,4230
4799,1114,35.5,3555
4799,247,35.8,3581
4799,184,26.4,2644
4799,4170,78.1,7812
4799,18,48.3,4832
4799,1209,65.8,6584
4799,1059,37.0,3697
4799,4790,33.7,3368
4799,277,49.6,4959
4799,4644,29.3,2926
4799,259,31.5,3151
4799,972,23.7,2371
4799,1548,47.0,4701
4799,984,24.0,2397
4799,198,30.0,2996
4799,4489,38.0,3802
4799,1514,50.4,5041
4799,4705,51.0,5102
4799,4795,48.1,4813
4799,4527,52.3,5226
4799,961,29.1,2913
4799,227,46.1,4610
4799,257,22.1,2206
4799,273,24.4,2441
4799,1554,21.0,2099
4799,1175,28.9,2887
4799,205,44.6,4456
4799,4793,45.5,4545
4799,1183,43.4,4344
4799,996,49.4,4937
4799,80,31.5,3153
4799,4257,40.7,4071
4799,4254,34.2,3416
4799,4431,26.2,2618
4799,1699,40.8,4084
4799,1066,42.9,4294
4799,289,20.6,2058
4799,2521,49.1,4908
4799,188,25.5,2548
4799,1078,30.9,3087
4799,999,55.1,5506
4799,1136,41.6,4157
4799,1490,36.9,3690
4799,297,29.4,2945
4799,1277,44.4,4436
4799,1005,30.2,3022
4799,975,35.1,3513
4799,950,37.6,3765
4799,1063,41.0,4095
4799,1075,27.9,2789
4799,1022,33.1,3308
4799,4833,49.6,4956
4799,4258,34.3,3430
4799,1019,39.2,3925
4799,1050,26.7,2666
4799,261,36.7,3669
4799,1520,29.0,2902
4799,269,45.9,4588
4799,1148,48.0,4804
4799,4383,30.4,3043
4799,223,43.1,4310
4799,1072,31.4,3142
4799,4728,32.7,3266
4799,1037,31.6,3161
4799,209,51.1,5109
4799,285,30.0,3003
4799,211,31.4,3137
4799,964,35.2,3524
4799,1130,54.1,5406
4799,249,75.8,7575
4799,255,57.9,5785
4799,77,44.5,4446
4799,4832,51.3,5131
4799,192,52.6,5260
4799,1687,46.4,4641
4799,4256,31.4,3139
4799,942,33.6,3362
4799,1009,37.2,3721
4799,1535,21.4,2140
4799,1002,31.0,3103
4799,287,35.2,3519
4799,1172,44.9,4485
4799,1121,40.9,4090
4799,283,41.6,4157
4799,1025,47.1,4714
4799,967,45.6,4556
4799,241,32.9,3291
4799,1031,39.0,3905
4799,1084,43.2,4324
4799,271,45.7,4569
4799,2046,47.7,4768
4799,233,37.2,3717
4799,1041,19.8,1977
4799,215,42.2,4225
4799,1212,53.7,5372
4799,1157,52.6,5261
4799,1087,34.5,3445
4799,57,23.2,2321
4799,4788,34.4,3441
4799,4791,41.0,4096
4254,275,35.0,3499
4254,4706,50.0,4998
4254,1145,68.9,6892
4254,1180,62.1,6211
4254,3299,60.5,6047
4254,4536,59.0,5900
4254,1307,63.6,6358
4254,1491,75.2,7515
4254,4516,33.9,3387
4254,267,48.7,4874
4254,1163,48.6,4857
4254,1096,56.9,5686
4254,1124,49.9,4993
4254,213,55.0,5497
4254,4798,63.4,6339
4254,1482,48.8,4883
4254,4362,34.7,3469
4254,3478,43.7,4367
4254,1047,31.6,3159
4254,1154,53.8,5378
4254,237,47.7,4770
4254,1476,44.3,4433
4254,1166,47.9,4785
4254,936,62.2,6224
4254,229,39.4,3936
4254,219,54.0,5396
4254,3694,48.2,4820
4254,946,36.0,3596
4254,203,72.6,7264
4254,295,33.8,3375
4254,1206,58.1,5813
4254,1127,71.1,7109
4254,4789,58.5,5847
4254,1114,51.5,5150
4254,247,51.8,5178
4254,184,41.2,4124
4254,4170,88.2,8819
4254,18,64.3,6429
4254,1209,79.3,7929
4254,1059,53.0,5302
4254,4790,49.5,4948
4254,277,65.5,6547
4254,4644,44.5,4452
4254,259,47.1,4708
4254,972,37.9,3792
4254,1548,63.0,6305
4254,984,38.2,3824
4254,198,45.3,4533
4254,4489,54.1,5411
4254,1514,66.2,6622
4254,4705,66.8,6678
4254,4795,64.1,6410
4254,4527,67.9,6790
4254,961,44.4,4438
4254,227,62.2,6218
4254,257,35.9,3587
4254,273,38.8,3878
4254,1554,34.5,3452
4254,1175,44.1,4408
4254,205,60.7,6070
4254,4793,61.6,6156
4254,1183,59.6,5960
4254,996,65.3,6526
4254,80,47.1,4711
4254,4257,56.9,5688
4254,4799,65.8,6584
4254,4431,40.9,4092
4254,1699,57.0,5701
4254,1066,59.1,5910
4254,289,34.0,3399
4254,2521,65.0,6499
4254,188,40.1,4009
4254,1078,46.4,4636
4254,999,70.4,7038
4254,1136,57.7,5774
4254,1490,52.9,5294
4254,297,44.8,4475
4254,1277,60.5,6051
4254,1005,45.6,4562
4254,975,51.1,5106
4254,950,53.7,5373
4254,1063,57.1,5712
4254,1075,42.9,4294
4254,1022,48.8,4882
4254,4833,65.4,6544
4254,4258,50.2,5016
4254,1019,55.4,5538
4254,1050,41.5,4149
4254,261,52.7,5272
4254,1520,44.2,4425
4254,269,62.0,6197
4254,1148,64.0,6403
4254,4383,45.9,4587
4254,223,59.3,5927
4254,1072,47.0,4698
4254,4728,48.4,4836
4254,1037,47.2,4720
4254,209,66.8,6684
4254,285,45.4,4541
4254,211,46.9,4693
4254,964,51.2,5117
4254,1130,69.5,6950
4254,249,86.6,8658
4254,255,72.8,7278
4254,77,60.6,6060
4254,4832,67.0,6704
4254,192,68.2,6821
4254,1687,62.5,6248
4254,4256,47.0,4695
4254,942,49.4,4941
4254,1009,53.3,5327
4254,1535,35.0,3504
4254,1002,46.5,4654
4254,287,51.1,5111
4254,1172,61.0,6098
4254,1121,57.1,5707
4254,283,57.7,5774
4254,1025,63.2,6318
4254,967,61.7,6166
4254,241,48.6,4864
4254,1031,55.2,5518
4254,1084,59.4,5941
4254,271,61.8,6179
4254,2046,63.7,6368
4254,233,53.2,5322
4254,1041,32.9,3294
4254,215,58.4,5843
4254,1212,69.2,6920
4254,1157,68.2,6822
4254,1087,50.3,5032
4254,57,37.3,3731
4254,4788,50.3,5028
4254,4791,57.1,5713
4431,275,43.8,4381
4431,4706,59.1,5907
4431,1145,76.5,7653
4431,1180,70.5,7047
4431,3299,69.0,6898
4431,4536,67.6,6763
4431,1307,71.8,7180
4431,1491,81.8,8183
4431,4516,42.6,4262
4431,267,57.9,5786
4431,1163,57.7,5769
4431,1096,65.6,6563
4431,1124,59.0,5902
4431,213,63.9,6385
4431,4798,71.6,7163
4431,1482,57.9,5794
4431,4362,43.5,4348
4431,3478,52.8,5280
4431,1047,40.1,4015
4431,1154,62.7,6273
4431,237,56.8,5683
4431,1476,53.5,5348
4431,1166,57.0,5697
4431,936,70.6,7059
4431,229,48.4,4840
4431,219,62.9,6289
4431,3694,57.3,5733
4431,946,44.8,4484
4431,203,79.7,7972
4431,295,42.5,4248
4431,1206,66.8,6682
4431,1127,78.4,7840
4431,4789,67.1,6713
4431,1114,60.5,6054
4431,247,60.8,6081
4431,184,50.3,5033
4431,4170,92.1,9213
4431,18,72.4,7244
4431,1209,85.2,8522
4431,1059,62.0,6200
4431,4790,58.6,5858
4431,277,73.5,7349
4431,4644,53.7,5367
4431,259,56.2,5622
4431,972,46.9,4690
4431,1548,71.3,7133
4431,984,47.2,4723
4431,198,54.5,5448
4431,4489,63.0,6305
4431,1514,74.2,7416
4431,4705,74.7,7465
4431,4795,72.3,7227
4431,4527,75.6,7564
4431,961,53.5,5352
4431,227,70.5,7054
4431,257,44.7,4474
4431,273,47.8,4780
4431,1554,43.3,4330
4431,1175,53.2,5322
4431,205,69.2,6919
4431,4793,70.0,6997
4431,1183,68.2,6818
4431,996,73.3,7331
4431,80,56.2,5624
4431,4257,65.7,6565
4431,4799,73.8,7382
4431,4254,59.1,5908
4431,1699,65.8,6577
4431,1066,67.7,6772
4431,289,42.7,4274
4431,2521,73.1,7307
4431,188,49.1,4915
4431,1078,55.5,5550
4431,999,77.8,7779
4431,1136,66.5,6646
4431,1490,61.9,6193
4431,297,53.9,5389
4431,1277,69.0,6901
4431,1005,54.8,5477
4431,975,60.1,6011
4431,950,62.7,6268
4431,1063,65.9,6588
4431,1075,52.1,5206
4431,1022,57.9,5794
4431,4833,73.5,7347
4431,4258,59.2,5924
4431,1019,64.2,6425
4431,1050,50.6,5059
4431,261,61.7,6171
4431,1520,53.4,5339
4431,269,70.3,7035
4431,1148,72.2,7220
4431,4383,55.0,5501
4431,223,67.9,6787
4431,1072,56.1,5612
4431,4728,57.5,5748
4431,1037,56.3,5633
4431,209,74.7,7470
4431,285,54.5,5455
4431,211,56.1,5606
4431,964,60.2,6022
4431,1130,77.0,7703
4431,249,90.9,9093
4431,255,79.8,7984
4431,77,69.1,6910
4431,4832,74.9,7488
4431,192,75.9,7590
4431,1687,70.8,7081
4431,4256,56.1,5609
4431,942,58.5,5851
4431,1009,62.2,6224
4431,1535,43.9,4386
4431,1002,55.7,5568
4431,287,60.2,6017
4431,1172,69.5,6945
4431,1121,65.8,6583
4431,283,66.5,6646
4431,1025,71.4,7144
4431,967,70.1,7007
4431,241,57.8,5776
4431,1031,64.1,6406
4431,1084,68.0,6800
4431,271,70.2,7018
4431,2046,71.9,7189
4431,233,62.2,6219
4431,1041,41.6,4161
4431,215,67.1,6710
4431,1212,76.8,7677
4431,1157,75.9,7591
4431,1087,59.4,5939
4431,57,46.3,4626
4431,4788,59.4,5936
4431,4791,65.9,6589
1699,275,28.7,2870
1699,4706,43.0,4298
1699,1145,62.5,6245
1699,1180,55.2,5524
1699,3299,53.5,5354
1699,4536,52.0,5204
1699,1307,56.8,5678
1699,1491,69.2,6924
1699,4516,27.7,2768
1699,267,41.8,4176
1699,1163,41.6,4159
1699,1096,49.9,4985
1699,1124,42.9,4293
1699,213,47.9,4794
1699,4798,56.6,5658
1699,1482,41.8,4184
1699,4362,28.4,2842
1699,3478,36.9,3685
1699,1047,25.6,2560
1699,1154,46.8,4675
1699,237,40.7,4074
1699,1476,37.5,3749
1699,1166,40.9,4088
1699,936,55.4,5538
1699,229,32.8,3276
1699,219,46.9,4692
1699,3694,41.2,4123
1699,946,29.6,2960
1699,203,66.5,6647
1699,295,27.6,2756
1699,1206,51.1,5115
1699,1127,64.8,6479
1699,4789,51.5,5149
1699,1114,44.5,4448
1699,247,44.8,4475
1699,184,34.5,3453
1699,4170,84.3,8432
1699,18,57.5,5752
1699,1209,73.9,7389
1699,1059,46.0,4599
1699,4790,42.5,4249
1699,277,58.8,5876
1699,4644,37.7,3767
1699,259,40.1,4014
1699,972,31.4,3142
1699,1548,56.2,5622
1699,984,31.7,3172
1699,198,38.5,3845
1699,4489,47.1,4708
1699,1514,59.6,5956
1699,4705,60.2,6016
1699,4795,57.3,5733
1699,4527,61.4,6135
1699,961,37.5,3753
1699,227,55.3,5532
1699,257,29.5,2951
1699,273,32.2,3222
1699,1554,28.3,2827
1699,1175,37.2,3724
1699,205,53.8,5379
1699,4793,54.7,5467
1699,1183,52.6,5265
1699,996,58.5,5855
1699,80,40.2,4017
1699,4257,49.9,4987
1699,4799,59.2,5916
1699,4254,43.0,4299
1699,4431,34.2,3423
1699,1066,52.1,5214
1699,289,27.8,2778
1699,2521,58.3,5826
1699,188,33.5,3345
1699,1078,39.4,3944
1699,999,64.0,6402
1699,1136,50.8,5075
1699,1490,45.9,4591
1699,297,37.9,3789
1699,1277,53.6,5358
1699,1005,38.7,3873
1699,975,44.0,4404
1699,950,46.7,4670
1699,1063,50.1,5011
1699,1075,36.1,3615
1699,1022,41.8,4184
1699,4833,58.7,5874
1699,4258,43.1,4315
1699,1019,48.4,4836
1699,1050,34.8,3477
1699,261,45.7,4569
1699,1520,37.4,3740
1699,269,55.1,5510
1699,1148,57.2,5725
1699,4383,39.0,3896
1699,223,52.3,5231
1699,1072,40.0,4005
1699,4728,41.4,4138
1699,1037,40.2,4025
1699,209,60.2,6022
1699,285,38.5,3852
1699,211,40.0,3999
1699,964,44.1,4415
1699,1130,63.1,6307
1699,249,82.4,8238
1699,255,66.6,6663
1699,77,53.7,5368
1699,4832,60.4,6043
1699,192,61.7,6168
1699,1687,55.6,5563
1699,4256,40.0,4001
1699,942,42.4,4242
1699,1009,46.2,4624
1699,1535,28.8,2875
1699,1002,39.6,3962
1699,287,44.1,4409
1699,1172,54.1,5407
1699,1121,50.1,5006
1699,283,50.8,5075
1699,1025,56.4,5636
1699,967,54.8,5478
1699,241,41.7,4166
1699,1031,48.1,4815
1699,1084,52.5,5245
1699,271,54.9,5491
1699,2046,56.9,5688
1699,233,46.2,4619
1699,1041,26.8,2683
1699,215,51.5,5145
1699,1212,62.7,6274
1699,1157,61.7,6169
1699,1087,43.3,4331
1699,57,30.8,3084
1699,4788,43.3,4327
1699,4791,50.1,5012
1066,275,26.9,2690
1066,4706,40.9,4088
1066,1145,60.4,6039
1066,1180,53.1,5311
1066,3299,51.4,5140
1066,4536,49.9,4990
1066,1307,54.7,5466
1066,1491,67.3,6733
1066,4516,25.9,2591
1066,267,39.7,3968
1066,1163,39.5,3951
1066,1096,47.7,4771
1066,1124,40.8,4083
1066,213,45.8,4580
1066,4798,54.5,5446
1066,1482,39.8,3976
1066,4362,26.6,2663
1066,3478,34.8,3484
1066,1047,23.9,2391
1066,1154,44.6,4462
1066,237,38.7,3867
1066,1476,35.5,3547
1066,1166,38.8,3881
1066,936,53.2,5325
1066,229,30.9,3085
1066,219,44.8,4479
1066,3694,39.2,3916
1066,946,27.8,2777
1066,203,64.5,6449
1066,295,25.8,2580
1066,1206,49.0,4900
1066,1127,62.8,6278
1066,4789,49.4,4935
1066,1114,42.4,4237
1066,247,42.6,4264
1066,184,32.6,3257
1066,4170,83.0,8300
1066,18,55.4,5540
1066,1209,72.1,7211
1066,1059,43.9,4386
1066,4790,40.4,4039
1066,277,56.7,5666
1066,4644,35.6,3565
1066,259,38.1,3808
1066,972,29.5,2954
1066,1548,54.1,5410
1066,984,29.8,2983
1066,198,36.4,3641
1066,4489,45.0,4495
1066,1514,57.5,5746
1066,4705,58.1,5807
1066,4795,55.2,5521
1066,4527,59.3,5928
1066,961,35.5,3551
1066,227,53.2,5319
1066,257,27.7,2769
1066,273,30.3,3032
1066,1554,26.5,2648
1066,1175,35.2,3523
1066,205,51.6,5165
1066,4793,52.5,5254
1066,1183,50.5,5051
1066,996,56.4,5644
1066,80,38.1,3810
1066,4257,47.7,4773
1066,4799,57.1,5706
1066,4254,40.9,4090
1066,4431,32.3,3228
1066,1699,47.9,4786
1066,289,26.0,2601
1066,2521,56.1,5615
1066,188,31.5,3151
1066,1078,37.4,3739
1066,999,62.0,6199
1066,1136,48.6,4861
1066,1490,43.8,4379
1066,297,35.9,3586
1066,1277,51.5,5145
1066,1005,36.7,3669
1066,975,41.9,4193
1066,950,44.6,4457
1066,1063,48.0,4797
1066,1075,34.2,3416
1066,1022,39.8,3975
1066,4833,56.6,5663
1066,4258,41.0,4105
1066,1019,46.2,4622
1066,1050,32.8,3281
1066,261,43.6,4356
1066,1520,35.4,3539
1066,269,53.0,5297
1066,1148,55.1,5513
1066,4383,36.9,3692
1066,223,50.2,5017
1066,1072,38.0,3798
1066,4728,39.3,3930
1066,1037,38.2,3819
1066,209,58.1,5813
1066,285,36.5,3648
1066,211,37.9,3793
1066,964,42.0,4204
1066,1130,61.0,6103
1066,249,81.0,8096
1066,255,64.7,6465
1066,77,51.5,5154
1066,4832,58.4,5835
1066,192,59.6,5961
1066,1687,53.5,5350
1066,4256,38.0,3795
1066,942,40.3,4032
1066,1009,44.1,4411
1066,1535,26.9,2694
1066,1002,37.6,3756
1066,287,42.0,4198
1066,1172,51.9,5194
1066,1121,47.9,4792
1066,283,48.6,4861
1066,1025,54.2,5423
1066,967,52.6,5265
1066,241,39.6,3958
1066,1031,46.0,4602
1066,1084,50.3,5031
1066,271,52.8,5278
1066,2046,54.8,5476
1066,233,44.1,4406
1066,1041,25.1,2509
1066,215,49.3,4931
1066,1212,60.7,6069
1066,1157,59.6,5962
1066,1087,41.2,4120
1066,57,29.0,2898
1066,4788,41.2,4117
1066,4791,48.0,4798
289,275,51.1,5109
289,4706,66.0,6600
289,1145,81.8,8177
289,1180,76.5,7646
289,3299,75.1,7512
289,4536,73.9,7391
289,1307,77.6,7764
289,1491,86.3,8626
289,4516,49.9,4988
289,267,64.8,6485
289,1163,64.7,6469
289,1096,72.1,7209
289,1124,66.0,6595
289,213,70.5,7046
289,4798,77.5,7749
289,1482,64.9,6493
289,4362,50.8,5076
289,3478,60.0,6000
289,1047,47.4,4736
289,1154,69.4,6942
289,237,63.9,6387
289,1476,60.7,6066
289,1166,64.0,6401
289,936,76.6,7656
289,229,55.7,5568
289,219,69.6,6957
289,3694,64.3,6435
289,946,52.1,5213
289,203,84.5,8449
289,295,49.7,4974
289,1206,73.2,7317
289,1127,83.4,8337
289,4789,73.5,7346
289,1114,67.4,6739
289,247,67.6,6763
289,184,57.6,5759
289,4170,94.5,9449
289,18,78.2,7820
289,1209,89.0,8905
289,1059,68.7,6874
289,4790,65.5,6554
289,277,79.1,7913
289,4644,60.8,6084
289,259,63.3,6329
289,972,54.2,5419
289,1548,77.2,7722
289,984,54.5,5453
289,198,61.6,6162
289,4489,69.7,6971
289,1514,79.7,7971
289,4705,80.1,8014
289,4795,78.1,7806
289,4527,81.0,8100
289,961,60.7,6070
289,227,76.5,7652
289,257,52.0,5203
289,273,55.1,5509
289,1554,50.6,5058
289,1175,60.4,6041
289,205,75.3,7531
289,4793,76.0,7601
289,1183,74.4,7440
289,996,79.0,7897
289,80,63.3,6332
289,4257,72.1,7211
289,4799,79.4,7942
289,4254,66.0,6601
289,4431,57.3,5726
289,1699,72.2,7222
289,1066,74.0,7399
289,2521,78.8,7875
289,188,56.4,5643
289,1078,62.6,6261
289,999,82.8,8285
289,1136,72.8,7284
289,1490,68.7,6868
289,297,61.1,6106
289,1277,75.2,7515
289,1005,61.9,6190
289,975,67.0,6698
289,950,69.4,6937
289,1063,72.3,7232
289,1075,59.3,5929
289,1022,64.9,6493
289,4833,79.1,7911
289,4258,66.2,6616
289,1019,70.8,7082
289,1050,57.8,5784
289,261,68.5,6848
289,1520,60.6,6057
289,269,76.3,7635
289,1148,78.0,7799
289,4383,62.1,6214
289,223,74.1,7413
289,1072,63.2,6320
289,4728,64.5,6449
289,1037,63.4,6340
289,209,80.2,8019
289,285,61.7,6170
289,211,63.1,6315
289,964,67.1,6708
289,1130,82.2,8220
289,249,93.6,9357
289,255,84.6,8459
289,77,75.2,7523
289,4832,80.3,8034
289,192,81.2,8123
289,1687,76.8,7676
289,4256,63.2,6317
289,942,65.5,6547
289,1009,69.0,6896
289,1535,51.1,5114
289,1002,62.8,6278
289,287,67.0,6703
289,1172,75.5,7554
289,1121,72.3,7227
289,283,72.8,7285
289,1025,77.3,7732
289,967,76.1,7610
289,241,64.8,6476
289,1031,70.7,7065
289,1084,74.2,7424
289,271,76.2,7620
289,2046,77.7,7772
289,233,68.9,6892
289,1041,48.9,4885
289,215,73.4,7342
289,1212,82.0,8198
289,1157,81.2,8123
289,1087,66.3,6630
289,57,53.5,5355
289,4788,66.3,6627
289,4791,72.3,7232
2521,275,22.1,2205
2521,4706,35.0,3499
2521,1145,54.3,5433
2521,1180,46.9,4694
2521,3299,45.2,4524
2521,4536,43.7,4374
2521,1307,48.5,4849
2521,1491,61.6,6157
2521,4516,21.2,2116
2521,267,33.9,3385
2521,1163,33.7,3369
2521,1096,41.6,4159
2521,1124,35.0,3495
2521,213,39.7,3973
2521,4798,48.3,4829
2521,1482,33.9,3393
2521,4362,21.8,2180
2521,3478,29.3,2931
2521,1047,19.4,1937
2521,1154,38.6,3859
2521,237,32.9,3290
2521,1476,29.9,2989
2521,1166,33.0,3303
2521,936,47.1,4707
2521,229,25.6,2562
2521,219,38.8,3875
2521,3694,33.4,3336
2521,946,22.8,2283
2521,203,58.6,5858
2521,295,21.1,2106
2521,1206,42.9,4286
2521,1127,56.8,5679
2521,4789,43.2,4320
2521,1114,36.4,3642
2521,247,36.7,3668
2521,184,27.2,2721
2521,4170,78.8,7879
2521,18,49.2,4924
2521,1209,66.7,6669
2521,1059,37.9,3785
2521,4790,34.5,3453
2521,277,50.5,5052
2521,4644,30.1,3006
2521,259,32.3,3234
2521,972,24.4,2443
2521,1548,47.9,4793
2521,984,24.7,2469
2521,198,30.8,3077
2521,4489,38.9,3891
2521,1514,51.3,5133
2521,4705,52.0,5195
2521,4795,49.0,4905
2521,4527,53.2,5318
2521,961,29.9,2993
2521,227,47.0,4702
2521,257,22.8,2275
2521,273,25.1,2514
2521,1554,21.7,2167
2521,1175,29.7,2967
2521,205,45.5,4548
2521,4793,46.4,4637
2521,1183,44.4,4435
2521,996,50.3,5029
2521,80,32.4,3236
2521,4257,41.6,4161
2521,4799,50.9,5092
2521,4254,35.0,3501
2521,4431,26.9,2693
2521,1699,41.7,4174
2521,1066,43.9,4385
2521,289,21.2,2125
2521,188,26.2,2623
2521,1078,31.7,3169
2521,999,56.0,5597
2521,1136,42.5,4247
2521,1490,37.8,3778
2521,297,30.3,3026
2521,1277,45.3,4528
2521,1005,31.0,3103
2521,975,36.0,3599
2521,950,38.5,3854
2521,1063,41.9,4185
2521,1075,28.7,2867
2521,1022,33.9,3392
2521,4833,50.5,5049
2521,4258,35.2,3516
2521,1019,40.1,4014
2521,1050,27.4,2743
2521,261,37.6,3757
2521,1520,29.8,2982
2521,269,46.8,4680
2521,1148,49.0,4897
2521,4383,31.2,3125
2521,223,44.0,4401
2521,1072,32.2,3225
2521,4728,33.5,3350
2521,1037,32.4,3244
2521,209,52.0,5201
2521,285,30.8,3084
2521,211,32.2,3220
2521,964,36.1,3610
2521,1130,55.0,5498
2521,249,76.5,7647
2521,255,58.8,5875
2521,77,45.4,4538
2521,4832,52.2,5223
2521,192,53.5,5352
2521,1687,47.3,4733
2521,4256,32.2,3222
2521,942,34.5,3446
2521,1009,38.1,3809
2521,1535,22.1,2208
2521,1002,31.9,3185
2521,287,36.0,3605
2521,1172,45.8,4577
2521,1121,41.8,4180
2521,283,42.5,4248
2521,1025,48.1,4806
2521,967,46.5,4648
2521,241,33.8,3376
2521,1031,39.9,3994
2521,1084,44.2,4416
2521,271,46.6,4661
2521,2046,48.6,4860
2521,233,38.0,3804
2521,1041,20.4,2042
2521,215,43.2,4316
2521,1212,54.6,5464
2521,1157,53.5,5353
2521,1087,35.3,3530
2521,57,23.9,2392
2521,4788,35.3,3527
2521,4791,41.9,4186
188,275,44.6,4465
188,4706,59.9,5990
188,1145,77.2,7718
188,1180,71.2,7121
188,3299,69.7,6972
188,4536,68.4,6839
188,1307,72.5,7252
188,1491,82.4,8239
188,4516,43.5,4345
188,267,58.7,5869
188,1163,58.5,5852
188,1096,66.4,6642
188,1124,59.9,5985
188,213,64.7,6465
188,4798,72.3,7235
188,1482,58.8,5877
188,4362,44.3,4433
188,3478,53.6,5365
188,1047,41.0,4098
188,1154,63.5,6354
188,237,57.7,5767
188,1476,54.3,5432
188,1166,57.8,5781
188,936,71.3,7132
188,229,49.2,4925
188,219,63.7,6370
188,3694,58.2,5816
188,946,45.7,4568
188,203,80.3,8031
188,295,43.3,4332
188,1206,67.6,6759
188,1127,79.0,7902
188,4789,67.9,6790
188,1114,61.4,6136
188,247,61.6,6163
188,184,51.2,5118
188,4170,92.4,9244
188,18,73.1,7314
188,1209,85.7,8571
188,1059,62.8,6281
188,4790,59.4,5941
188,277,74.2,7419
188,4644,54.5,5451
188,259,57.1,5706
188,972,47.8,4775
188,1548,72.0,7205
188,984,48.1,4808
188,198,55.3,5532
188,4489,63.9,6385
188,1514,74.8,7484
188,4705,75.3,7533
188,4795,73.0,7298
188,4527,76.3,7630
188,961,54.4,5437
188,227,71.3,7127
188,257,45.6,4559
188,273,48.6,4865
188,1554,44.1,4414
188,1175,54.1,5407
188,205,69.9,6994
188,4793,70.7,7071
188,1183,68.9,6894
188,996,74.0,7400
188,80,57.1,5708
188,4257,66.4,6644
188,4799,74.5,7452
188,4254,59.9,5991
188,4431,50.9,5085
188,1699,66.5,6655
188,1066,68.5,6849
188,289,43.6,4357
188,2521,73.8,7377
188,1078,56.4,5635
188,999,78.4,7842
188,1136,67.2,6723
188,1490,62.7,6274
188,297,54.7,5474
188,1277,69.8,6976
188,1005,55.6,5561
188,975,60.9,6093
188,950,63.5,6348
188,1063,66.7,6666
188,1075,52.9,5291
188,1022,58.8,5877
188,4833,74.2,7416
188,4258,60.1,6006
188,1019,65.0,6504
188,1050,51.4,5144
188,261,62.5,6252
188,1520,54.2,5424
188,269,71.1,7108
188,1148,72.9,7291
188,4383,55.9,5585
188,223,68.6,6863
188,1072,57.0,5696
188,4728,58.3,5831
188,1037,57.2,5717
188,209,75.4,7538
188,285,55.4,5540
188,211,56.9,5690
188,964,61.0,6104
188,1130,77.7,7768
188,249,91.3,9127
188,255,80.4,8044
188,77,69.8,6985
188,4832,75.6,7556
188,192,76.6,7656
188,1687,71.5,7154
188,4256,56.9,5693
188,942,59.3,5934
188,1009,63.0,6305
188,1535,44.7,4470
188,1002,56.5,5653
188,287,61.0,6099
188,1172,70.2,7019
188,1121,66.6,6661
188,283,67.2,6724
188,1025,72.2,7216
188,967,70.8,7080
188,241,58.6,5859
188,1031,64.8,6485
188,1084,68.8,6876
188,271,70.9,7092
188,2046,72.6,7261
188,233,63.0,6300
188,1041,42.5,4245
188,215,67.9,6786
188,1212,77.4,7742
188,1157,76.6,7657
188,1087,60.2,6022
188,57,47.1,4710
188,4788,60.2,6018
188,4791,66.7,6667
1078,275,38.4,3843
1078,4706,53.6,5362
1078,1145,72.1,7207
1078,1180,65.5,6553
1078,3299,63.9,6394
1078,4536,62.5,6251
1078,1307,67.0,6695
1078,1491,78.0,7795
1078,4516,37.3,3728
1078,267,52.4,5239
1078,1163,52.2,5221
1078,1096,60.4,6042
1078,1124,53.6,5357
1078,213,58.6,5856
1078,4798,66.8,6677
1078,1482,52.5,5247
1078,4362,38.1,3812
1078,3478,47.3,4729
1078,1047,34.9,3491
1078,1154,57.4,5739
1078,237,51.3,5134
1078,1476,48.0,4796
1078,1166,51.5,5149
1078,936,65.7,6565
1078,229,42.9,4291
1078,219,57.6,5756
1078,3694,51.9,5185
1078,946,39.4,3943
1078,203,75.6,7559
1078,295,37.1,3715
1078,1206,61.7,6166
1078,1127,74.1,7413
1078,4789,62.0,6199
1078,1114,55.1,5513
1078,247,55.4,5541
1078,184,44.8,4482
1078,4170,89.9,8990
1078,18,67.6,6763
1078,1209,81.8,8180
1078,1059,56.6,5663
1078,4790,53.1,5312
1078,277,68.8,6877
1078,4644,48.1,4815
1078,259,50.7,5072
1078,972,41.4,4144
1078,1548,66.4,6644
1078,984,41.8,4177
1078,198,49.0,4897
1078,4489,57.7,5772
1078,1514,69.5,6949
1078,4705,70.0,7003
1078,4795,67.5,6746
1078,4527,71.1,7110
1078,961,48.0,4800
1078,227,65.6,6560
1078,257,39.3,3934
1078,273,42.3,4232
1078,1554,37.9,3794
1078,1175,47.7,4771
1078,205,64.2,6417
1078,4793,65.0,6499
1078,1183,63.1,6309
1078,996,68.6,6857
1078,80,50.8,5075
1078,4257,60.4,6044
1078,4799,69.1,6913
1078,4254,53.6,5364
1078,4431,44.5,4450
1078,1699,60.6,6056
1078,1066,62.6,6261
1078,289,37.4,3739
1078,2521,68.3,6831
1078,188,43.6,4365
1078,999,73.5,7346
1078,1136,61.3,6128
1078,1490,56.6,5656
1078,297,48.4,4838
1078,1277,64.0,6398
1078,1005,49.3,4926
1078,975,54.7,5469
1078,950,57.3,5734
1078,1063,60.7,6067
1078,1075,46.5,4655
1078,1022,52.5,5247
1078,4833,68.7,6874
1078,4258,53.8,5380
1078,1019,59.0,5897
1078,1050,45.1,4508
1078,261,56.3,5634
1078,1520,47.9,4787
1078,269,65.4,6540
1078,1148,67.4,6738
1078,4383,49.5,4950
1078,223,62.8,6277
1078,1072,50.6,5063
1078,4728,52.0,5200
1078,1037,50.8,5084
1078,209,70.1,7008
1078,285,49.0,4904
1078,211,50.6,5057
1078,964,54.8,5480
1078,1130,72.6,7263
1078,249,88.5,8845
1078,255,75.7,7573
1078,77,64.1,6407
1078,4832,70.3,7028
1078,192,71.4,7139
1078,1687,65.9,6589
1078,4256,50.6,5059
1078,942,53.0,5305
1078,1009,56.9,5688
1078,1535,38.5,3848
1078,1002,50.2,5018
1078,287,54.8,5475
1078,1172,64.4,6444
1078,1121,60.6,6062
1078,283,61.3,6128
1078,1025,66.6,6656
1078,967,65.1,6510
1078,241,52.3,5228
1078,1031,58.8,5877
1078,1084,62.9,6291
1078,271,65.2,6522
1078,2046,67.0,6705
1078,233,56.8,5683
1078,1041,36.3,3631
1078,215,62.0,6195
1078,1212,72.3,7234
1078,1157,71.4,7140
1078,1087,54.0,5395
1078,57,40.8,4081
1078,4788,53.9,5392
1078,4791,60.7,6068
999,275,17.9,1785
999,4706,29.6,2960
999,1145,48.3,4834
999,1180,41.0,4102
999,3299,39.4,3936
999,4536,37.9,3791
999,1307,42.5,4254
999,1491,55.7,5572
999,4516,17.1,1707
999,267,28.5,2854
999,1163,28.4,2839
999,1096,35.8,3584
999,1124,29.6,2956
999,213,34.1,3407
999,4798,42.3,4234
999,1482,28.6,2861
999,4362,17.6,1764
999,3478,24.4,2436
999,1047,15.5,1552
999,1154,33.0,3298
999,237,27.6,2765
999,1476,24.9,2489
999,1166,27.8,2778
999,936,41.1,4115
999,229,21.0,2103
999,219,33.1,3314
999,3694,28.1,2808
999,946,18.5,1854
999,203,52.6,5265
999,295,17.0,1699
999,1206,37.1,3706
999,1127,50.8,5083
999,4789,37.4,3739
999,1114,30.9,3094
999,247,31.2,3118
999,184,22.5,2246
999,4170,74.2,7418
999,18,43.3,4328
999,1209,61.1,6106
999,1059,32.3,3229
999,4790,29.2,2917
999,277,44.5,4454
999,4644,25.0,2504
999,259,27.1,2714
999,972,20.0,1996
999,1548,42.0,4199
999,984,20.2,2020
999,198,25.7,2570
999,4489,33.3,3328
999,1514,45.3,4534
999,4705,46.0,4596
999,4795,43.1,4309
999,4527,47.2,4719
999,961,24.9,2493
999,227,41.1,4110
999,257,18.5,1848
999,273,20.6,2060
999,1554,17.5,1752
999,1175,24.7,2469
999,205,39.6,3959
999,4793,40.5,4046
999,1183,38.5,3850
999,996,44.3,4431
999,80,27.2,2716
999,4257,35.9,3586
999,4799,44.9,4494
999,4254,29.6,2962
999,4431,22.2,2221
999,1699,36.0,3598
999,1066,38.0,3801
999,289,17.1,1715
999,2521,44.0,4403
999,188,21.6,2158
999,1078,26.5,2654
999,1136,36.7,3669
999,1490,32.2,3222
999,297,25.2,2523
999,1277,39.4,3940
999,1005,25.9,2594
999,975,30.5,3054
999,950,32.9,3293
999,1063,36.1,3609
999,1075,23.8,2378
999,1022,28.6,2861
999,4833,44.5,4451
999,4258,29.8,2976
999,1019,34.5,3446
999,1050,22.6,2265
999,261,32.0,3202
999,1520,24.8,2482
999,269,40.9,4088
999,1148,43.0,4300
999,4383,26.1,2614
999,223,38.2,3817
999,1072,27.1,2706
999,4728,28.2,2821
999,1037,27.2,2724
999,209,46.0,4602
999,285,25.8,2576
999,211,27.0,2701
999,964,30.6,3064
999,1130,49.0,4900
999,249,71.6,7161
999,255,52.8,5282
999,77,39.5,3949
999,4832,46.2,4624
999,192,47.5,4753
999,1687,41.4,4140
999,4256,27.0,2703
999,942,29.1,2911
999,1009,32.5,3251
999,1535,17.9,1789
999,1002,26.7,2669
999,287,30.6,3059
999,1172,39.9,3987
999,1121,36.0,3604
999,283,36.7,3669
999,1025,42.1,4212
999,967,40.6,4056
999,241,28.4,2845
999,1031,34.3,3427
999,1084,38.3,3831
999,271,40.7,4069
999,2046,42.6,4264
999,233,32.5,3247
999,1041,16.4,1643
999,215,37.4,3735
999,1212,48.6,4865
999,1157,47.5,4754
999,1087,29.9,2989
999,57,19.5,1951
999,4788,29.9,2986
999,4791,36.1,3610
1136,275,28.1,2807
1136,4706,42.2,4224
1136,1145,61.7,6173
1136,1180,54.5,5450
1136,3299,52.8,5280
1136,4536,51.3,5129
1136,1307,56.0,5604
1136,1491,68.6,6858
1136,4516,27.1,2705
1136,267,41.0,4103
1136,1163,40.9,4086
1136,1096,49.1,4910
1136,1124,42.2,4220
1136,213,47.2,4719
1136,4798,55.8,5584
1136,1482,41.1,4111
1136,4362,27.8,2779
1136,3478,36.1,3614
1136,1047,25.0,2500
1136,1154,46.0,4601
1136,237,40.0,4001
1136,1476,36.8,3678
1136,1166,40.2,4016
1136,936,54.6,5463
1136,229,32.1,3209
1136,219,46.2,4618
1136,3694,40.5,4051
1136,946,28.9,2895
1136,203,65.8,6578
1136,295,26.9,2694
1136,1206,50.4,5040
1136,1127,64.1,6409
1136,4789,50.7,5074
1136,1114,43.7,4374
1136,247,44.0,4401
1136,184,33.8,3384
1136,4170,83.9,8387
1136,18,56.8,5678
1136,1209,73.3,7327
1136,1059,45.2,4524
1136,4790,41.8,4175
1136,277,58.0,5803
1136,4644,37.0,3696
1136,259,39.4,3942
1136,972,30.8,3075
1136,1548,55.5,5548
1136,984,31.1,3105
1136,198,37.7,3773
1136,4489,46.3,4634
1136,1514,58.8,5883
1136,4705,59.4,5943
1136,4795,56.6,5659
1136,4527,60.6,6063
1136,961,36.8,3682
1136,227,54.6,5458
1136,257,28.9,2887
1136,273,31.6,3155
1136,1554,27.6,2764
1136,1175,36.5,3654
1136,205,53.0,5304
1136,4793,53.9,5393
1136,1183,51.9,5190
1136,996,57.8,5781
1136,80,39.4,3944
1136,4257,49.1,4912
1136,4799,58.4,5843
1136,4254,42.3,4226
1136,4431,33.5,3354
1136,1699,49.2,4925
1136,1066,51.4,5139
1136,289,27.2,2716
1136,2521,57.5,5753
1136,188,32.8,3277
1136,1078,38.7,3872
1136,999,63.3,6331
1136,1490,45.2,4517
1136,297,37.2,3717
1136,1277,52.8,5284
1136,1005,38.0,3801
1136,975,43.3,4330
1136,950,46.0,4595
1136,1063,49.4,4937
1136,1075,35.5,3545
1136,1022,41.1,4111
1136,4833,58.0,5800
1136,4258,42.4,4241
1136,1019,47.6,4761
1136,1050,34.1,3408
1136,261,44.9,4494
1136,1520,36.7,3670
1136,269,54.4,5436
1136,1148,56.5,5651
1136,4383,38.2,3824
1136,223,51.6,5156
1136,1072,39.3,3932
1136,4728,40.6,4065
1136,1037,39.5,3953
1136,209,59.5,5949
1136,285,37.8,3781
1136,211,39.3,3927
1136,964,43.4,4341
1136,1130,62.4,6236
1136,249,81.9,8189
1136,255,66.0,6595
1136,77,52.9,5294
1136,4832,59.7,5971
1136,192,61.0,6096
1136,1687,54.9,5488
1136,4256,39.3,3929
1136,942,41.7,4168
1136,1009,45.5,4549
1136,1535,28.1,2811
1136,1002,38.9,3890
1136,287,43.4,4335
1136,1172,53.3,5333
1136,1121,49.3,4931
1136,283,50.0,5000
1136,1025,55.6,5562
1136,967,54.0,5404
1136,241,40.9,4093
1136,1031,47.4,4741
1136,1084,51.7,5171
1136,271,54.2,5417
1136,2046,56.1,5615
1136,233,45.4,4544
1136,1041,26.2,2621
1136,215,50.7,5070
1136,1212,62.0,6203
1136,1157,61.0,6097
1136,1087,42.6,4257
1136,57,30.2,3019
1136,4788,42.5,4253
1136,4791,49.4,4938
1490,275,32.3,3230
1490,4706,47.0,4704
1490,1145,66.3,6627
1490,1180,59.3,5927
1490,3299,57.6,5760
1490,4536,56.1,5611
1490,1307,60.8,6077
1490,1491,72.8,7276
1490,4516,31.2,3122
1490,267,45.8,4581
1490,1163,45.6,4563
1490,1096,53.9,5394
1490,1124,47.0,4699
1490,213,52.0,5203
1490,4798,60.6,6058
1490,1482,45.9,4589
1490,4362,32.0,3200
1490,3478,40.8,4078
1490,1047,29.0,2902
1490,1154,50.9,5085
1490,237,44.8,4477
1490,1476,41.4,4144
1490,1166,44.9,4491
1490,936,59.4,5940
1490,229,36.5,3655
1490,219,51.0,5102
1490,3694,45.3,4527
1490,946,33.2,3324
1490,203,70.1,7013
1490,295,31.1,3110
1490,1206,55.2,5523
1490,1127,68.5,6852
1490,4789,55.6,5557
1490,1114,48.6,4856
1490,247,48.8,4884
1490,184,38.4,3839
1490,4170,86.7,8666
1490,18,61.5,6150
1490,1209,77.1,7711
1490,1059,50.1,5008
1490,4790,46.5,4654
1490,277,62.7,6271
1490,4644,41.6,4162
1490,259,44.2,4416
1490,972,35.1,3515
1490,1548,60.2,6023
1490,984,35.5,3546
1490,198,42.4,4242
1490,4489,51.2,5118
1490,1514,63.5,6348
1490,4705,64.1,6406
1490,4795,61.3,6131
1490,4527,65.2,6521
1490,961,41.5,4148
1490,227,59.4,5935
1490,257,33.1,3315
1490,273,36.0,3599
1490,1554,31.8,3184
1490,1175,41.2,4119
1490,205,57.8,5784
1490,4793,58.7,5871
1490,1183,56.7,5671
1490,996,62.5,6250
1490,80,44.2,4418
1490,4257,54.0,5396
1490,4799,63.1,6310
1490,4254,47.1,4706
1490,4431,38.1,3807
1490,1699,54.1,5409
1490,1066,56.2,5621
1490,289,31.3,3132
1490,2521,62.2,6222
1490,188,37.3,3726
1490,1078,43.4,4344
1490,999,67.8,6778
1490,1136,54.8,5483
1490,297,41.9,4185
1490,1277,57.6,5764
1490,1005,42.7,4271
1490,975,48.1,4811
1490,950,50.8,5079
1490,1063,54.2,5420
1490,1075,40.1,4006
1490,1022,45.9,4589
1490,4833,62.7,6268
1490,4258,47.2,4721
1490,1019,52.5,5245
1490,1050,38.6,3864
1490,261,49.8,4978
1490,1520,41.4,4135
1490,269,59.1,5913
1490,1148,61.2,6123
1490,4383,43.0,4295
1490,223,56.4,5638
1490,1072,44.1,4406
1490,4728,45.4,4542
1490,1037,44.3,4427
1490,209,64.1,6412
1490,285,42.5,4250
1490,211,44.0,4400
1490,964,48.2,4823
1490,1130,66.9,6687
1490,249,84.9,8492
1490,255,70.3,7028
1490,77,57.7,5773
1490,4832,64.3,6433
1490,192,65.5,6553
1490,1687,59.6,5965
1490,4256,44.0,4402
1490,942,46.5,4647
1490,1009,50.3,5033
1490,1535,32.3,3234
1490,1002,43.6,4362
1490,287,48.2,4817
1490,1172,58.1,5812
1490,1121,54.1,5415
1490,283,54.8,5484
1490,1025,60.4,6036
1490,967,58.8,5882
1490,241,45.7,4570
1490,1031,52.2,5225
1490,1084,56.5,5652
1490,271,58.9,5894
1490,2046,60.9,6088
1490,233,50.3,5028
1490,1041,30.3,3031
1490,215,55.5,5553
1490,1212,66.6,6656
1490,1157,65.5,6554
1490,1087,47.4,4737
1490,57,34.5,3455
1490,4788,47.3,4734
1490,4791,54.2,5421
297,275,40.0,3999
297,4706,55.2,5523
297,1145,73.4,7342
297,1180,67.0,6701
297,3299,65.5,6545
297,4536,64.0,6404
297,1307,68.4,6841
297,1491,79.1,7914
297,4516,38.8,3882
297,267,54.0,5400
297,1163,53.8,5383
297,1096,62.0,6197
297,1124,55.2,5518
297,213,60.1,6013
297,4798,68.2,6823
297,1482,54.1,5408
297,4362,39.7,3967
297,3478,48.9,4891
297,1047,36.4,3642
297,1154,59.0,5898
297,237,53.0,5296
297,1476,49.6,4958
297,1166,53.1,5311
297,936,67.1,6713
297,229,44.5,4451
297,219,59.1,5915
297,3694,53.5,5346
297,946,41.0,4100
297,203,76.8,7685
297,295,38.7,3869
297,1206,63.2,6320
297,1127,75.4,7543
297,4789,63.5,6353
297,1114,56.7,5674
297,247,57.0,5701
297,184,46.4,4643
297,4170,90.6,9060
297,18,69.1,6908
297,1209,82.8,8285
297,1059,58.2,5823
297,4790,54.7,5474
297,277,70.2,7019
297,4644,49.8,4977
297,259,52.3,5234
297,972,43.0,4303
297,1548,67.9,6791
297,984,43.4,4336
297,198,50.6,5059
297,4489,59.3,5930
297,1514,70.9,7090
297,4705,71.4,7143
297,4795,68.9,6891
297,4527,72.5,7247
297,961,49.6,4962
297,227,67.1,6709
297,257,40.9,4091
297,273,43.9,4392
297,1554,39.5,3950
297,1175,49.3,4933
297,205,65.7,6567
297,4793,66.5,6649
297,1183,64.6,6461
297,996,70.0,7000
297,80,52.4,5237
297,4257,62.0,6199
297,4799,70.5,7055
297,4254,55.2,5525
297,4431,46.1,4611
297,1699,62.1,6211
297,1066,64.1,6414
297,289,38.9,3894
297,2521,69.7,6974
297,188,45.3,4526
297,1078,51.6,5162
297,999,74.8,7477
297,1136,62.8,6283
297,1490,58.1,5815
297,1277,65.5,6548
297,1005,50.9,5088
297,975,56.3,5629
297,950,58.9,5892
297,1063,62.2,6222
297,1075,48.2,4817
297,1022,54.1,5408
297,4833,70.2,7017
297,4258,55.4,5540
297,1019,60.5,6054
297,1050,46.7,4669
297,261,57.9,5793
297,1520,49.5,4949
297,269,66.9,6688
297,1148,68.8,6883
297,4383,51.1,5112
297,223,64.3,6430
297,1072,52.2,5225
297,4728,53.6,5362
297,1037,52.5,5246
297,209,71.5,7148
297,285,50.7,5066
297,211,52.2,5219
297,964,56.4,5641
297,1130,74.0,7396
297,249,89.2,8922
297,255,77.0,7698
297,77,65.6,6557
297,4832,71.7,7167
297,192,72.8,7276
297,1687,67.4,6736
297,4256,52.2,5221
297,942,54.7,5467
297,1009,58.5,5847
297,1535,40.0,4004
297,1002,51.8,5180
297,287,56.4,5635
297,1172,65.9,6594
297,1121,62.2,6217
297,283,62.8,6283
297,1025,68.0,6803
297,967,66.6,6659
297,241,53.9,5390
297,1031,60.3,6034
297,1084,64.4,6443
297,271,66.7,6671
297,2046,68.5,6851
297,233,58.4,5842
297,1041,37.8,3784
297,215,63.5,6349
297,1212,73.7,7368
297,1157,72.8,7276
297,1087,55.6,5556
297,57,42.4,4240
297,4788,55.5,5552
297,4791,62.2,6223
1277,275,25.7,2572
1277,4706,39.5,3948
1277,1145,59.0,5899
1277,1180,51.7,5167
1277,3299,50.0,4996
1277,4536,48.5,4845
1277,1307,53.2,5322
1277,1491,66.0,6601
1277,4516,24.8,2475
1277,267,38.3,3829
1277,1163,38.1,3812
1277,1096,46.3,4627
1277,1124,39.4,3943
1277,213,44.4,4437
1277,4798,53.0,5302
1277,1482,38.4,3837
1277,4362,25.4,2545
1277,3478,33.5,3351
1277,1047,22.8,2280
1277,1154,43.2,4319
1277,237,37.3,3729
1277,1476,34.1,3413
1277,1166,37.4,3743
1277,936,51.8,5180
1277,229,29.6,2958
1277,219,43.4,4336
1277,3694,37.8,3777
1277,946,26.6,2657
1277,203,63.1,6313
1277,295,24.6,2464
1277,1206,47.6,4756
1277,1127,61.4,6140
1277,4789,47.9,4790
1277,1114,41.0,4095
1277,247,41.2,4122
1277,184,31.3,3128
1277,4170,82.1,8207
1277,18,54.0,5397
1277,1209,70.9,7088
1277,1059,42.4,4244
1277,4790,39.0,3900
1277,277,55.2,5523
1277,4644,34.3,3430
1277,259,36.7,3671
1277,972,28.3,2830
1277,1548,52.7,5266
1277,984,28.6,2858
1277,198,35.1,3506
1277,4489,43.5,4352
1277,1514,56.0,5604
1277,4705,56.6,5665
1277,4795,53.8,5378
1277,4527,57.9,5787
1277,961,34.2,3417
1277,227,51.8,5175
1277,257,26.5,2649
1277,273,29.1,2907
1277,1554,25.3,2531
1277,1175,33.9,3389
1277,205,50.2,5020
1277,4793,51.1,5109
1277,1183,49.1,4906
1277,996,55.0,5501
1277,80,36.7,3673
1277,4257,46.3,4629
1277,4799,55.6,5564
1277,4254,39.5,3949
1277,4431,31.0,3099
1277,1699,46.4,4642
1277,1066,48.5,4855
1277,289,24.9,2485
1277,2521,54.7,5472
1277,188,30.2,3024
1277,1078,36.0,3602
1277,999,60.6,6060
1277,1136,47.2,4716
1277,1490,42.4,4236
1277,297,34.5,3452
1277,1005,35.3,3533
1277,975,40.5,4052
1277,950,43.1,4314
1277,1063,46.5,4653
1277,1075,32.8,3284
1277,1022,38.4,3836
1277,4833,55.2,5520
1277,4258,39.6,3965
1277,1019,44.8,4478
1277,1050,31.5,3151
1277,261,42.1,4214
1277,1520,34.0,3405
1277,269,51.5,5153
1277,1148,53.7,5369
1277,4383,35.6,3556
1277,223,48.7,4872
1277,1072,36.6,3661
1277,4728,37.9,3792
1277,1037,36.8,3681
1277,209,56.7,5671
1277,285,35.1,3513
1277,211,36.6,3656
1277,964,40.6,4063
1277,1130,59.6,5963
1277,249,80.0,7996
1277,255,63.3,6330
1277,77,50.1,5010
1277,4832,56.9,5693
1277,192,58.2,5820
1277,1687,52.1,5206
1277,4256,36.6,3658
1277,942,38.9,3893
1277,1009,42.7,4268
1277,1535,25.8,2576
1277,1002,36.2,3620
1277,287,40.6,4057
1277,1172,50.5,5049
1277,1121,46.5,4648
1277,283,47.2,4717
1277,1025,52.8,5279
1277,967,51.2,5120
1277,241,38.2,3819
1277,1031,44.6,4458
1277,1084,48.9,4887
1277,271,51.3,5133
1277,2046,53.3,5333
1277,233,42.6,4263
1277,1041,23.9,2395
1277,215,47.9,4786
1277,1212,59.3,5929
1277,1157,58.2,5821
1277,1087,39.8,3980
1277,57,27.8,2775
1277,4788,39.8,3976
1277,4791,46.5,4654
1005,275,39.1,3914
1005,4706,54.4,5436
1005,1145,72.7,7270
1005,1180,66.2,6621
1005,3299,64.6,6463
1005,4536,63.2,6322
1005,1307,67.6,6762
1005,1491,78.5,7850
1005,4516,38.0,3798
1005,267,53.1,5313
1005,1163,53.0,5295
1005,1096,61.1,6113
1005,1124,54.3,5431
1005,213,59.3,5928
1005,4798,67.4,6744
1005,1482,53.2,5321
1005,4362,38.8,3883
1005,3478,48.0,4803
1005,1047,35.6,3560
1005,1154,58.1,5812
1005,237,52.1,5208
1005,1476,48.7,4870
1005,1166,52.2,5223
1005,936,66.3,6633
1005,229,43.6,4364
1005,219,58.3,5829
1005,3694,52.6,5259
1005,946,40.1,4015
1005,203,76.2,7617
1005,295,37.9,3785
1005,1206,62.4,6237
1005,1127,74.7,7473
1005,4789,62.7,6270
1005,1114,55.9,5587
1005,247,56.1,5614
1005,184,45.6,4556
1005,4170,90.2,9022
1005,18,68.3,6830
1005,1209,82.3,8229
1005,1059,57.4,5736
1005,4790,53.9,5386
1005,277,69.4,6943
1005,4644,48.9,4889
1005,259,51.5,5147
1005,972,42.2,4217
1005,1548,67.1,6712
1005,984,42.5,4250
1005,198,49.7,4971
1005,4489,58.4,5844
1005,1514,70.1,7014
1005,4705,70.7,7067
1005,4795,68.1,6813
1005,4527,71.7,7173
1005,961,48.8,4875
1005,227,66.3,6629
1005,257,40.0,4005
1005,273,43.0,4305
1005,1554,38.6,3865
1005,1175,48.5,4845
1005,205,64.9,6486
1005,4793,65.7,6568
1005,1183,63.8,6379
1005,996,69.2,6923
1005,80,51.5,5149
1005,4257,61.1,6115
1005,4799,69.8,6978
1005,4254,54.4,5438
1005,4431,45.2,4523
1005,1699,61.3,6127
1005,1066,63.3,6331
1005,289,38.1,3810
1005,2521,69.0,6897
1005,188,44.4,4439
1005,1078,50.7,5074
1005,999,74.1,7406
1005,1136,62.0,6199
1005,1490,57.3,5729
1005,297,49.1,4912
1005,1277,64.7,6467
1005,975,55.4,5543
1005,950,58.1,5807
1005,1063,61.4,6138
1005,1075,47.3,4729
1005,1022,53.2,5321
1005,4833,69.4,6940
1005,4258,54.5,5453
1005,1019,59.7,5969
1005,1050,45.8,4582
1005,261,57.1,5707
1005,1520,48.6,4862
1005,269,66.1,6608
1005,1148,68.0,6805
1005,4383,50.2,5025
1005,223,63.5,6347
1005,1072,51.4,5137
1005,4728,52.7,5274
1005,1037,51.6,5158
1005,209,70.7,7073
1005,285,49.8,4979
1005,211,51.3,5131
1005,964,55.5,5554
1005,1130,73.2,7324
1005,249,88.8,8881
1005,255,76.3,7631
1005,77,64.8,6476
1005,4832,70.9,7092
1005,192,72.0,7202
1005,1687,66.6,6657
1005,4256,51.3,5133
1005,942,53.8,5379
1005,1009,57.6,5761
1005,1535,39.2,3919
1005,1002,50.9,5092
1005,287,55.5,5548
1005,1172,65.1,6513
1005,1121,61.3,6133
1005,283,62.0,6199
1005,1025,67.2,6724
1005,967,65.8,6578
1005,241,53.0,5302
1005,1031,59.5,5949
1005,1084,63.6,6361
1005,271,65.9,6590
1005,2046,67.7,6772
1005,233,57.6,5756
1005,1041,37.0,3701
1005,215,62.7,6266
1005,1212,73.0,7296
1005,1157,72.0,7203
1005,1087,54.7,5469
1005,57,41.5,4154
1005,4788,54.6,5465
1005,4791,61.4,6139
975,275,34.0,3402
975,4706,48.9,4893
975,1145,68.0,6798
975,1180,61.1,6110
975,3299,59.4,5944
975,4536,58.0,5797
975,1307,62.6,6258
975,1491,74.3,7431
975,4516,32.9,3291
975,267,47.7,4769
975,1163,47.5,4752
975,1096,55.8,5582
975,1124,48.9,4888
975,213,53.9,5392
975,4798,62.4,6239
975,1482,47.8,4777
975,4362,33.7,3372
975,3478,42.6,4263
975,1047,30.7,3066
975,1154,52.7,5273
975,237,46.6,4664
975,1476,43.3,4329
975,1166,46.8,4679
975,936,61.2,6123
975,229,38.4,3835
975,219,52.9,5291
975,3694,47.1,4715
975,946,35.0,3498
975,203,71.8,7175
975,295,32.8,3279
975,1206,57.1,5709
975,1127,70.2,7018
975,4789,57.4,5743
975,1114,50.5,5045
975,247,50.7,5073
975,184,40.2,4021
975,4170,87.7,8765
975,18,63.3,6329
975,1209,78.5,7852
975,1059,52.0,5196
975,4790,48.4,4843
975,277,64.5,6449
975,4644,43.5,4348
975,259,46.0,4603
975,972,36.9,3692
975,1548,62.0,6205
975,984,37.2,3724
975,198,44.3,4429
975,4489,53.1,5306
975,1514,65.2,6525
975,4705,65.8,6582
975,4795,63.1,6311
975,4527,67.0,6695
975,961,43.3,4334
975,227,61.2,6117
975,257,34.9,3489
975,273,37.8,3777
975,1554,33.5,3355
975,1175,43.0,4304
975,205,59.7,5968
975,4793,60.5,6054
975,1183,58.6,5857
975,996,64.3,6428
975,80,46.1,4606
975,4257,55.8,5584
975,4799,64.9,6487
975,4254,48.9,4894
975,4431,39.9,3989
975,1699,56.0,5596
975,1066,58.1,5807
975,289,33.0,3302
975,2521,64.0,6401
975,188,39.1,3907
975,1078,45.3,4531
975,999,69.5,6946
975,1136,56.7,5670
975,1490,51.9,5189
975,297,43.7,4371
975,1277,59.5,5948
975,1005,44.6,4457
975,950,52.7,5268
975,1063,56.1,5608
975,1075,41.9,4190
975,1022,47.8,4777
975,4833,64.5,6446
975,4258,49.1,4910
975,1019,54.3,5434
975,1050,40.5,4046
975,261,51.7,5166
975,1520,43.2,4321
975,269,61.0,6096
975,1148,63.0,6303
975,4383,44.8,4482
975,223,58.2,5824
975,1072,45.9,4593
975,4728,47.3,4730
975,1037,46.1,4615
975,209,65.9,6587
975,285,44.4,4436
975,211,45.9,4587
975,964,50.1,5011
975,1130,68.6,6857
975,249,86.0,8600
975,255,71.9,7190
975,77,59.6,5958
975,4832,66.1,6608
975,192,67.3,6726
975,1687,61.5,6147
975,4256,45.9,4590
975,942,48.4,4836
975,1009,52.2,5221
975,1535,34.1,3406
975,1002,45.5,4549
975,287,50.1,5006
975,1172,60.0,5996
975,1121,56.0,5603
975,283,56.7,5671
975,1025,62.2,6217
975,967,60.6,6065
975,241,47.6,4759
975,1031,54.1,5413
975,1084,58.4,5838
975,271,60.8,6077
975,2046,62.7,6268
975,233,52.2,5217
975,1041,32.0,3199
975,215,57.4,5739
975,1212,68.3,6827
975,1157,67.3,6727
975,1087,49.3,4926
975,57,36.3,3631
975,4788,49.2,4922
975,4791,56.1,5609
950,275,31.6,3159
950,4706,46.2,4625
950,1145,65.5,6555
950,1180,58.5,5850
950,3299,56.8,5682
950,4536,55.3,5533
950,1307,60.0,6001
950,1491,72.1,7210
950,4516,30.5,3052
950,267,45.0,4502
950,1163,44.9,4485
950,1096,53.1,5315
950,1124,46.2,4621
950,213,51.2,5124
950,4798,59.8,5981
950,1482,45.1,4510
950,4362,31.3,3130
950,3478,40.0,4001
950,1047,28.3,2834
950,1154,50.1,5006
950,237,44.0,4398
950,1476,40.7,4067
950,1166,44.1,4413
950,936,58.6,5863
950,229,35.8,3581
950,219,50.2,5023
950,3694,44.5,4449
950,946,32.5,3252
950,203,69.4,6943
950,295,30.4,3040
950,1206,54.4,5444
950,1127,67.8,6781
950,4789,54.8,5479
950,1114,47.8,4777
950,247,48.0,4805
950,184,37.6,3763
950,4170,86.2,8623
950,18,60.7,6074
950,1209,76.5,7651
950,1059,49.3,4929
950,4790,45.8,4576
950,277,62.0,6196
950,4644,40.9,4085
950,259,43.4,4338
950,972,34.4,3441
950,1548,59.5,5947
950,984,34.7,3472
950,198,41.6,4165
950,4489,50.4,5039
950,1514,62.7,6273
950,4705,63.3,6332
950,4795,60.5,6055
950,4527,64.5,6448
950,961,40.7,4071
950,227,58.6,5858
950,257,32.4,3244
950,273,35.2,3525
950,1554,31.1,3114
950,1175,40.4,4042
950,205,57.1,5706
950,4793,57.9,5793
950,1183,55.9,5593
950,996,61.7,6174
950,80,43.4,4340
950,4257,53.2,5318
950,4799,62.4,6235
950,4254,46.3,4627
950,4431,37.3,3732
950,1699,53.3,5330
950,1066,55.4,5543
950,289,30.6,3063
950,2521,61.5,6146
950,188,36.5,3652
950,1078,42.7,4266
950,999,67.1,6707
950,1136,54.0,5405
950,1490,49.2,4921
950,297,41.1,4108
950,1277,56.9,5686
950,1005,41.9,4193
950,975,47.3,4732
950,1063,53.4,5342
950,1075,39.3,3930
950,1022,45.1,4510
950,4833,61.9,6193
950,4258,46.4,4643
950,1019,51.7,5166
950,1050,37.9,3788
950,261,49.0,4899
950,1520,40.6,4058
950,269,58.4,5836
950,1148,60.5,6047
950,4383,42.2,4218
950,223,55.6,5560
950,1072,43.3,4328
950,4728,44.6,4464
950,1037,43.5,4349
950,209,63.4,6338
950,285,41.7,4173
950,211,43.2,4322
950,964,47.4,4744
950,1130,66.2,6615
950,249,84.5,8445
950,255,69.6,6959
950,77,57.0,5696
950,4832,63.6,6359
950,192,64.8,6480
950,1687,58.9,5888
950,4256,43.2,4324
950,942,45.7,4569
950,1009,49.5,4954
950,1535,31.6,3164
950,1002,42.8,4284
950,287,47.4,4738
950,1172,57.3,5734
950,1121,53.4,5337
950,283,54.0,5405
950,1025,59.6,5959
950,967,58.0,5804
950,241,44.9,4492
950,1031,51.5,5146
950,1084,55.7,5574
950,271,58.2,5817
950,2046,60.1,6012
950,233,49.5,4949
950,1041,29.6,2963
950,215,54.7,5474
950,1212,65.8,6583
950,1157,64.8,6481
950,1087,46.6,4659
950,57,33.8,3382
950,4788,46.5,4655
950,4791,53.4,5343
1063,275,28.6,2861
1063,4706,42.9,4287
1063,1145,62.3,6234
1063,1180,55.1,5513
1063,3299,53.4,5343
1063,4536,51.9,5192
1063,1307,56.7,5666
1063,1491,69.1,6914
1063,4516,27.6,2758
1063,267,41.6,4165
1063,1163,41.5,4148
1063,1096,49.7,4974
1063,1124,42.8,4282
1063,213,47.8,4782
1063,4798,56.5,5646
1063,1482,41.7,4173
1063,4362,28.3,2833
1063,3478,36.7,3674
1063,1047,25.5,2551
1063,1154,46.6,4664
1063,237,40.6,4063
1063,1476,37.4,3738
1063,1166,40.8,4077
1063,936,55.3,5526
1063,229,32.7,3266
1063,219,46.8,4681
1063,3694,41.1,4112
1063,946,29.5,2950
1063,203,66.4,6637
1063,295,27.5,2747
1063,1206,51.0,5103
1063,1127,64.7,6468
1063,4789,51.4,5138
1063,1114,44.4,4437
1063,247,44.6,4464
1063,184,34.4,3443
1063,4170,84.2,8425
1063,18,57.4,5741
1063,1209,73.8,7379
1063,1059,45.9,4587
1063,4790,42.4,4237
1063,277,58.6,5865
1063,4644,37.6,3756
1063,259,40.0,4003
1063,972,31.3,3132
1063,1548,56.1,5611
1063,984,31.6,3161
1063,198,38.3,3834
1063,4489,47.0,4697
1063,1514,59.5,5945
1063,4705,60.0,6005
1063,4795,57.2,5722
1063,4527,61.2,6124
1063,961,37.4,3742
1063,227,55.2,5521
1063,257,29.4,2942
1063,273,32.1,3212
1063,1554,28.2,2817
1063,1175,37.1,3714
1063,205,53.7,5367
1063,4793,54.6,5456
1063,1183,52.5,5253
1063,996,58.4,5843
1063,80,40.0,4005
1063,4257,49.8,4976
1063,4799,59.0,5905
1063,4254,42.9,4288
1063,4431,34.1,3412
1063,1699,49.9,4989
1063,1066,52.0,5203
1063,289,27.7,2768
1063,2521,58.1,5815
1063,188,33.3,3334
1063,1078,39.3,3933
1063,999,63.9,6391
1063,1136,50.6,5063
1063,1490,45.8,4580
1063,297,37.8,3778
1063,1277,53.5,5347
1063,1005,38.6,3862
1063,975,43.9,4392
1063,950,46.6,4658
1063,1075,36.0,3604
1063,1022,41.7,4173
1063,4833,58.6,5862
1063,4258,43.0,4304
1063,1019,48.2,4824
1063,1050,34.7,3467
1063,261,45.6,4557
1063,1520,37.3,3730
1063,269,55.0,5499
1063,1148,57.1,5713
1063,4383,38.9,3885
1063,223,52.2,5219
1063,1072,39.9,3993
1063,4728,41.3,4127
1063,1037,40.1,4014
1063,209,60.1,6011
1063,285,38.4,3841
1063,211,39.9,3988
1063,964,44.0,4404
1063,1130,63.0,6296
1063,249,82.3,8231
1063,255,66.5,6653
1063,77,53.6,5357
1063,4832,60.3,6032
1063,192,61.6,6157
1063,1687,55.5,5551
1063,4256,39.9,3990
1063,942,42.3,4230
1063,1009,46.1,4612
1063,1535,28.6,2865
1063,1002,39.5,3951
1063,287,44.0,4398
1063,1172,54.0,5396
1063,1121,50.0,4995
1063,283,50.6,5064
1063,1025,56.2,5624
1063,967,54.7,5467
1063,241,41.5,4155
1063,1031,48.0,4804
1063,1084,52.3,5234
1063,271,54.8,5480
1063,2046,56.8,5677
1063,233,46.1,4607
1063,1041,26.7,2673
1063,215,51.3,5133
1063,1212,62.6,6263
1063,1157,61.6,6158
1063,1087,43.2,4319
1063,57,30.7,3074
1063,4788,43.2,4316
1063,4791,50.0,5001
1075,275,41.8,4178
1075,4706,57.0,5705
1075,1145,74.9,7491
1075,1180,68.7,6866
1075,3299,67.1,6713
1075,4536,65.8,6575
1075,1307,70.0,7003
1075,1491,80.4,8044
1075,4516,40.6,4060
1075,267,55.8,5582
1075,1163,55.6,5565
1075,1096,63.7,6371
1075,1124,57.0,5700
1075,213,61.9,6190
1075,4798,69.8,6985
1075,1482,55.9,5590
1075,4362,41.5,4146
1075,3478,50.7,5074
1075,1047,38.2,3817
1075,1154,60.8,6076
1075,237,54.8,5478
1075,1476,51.4,5141
1075,1166,54.9,5493
1075,936,68.8,6878
1075,229,46.3,4634
1075,219,60.9,6092
1075,3694,55.3,5529
1075,946,42.8,4280
1075,203,78.2,7822
1075,295,40.5,4046
1075,1206,64.9,6492
1075,1127,76.9,7686
1075,4789,65.2,6524
1075,1114,58.5,5854
1075,247,58.8,5881
1075,184,48.3,4826
1075,4170,91.3,9134
1075,18,70.7,7068
1075,1209,84.0,8400
1075,1059,60.0,6001
1075,4790,56.5,5655
1075,277,71.8,7177
1075,4644,51.6,5161
1075,259,54.2,5417
1075,972,44.8,4484
1075,1548,69.5,6954
1075,984,45.2,4518
1075,198,52.4,5242
1075,4489,61.1,6108
1075,1514,72.5,7245
1075,4705,73.0,7297
1075,4795,70.5,7051
1075,4527,74.0,7398
1075,961,51.5,5146
1075,227,68.7,6873
1075,257,42.7,4270
1075,273,45.7,4574
1075,1554,41.3,4128
1075,1175,51.2,5116
1075,205,67.3,6735
1075,4793,68.2,6815
1075,1183,66.3,6631
1075,996,71.6,7158
1075,80,54.2,5420
1075,4257,63.7,6373
1075,4799,72.1,7211
1075,4254,57.1,5706
1075,4431,47.9,4794
1075,1699,63.9,6385
1075,1066,65.8,6584
1075,289,40.7,4071
1075,2521,71.3,7133
1075,188,47.1,4709
1075,1078,53.5,5345
1075,999,76.2,7622
1075,1136,64.5,6455
1075,1490,59.9,5994
1075,297,51.8,5183
1075,1277,67.2,6716
1075,1005,52.7,5271
1075,975,58.1,5810
1075,950,60.7,6070
1075,1063,64.0,6396
1075,1022,55.9,5590
1075,4833,71.7,7174
1075,4258,57.2,5722
1075,1019,62.3,6230
1075,1050,48.5,4853
1075,261,59.7,5972
1075,1520,51.3,5133
1075,269,68.5,6853
1075,1148,70.4,7044
1075,4383,53.0,5296
1075,223,66.0,6600
1075,1072,54.1,5407
1075,4728,55.4,5544
1075,1037,54.3,5429
1075,209,73.0,7302
1075,285,52.5,5250
1075,211,54.0,5402
1075,964,58.2,5821
1075,1130,75.4,7543
1075,249,90.0,9005
1075,255,78.3,7835
1075,77,67.2,6725
1075,4832,73.2,7321
1075,192,74.3,7426
1075,1687,69.0,6900
1075,4256,54.0,5404
1075,942,56.5,5648
1075,1009,60.3,6026
1075,1535,41.8,4183
1075,1002,53.6,5363
1075,287,58.1,5815
1075,1172,67.6,6761
1075,1121,63.9,6391
1075,283,64.5,6455
1075,1025,69.7,6965
1075,967,68.2,6825
1075,241,55.7,5572
1075,1031,62.1,6210
1075,1084,66.1,6613
1075,271,68.4,6836
1075,2046,70.1,7012
1075,233,60.2,6021
1075,1041,39.6,3960
1075,215,65.2,6520
1075,1212,75.2,7516
1075,1157,74.3,7427
1075,1087,57.4,5737
1075,57,44.2,4420
1075,4788,57.3,5734
1075,4791,64.0,6397
1022,275,36.1,3609
1022,4706,51.2,5116
1022,1145,70.0,6996
1022,1180,63.2,6322
1022,3299,61.6,6160
1022,4536,60.1,6015
1022,1307,64.7,6468
1022,1491,76.1,7608
1022,4516,35.0,3496
1022,267,49.9,4992
1022,1163,49.8,4975
1022,1096,58.0,5801
1022,1124,51.1,5111
1022,213,56.1,5613
1022,4798,64.5,6449
1022,1482,50.0,5000
1022,4362,35.8,3578
1022,3478,44.8,4483
1022,1047,32.6,3265
1022,1154,55.0,5495
1022,237,48.9,4887
1022,1476,45.5,4550
1022,1166,49.0,4902
1022,936,63.4,6335
1022,229,40.5,4050
1022,219,55.1,5513
1022,3694,49.4,4938
1022,946,37.1,3707
1022,203,73.6,7361
1022,295,34.8,3483
1022,1206,59.3,5928
1022,1127,72.1,7209
1022,4789,59.6,5961
1022,1114,52.7,5268
1022,247,53.0,5296
1022,184,42.4,4239
1022,4170,88.8,8876
1022,18,65.4,6538
1022,1209,80.1,8012
1022,1059,54.2,5419
1022,4790,50.7,5066
1022,277,66.5,6655
1022,4644,45.7,4569
1022,259,48.3,4826
1022,972,39.0,3905
1022,1548,64.2,6416
1022,984,39.4,3937
1022,198,46.5,4650
1022,4489,55.3,5528
1022,1514,67.3,6729
1022,4705,67.8,6785
1022,4795,65.2,6520
1022,4527,69.0,6895
1022,961,45.5,4555
1022,227,63.3,6330
1022,257,37.0,3698
1022,273,39.9,3992
1022,1554,35.6,3561
1022,1175,45.2,4525
1022,205,61.8,6183
1022,4793,62.7,6268
1022,1183,60.7,6074
1022,996,66.3,6634
1022,80,48.3,4828
1022,4257,58.0,5804
1022,4799,66.9,6692
1022,4254,51.2,5118
1022,4431,42.1,4206
1022,1699,58.2,5816
1022,1066,60.2,6025
1022,289,35.1,3507
1022,2521,66.1,6608
1022,188,41.2,4123
1022,1078,47.5,4753
1022,999,71.4,7139
1022,1136,58.9,5889
1022,1490,54.1,5411
1022,297,45.9,4592
1022,1277,61.6,6164
1022,1005,46.8,4679
1022,975,52.2,5223
1022,950,54.9,5490
1022,1063,58.3,5827
1022,1075,44.1,4410
1022,4833,66.5,6652
1022,4258,51.3,5133
1022,1019,56.5,5655
1022,1050,42.6,4264
1022,261,53.9,5389
1022,1520,45.4,4542
1022,269,63.1,6309
1022,1148,65.1,6512
1022,4383,47.0,4704
1022,223,60.4,6041
1022,1072,48.2,4816
1022,4728,49.5,4953
1022,1037,48.4,4837
1022,209,67.9,6790
1022,285,46.6,4658
1022,211,48.1,4810
1022,964,52.4,5235
1022,1130,70.5,7053
1022,249,87.2,8720
1022,255,73.8,7375
1022,77,61.7,6173
1022,4832,68.1,6810
1022,192,69.2,6925
1022,1687,63.6,6359
1022,4256,48.1,4812
1022,942,50.6,5059
1022,1009,54.4,5444
1022,1535,36.1,3614
1022,1002,47.7,4772
1022,287,52.3,5229
1022,1172,62.1,6211
1022,1121,58.2,5822
1022,283,58.9,5890
1022,1025,64.3,6428
1022,967,62.8,6278
1022,241,49.8,4982
1022,1031,56.3,5634
1022,1084,60.5,6055
1022,271,62.9,6291
1022,2046,64.8,6478
1022,233,54.4,5439
1022,1041,34.0,3401
1022,215,59.6,5957
1022,1212,70.2,7023
1022,1157,69.3,6926
1022,1087,51.5,5149
1022,57,38.4,3843
1022,4788,51.5,5145
1022,4791,58.3,5828
4833,275,21.7,2169
4833,4706,34.5,3454
4833,1145,53.8,5384
4833,1180,46.5,4646
4833,3299,44.8,4476
4833,4536,43.3,4326
4833,1307,48.0,4800
4833,1491,61.1,6110
4833,4516,20.8,2081
4833,267,33.4,3340
4833,1163,33.2,3325
4833,1096,41.1,4112
4833,1124,34.5,3450
4833,213,39.3,3926
4833,4798,47.8,4780
4833,1482,33.5,3348
4833,4362,21.4,2145
4833,3478,28.9,2889
4833,1047,19.0,1904
4833,1154,38.1,3812
4833,237,32.5,3246
4833,1476,29.5,2947
4833,1166,32.6,3259
4833,936,46.6,4659
4833,229,25.2,2523
4833,219,38.3,3829
4833,3694,32.9,3291
4833,946,22.5,2246
4833,203,58.1,5810
4833,295,20.7,2071
4833,1206,42.4,4239
4833,1127,56.3,5631
4833,4789,42.7,4272
4833,1114,36.0,3596
4833,247,36.2,3622
4833,184,26.8,2680
4833,4170,78.4,7844
4833,18,48.8,4876
4833,1209,66.2,6624
4833,1059,37.4,3739
4833,4790,34.1,3408
4833,277,50.0,5003
4833,4644,29.6,2963
4833,259,31.9,3190
4833,972,24.1,2405
4833,1548,47.5,4745
4833,984,24.3,2431
4833,198,30.3,3034
4833,4489,38.4,3844
4833,1514,50.8,5084
4833,4705,51.5,5146
4833,4795,48.6,4856
4833,4527,52.7,5270
4833,961,29.5,2951
4833,227,46.5,4654
4833,257,22.4,2239
4833,273,24.8,2475
4833,1554,21.3,2131
4833,1175,29.2,2925
4833,205,45.0,4500
4833,4793,45.9,4588
4833,1183,43.9,4387
4833,996,49.8,4980
4833,80,31.9,3192
4833,4257,41.1,4114
4833,4799,50.4,5044
4833,4254,34.6,3456
4833,4431,26.5,2653
4833,1699,41.3,4126
4833,1066,43.4,4337
4833,289,20.9,2089
4833,2521,49.5,4951
4833,188,25.8,2584
4833,1078,31.3,3126
4833,999,55.5,5549
4833,1136,42.0,4200
4833,1490,37.3,3732
4833,297,29.8,2983
4833,1277,44.8,4480
4833,1005,30.6,3060
4833,975,35.5,3554
4833,950,38.1,3807
4833,1063,41.4,4138
4833,1075,28.3,2826
4833,1022,33.5,3348
4833,4258,34.7,3470
4833,1019,39.7,3967
4833,1050,27.0,2702
4833,261,37.1,3710
4833,1520,29.4,2939
4833,269,46.3,4631
4833,1148,48.5,4848
4833,4383,30.8,3082
4833,223,43.5,4353
4833,1072,31.8,3181
4833,4728,33.0,3305
4833,1037,32.0,3200
4833,209,51.5,5152
4833,285,30.4,3041
4833,211,31.8,3176
4833,964,35.6,3565
4833,1130,54.5,5450
4833,249,76.1,7609
4833,255,58.3,5828
4833,77,44.9,4489
4833,4832,51.8,5175
4833,192,53.0,5304
4833,1687,46.8,4684
4833,4256,31.8,3178
4833,942,34.0,3402
4833,1009,37.6,3763
4833,1535,21.7,2172
4833,1002,31.4,3142
4833,287,35.6,3559
4833,1172,45.3,4528
4833,1121,41.3,4133
4833,283,42.0,4200
4833,1025,47.6,4758
4833,967,46.0,4599
4833,241,33.3,3331
4833,1031,39.5,3947
4833,1084,43.7,4368
4833,271,46.1,4612
4833,2046,48.1,4811
4833,233,37.6,3758
4833,1041,20.1,2008
4833,215,42.7,4268
4833,1212,54.1,5415
4833,1157,53.0,5305
4833,1087,34.9,3485
4833,57,23.6,2355
4833,4788,34.8,3482
4833,4791,41.4,4139
4258,275,34.9,3485
4258,4706,49.8,4983
4258,1145,68.8,6879
4258,1180,62.0,6196
4258,3299,60.3,6031
4258,4536,58.9,5885
4258,1307,63.4,6343
4258,1491,75.0,7503
4258,4516,33.7,3373
4258,267,48.6,4859
4258,1163,48.4,4841
4258,1096,56.7,5670
4258,1124,49.8,4978
4258,213,54.8,5481
4258,4798,63.2,6324
4258,1482,48.7,4867
4258,4362,34.5,3454
4258,3478,43.5,4351
4258,1047,31.4,3145
4258,1154,53.6,5363
4258,237,47.5,4754
4258,1476,44.2,4418
4258,1166,47.7,4769
4258,936,62.1,6209
4258,229,39.2,3921
4258,219,53.8,5380
4258,3694,48.0,4805
4258,946,35.8,3582
4258,203,72.5,7250
4258,295,33.6,3360
4258,1206,58.0,5798
4258,1127,71.0,7096
4258,4789,58.3,5831
4258,1114,51.4,5135
4258,247,51.6,5162
4258,184,41.1,4108
4258,4170,88.1,8811
4258,18,64.1,6414
4258,1209,79.2,7917
4258,1059,52.9,5286
4258,4790,49.3,4932
4258,277,65.3,6532
4258,4644,44.4,4437
4258,259,46.9,4693
4258,972,37.8,3777
4258,1548,62.9,6290
4258,984,38.1,3809
4258,198,45.2,4518
4258,4489,54.0,5396
4258,1514,66.1,6607
4258,4705,66.6,6664
4258,4795,64.0,6396
4258,4527,67.8,6776
4258,961,44.2,4422
4258,227,62.0,6203
4258,257,35.7,3572
4258,273,38.6,3863
4258,1554,34.4,3437
4258,1175,43.9,4393
4258,205,60.5,6055
4258,4793,61.4,6141
4258,1183,59.4,5944
4258,996,65.1,6512
4258,80,47.0,4695
4258,4257,56.7,5672
4258,4799,65.7,6570
4258,4254,49.8,4984
4258,4431,40.8,4076
4258,1699,56.9,5685
4258,1066,59.0,5895
4258,289,33.8,3384
4258,2521,64.8,6484
4258,188,39.9,3994
4258,1078,46.2,4620
4258,999,70.2,7024
4258,1136,57.6,5759
4258,1490,52.8,5279
4258,297,44.6,4460
4258,1277,60.4,6035
4258,1005,45.5,4547
4258,975,50.9,5090
4258,950,53.6,5357
4258,1063,57.0,5696
4258,1075,42.8,4278
4258,1022,48.7,4867
4258,4833,65.3,6530
4258,1019,55.2,5523
4258,1050,41.3,4134
4258,261,52.6,5256
4258,1520,44.1,4409
4258,269,61.8,6182
4258,1148,63.9,6388
4258,4383,45.7,4571
4258,223,59.1,5911
4258,1072,46.8,4683
4258,4728,48.2,4820
4258,1037,47.0,4704
4258,209,66.7,6670
4258,285,45.2,4525
4258,211,46.8,4677
4258,964,51.0,5101
4258,1130,69.4,6937
4258,249,86.5,8649
4258,255,72.7,7265
4258,77,60.5,6045
4258,4832,66.9,6690
4258,192,68.1,6807
4258,1687,62.3,6233
4258,4256,46.8,4679
4258,942,49.2,4925
4258,1009,53.1,5311
4258,1535,34.9,3489
4258,1002,46.4,4639
4258,287,51.0,5096
4258,1172,60.8,6083
4258,1121,56.9,5691
4258,283,57.6,5759
4258,1025,63.0,6303
4258,967,61.5,6151
4258,241,48.5,4848
4258,1031,55.0,5502
4258,1084,59.3,5926
4258,271,61.6,6164
4258,2046,63.5,6353
4258,233,53.1,5306
4258,1041,32.8,3280
4258,215,58.3,5827
4258,1212,69.1,6906
4258,1157,68.1,6807
4258,1087,50.2,5016
4258,57,37.2,3716
4258,4788,50.1,5012
4258,4791,57.0,5697
1019,275,30.1,3012
1019,4706,44.6,4460
1019,1145,64.0,6400
1019,1180,56.9,5687
1019,3299,55.2,5517
1019,4536,53.7,5368
1019,1307,58.4,5839
1019,1491,70.7,7068
1019,4516,29.1,2907
1019,267,43.4,4337
1019,1163,43.2,4320
1019,1096,51.5,5149
1019,1124,44.5,4455
1019,213,49.6,4958
1019,4798,58.2,5819
1019,1482,43.5,4346
1019,4362,29.8,2984
1019,3478,38.4,3841
1019,1047,26.9,2695
1019,1154,48.4,4839
1019,237,42.3,4234
1019,1476,39.1,3906
1019,1166,42.5,4249
1019,936,57.0,5700
1019,229,34.3,3426
1019,219,48.6,4856
1019,3694,42.8,4284
1019,946,31.0,3104
1019,203,68.0,6796
1019,295,29.0,2896
1019,1206,52.8,5279
1019,1127,66.3,6630
1019,4789,53.1,5313
1019,1114,46.1,4611
1019,247,46.4,4639
1019,184,36.1,3606
1019,4170,85.3,8529
1019,18,59.1,5913
1019,1209,75.2,7521
1019,1059,47.6,4762
1019,4790,44.1,4410
1019,277,60.4,6036
1019,4644,39.2,3924
1019,259,41.7,4174
1019,972,32.9,3289
1019,1548,57.8,5784
1019,984,33.2,3320
1019,198,40.0,4003
1019,4489,48.7,4872
1019,1514,61.1,6114
1019,4705,61.7,6174
1019,4795,58.9,5894
1019,4527,62.9,6291
1019,961,39.1,3910
1019,227,56.9,5694
1019,257,30.9,3095
1019,273,33.7,3371
1019,1554,29.7,2968
1019,1175,38.8,3881
1019,205,55.4,5542
1019,4793,56.3,5630
1019,1183,54.3,5428
1019,996,60.1,6014
1019,80,41.8,4177
1019,4257,51.5,5151
1019,4799,60.8,6075
1019,4254,44.6,4462
1019,4431,35.8,3575
1019,1699,51.6,5164
1019,1066,53.8,5378
1019,289,29.2,2918
1019,2521,59.9,5986
1019,188,35.0,3496
1019,1078,41.0,4103
1019,999,65.5,6554
1019,1136,52.4,5239
1019,1490,47.5,4755
1019,297,39.5,3946
1019,1277,55.2,5522
1019,1005,40.3,4031
1019,975,45.7,4566
1019,950,48.3,4834
1019,1063,51.8,5176
1019,1075,37.7,3770
1019,1022,43.5,4345
1019,4833,60.3,6033
1019,4258,44.8,4477
1019,1050,36.3,3631
1019,261,47.3,4732
1019,1520,39.0,3897
1019,269,56.7,5673
1019,1148,58.9,5885
1019,4383,40.5,4055
1019,223,54.0,5395
1019,1072,41.6,4164
1019,4728,43.0,4299
1019,1037,41.9,4185
1019,209,61.8,6180
1019,285,40.1,4010
1019,211,41.6,4159
1019,964,45.8,4578
1019,1130,64.6,6461
1019,249,83.4,8343
1019,255,68.1,6811
1019,77,55.3,5531
1019,4832,62.0,6201
1019,192,63.2,6324
1019,1687,57.2,5725
1019,4256,41.6,4161
1019,942,44.0,4403
1019,1009,47.9,4787
1019,1535,30.2,3017
1019,1002,41.2,4121
1019,287,45.7,4572
1019,1172,55.7,5570
1019,1121,51.7,5170
1019,283,52.4,5239
1019,1025,58.0,5797
1019,967,56.4,5641
1019,241,43.3,4327
1019,1031,49.8,4979
1019,1084,54.1,5409
1019,271,56.5,5653
1019,2046,58.5,5850
1019,233,47.8,4782
1019,1041,28.2,2820
1019,215,53.1,5309
1019,1212,64.3,6429
1019,1157,63.2,6325
1019,1087,44.9,4493
1019,57,32.3,3231
1019,4788,44.9,4489
1019,4791,51.8,5177
1050,275,43.2,4323
1050,4706,58.5,5849
1050,1145,76.1,7607
1050,1180,70.0,6996
1050,3299,68.5,6845
1050,4536,67.1,6710
1050,1307,71.3,7130
1050,1491,81.4,8144
1050,4516,42.0,4204
1050,267,57.3,5728
1050,1163,57.1,5711
1050,1096,65.1,6509
1050,1124,58.5,5845
1050,213,63.3,6330
1050,4798,71.1,7113
1050,1482,57.4,5736
1050,4362,42.9,4290
1050,3478,52.2,5221
1050,1047,39.6,3958
1050,1154,62.2,6217
1050,237,56.2,5625
1050,1476,52.9,5289
1050,1166,56.4,5639
1050,936,70.1,7008
1050,229,47.8,4781
1050,219,62.3,6233
1050,3694,56.8,5675
1050,946,44.2,4425
1050,203,79.3,7930
1050,295,41.9,4190
1050,1206,66.3,6628
1050,1127,78.0,7797
1050,4789,66.6,6660
1050,1114,60.0,5997
1050,247,60.2,6024
1050,184,49.7,4974
1050,4170,91.9,9191
1050,18,71.9,7194
1050,1209,84.9,8488
1050,1059,61.4,6143
1050,4790,58.0,5800
1050,277,73.0,7300
1050,4644,53.1,5308
1050,259,55.6,5564
1050,972,46.3,4631
1050,1548,70.8,7082
1050,984,46.6,4664
1050,198,53.9,5389
1050,4489,62.5,6249
1050,1514,73.7,7367
1050,4705,74.2,7418
1050,4795,71.8,7178
1050,4527,75.2,7517
1050,961,52.9,5293
1050,227,70.0,7003
1050,257,44.2,4416
1050,273,47.2,4721
1050,1554,42.7,4272
1050,1175,52.6,5263
1050,205,68.7,6867
1050,4793,69.5,6945
1050,1183,67.7,6765
1050,996,72.8,7282
1050,80,55.7,5566
1050,4257,65.1,6511
1050,4799,73.3,7334
1050,4254,58.5,5851
1050,4431,49.4,4941
1050,1699,65.2,6523
1050,1066,67.2,6719
1050,289,42.2,4216
1050,2521,72.6,7257
1050,188,48.6,4856
1050,1078,54.9,5492
1050,999,77.3,7735
1050,1136,65.9,6592
1050,1490,61.4,6136
1050,297,53.3,5331
1050,1277,68.5,6849
1050,1005,54.2,5418
1050,975,59.5,5954
1050,950,62.1,6212
1050,1063,65.3,6533
1050,1075,51.5,5147
1050,1022,57.4,5736
1050,4833,73.0,7298
1050,4258,58.7,5866
1050,1019,63.7,6369
1050,261,61.1,6115
1050,1520,52.8,5280
1050,269,69.8,6984
1050,1148,71.7,7170
1050,4383,54.4,5442
1050,223,67.3,6734
1050,1072,55.5,5554
1050,4728,56.9,5690
1050,1037,55.8,5575
1050,209,74.2,7423
1050,285,54.0,5397
1050,211,55.5,5548
1050,964,59.6,5965
1050,1130,76.6,7658
1050,249,90.7,9068
1050,255,79.4,7942
1050,77,68.6,6858
1050,4832,74.4,7441
1050,192,75.4,7544
1050,1687,70.3,7030
1050,4256,55.5,5550
1050,942,57.9,5793
1050,1009,61.7,6167
1050,1535,43.3,4328
1050,1002,55.1,5510
1050,287,59.6,5959
1050,1172,68.9,6892
1050,1121,65.3,6528
1050,283,65.9,6592
1050,1025,70.9,7093
1050,967,69.5,6955
1050,241,57.2,5718
1050,1031,63.5,6350
1050,1084,67.5,6747
1050,271,69.7,6967
1050,2046,71.4,7139
1050,233,61.6,6163
1050,1041,41.0,4104
1050,215,66.6,6656
1050,1212,76.3,7632
1050,1157,75.5,7545
1050,1087,58.8,5882
1050,57,45.7,4567
1050,4788,58.8,5878
1050,4791,65.3,6534
261,275,32.5,3250
261,4706,47.3,4727
261,1145,66.5,6648
261,1180,59.5,5949
261,3299,57.8,5782
261,4536,56.3,5633
261,1307,61.0,6099
261,1491,72.9,7294
261,4516,31.4,3142
261,267,46.0,4603
261,1163,45.9,4586
261,1096,54.2,5416
261,1124,47.2,4722
261,213,52.3,5226
261,4798,60.8,6079
261,1482,46.1,4611
261,4362,32.2,3220
261,3478,41.0,4100
261,1047,29.2,2921
261,1154,51.1,5107
261,237,45.0,4499
261,1476,41.7,4166
261,1166,45.1,4514
261,936,59.6,5962
261,229,36.8,3676
261,219,51.2,5124
261,3694,45.5,4549
261,946,33.4,3344
261,203,70.3,7032
261,295,31.3,3129
261,1206,55.5,5545
261,1127,68.7,6872
261,4789,55.8,5579
261,1114,48.8,4878
261,247,49.1,4906
261,184,38.6,3860
261,4170,86.8,8678
261,18,61.7,6171
261,1209,77.3,7728
261,1059,50.3,5030
261,4790,46.8,4677
261,277,62.9,6292
261,4644,41.8,4184
261,259,44.4,4438
261,972,35.4,3536
261,1548,60.5,6045
261,984,35.7,3567
261,198,42.6,4264
261,4489,51.4,5140
261,1514,63.7,6369
261,4705,64.3,6427
261,4795,61.5,6153
261,4527,65.4,6542
261,961,41.7,4170
261,227,59.6,5957
261,257,33.4,3336
261,273,36.2,3620
261,1554,32.0,3204
261,1175,41.4,4141
261,205,58.1,5806
261,4793,58.9,5893
261,1183,56.9,5694
261,996,62.7,6271
261,80,44.4,4440
261,4257,54.2,5419
261,4799,63.3,6331
261,4254,47.3,4728
261,4431,38.3,3829
261,1699,54.3,5431
261,1066,56.4,5644
261,289,31.5,3152
261,2521,62.4,6243
261,188,37.5,3748
261,1078,43.7,4366
261,999,68.0,6798
261,1136,55.1,5506
261,1490,50.2,5022
261,297,42.1,4207
261,1277,57.9,5786
261,1005,42.9,4293
261,975,48.3,4834
261,950,51.0,5101
261,1063,54.4,5443
261,1075,40.3,4028
261,1022,46.1,4611
261,4833,62.9,6290
261,4258,47.4,4744
261,1019,52.7,5268
261,1050,38.9,3885
261,1520,41.6,4157
261,269,59.4,5935
261,1148,61.5,6145
261,4383,43.2,4317
261,223,56.6,5660
261,1072,44.3,4428
261,4728,45.6,4564
261,1037,44.5,4449
261,209,64.3,6433
261,285,42.7,4272
261,211,44.2,4422
261,964,48.5,4845
261,1130,67.1,6708
261,249,85.0,8505
261,255,70.5,7047
261,77,58.0,5795
261,4832,64.5,6454
261,192,65.7,6574
261,1687,59.9,5986
261,4256,44.2,4424
261,942,46.7,4669
261,1009,50.5,5055
261,1535,32.5,3255
261,1002,43.8,4384
261,287,48.4,4839
261,1172,58.3,5834
261,1121,54.4,5438
261,283,55.1,5506
261,1025,60.6,6058
261,967,59.0,5903
261,241,45.9,4593
261,1031,52.5,5247
261,1084,56.7,5674
261,271,59.2,5916
261,2046,61.1,6109
261,233,50.5,5050
261,1041,30.5,3051
261,215,55.8,5575
261,1212,66.8,6676
261,1157,65.8,6575
261,1087,47.6,4760
261,57,34.8,3476
261,4788,47.6,4756
261,4791,54.4,5444
1520,275,40.5,4048
1520,4706,55.7,5573
1520,1145,73.8,7384
1520,1180,67.5,6747
1520,3299,65.9,6591
1520,4536,64.5,6451
1520,1307,68.9,6886
1520,1491,79.5,7950
1520,4516,39.3,3931
1520,267,54.5,5450
1520,1163,54.3,5433
1520,1096,62.5,6245
1520,1124,55.7,5569
1520,213,60.6,6062
1520,4798,68.7,6868
1520,1482,54.6,5459
1520,4362,40.2,4016
1520,3478,49.4,4941
1520,1047,36.9,3690
1520,1154,59.5,5947
1520,237,53.5,5346
1520,1476,50.1,5009
1520,1166,53.6,5361
1520,936,67.6,6759
1520,229,45.0,4501
1520,219,59.6,5964
1520,3694,54.0,5397
1520,946,41.5,4150
1520,203,77.2,7723
1520,295,39.2,3918
1520,1206,63.7,6368
1520,1127,75.8,7583
1520,4789,64.0,6400
1520,1114,57.2,5724
1520,247,57.5,5751
1520,184,46.9,4694
1520,4170,90.8,9081
1520,18,69.5,6952
1520,1209,83.2,8317
1520,1059,58.7,5872
1520,4790,55.2,5524
1520,277,70.6,7063
1520,4644,50.3,5028
1520,259,52.9,5285
1520,972,43.5,4353
1520,1548,68.4,6836
1520,984,43.9,4386
1520,198,51.1,5109
1520,4489,59.8,5979
1520,1514,71.3,7133
1520,4705,71.9,7186
1520,4795,69.3,6935
1520,4527,72.9,7289
1520,961,50.1,5013
1520,227,67.5,6754
1520,257,41.4,4140
1520,273,44.4,4442
1520,1554,40.0,3998
1520,1175,49.8,4983
1520,205,66.1,6614
1520,4793,67.0,6695
1520,1183,65.1,6508
1520,996,70.4,7044
1520,80,52.9,5287
1520,4257,62.5,6247
1520,4799,71.0,7098
1520,4254,55.8,5575
1520,4431,46.6,4661
1520,1699,62.6,6260
1520,1066,64.6,6461
1520,289,39.4,3943
1520,2521,70.2,7018
1520,188,45.8,4576
1520,1078,52.1,5213
1520,999,75.2,7518
1520,1136,63.3,6330
1520,1490,58.6,5865
1520,297,50.5,5051
1520,1277,66.0,6595
1520,1005,51.4,5138
1520,975,56.8,5679
1520,950,59.4,5942
1520,1063,62.7,6270
1520,1075,48.7,4867
1520,1022,54.6,5458
1520,4833,70.6,7061
1520,4258,55.9,5591
1520,1019,61.0,6103
1520,1050,47.2,4720
1520,261,58.4,5843
1520,269,67.3,6734
1520,1148,69.3,6928
1520,4383,51.6,5163
1520,223,64.8,6477
1520,1072,52.8,5275
1520,4728,54.1,5412
1520,1037,53.0,5296
1520,209,71.9,7191
1520,285,51.2,5117
1520,211,52.7,5269
1520,964,56.9,5691
1520,1130,74.4,7437
1520,249,89.5,8946
1520,255,77.4,7736
1520,77,66.0,6604
1520,4832,72.1,7210
1520,192,73.2,7318
1520,1687,67.8,6782
1520,4256,52.7,5271
1520,942,55.2,5517
1520,1009,59.0,5896
1520,1535,40.5,4053
1520,1002,52.3,5231
1520,287,56.9,5685
1520,1172,66.4,6640
1520,1121,62.6,6265
1520,283,63.3,6331
1520,1025,68.5,6848
1520,967,67.0,6705
1520,241,54.4,5440
1520,1031,60.8,6083
1520,1084,64.9,6490
1520,271,67.2,6717
1520,2046,69.0,6896
1520,233,58.9,5892
1520,1041,38.3,3833
1520,215,64.0,6396
1520,1212,74.1,7409
1520,1157,73.2,7318
1520,1087,56.1,5606
1520,57,42.9,4289
1520,4788,56.0,5603
1520,4791,62.7,6271
269,275,24.5,2450
269,4706,38.0,3801
269,1145,57.5,5749
269,1180,50.1,5014
269,3299,48.4,4843
269,4536,46.9,4693
269,1307,51.7,5169
269,1491,64.6,6460
269,4516,23.6,2356
269,267,36.8,3683
269,1163,36.7,3667
269,1096,44.8,4475
269,1124,38.0,3797
269,213,42.9,4286
269,4798,51.5,5149
269,1482,36.9,3691
269,4362,24.2,2424
269,3478,32.1,3213
269,1047,21.7,2166
269,1154,41.7,4169
269,237,35.9,3585
269,1476,32.7,3273
269,1166,36.0,3599
269,936,50.3,5028
269,229,28.3,2828
269,219,41.9,4186
269,3694,36.3,3633
269,946,25.3,2533
269,203,61.7,6168
269,295,23.4,2345
269,1206,46.0,4604
269,1127,59.9,5992
269,4789,46.4,4638
269,1114,39.5,3947
269,247,39.7,3974
269,184,29.9,2994
269,4170,81.0,8105
269,18,52.5,5245
269,1209,69.6,6956
269,1059,40.9,4094
269,4790,37.5,3753
269,277,53.7,5371
269,4644,32.9,3291
269,259,35.3,3527
269,972,27.0,2702
269,1548,51.1,5113
269,984,27.3,2730
269,198,33.6,3365
269,4489,42.0,4202
269,1514,54.5,5453
269,4705,55.1,5514
269,4795,52.2,5225
269,4527,56.4,5636
269,961,32.8,3278
269,227,50.2,5022
269,257,25.2,2525
269,273,27.8,2777
269,1554,24.1,2410
269,1175,32.5,3251
269,205,48.7,4868
269,4793,49.6,4957
269,1183,47.5,4754
269,996,53.5,5349
269,80,35.3,3530
269,4257,44.8,4477
269,4799,54.1,5412
269,4254,38.0,3803
269,4431,29.6,2965
269,1699,44.9,4490
269,1066,47.0,4703
269,289,23.6,2365
269,2521,53.2,5320
269,188,28.9,2892
269,1078,34.6,3460
269,999,59.1,5912
269,1136,45.6,4564
269,1490,40.9,4087
269,297,33.1,3312
269,1277,48.5,4847
269,1005,33.9,3392
269,975,39.0,3904
269,950,41.6,4164
269,1063,45.0,4501
269,1075,31.5,3147
269,1022,36.9,3691
269,4833,53.7,5369
269,4258,38.2,3818
269,1019,43.3,4327
269,1050,30.2,3016
269,261,40.6,4065
269,1520,32.7,3266
269,1148,52.2,5217
269,4383,34.1,3414
269,223,47.2,4720
269,1072,35.2,3518
269,4728,36.5,3647
269,1037,35.4,3538
269,209,55.2,5520
269,285,33.7,3372
269,211,35.1,3513
269,964,39.1,3915
269,1130,58.1,5814
269,249,78.9,7887
269,255,61.9,6185
269,77,48.6,4857
269,4832,55.4,5542
269,192,56.7,5670
269,1687,50.5,5053
269,4256,35.1,3515
269,942,37.5,3747
269,1009,41.2,4119
269,1535,24.5,2454
269,1002,34.8,3477
269,287,39.1,3909
269,1172,49.0,4896
269,1121,45.0,4496
269,283,45.6,4565
269,1025,51.3,5127
269,967,49.7,4968
269,241,36.7,3674
269,1031,43.1,4307
269,1084,47.3,4734
269,271,49.8,4981
269,2046,51.8,5180
269,233,41.1,4114
269,1041,22.8,2277
269,215,46.3,4634
269,1212,57.8,5780
269,1157,56.7,5671
269,1087,38.3,3833
269,57,26.5,2648
269,4788,38.3,3829
269,4791,45.0,4502
1148,275,22.8,2282
1148,4706,36.0,3596
1148,1145,55.4,5535
1148,1180,48.0,4797
1148,3299,46.3,4627
1148,4536,44.8,4477
1148,1307,49.5,4952
1148,1491,62.6,6256
1148,4516,21.9,2192
1148,267,34.8,3480
1148,1163,34.6,3464
1148,1096,42.6,4261
1148,1124,35.9,3591
1148,213,40.7,4074
1148,4798,49.3,4932
1148,1482,34.9,3488
1148,4362,22.6,2257
1148,3478,30.2,3020
1148,1047,20.1,2009
1148,1154,39.6,3958
1148,237,33.8,3384
1148,1476,30.8,3080
1148,1166,34.0,3397
1148,936,48.1,4811
1148,229,26.5,2647
1148,219,39.8,3975
1148,3694,34.3,3431
1148,946,23.6,2362
1148,203,59.6,5959
1148,295,21.8,2181
1148,1206,43.9,4388
1148,1127,57.8,5781
1148,4789,44.2,4423
1148,1114,37.4,3739
1148,247,37.7,3766
1148,184,28.1,2807
1148,4170,79.5,7954
1148,18,50.3,5028
1148,1209,67.6,6763
1148,1059,38.8,3884
1148,4790,35.5,3549
1148,277,51.5,5155
1148,4644,31.0,3097
1148,259,33.3,3327
1148,972,25.2,2525
1148,1548,49.0,4896
1148,984,25.5,2552
1148,198,31.7,3169
1148,4489,39.9,3990
1148,1514,52.4,5236
1148,4705,53.0,5298
1148,4795,50.1,5008
1148,4527,54.2,5421
1148,961,30.8,3084
1148,227,48.0,4805
1148,257,23.5,2354
1148,273,26.0,2597
1148,1554,22.4,2244
1148,1175,30.6,3057
1148,205,46.5,4651
1148,4793,47.4,4740
1148,1183,45.4,4537
1148,996,51.3,5133
1148,80,33.3,3330
1148,4257,42.6,4263
1148,4799,52.0,5196
1148,4254,36.0,3597
1148,4431,27.8,2780
1148,1699,42.8,4275
1148,1066,44.9,4487
1148,289,22.0,2201
1148,2521,51.0,5103
1148,188,27.1,2709
1148,1078,32.6,3262
1148,999,57.0,5700
1148,1136,43.5,4349
1148,1490,38.8,3877
1148,297,31.2,3117
1148,1277,46.3,4631
1148,1005,31.9,3195
1148,975,37.0,3697
1148,950,39.5,3953
1148,1063,42.9,4287
1148,1075,29.6,2956
1148,1022,34.9,3488
1148,4833,51.5,5152
1148,4258,36.1,3612
1148,1019,41.1,4115
1148,1050,28.3,2830
1148,261,38.5,3855
1148,1520,30.7,3072
1148,269,47.8,4783
1148,4383,32.2,3217
1148,223,45.0,4504
1148,1072,33.2,3319
1148,4728,34.4,3444
1148,1037,33.4,3338
1148,209,53.0,5304
1148,285,31.8,3176
1148,211,33.1,3313
1148,964,37.1,3708
1148,1130,56.0,5600
1148,249,77.3,7726
1148,255,59.8,5976
1148,77,46.4,4641
1148,4832,53.3,5327
1148,192,54.5,5455
1148,1687,48.4,4836
1148,4256,33.1,3315
1148,942,35.4,3542
1148,1009,39.1,3908
1148,1535,22.9,2286
1148,1002,32.8,3278
1148,287,37.0,3702
1148,1172,46.8,4680
1148,1121,42.8,4282
1148,283,43.5,4350
1148,1025,49.1,4910
1148,967,47.5,4751
1148,241,34.7,3471
1148,1031,41.0,4095
1148,1084,45.2,4518
1148,271,47.6,4764
1148,2046,49.6,4963
1148,233,39.0,3904
1148,1041,21.2,2117
1148,215,44.2,4418
1148,1212,55.7,5566
1148,1157,54.6,5456
1148,1087,36.3,3627
1148,57,24.7,2473
1148,4788,36.2,3624
1148,4791,42.9,4288
4383,275,38.9,3891
4383,4706,54.1,5412
4383,1145,72.5,7249
4383,1180,66.0,6599
4383,3299,64.4,6440
4383,4536,63.0,6298
4383,1307,67.4,6740
4383,1491,78.3,7832
4383,4516,37.8,3775
4383,267,52.9,5288
4383,1163,52.7,5271
4383,1096,60.9,6089
4383,1124,54.1,5407
4383,213,59.0,5904
4383,4798,67.2,6722
4383,1482,53.0,5297
4383,4362,38.6,3859
4383,3478,47.8,4778
4383,1047,35.4,3537
4383,1154,57.9,5788
4383,237,51.8,5184
4383,1476,48.5,4846
4383,1166,52.0,5198
4383,936,66.1,6611
4383,229,43.4,4340
4383,219,58.0,5805
4383,3694,52.3,5234
4383,946,39.9,3991
4383,203,76.0,7598
4383,295,37.6,3762
4383,1206,62.1,6214
4383,1127,74.5,7454
4383,4789,62.5,6246
4383,1114,55.6,5563
4383,247,55.9,5590
4383,184,45.3,4532
4383,4170,90.1,9012
4383,18,68.1,6808
4383,1209,82.1,8213
4383,1059,57.1,5712
4383,4790,53.6,5362
4383,277,69.2,6921
4383,4644,48.6,4865
4383,259,51.2,5122
4383,972,41.9,4193
4383,1548,66.9,6689
4383,984,42.3,4226
4383,198,49.5,4946
4383,4489,58.2,5820
4383,1514,69.9,6992
4383,4705,70.5,7046
4383,4795,67.9,6791
4383,4527,71.5,7152
4383,961,48.5,4850
4383,227,66.1,6606
4383,257,39.8,3982
4383,273,42.8,4281
4383,1554,38.4,3841
4383,1175,48.2,4820
4383,205,64.6,6463
4383,4793,65.5,6546
4383,1183,63.6,6356
4383,996,69.0,6901
4383,80,51.2,5125
4383,4257,60.9,6091
4383,4799,69.6,6957
4383,4254,54.1,5413
4383,4431,45.0,4499
4383,1699,61.0,6104
4383,1066,63.1,6308
4383,289,37.9,3786
4383,2521,68.8,6875
4383,188,44.1,4415
4383,1078,50.5,5050
4383,999,73.9,7386
4383,1136,61.8,6176
4383,1490,57.0,5705
4383,297,48.9,4888
4383,1277,64.4,6444
4383,1005,49.8,4975
4383,975,55.2,5518
4383,950,57.8,5782
4383,1063,61.1,6115
4383,1075,47.0,4704
4383,1022,53.0,5296
4383,4833,69.2,6918
4383,4258,54.3,5429
4383,1019,59.5,5945
4383,1050,45.6,4558
4383,261,56.8,5683
4383,1520,48.4,4837
4383,269,65.9,6586
4383,1148,67.8,6783
4383,223,63.2,6324
4383,1072,51.1,5112
4383,4728,52.5,5249
4383,1037,51.3,5134
4383,209,70.5,7051
4383,285,49.5,4954
4383,211,51.1,5106
4383,964,55.3,5530
4383,1130,73.0,7304
4383,249,88.7,8869
4383,255,76.1,7612
4383,77,64.5,6453
4383,4832,70.7,7071
4383,192,71.8,7181
4383,1687,66.3,6634
4383,4256,51.1,5108
4383,942,53.5,5355
4383,1009,57.4,5737
4383,1535,39.0,3895
4383,1002,50.7,5068
4383,287,55.2,5524
4383,1172,64.9,6490
4383,1121,61.1,6110
4383,283,61.8,6176
4383,1025,67.0,6701
4383,967,65.6,6556
4383,241,52.8,5278
4383,1031,59.2,5925
4383,1084,63.4,6338
4383,271,65.7,6568
4383,2046,67.5,6750
4383,233,57.3,5732
4383,1041,36.8,3678
4383,215,62.4,6242
4383,1212,72.8,7275
4383,1157,71.8,7182
4383,1087,54.5,5445
4383,57,41.3,4130
4383,4788,54.4,5441
4383,4791,61.2,6116
223,275,26.8,2676
223,4706,40.7,4072
223,1145,60.2,6023
223,1180,53.0,5295
223,3299,51.2,5124
223,4536,49.7,4973
223,1307,54.5,5449
223,1491,67.2,6718
223,4516,25.8,2577
223,267,39.5,3952
223,1163,39.4,3935
223,1096,47.5,4754
223,1124,40.7,4067
223,213,45.6,4564
223,4798,54.3,5429
223,1482,39.6,3960
223,4362,26.5,2649
223,3478,34.7,3469
223,1047,23.8,2378
223,1154,44.5,4446
223,237,38.5,3851
223,1476,35.3,3531
223,1166,38.6,3865
223,936,53.1,5308
223,229,30.7,3070
223,219,44.6,4463
223,3694,39.0,3900
223,946,27.6,2763
223,203,64.3,6433
223,295,25.7,2566
223,1206,48.8,4884
223,1127,62.6,6262
223,4789,49.2,4918
223,1114,42.2,4220
223,247,42.5,4248
223,184,32.4,3242
223,4170,82.9,8289
223,18,55.2,5524
223,1209,72.0,7197
223,1059,43.7,4370
223,4790,40.2,4023
223,277,56.5,5650
223,4644,35.5,3549
223,259,37.9,3792
223,972,29.4,2939
223,1548,53.9,5393
223,984,29.7,2968
223,198,36.2,3625
223,4489,44.8,4479
223,1514,57.3,5730
223,4705,57.9,5791
223,4795,55.0,5505
223,4527,59.1,5911
223,961,35.4,3535
223,227,53.0,5303
223,257,27.6,2755
223,273,30.2,3017
223,1554,26.3,2634
223,1175,35.1,3508
223,205,51.5,5148
223,4793,52.4,5237
223,1183,50.3,5034
223,996,56.3,5628
223,80,37.9,3794
223,4257,47.6,4756
223,4799,56.9,5690
223,4254,40.7,4073
223,4431,32.1,3213
223,1699,47.7,4769
223,1066,49.8,4983
223,289,25.9,2587
223,2521,56.0,5599
223,188,31.4,3137
223,1078,37.2,3723
223,999,61.8,6183
223,1136,48.4,4844
223,1490,43.6,4362
223,297,35.7,3570
223,1277,51.3,5128
223,1005,36.5,3653
223,975,41.8,4176
223,950,44.4,4440
223,1063,47.8,4781
223,1075,34.0,3400
223,1022,39.6,3959
223,4833,56.5,5647
223,4258,40.9,4089
223,1019,46.0,4605
223,1050,32.7,3266
223,261,43.4,4340
223,1520,35.2,3523
223,269,52.8,5280
223,1148,55.0,5496
223,4383,36.8,3676
223,1072,37.8,3783
223,4728,39.1,3914
223,1037,38.0,3803
223,209,58.0,5797
223,285,36.3,3633
223,211,37.8,3777
223,964,41.9,4188
223,1130,60.9,6086
223,249,80.8,8085
223,255,64.5,6450
223,77,51.4,5138
223,4832,58.2,5819
223,192,59.5,5945
223,1687,53.3,5333
223,4256,37.8,3779
223,942,40.2,4016
223,1009,43.9,4394
223,1535,26.8,2681
223,1002,37.4,3740
223,287,41.8,4182
223,1172,51.8,5177
223,1121,47.8,4775
223,283,48.4,4844
223,1025,54.1,5407
223,967,52.5,5248
223,241,39.4,3942
223,1031,45.9,4585
223,1084,50.1,5015
223,271,52.6,5261
223,2046,54.6,5460
223,233,43.9,4389
223,1041,24.9,2495
223,215,49.1,4914
223,1212,60.5,6053
223,1157,59.5,5946
223,1087,41.0,4104
223,57,28.8,2884
223,4788,41.0,4100
223,4791,47.8,4782
1072,275,37.8,3783
1072,4706,53.0,5300
1072,1145,71.5,7154
1072,1180,65.0,6495
1072,3299,63.4,6335
1072,4536,61.9,6192
1072,1307,66.4,6638
1072,1491,77.5,7749
1072,4516,36.7,3668
1072,267,51.8,5176
1072,1163,51.6,5159
1072,1096,59.8,5981
1072,1124,53.0,5295
1072,213,57.9,5794
1072,4798,66.2,6619
1072,1482,51.8,5184
1072,4362,37.5,3752
1072,3478,46.7,4666
1072,1047,34.3,3433
1072,1154,56.8,5678
1072,237,50.7,5071
1072,1476,47.3,4734
1072,1166,50.9,5086
1072,936,65.1,6507
1072,229,42.3,4230
1072,219,57.0,5695
1072,3694,51.2,5122
1072,946,38.8,3883
1072,203,75.1,7510
1072,295,36.5,3655
1072,1206,61.1,6106
1072,1127,73.6,7362
1072,4789,61.4,6139
1072,1114,54.5,5451
1072,247,54.8,5479
1072,184,44.2,4420
1072,4170,89.6,8962
1072,18,67.1,6707
1072,1209,81.4,8138
1072,1059,56.0,5602
1072,4790,52.5,5250
1072,277,68.2,6821
1072,4644,47.5,4753
1072,259,50.1,5010
1072,972,40.8,4083
1072,1548,65.9,6587
1072,984,41.2,4116
1072,198,48.3,4834
1072,4489,57.1,5710
1072,1514,68.9,6894
1072,4705,69.5,6948
1072,4795,66.9,6689
1072,4527,70.6,7056
1072,961,47.4,4738
1072,227,65.0,6502
1072,257,38.7,3873
1072,273,41.7,4171
1072,1554,37.3,3734
1072,1175,47.1,4708
1072,205,63.6,6358
1072,4793,64.4,6441
1072,1183,62.5,6250
1072,996,68.0,6801
1072,80,50.1,5012
1072,4257,59.8,5983
1072,4799,68.6,6858
1072,4254,53.0,5302
1072,4431,43.9,4388
1072,1699,60.0,5995
1072,1066,62.0,6202
1072,289,36.8,3680
1072,2521,67.8,6775
1072,188,43.0,4304
1072,1078,49.4,4937
1072,999,72.9,7294
1072,1136,60.7,6068
1072,1490,55.9,5594
1072,297,47.8,4775
1072,1277,63.4,6339
1072,1005,48.6,4863
1072,975,54.1,5407
1072,950,56.7,5672
1072,1063,60.1,6007
1072,1075,45.9,4593
1072,1022,51.8,5184
1072,4833,68.2,6819
1072,4258,53.2,5317
1072,1019,58.4,5836
1072,1050,44.5,4446
1072,261,55.7,5572
1072,1520,47.2,4725
1072,269,64.8,6482
1072,1148,66.8,6681
1072,4383,48.9,4888
1072,223,62.2,6217
1072,4728,51.4,5137
1072,1037,50.2,5021
1072,209,69.5,6954
1072,285,48.4,4842
1072,211,49.9,4994
1072,964,54.2,5418
1072,1130,72.1,7210
1072,249,88.1,8814
1072,255,75.2,7523
1072,77,63.5,6348
1072,4832,69.7,6973
1072,192,70.8,7085
1072,1687,65.3,6531
1072,4256,50.0,4996
1072,942,52.4,5243
1072,1009,56.3,5626
1072,1535,37.9,3788
1072,1002,49.6,4956
1072,287,54.1,5412
1072,1172,63.9,6385
1072,1121,60.0,6002
1072,283,60.7,6068
1072,1025,66.0,6599
1072,967,64.5,6451
1072,241,51.7,5166
1072,1031,58.1,5815
1072,1084,62.3,6231
1072,271,64.6,6464
1072,2046,66.5,6648
1072,233,56.2,5621
1072,1041,35.7,3572
1072,215,61.4,6135
1072,1212,71.8,7181
1072,1157,70.9,7086
1072,1087,53.3,5333
1072,57,40.2,4020
1072,4788,53.3,5329
1072,4791,60.1,6007
4728,275,36.5,3653
4728,4706,51.6,5163
4728,1145,70.4,7037
4728,1180,63.7,6367
4728,3299,62.0,6204
4728,4536,60.6,6060
4728,1307,65.1,6511
4728,1491,76.4,7644
4728,4516,35.4,3539
4728,267,50.4,5039
4728,1163,50.2,5021
4728,1096,58.5,5847
4728,1124,51.6,5158
4728,213,56.6,5659
4728,4798,64.9,6493
4728,1482,50.5,5047
4728,4362,36.2,3622
4728,3478,45.3,4530
4728,1047,33.1,3307
4728,1154,55.4,5542
4728,237,49.3,4934
4728,1476,46.0,4597
4728,1166,49.5,4949
4728,936,63.8,6379
4728,229,41.0,4095
4728,219,55.6,5559
4728,3694,49.9,4985
4728,946,37.5,3751
4728,203,74.0,7399
4728,295,35.3,3527
4728,1206,59.7,5973
4728,1127,72.5,7249
4728,4789,60.1,6007
4728,1114,53.1,5315
4728,247,53.4,5342
4728,184,42.9,4285
4728,4170,89.0,8898
4728,18,65.8,6581
4728,1209,80.4,8044
4728,1059,54.6,5465
4728,4790,51.1,5113
4728,277,67.0,6697
4728,4644,46.2,4616
4728,259,48.7,4872
4728,972,39.5,3950
4728,1548,64.6,6459
4728,984,39.8,3982
4728,198,47.0,4697
4728,4489,55.8,5575
4728,1514,67.7,6771
4728,4705,68.3,6827
4728,4795,65.6,6563
4728,4527,69.4,6936
4728,961,46.0,4601
4728,227,63.7,6374
4728,257,37.4,3742
4728,273,40.4,4037
4728,1554,36.0,3605
4728,1175,45.7,4571
4728,205,62.3,6228
4728,4793,63.1,6312
4728,1183,61.2,6119
4728,996,66.8,6677
4728,80,48.8,4875
4728,4257,58.5,5849
4728,4799,67.3,6734
4728,4254,51.6,5164
4728,4431,42.5,4252
4728,1699,58.6,5862
4728,1066,60.7,6070
4728,289,35.5,3551
4728,2521,66.5,6650
4728,188,41.7,4169
4728,1078,48.0,4800
4728,999,71.8,7179
4728,1136,59.4,5935
4728,1490,54.6,5458
4728,297,46.4,4638
4728,1277,62.1,6208
4728,1005,47.3,4726
4728,975,52.7,5270
4728,950,55.4,5536
4728,1063,58.7,5873
4728,1075,44.6,4456
4728,1022,50.5,5047
4728,4833,67.0,6695
4728,4258,51.8,5180
4728,1019,57.0,5701
4728,1050,43.1,4310
4728,261,54.4,5436
4728,1520,45.9,4588
4728,269,63.5,6353
4728,1148,65.6,6556
4728,4383,47.5,4751
4728,223,60.9,6086
4728,1072,48.6,4863
4728,1037,48.8,4884
4728,209,68.3,6832
4728,285,47.0,4705
4728,211,48.6,4857
4728,964,52.8,5281
4728,1130,70.9,7093
4728,249,87.5,8745
4728,255,74.1,7413
4728,77,62.2,6218
4728,4832,68.5,6852
4728,192,69.7,6966
4728,1687,64.0,6403
4728,4256,48.6,4859
4728,942,51.1,5106
4728,1009,54.9,5490
4728,1535,36.6,3658
4728,1002,48.2,4818
4728,287,52.8,5276
4728,1172,62.5,6255
4728,1121,58.7,5868
4728,283,59.4,5935
4728,1025,64.7,6472
4728,967,63.2,6323
4728,241,50.3,5028
4728,1031,56.8,5681
4728,1084,61.0,6100
4728,271,63.4,6335
4728,2046,65.2,6522
4728,233,54.9,5485
4728,1041,34.4,3444
4728,215,60.0,6003
4728,1212,70.6,7064
4728,1157,69.7,6967
4728,1087,52.0,5196
4728,57,38.9,3888
4728,4788,51.9,5192
4728,4791,58.7,5874
1037,275,37.6,3763
1037,4706,52.8,5279
1037,1145,71.4,7136
1037,1180,64.8,6475
1037,3299,63.1,6315
1037,4536,61.7,6171
1037,1307,66.2,6618
1037,1491,77.3,7733
1037,4516,36.5,3648
1037,267,51.5,5155
1037,1163,51.4,5137
1037,1096,59.6,5960
1037,1124,52.7,5274
1037,213,57.7,5774
1037,4798,66.0,6600
1037,1482,51.6,5163
1037,4362,37.3,3732
1037,3478,46.5,4645
1037,1047,34.1,3413
1037,1154,56.6,5657
1037,237,50.5,5050
1037,1476,47.1,4712
1037,1166,50.6,5065
1037,936,64.9,6488
1037,229,42.1,4209
1037,219,56.7,5674
1037,3694,51.0,5101
1037,946,38.6,3862
1037,203,74.9,7493
1037,295,36.4,3635
1037,1206,60.9,6086
1037,1127,73.5,7345
1037,4789,61.2,6119
1037,1114,54.3,5430
1037,247,54.6,5458
1037,184,44.0,4399
1037,4170,89.5,8952
1037,18,66.9,6687
1037,1209,81.2,8124
1037,1059,55.8,5580
1037,4790,52.3,5229
1037,277,68.0,6802
1037,4644,47.3,4731
1037,259,49.9,4989
1037,972,40.6,4062
1037,1548,65.7,6567
1037,984,41.0,4095
1037,198,48.1,4813
1037,4489,56.9,5689
1037,1514,68.8,6875
1037,4705,69.3,6929
1037,4795,66.7,6670
1037,4527,70.4,7038
1037,961,47.2,4717
1037,227,64.8,6483
1037,257,38.5,3853
1037,273,41.5,4150
1037,1554,37.1,3714
1037,1175,46.9,4687
1037,205,63.4,6338
1037,4793,64.2,6421
1037,1183,62.3,6230
1037,996,67.8,6782
1037,80,49.9,4991
1037,4257,59.6,5962
1037,4799,68.4,6839
1037,4254,52.8,5280
1037,4431,43.7,4367
1037,1699,59.8,5975
1037,1066,61.8,6181
1037,289,36.6,3660
1037,2521,67.6,6756
1037,188,42.8,4283
1037,1078,49.2,4916
1037,999,72.8,7276
1037,1136,60.5,6047
1037,1490,55.7,5573
1037,297,47.5,4754
1037,1277,63.2,6319
1037,1005,48.4,4842
1037,975,53.9,5385
1037,950,56.5,5651
1037,1063,59.9,5986
1037,1075,45.7,4571
1037,1022,51.6,5163
1037,4833,68.0,6800
1037,4258,53.0,5296
1037,1019,58.1,5815
1037,1050,44.2,4425
1037,261,55.5,5551
1037,1520,47.0,4704
1037,269,64.6,6462
1037,1148,66.6,6662
1037,4383,48.7,4866
1037,223,62.0,6197
1037,1072,49.8,4979
1037,4728,51.2,5116
1037,209,69.3,6935
1037,285,48.2,4821
1037,211,49.7,4973
1037,964,54.0,5397
1037,1130,71.9,7192
1037,249,88.0,8804
1037,255,75.1,7507
1037,77,63.3,6328
1037,4832,69.5,6955
1037,192,70.7,7067
1037,1687,65.1,6511
1037,4256,49.8,4975
1037,942,52.2,5222
1037,1009,56.0,5605
1037,1535,37.7,3768
1037,1002,49.3,4934
1037,287,53.9,5391
1037,1172,63.6,6365
1037,1121,59.8,5981
1037,283,60.5,6048
1037,1025,65.8,6579
1037,967,64.3,6432
1037,241,51.5,5145
1037,1031,58.0,5795
1037,1084,62.1,6211
1037,271,64.4,6444
1037,2046,66.3,6629
1037,233,56.0,5600
1037,1041,35.5,3552
1037,215,61.1,6115
1037,1212,71.6,7163
1037,1157,70.7,7068
1037,1087,53.1,5312
1037,57,40.0,4000
1037,4788,53.1,5308
1037,4791,59.9,5987
209,275,20.6,2058
209,4706,33.1,3315
209,1145,52.3,5232
209,1180,44.9,4494
209,3299,43.2,4325
209,4536,41.8,4177
209,1307,46.5,4648
209,1491,59.6,5963
209,4516,19.7,1973
209,267,32.0,3203
209,1163,31.9,3187
209,1096,39.6,3964
209,1124,33.1,3310
209,213,37.8,3780
209,4798,46.3,4628
209,1482,32.1,3210
209,4362,20.4,2035
209,3478,27.6,2760
209,1047,18.0,1802
209,1154,36.7,3668
209,237,31.1,3109
209,1476,28.2,2816
209,1166,31.2,3123
209,936,45.1,4507
209,229,24.0,2403
209,219,36.8,3684
209,3694,31.6,3155
209,946,21.3,2133
209,203,56.6,5661
209,295,19.6,1963
209,1206,40.9,4090
209,1127,54.8,5480
209,4789,41.2,4123
209,1114,34.5,3454
209,247,34.8,3480
209,184,25.6,2556
209,4170,77.3,7730
209,18,47.2,4724
209,1209,64.8,6484
209,1059,36.0,3595
209,4790,32.7,3269
209,277,48.5,4851
209,4644,28.3,2833
209,259,30.6,3055
209,972,22.9,2287
209,1548,45.9,4593
209,984,23.1,2313
209,198,29.0,2902
209,4489,37.0,3699
209,1514,49.3,4932
209,4705,49.9,4994
209,4795,47.0,4704
209,4527,51.2,5118
209,961,28.2,2820
209,227,45.0,4502
209,257,21.3,2126
209,273,23.6,2356
209,1554,20.2,2022
209,1175,27.9,2795
209,205,43.5,4349
209,4793,44.4,4437
209,1183,42.4,4237
209,996,48.3,4828
209,80,30.6,3057
209,4257,39.7,3966
209,4799,48.9,4891
209,4254,33.2,3316
209,4431,25.3,2530
209,1699,39.8,3978
209,1066,41.9,4187
209,289,19.8,1981
209,2521,48.0,4799
209,188,24.6,2462
209,1078,29.9,2992
209,999,54.0,5398
209,1136,40.5,4051
209,1490,35.9,3588
209,297,28.5,2852
209,1277,43.3,4329
209,1005,29.3,2927
209,975,34.1,3413
209,950,36.6,3662
209,1063,39.9,3989
209,1075,27.0,2698
209,1022,32.1,3210
209,4833,48.5,4848
209,4258,33.3,3330
209,1019,38.2,3820
209,1050,25.8,2577
209,261,35.7,3567
209,1520,28.1,2809
209,269,44.8,4480
209,1148,47.0,4696
209,4383,29.5,2949
209,223,42.0,4203
209,1072,30.5,3046
209,4728,31.7,3168
209,1037,30.6,3065
209,285,29.1,2909
209,211,30.4,3041
209,964,34.2,3423
209,1130,53.0,5298
209,249,74.9,7489
209,255,56.8,5678
209,77,43.4,4339
209,4832,50.2,5023
209,192,51.5,5152
209,1687,45.3,4533
209,4256,30.4,3043
209,942,32.6,3263
209,1009,36.2,3619
209,1535,20.6,2062
209,1002,30.1,3008
209,287,34.2,3418
209,1172,43.8,4378
209,1121,39.9,3985
209,283,40.5,4051
209,1025,46.1,4606
209,967,44.5,4448
209,241,31.9,3193
209,1031,38.0,3801
209,1084,42.2,4218
209,271,44.6,4461
209,2046,46.6,4659
209,233,36.1,3614
209,1041,19.0,1902
209,215,41.2,4119
209,1212,52.6,5264
209,1157,51.5,5153
209,1087,33.5,3345
209,57,22.4,2239
209,4788,33.4,3342
209,4791,39.9,3990
285,275,39.4,3935
285,4706,54.6,5457
285,1145,72.9,7287
285,1180,66.4,6641
285,3299,64.8,6483
285,4536,63.4,6342
285,1307,67.8,6781
285,1491,78.7,7866
285,4516,38.2,3819
285,267,53.3,5334
285,1163,53.2,5317
285,1096,61.3,6134
285,1124,54.5,5453
285,213,59.5,5949
285,4798,67.6,6763
285,1482,53.4,5342
285,4362,39.0,3903
285,3478,48.2,4824
285,1047,35.8,3580
285,1154,58.3,5833
285,237,52.3,5230
285,1476,48.9,4892
285,1166,52.4,5244
285,936,66.5,6653
285,229,43.9,4386
285,219,58.5,5850
285,3694,52.8,5280
285,946,40.4,4036
285,203,76.3,7634
285,295,38.1,3806
285,1206,62.6,6257
285,1127,74.9,7490
285,4789,62.9,6290
285,1114,56.1,5608
285,247,56.4,5635
285,184,45.8,4577
285,4170,90.3,9031
285,18,68.5,6849
285,1209,82.4,8243
285,1059,57.6,5757
285,4790,54.1,5408
285,277,69.6,6961
285,4644,49.1,4911
285,259,51.7,5168
285,972,42.4,4238
285,1548,67.3,6731
285,984,42.7,4271
285,198,49.9,4992
285,4489,58.6,5865
285,1514,70.3,7032
285,4705,70.9,7086
285,4795,68.3,6832
285,4527,71.9,7191
285,961,49.0,4896
285,227,66.5,6648
285,257,40.3,4026
285,273,43.3,4326
285,1554,38.9,3886
285,1175,48.7,4866
285,205,65.1,6506
285,4793,65.9,6588
285,1183,64.0,6399
285,996,69.4,6942
285,80,51.7,5170
285,4257,61.4,6136
285,4799,70.0,6997
285,4254,54.6,5459
285,4431,45.5,4545
285,1699,61.5,6148
285,1066,63.5,6352
285,289,38.3,3830
285,2521,69.2,6916
285,188,44.6,4460
285,1078,51.0,5096
285,999,74.2,7424
285,1136,62.2,6219
285,1490,57.5,5750
285,297,49.3,4934
285,1277,64.9,6487
285,1005,50.2,5021
285,975,55.6,5564
285,950,58.3,5827
285,1063,61.6,6159
285,1075,47.5,4750
285,1022,53.4,5342
285,4833,69.6,6959
285,4258,54.8,5475
285,1019,59.9,5990
285,1050,46.0,4603
285,261,57.3,5728
285,1520,48.8,4883
285,269,66.3,6628
285,1148,68.2,6824
285,4383,50.5,5046
285,223,63.7,6367
285,1072,51.6,5158
285,4728,53.0,5295
285,1037,51.8,5179
285,209,70.9,7091
285,211,51.5,5152
285,964,55.8,5575
285,1130,73.4,7342
285,249,88.9,8891
285,255,76.5,7647
285,77,65.0,6496
285,4832,71.1,7110
285,192,72.2,7220
285,1687,66.8,6676
285,4256,51.5,5154
285,942,54.0,5400
285,1009,57.8,5782
285,1535,39.4,3940
285,1002,51.1,5114
285,287,55.7,5569
285,1172,65.3,6532
285,1121,61.5,6154
285,283,62.2,6220
285,1025,67.4,6743
285,967,66.0,6598
285,241,53.2,5324
285,1031,59.7,5970
285,1084,63.8,6381
285,271,66.1,6610
285,2046,67.9,6791
285,233,57.8,5777
285,1041,37.2,3721
285,215,62.9,6286
285,1212,73.1,7313
285,1157,72.2,7221
285,1087,54.9,5490
285,57,41.7,4174
285,4788,54.9,5487
285,4791,61.6,6160
211,275,37.9,3789
211,4706,53.1,5306
211,1145,71.6,7159
211,1180,65.0,6500
211,3299,63.4,6340
211,4536,62.0,6197
211,1307,66.4,6643
211,1491,77.5,7753
211,4516,36.7,3674
211,267,51.8,5182
211,1163,51.6,5165
211,1096,59.9,5987
211,1124,53.0,5301
211,213,58.0,5800
211,4798,66.2,6625
211,1482,51.9,5190
211,4362,37.6,3758
211,3478,46.7,4672
211,1047,34.4,3439
211,1154,56.8,5683
211,237,50.8,5077
211,1476,47.4,4739
211,1166,50.9,5092
211,936,65.1,6513
211,229,42.4,4236
211,219,57.0,5700
211,3694,51.3,5128
211,946,38.9,3888
211,203,75.1,7514
211,295,36.6,3661
211,1206,61.1,6112
211,1127,73.7,7367
211,4789,61.5,6145
211,1114,54.6,5457
211,247,54.9,5485
211,184,44.3,4426
211,4170,89.6,8964
211,18,67.1,6712
211,1209,81.4,8142
211,1059,56.1,5607
211,4790,52.6,5256
211,277,68.3,6826
211,4644,47.6,4759
211,259,50.2,5016
211,972,40.9,4089
211,1548,65.9,6592
211,984,41.2,4122
211,198,48.4,4840
211,4489,57.2,5716
211,1514,69.0,6899
211,4705,69.5,6953
211,4795,66.9,6694
211,4527,70.6,7061
211,961,47.4,4744
211,227,65.1,6508
211,257,38.8,3879
211,273,41.8,4177
211,1554,37.4,3740
211,1175,47.1,4714
211,205,63.6,6363
211,4793,64.5,6447
211,1183,62.5,6255
211,996,68.1,6806
211,80,50.2,5018
211,4257,59.9,5989
211,4799,68.6,6863
211,4254,53.1,5307
211,4431,43.9,4394
211,1699,60.0,6001
211,1066,62.1,6207
211,289,36.9,3685
211,2521,67.8,6780
211,188,43.1,4310
211,1078,49.4,4943
211,999,73.0,7299
211,1136,60.7,6073
211,1490,56.0,5600
211,297,47.8,4781
211,1277,63.4,6344
211,1005,48.7,4869
211,975,54.1,5413
211,950,56.8,5678
211,1063,60.1,6012
211,1075,46.0,4598
211,1022,51.9,5190
211,4833,68.2,6824
211,4258,53.2,5323
211,1019,58.4,5841
211,1050,44.5,4452
211,261,55.8,5578
211,1520,47.3,4731
211,269,64.9,6487
211,1148,66.9,6687
211,4383,48.9,4894
211,223,62.2,6223
211,1072,50.1,5006
211,4728,51.4,5143
211,1037,50.3,5027
211,209,69.6,6959
211,285,48.5,4848
211,964,54.2,5424
211,1130,72.2,7215
211,249,88.2,8817
211,255,75.3,7528
211,77,63.5,6353
211,4832,69.8,6979
211,192,70.9,7091
211,1687,65.4,6536
211,4256,50.0,5002
211,942,52.5,5249
211,1009,56.3,5632
211,1535,37.9,3794
211,1002,49.6,4961
211,287,54.2,5418
211,1172,63.9,6390
211,1121,60.1,6007
211,283,60.7,6074
211,1025,66.0,6604
211,967,64.6,6457
211,241,51.7,5172
211,1031,58.2,5821
211,1084,62.4,6237
211,271,64.7,6469
211,2046,66.5,6653
211,233,56.3,5627
211,1041,35.8,3578
211,215,61.4,6141
211,1212,71.9,7186
211,1157,70.9,7091
211,1087,53.4,5339
211,57,40.3,4026
211,4788,53.4,5335
211,4791,60.1,6013
964,275,33.9,3391
964,4706,48.8,4881
964,1145,67.9,6788
964,1180,61.0,6099
964,3299,59.3,5933
964,4536,57.9,5786
964,1307,62.5,6247
964,1491,74.2,7422
964,4516,32.8,3281
964,267,47.6,4757
964,1163,47.4,4740
964,1096,55.7,5570
964,1124,48.8,4877
964,213,53.8,5380
964,4798,62.3,6228
964,1482,47.7,4766
964,4362,33.6,3361
964,3478,42.5,4252
964,1047,30.6,3056
964,1154,52.6,5262
964,237,46.5,4653
964,1476,43.2,4318
964,1166,46.7,4668
964,936,61.1,6112
964,229,38.2,3824
964,219,52.8,5279
964,3694,47.0,4704
964,946,34.9,3487
964,203,71.7,7165
964,295,32.7,3268
964,1206,57.0,5698
964,1127,70.1,7008
964,4789,57.3,5732
964,1114,50.3,5034
964,247,50.6,5061
964,184,40.1,4010
964,4170,87.6,8760
964,18,63.2,6319
964,1209,78.4,7844
964,1059,51.9,5185
964,4790,48.3,4831
964,277,64.4,6438
964,4644,43.4,4337
964,259,45.9,4592
964,972,36.8,3681
964,1548,61.9,6194
964,984,37.1,3713
964,198,44.2,4417
964,4489,53.0,5295
964,1514,65.1,6514
964,4705,65.7,6571
964,4795,63.0,6300
964,4527,66.8,6684
964,961,43.2,4322
964,227,61.1,6106
964,257,34.8,3478
964,273,37.7,3766
964,1554,33.4,3344
964,1175,42.9,4293
964,205,59.6,5957
964,4793,60.4,6043
964,1183,58.5,5846
964,996,64.2,6417
964,80,45.9,4594
964,4257,55.7,5572
964,4799,64.8,6476
964,4254,48.8,4883
964,4431,39.8,3978
964,1699,55.9,5585
964,1066,58.0,5796
964,289,32.9,3292
964,2521,63.9,6390
964,188,39.0,3896
964,1078,45.2,4520
964,999,69.4,6936
964,1136,56.6,5659
964,1490,51.8,5177
964,297,43.6,4359
964,1277,59.4,5937
964,1005,44.5,4446
964,975,49.9,4989
964,950,52.6,5256
964,1063,56.0,5596
964,1075,41.8,4179
964,1022,47.6,4765
964,4833,64.3,6435
964,4258,49.0,4899
964,1019,54.2,5422
964,1050,40.4,4035
964,261,51.5,5155
964,1520,43.1,4309
964,269,60.9,6085
964,1148,62.9,6292
964,4383,44.7,4470
964,223,58.1,5812
964,1072,45.8,4582
964,4728,47.2,4719
964,1037,46.0,4603
964,209,65.8,6577
964,285,44.2,4425
964,211,45.8,4576
964,1130,68.5,6847
964,249,85.9,8593
964,255,71.8,7180
964,77,59.5,5947
964,4832,66.0,6597
964,192,67.2,6715
964,1687,61.4,6136
964,4256,45.8,4578
964,942,48.2,4824
964,1009,52.1,5210
964,1535,34.0,3396
964,1002,45.4,4538
964,287,49.9,4994
964,1172,59.9,5985
964,1121,55.9,5591
964,283,56.6,5659
964,1025,62.1,6206
964,967,60.5,6054
964,241,47.5,4747
964,1031,54.0,5402
964,1084,58.3,5827
964,271,60.7,6066
964,2046,62.6,6258
964,233,52.0,5205
964,1041,31.9,3189
964,215,57.3,5728
964,1212,68.2,6816
964,1157,67.2,6716
964,1087,49.1,4915
964,57,36.2,3620
964,4788,49.1,4911
964,4791,56.0,5597
1130,275,18.5,1852
1130,4706,30.5,3048
1130,1145,49.3,4934
1130,1180,42.0,4200
1130,3299,40.3,4033
1130,4536,38.9,3887
1130,1307,43.5,4353
1130,1491,56.7,5671
1130,4516,17.7,1772
1130,267,29.4,2940
1130,1163,29.2,2925
1130,1096,36.8,3679
1130,1124,30.4,3044
1130,213,35.0,3500
1130,4798,43.3,4333
1130,1482,29.5,2947
1130,4362,18.3,1830
1130,3478,25.2,2516
1130,1047,16.1,1613
1130,1154,33.9,3390
1130,237,28.5,2850
1130,1476,25.7,2570
1130,1166,28.6,2863
1130,936,42.1,4213
1130,229,21.8,2177
1130,219,34.1,3406
1130,3694,28.9,2894
1130,946,19.2,1922
1130,203,53.6,5365
1130,295,17.6,1763
1130,1206,38.0,3802
1130,1127,51.8,5183
1130,4789,38.4,3835
1130,1114,31.8,3183
1130,247,32.1,3208
1130,184,23.2,2322
1130,4170,75.0,7499
1130,18,44.3,4427
1130,1209,62.0,6203
1130,1059,33.2,3320
1130,4790,30.0,3004
1130,277,45.5,4553
1130,4644,25.9,2585
1130,259,28.0,2798
1130,972,20.7,2068
1130,1548,43.0,4297
1130,984,20.9,2092
1130,198,26.5,2652
1130,4489,34.2,3420
1130,1514,46.3,4634
1130,4705,47.0,4696
1130,4795,44.1,4408
1130,4527,48.2,4819
1130,961,25.7,2573
1130,227,42.1,4208
1130,257,19.2,1916
1130,273,21.3,2132
1130,1554,18.2,1818
1130,1175,25.5,2549
1130,205,40.6,4057
1130,4793,41.4,4144
1130,1183,39.5,3946
1130,996,45.3,4531
1130,80,28.0,2800
1130,4257,36.8,3681
1130,4799,45.9,4594
1130,4254,30.5,3050
1130,4431,23.0,2297
1130,1699,36.9,3693
1130,1066,39.0,3897
1130,289,17.8,1780
1130,2521,45.0,4502
1130,188,22.3,2232
1130,1078,27.4,2737
1130,999,51.0,5100
1130,1136,37.6,3764
1130,1490,33.1,3313
1130,297,26.0,2604
1130,1277,40.4,4037
1130,1005,26.8,2676
1130,975,31.4,3143
1130,950,33.9,3385
1130,1063,37.0,3704
1130,1075,24.6,2457
1130,1022,29.5,2947
1130,4833,45.5,4550
1130,4258,30.6,3063
1130,1019,35.4,3539
1130,1050,23.4,2342
1130,261,32.9,3292
1130,1520,25.6,2563
1130,269,41.9,4186
1130,1148,44.0,4400
1130,4383,27.0,2696
1130,223,39.1,3914
1130,1072,27.9,2790
1130,4728,29.1,2907
1130,1037,28.1,2808
1130,209,47.0,4702
1130,285,26.6,2658
1130,211,27.9,2785
1130,964,31.5,3153
1130,249,72.5,7245
1130,255,53.8,5383
1130,77,40.5,4047
1130,4832,47.2,4725
1130,192,48.5,4854
1130,1687,42.4,4238
1130,4256,27.9,2787
1130,942,30.0,2998
1130,1009,33.4,3343
1130,1535,18.6,1855
1130,1002,27.5,2753
1130,287,31.5,3148
1130,1172,40.9,4085
1130,1121,37.0,3699
1130,283,37.6,3764
1130,1025,43.1,4310
1130,967,41.5,4154
1130,241,29.3,2931
1130,1031,35.2,3520
1130,1084,39.3,3928
1130,271,41.7,4167
1130,2046,43.6,4363
1130,233,33.4,3338
1130,1041,17.1,1706
1130,215,38.3,3831
1130,1212,49.7,4966
1130,1157,48.5,4855
1130,1087,30.8,3077
1130,57,20.2,2022
1130,4788,30.7,3074
1130,4791,37.0,3705
249,275,6.8,678
249,4706,13.4,1341
249,1145,27.0,2700
249,1180,21.2,2124
249,3299,20.0,2001
249,4536,19.0,1897
249,1307,22.4,2238
249,1491,33.5,3346
249,4516,6.4,639
249,267,12.8,1275
249,1163,12.7,1266
249,1096,17.5,1752
249,1124,13.4,1339
249,213,16.3,1631
249,4798,22.2,2223
249,1482,12.8,1280
249,4362,6.7,668
249,3478,10.3,1028
249,1047,5.6,564
249,1154,15.6,1559
249,237,12.2,1221
249,1476,10.6,1058
249,1166,12.3,1229
249,936,21.3,2133
249,229,8.4,843
249,219,15.7,1569
249,3694,12.5,1247
249,946,7.1,713
249,203,30.7,3069
249,295,6.3,635
249,1206,18.4,1837
249,1127,29.1,2910
249,4789,18.6,1860
249,1114,14.3,1426
249,247,14.4,1441
249,184,9.2,921
249,4170,53.1,5310
249,18,22.9,2295
249,1209,38.6,3858
249,1059,15.1,1513
249,4790,13.1,1314
249,277,23.9,2393
249,4644,10.7,1067
249,259,11.9,1190
249,972,7.9,787
249,1548,22.0,2196
249,984,8.0,799
249,198,11.1,1105
249,4489,15.8,1579
249,1514,24.6,2457
249,4705,25.1,2506
249,4795,22.8,2280
249,4527,26.1,2605
249,961,10.6,1060
249,227,21.3,2129
249,257,7.1,710
249,273,8.2,820
249,1554,6.6,662
249,1175,10.5,1047
249,205,20.2,2018
249,4793,20.8,2082
249,1183,19.4,1939
249,996,23.8,2375
249,80,11.9,1192
249,4257,17.5,1753
249,4799,24.2,2425
249,4254,13.4,1342
249,4431,9.1,907
249,1699,17.6,1762
249,1066,19.0,1904
249,289,6.4,643
249,2521,23.5,2353
249,188,8.7,873
249,1078,11.6,1155
249,999,28.4,2839
249,1136,18.1,1811
249,1490,15.1,1508
249,297,10.8,1078
249,1277,20.0,2004
249,1005,11.2,1119
249,975,14.0,1400
249,950,15.6,1555
249,1063,17.7,1769
249,1075,9.9,995
249,1022,12.8,1280
249,4833,23.9,2391
249,4258,13.5,1351
249,1019,16.6,1657
249,1050,9.3,932
249,261,14.9,1495
249,1520,10.5,1054
249,269,21.1,2113
249,1148,22.7,2274
249,4383,11.3,1131
249,223,19.1,1915
249,1072,11.9,1186
249,4728,12.6,1255
249,1037,12.0,1196
249,209,25.1,2511
249,285,11.1,1109
249,211,11.8,1183
249,964,14.1,1407
249,1130,27.6,2755
249,255,30.8,3084
249,77,20.1,2011
249,4832,25.3,2529
249,192,26.3,2633
249,1687,21.5,2152
249,4256,11.8,1184
249,942,13.1,1311
249,1009,15.3,1528
249,1535,6.8,680
249,1002,11.6,1164
249,287,14.0,1404
249,1172,20.4,2039
249,1121,17.7,1766
249,283,18.1,1811
249,1025,22.1,2206
249,967,20.9,2090
249,241,12.7,1270
249,1031,16.4,1644
249,1084,19.2,1925
249,271,21.0,2099
249,2046,22.5,2246
249,233,15.2,1525
249,1041,6.1,608
249,215,18.6,1857
249,1212,27.3,2726
249,1157,26.3,2634
249,1087,13.6,1360
249,57,7.6,763
249,4788,13.6,1357
249,4791,17.7,1770
255,275,16.1,1607
255,4706,27.2,2720
255,1145,45.5,4552
255,1180,38.3,3829
255,3299,36.7,3666
255,4536,35.2,3525
255,1307,39.8,3978
255,1491,52.9,5291
255,4516,15.3,1534
255,267,26.2,2618
255,1163,26.0,2604
255,1096,33.2,3323
255,1124,27.2,2716
255,213,31.5,3151
255,4798,39.6,3958
255,1482,26.2,2625
255,4362,15.9,1587
255,3478,22.2,2219
255,1047,13.9,1389
255,1154,30.5,3046
255,237,25.3,2534
255,1476,22.7,2270
255,1166,25.4,2545
255,936,38.4,3842
255,229,19.1,1905
255,219,30.6,3061
255,3694,25.7,2574
255,946,16.7,1671
255,203,49.8,4982
255,295,15.2,1525
255,1206,34.4,3442
255,1127,48.0,4800
255,4789,34.7,3474
255,1114,28.5,2848
255,247,28.7,2872
255,184,20.4,2039
255,4170,71.8,7184
255,18,40.5,4051
255,1209,58.3,5832
255,1059,29.8,2979
255,4790,26.8,2679
255,277,41.8,4175
255,4644,22.9,2285
255,259,24.8,2484
255,972,18.0,1804
255,1548,39.2,3924
255,984,18.3,1826
255,198,23.5,2347
255,4489,30.8,3075
255,1514,42.5,4255
255,4705,43.2,4316
255,4795,40.3,4032
255,4527,44.4,4438
255,961,22.7,2273
255,227,38.4,3836
255,257,16.6,1665
255,273,18.6,1864
255,1554,15.8,1575
255,1175,22.5,2251
255,205,36.9,3689
255,4793,37.7,3774
255,1183,35.8,3582
255,996,41.5,4153
255,80,24.9,2486
255,4257,33.2,3325
255,4799,42.1,4215
255,4254,27.2,2722
255,4431,20.2,2016
255,1699,33.4,3337
255,1066,35.4,3535
255,289,15.4,1541
255,2521,41.2,4125
255,188,19.6,1956
255,1078,24.3,2427
255,999,47.2,4718
255,1136,34.0,3405
255,1490,29.7,2972
255,297,23.0,2302
255,1277,36.7,3670
255,1005,23.7,2369
255,975,28.1,2810
255,950,30.4,3041
255,1063,33.5,3347
255,1075,21.6,2165
255,1022,26.2,2625
255,4833,41.7,4172
255,4258,27.4,2735
255,1019,31.9,3189
255,1050,20.6,2058
255,261,29.5,2953
255,1520,22.6,2264
255,269,38.1,3815
255,1148,40.2,4024
255,4383,23.9,2388
255,223,35.5,3550
255,1072,24.8,2477
255,4728,25.9,2587
255,1037,24.9,2493
255,209,43.2,4322
255,285,23.5,2353
255,211,24.7,2472
255,964,28.2,2820
255,1130,46.2,4617
255,249,69.2,6916
255,77,36.8,3679
255,4832,43.4,4344
255,192,44.7,4472
255,1687,38.7,3866
255,4256,24.7,2474
255,942,26.7,2673
255,1009,30.0,3001
255,1535,16.1,1610
255,1002,24.4,2441
255,287,28.1,2815
255,1172,37.2,3717
255,1121,33.4,3343
255,283,34.1,3406
255,1025,39.4,3937
255,967,37.8,3784
255,241,26.1,2610
255,1031,31.7,3170
255,1084,35.6,3564
255,271,38.0,3797
255,2046,39.9,3989
255,233,30.0,2996
255,1041,14.7,1474
255,215,34.7,3470
255,1212,45.8,4583
255,1157,44.7,4473
255,1087,27.5,2748
255,57,17.6,1762
255,4788,27.4,2745
255,4791,33.5,3348
77,275,25.6,2564
77,4706,39.4,3938
77,1145,58.9,5889
77,1180,51.6,5157
77,3299,49.9,4986
77,4536,48.4,4835
77,1307,53.1,5312
77,1491,65.9,6592
77,4516,24.7,2467
77,267,38.2,3819
77,1163,38.0,3803
77,1096,46.2,4617
77,1124,39.3,3934
77,213,44.3,4427
77,4798,52.9,5292
77,1482,38.3,3827
77,4362,25.4,2538
77,3478,33.4,3342
77,1047,22.7,2272
77,1154,43.1,4310
77,237,37.2,3720
77,1476,34.0,3404
77,1166,37.3,3734
77,936,51.7,5170
77,229,29.5,2950
77,219,43.3,4327
77,3694,37.7,3768
77,946,26.5,2649
77,203,63.0,6304
77,295,24.6,2456
77,1206,47.5,4746
77,1127,61.3,6130
77,4789,47.8,4781
77,1114,40.9,4086
77,247,41.1,4113
77,184,31.2,3119
77,4170,82.0,8200
77,18,53.9,5387
77,1209,70.8,7080
77,1059,42.3,4234
77,4790,38.9,3890
77,277,55.1,5513
77,4644,34.2,3421
77,259,36.6,3661
77,972,28.2,2822
77,1548,52.6,5256
77,984,28.5,2850
77,198,35.0,3497
77,4489,43.4,4342
77,1514,55.9,5594
77,4705,56.5,5655
77,4795,53.7,5368
77,4527,57.8,5777
77,961,34.1,3408
77,227,51.6,5165
77,257,26.4,2641
77,273,29.0,2898
77,1554,25.2,2523
77,1175,33.8,3381
77,205,50.1,5010
77,4793,51.0,5099
77,1183,49.0,4896
77,996,54.9,5491
77,80,36.6,3664
77,4257,46.2,4619
77,4799,55.5,5554
77,4254,39.4,3940
77,4431,30.9,3090
77,1699,46.3,4632
77,1066,48.5,4846
77,289,24.8,2477
77,2521,54.6,5462
77,188,30.1,3015
77,1078,35.9,3593
77,999,60.5,6051
77,1136,47.1,4706
77,1490,42.3,4227
77,297,34.4,3443
77,1277,49.9,4990
77,1005,35.2,3524
77,975,40.4,4042
77,950,43.0,4304
77,1063,46.4,4643
77,1075,32.8,3275
77,1022,38.3,3827
77,4833,55.1,5511
77,4258,39.5,3955
77,1019,44.7,4469
77,1050,31.4,3142
77,261,42.0,4205
77,1520,34.0,3396
77,269,51.4,5143
77,1148,53.6,5359
77,4383,35.5,3547
77,223,48.6,4862
77,1072,36.5,3652
77,4728,37.8,3782
77,1037,36.7,3672
77,209,56.6,5661
77,285,35.0,3504
77,211,36.5,3647
77,964,40.5,4053
77,1130,59.5,5953
77,249,79.9,7989
77,255,63.2,6321
77,4832,56.8,5684
77,192,58.1,5810
77,1687,52.0,5196
77,4256,36.5,3649
77,942,38.8,3883
77,1009,42.6,4259
77,1535,25.7,2568
77,1002,36.1,3610
77,287,40.5,4048
77,1172,50.4,5039
77,1121,46.4,4638
77,283,47.1,4707
77,1025,52.7,5269
77,967,51.1,5110
77,241,38.1,3809
77,1031,44.5,4448
77,1084,48.8,4877
77,271,51.2,5123
77,2046,53.2,5323
77,233,42.5,4254
77,1041,23.9,2387
77,215,47.8,4776
77,1212,59.2,5920
77,1157,58.1,5811
77,1087,39.7,3971
77,57,27.7,2767
77,4788,39.7,3967
77,4791,46.4,4644
4832,275,20.4,2042
4832,4706,32.9,3294
4832,1145,52.1,5210
4832,1180,44.7,4472
4832,3299,43.0,4303
4832,4536,41.5,4155
4832,1307,46.3,4626
4832,1491,59.4,5941
4832,4516,19.6,1957
4832,267,31.8,3182
4832,1163,31.7,3167
4832,1096,39.4,3942
4832,1124,32.9,3290
4832,213,37.6,3759
4832,4798,46.1,4606
4832,1482,31.9,3190
4832,4362,20.2,2019
4832,3478,27.4,2741
4832,1047,17.9,1787
4832,1154,36.5,3646
4832,237,30.9,3089
4832,1476,28.0,2797
4832,1166,31.0,3103
4832,936,44.9,4485
4832,229,23.9,2385
4832,219,36.6,3663
4832,3694,31.3,3134
4832,946,21.2,2117
4832,203,56.4,5638
4832,295,19.5,1948
4832,1206,40.7,4068
4832,1127,54.6,5458
4832,4789,41.0,4101
4832,1114,34.3,3433
4832,247,34.6,3459
4832,184,25.4,2538
4832,4170,77.1,7713
4832,18,47.0,4701
4832,1209,64.6,6463
4832,1059,35.7,3574
4832,4790,32.5,3249
4832,277,48.3,4828
4832,4644,28.1,2814
4832,259,30.4,3035
4832,972,22.7,2270
4832,1548,45.7,4570
4832,984,23.0,2296
4832,198,28.8,2883
4832,4489,36.8,3678
4832,1514,49.1,4910
4832,4705,49.7,4971
4832,4795,46.8,4682
4832,4527,51.0,5095
4832,961,28.0,2801
4832,227,44.8,4480
4832,257,21.1,2110
4832,273,23.4,2339
4832,1554,20.1,2006
4832,1175,27.8,2776
4832,205,43.3,4327
4832,4793,44.1,4415
4832,1183,42.1,4215
4832,996,48.1,4806
4832,80,30.4,3037
4832,4257,39.4,3944
4832,4799,48.7,4869
4832,4254,33.0,3296
4832,4431,25.1,2512
4832,1699,39.6,3957
4832,1066,41.6,4165
4832,289,19.7,1966
4832,2521,47.8,4777
4832,188,24.4,2444
4832,1078,29.7,2972
4832,999,53.8,5376
4832,1136,40.3,4029
4832,1490,35.7,3567
4832,297,28.3,2833
4832,1277,43.1,4307
4832,1005,29.1,2908
4832,975,33.9,3392
4832,950,36.4,3641
4832,1063,39.7,3968
4832,1075,26.8,2679
4832,1022,31.9,3190
4832,4833,48.2,4825
4832,4258,33.1,3310
4832,1019,38.0,3799
4832,1050,25.6,2559
4832,261,35.5,3546
4832,1520,27.9,2790
4832,269,44.6,4458
4832,1148,46.7,4673
4832,4383,29.3,2929
4832,223,41.8,4181
4832,1072,30.3,3027
4832,4728,31.5,3148
4832,1037,30.4,3045
4832,209,49.8,4977
4832,285,28.9,2890
4832,211,30.2,3021
4832,964,34.0,3403
4832,1130,52.8,5275
4832,249,74.7,7471
4832,255,56.6,5656
4832,77,43.2,4316
4832,192,51.3,5129
4832,1687,45.1,4510
4832,4256,30.2,3023
4832,942,32.4,3242
4832,1009,36.0,3598
4832,1535,20.5,2046
4832,1002,29.9,2988
4832,287,34.0,3397
4832,1172,43.5,4355
4832,1121,39.6,3963
4832,283,40.3,4029
4832,1025,45.8,4583
4832,967,44.3,4426
4832,241,31.7,3173
4832,1031,37.8,3779
4832,1084,42.0,4195
4832,271,44.4,4438
4832,2046,46.4,4637
4832,233,35.9,3593
4832,1041,18.9,1887
4832,215,41.0,4097
4832,1212,52.4,5241
4832,1157,51.3,5130
4832,1087,33.2,3324
4832,57,22.2,2222
4832,4788,33.2,3321
4832,4791,39.7,3969
192,275,19.5,1952
192,4706,31.8,3178
192,1145,50.8,5081
192,1180,43.4,4344
192,3299,41.8,4176
192,4536,40.3,4029
192,1307,45.0,4497
192,1491,58.1,5815
192,4516,18.7,1869
192,267,30.7,3068
192,1163,30.5,3053
192,1096,38.2,3818
192,1124,31.7,3174
192,213,36.4,3637
192,4798,44.8,4477
192,1482,30.8,3075
192,4362,19.3,1929
192,3478,26.3,2634
192,1047,17.0,1704
192,1154,35.2,3525
192,237,29.8,2976
192,1476,26.9,2689
192,1166,29.9,2989
192,936,43.6,4357
192,229,22.9,2286
192,219,35.4,3541
192,3694,30.2,3021
192,946,20.2,2024
192,203,55.1,5511
192,295,18.6,1860
192,1206,39.4,3943
192,1127,53.3,5329
192,4789,39.8,3976
192,1114,33.1,3315
192,247,33.4,3340
192,184,24.4,2435
192,4170,76.1,7614
192,18,45.7,4572
192,1209,63.4,6342
192,1059,34.5,3454
192,4790,31.3,3133
192,277,47.0,4699
192,4644,27.1,2705
192,259,29.2,2923
192,972,21.7,2174
192,1548,44.4,4442
192,984,22.0,2199
192,198,27.7,2773
192,4489,35.6,3556
192,1514,47.8,4780
192,4705,48.4,4842
192,4795,45.5,4553
192,4527,49.7,4966
192,961,26.9,2693
192,227,43.5,4352
192,257,20.2,2017
192,273,22.4,2241
192,1554,19.2,1916
192,1175,26.7,2669
192,205,42.0,4200
192,4793,42.9,4287
192,1183,40.9,4088
192,996,46.8,4677
192,80,29.2,2925
192,4257,38.2,3820
192,4799,47.4,4740
192,4254,31.8,3179
192,4431,24.1,2410
192,1699,38.3,3832
192,1066,40.4,4039
192,289,18.8,1877
192,2521,46.5,4648
192,188,23.4,2344
192,1078,28.6,2861
192,999,52.5,5247
192,1136,39.0,3904
192,1490,34.5,3447
192,297,27.2,2724
192,1277,41.8,4180
192,1005,28.0,2798
192,975,32.7,3274
192,950,35.2,3520
192,1063,38.4,3843
192,1075,25.7,2574
192,1022,30.8,3075
192,4833,47.0,4696
192,4258,31.9,3193
192,1019,36.8,3676
192,1050,24.6,2456
192,261,34.3,3426
192,1520,26.8,2682
192,269,43.3,4330
192,1148,45.5,4545
192,4383,28.2,2819
192,223,40.5,4055
192,1072,29.1,2915
192,4728,30.3,3034
192,1037,29.3,2933
192,209,48.5,4848
192,285,27.8,2780
192,211,29.1,2909
192,964,32.9,3285
192,1130,51.5,5146
192,249,73.7,7367
192,255,55.3,5528
192,77,41.9,4190
192,4832,48.7,4871
192,1687,43.8,4382
192,4256,29.1,2911
192,942,31.3,3127
192,1009,34.8,3477
192,1535,19.6,1955
192,1002,28.8,2876
192,287,32.8,3279
192,1172,42.3,4228
192,1121,38.4,3838
192,283,39.0,3905
192,1025,44.5,4455
192,967,43.0,4298
192,241,30.6,3059
192,1031,36.6,3657
192,1084,40.7,4069
192,271,43.1,4311
192,2046,45.1,4508
192,233,34.7,3473
192,1041,18.0,1801
192,215,39.7,3972
192,1212,51.1,5112
192,1157,50.0,5001
192,1087,32.1,3208
192,57,21.3,2127
192,4788,32.0,3204
192,4791,38.4,3844
1687,275,24.1,2409
1687,4706,37.5,3751
1687,1145,57.0,5697
1687,1180,49.6,4961
1687,3299,47.9,4790
1687,4536,46.4,4640
1687,1307,51.2,5116
1687,1491,64.1,6411
1687,4516,23.1,2315
1687,267,36.3,3633
1687,1163,36.2,3617
1687,1096,44.2,4423
1687,1124,37.5,3746
1687,213,42.3,4234
1687,4798,51.0,5096
1687,1482,36.4,3641
1687,4362,23.8,2383
1687,3478,31.6,3165
1687,1047,21.3,2127
1687,1154,41.2,4118
1687,237,35.4,3535
1687,1476,32.3,3226
1687,1166,35.5,3549
1687,936,49.8,4975
1687,229,27.8,2783
1687,219,41.4,4135
1687,3694,35.8,3583
1687,946,24.9,2491
1687,203,61.2,6117
1687,295,23.1,2305
1687,1206,45.5,4551
1687,1127,59.4,5941
1687,4789,45.9,4585
1687,1114,39.0,3896
1687,247,39.2,3923
1687,184,29.5,2948
1687,4170,80.7,8068
1687,18,51.9,5192
1687,1209,69.1,6909
1687,1059,40.4,4043
1687,4790,37.0,3703
1687,277,53.2,5319
1687,4644,32.4,3243
1687,259,34.8,3478
1687,972,26.6,2658
1687,1548,50.6,5061
1687,984,26.9,2686
1687,198,33.2,3317
1687,4489,41.5,4150
1687,1514,54.0,5400
1687,4705,54.6,5461
1687,4795,51.7,5172
1687,4527,55.8,5584
1687,961,32.3,3230
1687,227,49.7,4969
1687,257,24.8,2483
1687,273,27.3,2733
1687,1554,23.7,2369
1687,1175,32.0,3203
1687,205,48.1,4815
1687,4793,49.0,4904
1687,1183,47.0,4701
1687,996,53.0,5296
1687,80,34.8,3481
1687,4257,44.2,4425
1687,4799,53.6,5359
1687,4254,37.5,3752
1687,4431,29.2,2919
1687,1699,44.4,4437
1687,1066,46.5,4650
1687,289,23.2,2324
1687,2521,52.7,5267
1687,188,28.5,2846
1687,1078,34.1,3411
1687,999,58.6,5860
1687,1136,45.1,4512
1687,1490,40.4,4035
1687,297,32.6,3264
1687,1277,47.9,4794
1687,1005,33.4,3343
1687,975,38.5,3853
1687,950,41.1,4112
1687,1063,44.5,4449
1687,1075,31.0,3100
1687,1022,36.4,3641
1687,4833,53.2,5316
1687,4258,37.7,3767
1687,1019,42.8,4275
1687,1050,29.7,2970
1687,261,40.1,4014
1687,1520,32.2,3218
1687,269,49.5,4947
1687,1148,51.6,5164
1687,4383,33.7,3366
1687,223,46.7,4667
1687,1072,34.7,3469
1687,4728,36.0,3597
1687,1037,34.9,3489
1687,209,54.7,5467
1687,285,33.2,3324
1687,211,34.6,3464
1687,964,38.6,3864
1687,1130,57.6,5762
1687,249,78.5,7848
1687,255,61.3,6134
1687,77,48.0,4804
1687,4832,54.9,5490
1687,192,56.2,5618
1687,4256,34.7,3466
1687,942,37.0,3697
1687,1009,40.7,4067
1687,1535,24.1,2412
1687,1002,34.3,3428
1687,287,38.6,3859
1687,1172,48.4,4844
1687,1121,44.4,4444
1687,283,45.1,4512
1687,1025,50.7,5074
1687,967,49.1,4915
1687,241,36.2,3624
1687,1031,42.5,4255
1687,1084,46.8,4681
1687,271,49.3,4928
1687,2046,51.3,5127
1687,233,40.6,4062
1687,1041,22.4,2238
1687,215,45.8,4581
1687,1212,57.3,5728
1687,1157,56.2,5619
1687,1087,37.8,3782
1687,57,26.1,2605
1687,4788,37.8,3779
1687,4791,44.5,4450
4256,275,37.9,3787
4256,4706,53.0,5304
4256,1145,71.6,7158
4256,1180,65.0,6499
4256,3299,63.4,6338
4256,4536,62.0,6195
4256,1307,66.4,6641
4256,1491,77.5,7752
4256,4516,36.7,3672
4256,267,51.8,5180
4256,1163,51.6,5162
4256,1096,59.9,5985
4256,1124,53.0,5299
4256,213,58.0,5798
4256,4798,66.2,6623
4256,1482,51.9,5188
4256,4362,37.6,3756
4256,3478,46.7,4670
4256,1047,34.4,3437
4256,1154,56.8,5681
4256,237,50.8,5075
4256,1476,47.4,4737
4256,1166,50.9,5090
4256,936,65.1,6511
4256,229,42.3,4233
4256,219,57.0,5698
4256,3694,51.3,5126
4256,946,38.9,3886
4256,203,75.1,7513
4256,295,36.6,3659
4256,1206,61.1,6110
4256,1127,73.7,7365
4256,4789,61.4,6143
4256,1114,54.5,5455
4256,247,54.8,5483
4256,184,44.2,4424
4256,4170,89.6,8963
4256,18,67.1,6710
4256,1209,81.4,8141
4256,1059,56.0,5605
4256,4790,52.5,5254
4256,277,68.2,6825
4256,4644,47.6,4756
4256,259,50.1,5014
4256,972,40.9,4087
4256,1548,65.9,6590
4256,984,41.2,4119
4256,198,48.4,4838
4256,4489,57.1,5714
4256,1514,69.0,6897
4256,4705,69.5,6952
4256,4795,66.9,6693
4256,4527,70.6,7059
4256,961,47.4,4742
4256,227,65.1,6506
4256,257,38.8,3877
4256,273,41.8,4175
4256,1554,37.4,3738
4256,1175,47.1,4712
4256,205,63.6,6361
4256,4793,64.5,6445
4256,1183,62.5,6253
4256,996,68.0,6805
4256,80,50.2,5016
4256,4257,59.9,5987
4256,4799,68.6,6861
4256,4254,53.0,5305
4256,4431,43.9,4391
4256,1699,60.0,5999
4256,1066,62.0,6205
4256,289,36.8,3683
4256,2521,67.8,6778
4256,188,43.1,4307
4256,1078,49.4,4941
4256,999,73.0,7297
4256,1136,60.7,6071
4256,1490,56.0,5598
4256,297,47.8,4779
4256,1277,63.4,6342
4256,1005,48.7,4867
4256,975,54.1,5410
4256,950,56.8,5676
4256,1063,60.1,6010
4256,1075,46.0,4596
4256,1022,51.9,5188
4256,4833,68.2,6822
4256,4258,53.2,5321
4256,1019,58.4,5839
4256,1050,44.5,4450
4256,261,55.8,5576
4256,1520,47.3,4729
4256,269,64.8,6485
4256,1148,66.8,6685
4256,4383,48.9,4892
4256,223,62.2,6221
4256,1072,50.0,5004
4256,4728,51.4,5141
4256,1037,50.2,5025
4256,209,69.6,6957
4256,285,48.5,4846
4256,211,50.0,4998
4256,964,54.2,5422
4256,1130,72.1,7213
4256,249,88.2,8816
4256,255,75.3,7526
4256,77,63.5,6351
4256,4832,69.8,6977
4256,192,70.9,7089
4256,1687,65.3,6534
4256,942,52.5,5247
4256,1009,56.3,5630
4256,1535,37.9,3792
4256,1002,49.6,4959
4256,287,54.2,5416
4256,1172,63.9,6388
4256,1121,60.0,6005
4256,283,60.7,6072
4256,1025,66.0,6602
4256,967,64.5,6455
4256,241,51.7,5170
4256,1031,58.2,5819
4256,1084,62.4,6235
4256,271,64.7,6467
4256,2046,66.5,6651
4256,233,56.2,5625
4256,1041,35.8,3576
4256,215,61.4,6139
4256,1212,71.8,7184
4256,1157,70.9,7090
4256,1087,53.4,5337
4256,57,40.2,4024
4256,4788,53.3,5333
4256,4791,60.1,6011
942,275,35.5,3554
942,4706,50.6,5057
942,1145,69.4,6944
942,1180,62.7,6267
942,3299,61.0,6103
942,4536,59.6,5958
942,1307,64.1,6413
942,1491,75.6,7562
942,4516,34.4,3442
942,267,49.3,4933
942,1163,49.2,4916
942,1096,57.4,5744
942,1124,50.5,5052
942,213,55.5,5555
942,4798,63.9,6394
942,1482,49.4,4942
942,4362,35.2,3523
942,3478,44.2,4425
942,1047,32.1,3212
942,1154,54.4,5437
942,237,48.3,4829
942,1476,44.9,4492
942,1166,48.4,4843
942,936,62.8,6279
942,229,39.9,3993
942,219,54.5,5454
942,3694,48.8,4879
942,946,36.5,3652
942,203,73.1,7312
942,295,34.3,3429
942,1206,58.7,5871
942,1127,71.6,7160
942,4789,59.0,5904
942,1114,52.1,5209
942,247,52.4,5237
942,184,41.8,4181
942,4170,88.5,8848
942,18,64.8,6484
942,1209,79.7,7971
942,1059,53.6,5360
942,4790,50.1,5007
942,277,66.0,6601
942,4644,45.1,4511
942,259,47.7,4767
942,972,38.5,3848
942,1548,63.6,6361
942,984,38.8,3881
942,198,45.9,4592
942,4489,54.7,5470
942,1514,66.8,6676
942,4705,67.3,6732
942,4795,64.7,6465
942,4527,68.4,6843
942,961,45.0,4496
942,227,62.7,6274
942,257,36.4,3642
942,273,39.4,3935
942,1554,35.1,3506
942,1175,44.7,4467
942,205,61.3,6127
942,4793,62.1,6212
942,1183,60.2,6017
942,996,65.8,6580
942,80,47.7,4770
942,4257,57.5,5746
942,4799,66.4,6638
942,4254,50.6,5059
942,4431,41.5,4149
942,1699,57.6,5758
942,1066,59.7,5968
942,289,34.5,3453
942,2521,65.5,6554
942,188,40.7,4066
942,1078,47.0,4695
942,999,70.9,7089
942,1136,58.3,5832
942,1490,53.5,5353
942,297,45.3,4533
942,1277,61.1,6107
942,1005,46.2,4621
942,975,51.6,5164
942,950,54.3,5431
942,1063,57.7,5770
942,1075,43.5,4352
942,1022,49.4,4941
942,4833,66.0,6598
942,4258,50.8,5075
942,1019,56.0,5597
942,1050,42.1,4207
942,261,53.3,5331
942,1520,44.8,4483
942,269,62.5,6253
942,1148,64.6,6458
942,4383,46.5,4645
942,223,59.8,5984
942,1072,47.6,4757
942,4728,48.9,4894
942,1037,47.8,4778
942,209,67.4,6737
942,285,46.0,4600
942,211,47.5,4751
942,964,51.8,5176
942,1130,70.0,7002
942,249,86.9,8689
942,255,73.3,7327
942,77,61.2,6117
942,4832,67.6,6758
942,192,68.7,6873
942,1687,63.0,6303
942,4256,47.5,4753
942,1009,53.9,5385
942,1535,35.6,3559
942,1002,47.1,4713
942,287,51.7,5170
942,1172,61.5,6154
942,1121,57.6,5765
942,283,58.3,5832
942,1025,63.7,6373
942,967,62.2,6222
942,241,49.2,4923
942,1031,55.8,5576
942,1084,60.0,5998
942,271,62.4,6235
942,2046,64.2,6423
942,233,53.8,5380
942,1041,33.5,3348
942,215,59.0,5900
942,1212,69.7,6972
942,1157,68.7,6874
942,1087,50.9,5090
942,57,37.9,3787
942,4788,50.9,5087
942,4791,57.7,5771
1009,275,32.0,3201
1009,4706,46.7,4672
1009,1145,66.0,6597
1009,1180,59.0,5895
1009,3299,57.3,5728
1009,4536,55.8,5579
1009,1307,60.5,6046
1009,1491,72.5,7249
1009,4516,30.9,3093
1009,267,45.5,4548
1009,1163,45.3,4531
1009,1096,53.6,5362
1009,1124,46.7,4667
1009,213,51.7,5171
1009,4798,60.3,6026
1009,1482,45.6,4556
1009,4362,31.7,3171
1009,3478,40.5,4046
1009,1047,28.7,2874
1009,1154,50.5,5052
1009,237,44.4,4444
1009,1476,41.1,4112
1009,1166,44.6,4459
1009,936,59.1,5908
1009,229,36.2,3624
1009,219,50.7,5069
1009,3694,45.0,4495
1009,946,32.9,3294
1009,203,69.8,6984
1009,295,30.8,3081
1009,1206,54.9,5490
1009,1127,68.2,6823
1009,4789,55.2,5525
1009,1114,48.2,4823
1009,247,48.5,4851
1009,184,38.1,3808
1009,4170,86.5,8648
1009,18,61.2,6118
1009,1209,76.9,7686
1009,1059,49.8,4975
1009,4790,46.2,4622
1009,277,62.4,6240
1009,4644,41.3,4131
1009,259,43.8,4383
1009,972,34.8,3484
1009,1548,59.9,5992
1009,984,35.1,3515
1009,198,42.1,4210
1009,4489,50.9,5085
1009,1514,63.2,6317
1009,4705,63.8,6375
1009,4795,61.0,6100
1009,4527,64.9,6491
1009,961,41.2,4116
1009,227,59.0,5903
1009,257,32.9,3286
1009,273,35.7,3568
1009,1554,31.6,3155
1009,1175,40.9,4087
1009,205,57.5,5752
1009,4793,58.4,5839
1009,1183,56.4,5639
1009,996,62.2,6219
1009,80,43.9,4386
1009,4257,53.6,5364
1009,4799,62.8,6279
1009,4254,46.7,4673
1009,4431,37.8,3776
1009,1699,53.8,5376
1009,1066,55.9,5589
1009,289,31.0,3104
1009,2521,61.9,6191
1009,188,37.0,3695
1009,1078,43.1,4312
1009,999,67.5,6749
1009,1136,54.5,5451
1009,1490,49.7,4967
1009,297,41.5,4153
1009,1277,57.3,5732
1009,1005,42.4,4239
1009,975,47.8,4779
1009,950,50.5,5046
1009,1063,53.9,5388
1009,1075,39.7,3974
1009,1022,45.6,4556
1009,4833,62.4,6237
1009,4258,46.9,4689
1009,1019,52.1,5213
1009,1050,38.3,3833
1009,261,49.5,4945
1009,1520,41.0,4104
1009,269,58.8,5881
1009,1148,60.9,6092
1009,4383,42.6,4263
1009,223,56.1,5606
1009,1072,43.7,4374
1009,4728,45.1,4510
1009,1037,44.0,4395
1009,209,63.8,6381
1009,285,42.2,4218
1009,211,43.7,4368
1009,964,47.9,4790
1009,1130,66.6,6657
1009,249,84.7,8472
1009,255,70.0,6999
1009,77,57.4,5741
1009,4832,64.0,6402
1009,192,65.2,6523
1009,1687,59.3,5933
1009,4256,43.7,4370
1009,942,46.1,4615
1009,1535,32.0,3205
1009,1002,43.3,4330
1009,287,47.8,4784
1009,1172,57.8,5780
1009,1121,53.8,5383
1009,283,54.5,5451
1009,1025,60.0,6004
1009,967,58.5,5850
1009,241,45.4,4538
1009,1031,51.9,5192
1009,1084,56.2,5620
1009,271,58.6,5862
1009,2046,60.6,6056
1009,233,50.0,4995
1009,1041,30.0,3003
1009,215,55.2,5520
1009,1212,66.3,6626
1009,1157,65.2,6524
1009,1087,47.0,4705
1009,57,34.2,3425
1009,4788,47.0,4701
1009,4791,53.9,5389
1535,275,50.0,4995
1535,4706,65.0,6495
1535,1145,81.0,8100
1535,1180,75.6,7557
1535,3299,74.2,7421
1535,4536,73.0,7297
1535,1307,76.8,7678
1535,1491,85.6,8562
1535,4516,48.7,4874
1535,267,63.8,6379
1535,1163,63.6,6362
1535,1096,71.1,7113
1535,1124,64.9,6490
1535,213,69.5,6947
1535,4798,76.6,7662
1535,1482,63.9,6387
1535,4362,49.6,4962
1535,3478,58.9,5890
1535,1047,46.2,4622
1535,1154,68.4,6841
1535,237,62.8,6280
1535,1476,59.5,5955
1535,1166,62.9,6294
1535,936,75.7,7568
1535,229,54.5,5455
1535,219,68.6,6857
1535,3694,63.3,6328
1535,946,51.0,5099
1535,203,83.8,8380
1535,295,48.6,4860
1535,1206,72.2,7222
1535,1127,82.7,8265
1535,4789,72.5,7251
1535,1114,66.3,6635
1535,247,66.6,6660
1535,184,56.5,5647
1535,4170,94.2,9416
1535,18,77.3,7735
1535,1209,88.5,8851
1535,1059,67.7,6772
1535,4790,64.5,6448
1535,277,78.3,7830
1535,4644,59.7,5974
1535,259,62.2,6221
1535,972,53.1,5306
1535,1548,76.3,7635
1535,984,53.4,5339
1535,198,60.5,6053
1535,4489,68.7,6871
1535,1514,78.9,7889
1535,4705,79.3,7934
1535,4795,77.2,7720
1535,4527,80.2,8021
1535,961,59.6,5960
1535,227,75.6,7563
1535,257,50.9,5089
1535,273,54.0,5395
1535,1554,49.4,4944
1535,1175,59.3,5931
1535,205,74.4,7440
1535,4793,75.1,7512
1535,1183,73.5,7347
1535,996,78.1,7813
1535,80,62.2,6224
1535,4257,71.1,7114
1535,4799,78.6,7860
1535,4254,65.0,6496
1535,4431,56.1,5614
1535,1699,71.2,7125
1535,1066,73.1,7306
1535,289,48.9,4886
1535,2521,77.9,7792
1535,188,55.3,5530
1535,1078,61.5,6152
1535,999,82.1,8211
1535,1136,71.9,7189
1535,1490,67.7,6766
1535,297,60.0,5996
1535,1277,74.2,7424
1535,1005,60.8,6081
1535,975,65.9,6594
1535,950,68.4,6836
1535,1063,71.3,7135
1535,1075,58.2,5817
1535,1022,63.9,6386
1535,4833,78.3,7828
1535,4258,65.1,6511
1535,1019,69.8,6983
1535,1050,56.7,5672
1535,261,67.5,6745
1535,1520,59.5,5947
1535,269,75.5,7546
1535,1148,77.1,7714
1535,4383,61.0,6105
1535,223,73.2,7319
1535,1072,62.1,6212
1535,4728,63.4,6342
1535,1037,62.3,6232
1535,209,79.4,7938
1535,285,60.6,6060
1535,211,62.1,6206
1535,964,66.0,6604
1535,1130,81.5,8145
1535,249,93.2,9320
1535,255,83.9,8390
1535,77,74.3,7432
1535,4832,79.5,7954
1535,192,80.5,8045
1535,1687,75.9,7588
1535,4256,62.1,6208
1535,942,64.4,6441
1535,1009,68.0,6795
1535,1002,61.7,6170
1535,287,66.0,6599
1535,1172,74.6,7464
1535,1121,71.3,7131
1535,283,71.9,7189
1535,1025,76.5,7645
1535,967,75.2,7520
1535,241,63.7,6369
1535,1031,69.7,6965
1535,1084,73.3,7331
1535,271,75.3,7531
1535,2046,76.9,7686
1535,233,67.9,6791
1535,1041,47.7,4772
1535,215,72.5,7248
1535,1212,81.2,8122
1535,1157,80.5,8046
1535,1087,65.3,6526
1535,57,52.4,5241
1535,4788,65.2,6522
1535,4791,71.4,7136
1002,275,38.3,3826
1002,4706,53.4,5344
1002,1145,71.9,7192
1002,1180,65.4,6536
1002,3299,63.8,6377
1002,4536,62.3,6234
1002,1307,66.8,6678
1002,1491,77.8,7782
1002,4516,37.1,3710
1002,267,52.2,5220
1002,1163,52.0,5203
1002,1096,60.2,6024
1002,1124,53.4,5339
1002,213,58.4,5838
1002,4798,66.6,6660
1002,1482,52.3,5229
1002,4362,37.9,3794
1002,3478,47.1,4711
1002,1047,34.7,3474
1002,1154,57.2,5721
1002,237,51.2,5116
1002,1476,47.8,4778
1002,1166,51.3,5131
1002,936,65.5,6548
1002,229,42.7,4273
1002,219,57.4,5738
1002,3694,51.7,5167
1002,946,39.2,3925
1002,203,75.5,7545
1002,295,37.0,3697
1002,1206,61.5,6149
1002,1127,74.0,7399
1002,4789,61.8,6182
1002,1114,55.0,5495
1002,247,55.2,5523
1002,184,44.6,4464
1002,4170,89.8,8982
1002,18,67.5,6747
1002,1209,81.7,8168
1002,1059,56.5,5645
1002,4790,52.9,5294
1002,277,68.6,6861
1002,4644,48.0,4797
1002,259,50.5,5054
1002,972,41.3,4126
1002,1548,66.3,6627
1002,984,41.6,4159
1002,198,48.8,4878
1002,4489,57.5,5754
1002,1514,69.3,6933
1002,4705,69.9,6987
1002,4795,67.3,6729
1002,4527,70.9,7094
1002,961,47.8,4782
1002,227,65.4,6544
1002,257,39.2,3916
1002,273,42.1,4214
1002,1554,37.8,3777
1002,1175,47.5,4752
1002,205,64.0,6399
1002,4793,64.8,6483
1002,1183,62.9,6292
1002,996,68.4,6841
1002,80,50.6,5057
1002,4257,60.3,6026
1002,4799,69.0,6897
1002,4254,53.5,5346
1002,4431,44.3,4432
1002,1699,60.4,6038
1002,1066,62.4,6244
1002,289,37.2,3722
1002,2521,68.2,6815
1002,188,43.5,4347
1002,1078,49.8,4982
1002,999,73.3,7331
1002,1136,61.1,6110
1002,1490,56.4,5638
1002,297,48.2,4820
1002,1277,63.8,6380
1002,1005,49.1,4908
1002,975,54.5,5451
1002,950,57.2,5716
1002,1063,60.5,6049
1002,1075,46.4,4637
1002,1022,52.3,5228
1002,4833,68.6,6858
1002,4258,53.6,5361
1002,1019,58.8,5879
1002,1050,44.9,4490
1002,261,56.2,5616
1002,1520,47.7,4769
1002,269,65.2,6523
1002,1148,67.2,6722
1002,4383,49.3,4932
1002,223,62.6,6260
1002,1072,50.4,5044
1002,4728,51.8,5182
1002,1037,50.7,5066
1002,209,69.9,6992
1002,285,48.9,4886
1002,211,50.4,5039
1002,964,54.6,5462
1002,1130,72.5,7247
1002,249,88.4,8836
1002,255,75.6,7559
1002,77,63.9,6390
1002,4832,70.1,7012
1002,192,71.2,7124
1002,1687,65.7,6572
1002,4256,50.4,5041
1002,942,52.9,5287
1002,1009,56.7,5670
1002,1535,38.3,3830
1002,287,54.6,5457
1002,1172,64.3,6427
1002,1121,60.4,6044
1002,283,61.1,6111
1002,1025,66.4,6640
1002,967,64.9,6493
1002,241,52.1,5210
1002,1031,58.6,5859
1002,1084,62.7,6273
1002,271,65.0,6505
1002,2046,66.9,6688
1002,233,56.6,5665
1002,1041,36.1,3614
1002,215,61.8,6178
1002,1212,72.2,7219
1002,1157,71.2,7124
1002,1087,53.8,5377
1002,57,40.6,4063
1002,4788,53.7,5373
1002,4791,60.5,6050
287,275,34.0,3396
287,4706,48.9,4887
287,1145,67.9,6793
287,1180,61.0,6104
287,3299,59.4,5939
287,4536,57.9,5791
287,1307,62.5,6252
287,1491,74.3,7426
287,4516,32.9,3286
287,267,47.6,4763
287,1163,47.5,4746
287,1096,55.8,5576
287,1124,48.8,4882
287,213,53.9,5386
287,4798,62.3,6233
287,1482,47.7,4772
287,4362,33.7,3366
287,3478,42.6,4257
287,1047,30.6,3061
287,1154,52.7,5268
287,237,46.6,4659
287,1476,43.2,4323
287,1166,46.7,4674
287,936,61.2,6117
287,229,38.3,3829
287,219,52.9,5285
287,3694,47.1,4709
287,946,34.9,3492
287,203,71.7,7170
287,295,32.7,3274
287,1206,57.0,5704
287,1127,70.1,7013
287,4789,57.4,5738
287,1114,50.4,5039
287,247,50.7,5067
287,184,40.1,4015
287,4170,87.6,8763
287,18,63.2,6324
287,1209,78.5,7848
287,1059,51.9,5191
287,4790,48.4,4837
287,277,64.4,6443
287,4644,43.4,4342
287,259,46.0,4597
287,972,36.9,3686
287,1548,62.0,6199
287,984,37.2,3718
287,198,44.2,4423
287,4489,53.0,5301
287,1514,65.2,6519
287,4705,65.8,6576
287,4795,63.1,6306
287,4527,66.9,6689
287,961,43.3,4328
287,227,61.1,6112
287,257,34.8,3483
287,273,37.7,3772
287,1554,33.5,3349
287,1175,43.0,4298
287,205,59.6,5962
287,4793,60.5,6049
287,1183,58.5,5851
287,996,64.2,6422
287,80,46.0,4600
287,4257,55.8,5578
287,4799,64.8,6481
287,4254,48.9,4889
287,4431,39.8,3983
287,1699,55.9,5591
287,1066,58.0,5802
287,289,33.0,3297
287,2521,64.0,6395
287,188,39.0,3901
287,1078,45.2,4525
287,999,69.4,6941
287,1136,56.6,5665
287,1490,51.8,5183
287,297,43.6,4365
287,1277,59.4,5943
287,1005,44.5,4452
287,975,49.9,4994
287,950,52.6,5262
287,1063,56.0,5602
287,1075,41.9,4185
287,1022,47.7,4771
287,4833,64.4,6441
287,4258,49.0,4904
287,1019,54.3,5428
287,1050,40.4,4041
287,261,51.6,5161
287,1520,43.1,4315
287,269,60.9,6091
287,1148,63.0,6298
287,4383,44.8,4476
287,223,58.2,5818
287,1072,45.9,4588
287,4728,47.2,4724
287,1037,46.1,4609
287,209,65.8,6582
287,285,44.3,4431
287,211,45.8,4582
287,964,50.1,5006
287,1130,68.5,6852
287,249,86.0,8596
287,255,71.8,7185
287,77,59.5,5952
287,4832,66.0,6603
287,192,67.2,6721
287,1687,61.4,6141
287,4256,45.8,4584
287,942,48.3,4830
287,1009,52.2,5216
287,1535,34.0,3401
287,1002,45.4,4543
287,1172,59.9,5990
287,1121,56.0,5597
287,283,56.6,5665
287,1025,62.1,6212
287,967,60.6,6059
287,241,47.5,4753
287,1031,54.1,5407
287,1084,58.3,5832
287,271,60.7,6072
287,2046,62.6,6263
287,233,52.1,5211
287,1041,31.9,3194
287,215,57.3,5734
287,1212,68.2,6821
287,1157,67.2,6721
287,1087,49.2,4920
287,57,36.3,3626
287,4788,49.2,4917
287,4791,56.0,5603
1172,275,25.3,2532
1172,4706,39.0,3900
1172,1145,58.5,5851
1172,1180,51.2,5118
1172,3299,49.5,4947
1172,4536,48.0,4796
1172,1307,52.7,5273
1172,1491,65.6,6556
1172,4516,24.4,2436
1172,267,37.8,3782
1172,1163,37.6,3765
1172,1096,45.8,4578
1172,1124,39.0,3896
1172,213,43.9,4388
1172,4798,52.5,5253
1172,1482,37.9,3790
1172,4362,25.1,2506
1172,3478,33.1,3306
1172,1047,22.4,2243
1172,1154,42.7,4271
1172,237,36.8,3682
1172,1476,33.7,3368
1172,1166,37.0,3696
1172,936,51.3,5131
1172,229,29.2,2916
1172,219,42.9,4288
1172,3694,37.3,3730
1172,946,26.2,2617
1172,203,62.7,6267
1172,295,24.3,2426
1172,1206,47.1,4707
1172,1127,60.9,6092
1172,4789,47.4,4741
1172,1114,40.5,4048
1172,247,40.7,4074
1172,184,30.8,3084
1172,4170,81.7,8174
1172,18,53.5,5348
1172,1209,70.5,7046
1172,1059,42.0,4195
1172,4790,38.5,3852
1172,277,54.7,5474
1172,4644,33.9,3385
1172,259,36.2,3624
1172,972,27.9,2788
1172,1548,52.2,5217
1172,984,28.2,2817
1172,198,34.6,3460
1172,4489,43.0,4304
1172,1514,55.5,5555
1172,4705,56.2,5616
1172,4795,53.3,5329
1172,4527,57.4,5738
1172,961,33.7,3372
1172,227,51.3,5126
1172,257,26.1,2609
1172,273,28.6,2865
1172,1554,24.9,2491
1172,1175,33.5,3345
1172,205,49.7,4971
1172,4793,50.6,5060
1172,1183,48.6,4857
1172,996,54.5,5452
1172,80,36.3,3627
1172,4257,45.8,4580
1172,4799,55.1,5515
1172,4254,39.0,3902
1172,4431,30.6,3055
1172,1699,45.9,4593
1172,1066,48.1,4806
1172,289,24.5,2446
1172,2521,54.2,5423
1172,188,29.8,2981
1172,1078,35.6,3556
1172,999,60.1,6013
1172,1136,46.7,4667
1172,1490,41.9,4188
1172,297,34.1,3406
1172,1277,49.5,4951
1172,1005,34.9,3487
1172,975,40.0,4004
1172,950,42.7,4266
1172,1063,46.0,4604
1172,1075,32.4,3239
1172,1022,37.9,3789
1172,4833,54.7,5472
1172,4258,39.2,3917
1172,1019,44.3,4430
1172,1050,31.1,3108
1172,261,41.7,4166
1172,1520,33.6,3360
1172,269,51.0,5104
1172,1148,53.2,5320
1172,4383,35.1,3510
1172,223,48.2,4823
1172,1072,36.1,3615
1172,4728,37.5,3745
1172,1037,36.4,3635
1172,209,56.2,5622
1172,285,34.7,3468
1172,211,36.1,3610
1172,964,40.1,4015
1172,1130,59.1,5915
1172,249,79.6,7961
1172,255,62.8,6283
1172,77,49.6,4961
1172,4832,56.5,5645
1172,192,57.7,5772
1172,1687,51.6,5156
1172,4256,36.1,3612
1172,942,38.5,3846
1172,1009,42.2,4220
1172,1535,25.4,2536
1172,1002,35.7,3573
1172,287,40.1,4010
1172,1121,46.0,4599
1172,283,46.7,4668
1172,1025,52.3,5230
1172,967,50.7,5071
1172,241,37.7,3772
1172,1031,44.1,4409
1172,1084,48.4,4838
1172,271,50.8,5084
1172,2046,52.8,5284
1172,233,42.1,4215
1172,1041,23.6,2357
1172,215,47.4,4737
1172,1212,58.8,5882
1172,1157,57.7,5773
1172,1087,39.3,3933
1172,57,27.3,2734
1172,4788,39.3,3929
1172,4791,46.0,4605
1121,275,28.6,2865
1121,4706,42.9,4292
1121,1145,62.4,6239
1121,1180,55.2,5518
1121,3299,53.5,5348
1121,4536,52.0,5197
1121,1307,56.7,5671
1121,1491,69.2,6919
1121,4516,27.6,2763
1121,267,41.7,4170
1121,1163,41.5,4153
1121,1096,49.8,4979
1121,1124,42.9,4287
1121,213,47.9,4788
1121,4798,56.5,5652
1121,1482,41.8,4178
1121,4362,28.4,2837
1121,3478,36.8,3679
1121,1047,25.6,2555
1121,1154,46.7,4669
1121,237,40.7,4068
1121,1476,37.4,3743
1121,1166,40.8,4082
1121,936,55.3,5531
1121,229,32.7,3271
1121,219,46.9,4686
1121,3694,41.2,4117
1121,946,29.5,2954
1121,203,66.4,6641
1121,295,27.5,2751
1121,1206,51.1,5108
1121,1127,64.7,6473
1121,4789,51.4,5143
1121,1114,44.4,4442
1121,247,44.7,4469
1121,184,34.5,3447
1121,4170,84.3,8429
1121,18,57.5,5746
1121,1209,73.8,7384
1121,1059,45.9,4592
1121,4790,42.4,4242
1121,277,58.7,5870
1121,4644,37.6,3761
1121,259,40.1,4008
1121,972,31.4,3136
1121,1548,56.2,5616
1121,984,31.7,3166
1121,198,38.4,3839
1121,4489,47.0,4702
1121,1514,59.5,5950
1121,4705,60.1,6010
1121,4795,57.3,5727
1121,4527,61.3,6129
1121,961,37.5,3747
1121,227,55.3,5526
1121,257,29.5,2946
1121,273,32.2,3217
1121,1554,28.2,2821
1121,1175,37.2,3718
1121,205,53.7,5372
1121,4793,54.6,5461
1121,1183,52.6,5259
1121,996,58.5,5848
1121,80,40.1,4010
1121,4257,49.8,4981
1121,4799,59.1,5910
1121,4254,42.9,4293
1121,4431,34.2,3417
1121,1699,49.9,4994
1121,1066,52.1,5208
1121,289,27.7,2773
1121,2521,58.2,5820
1121,188,33.4,3339
1121,1078,39.4,3938
1121,999,64.0,6396
1121,1136,50.7,5069
1121,1490,45.9,4585
1121,297,37.8,3783
1121,1277,53.5,5352
1121,1005,38.7,3867
1121,975,44.0,4397
1121,950,46.6,4663
1121,1063,50.0,5005
1121,1075,36.1,3609
1121,1022,41.8,4178
1121,4833,58.7,5867
1121,4258,43.1,4309
1121,1019,48.3,4830
1121,1050,34.7,3472
1121,261,45.6,4562
1121,1520,37.4,3735
1121,269,55.0,5504
1121,1148,57.2,5718
1121,4383,38.9,3890
1121,223,52.2,5225
1121,1072,40.0,3998
1121,4728,41.3,4132
1121,1037,40.2,4019
1121,209,60.1,6015
1121,285,38.5,3846
1121,211,39.9,3993
1121,964,44.1,4409
1121,1130,63.0,6301
1121,249,82.3,8234
1121,255,66.6,6657
1121,77,53.6,5362
1121,4832,60.4,6037
1121,192,61.6,6162
1121,1687,55.6,5556
1121,4256,40.0,3995
1121,942,42.4,4235
1121,1009,46.2,4617
1121,1535,28.7,2869
1121,1002,39.6,3956
1121,287,44.0,4403
1121,1172,54.0,5401
1121,283,50.7,5069
1121,1025,56.3,5629
1121,967,54.7,5472
1121,241,41.6,4160
1121,1031,48.1,4809
1121,1084,52.4,5239
1121,271,54.9,5485
1121,2046,56.8,5682
1121,233,46.1,4612
1121,1041,26.8,2677
1121,215,51.4,5139
1121,1212,62.7,6268
1121,1157,61.6,6162
1121,1087,43.2,4324
1121,57,30.8,3079
1121,4788,43.2,4321
1121,4791,50.1,5006
283,275,28.1,2807
283,4706,42.2,4224
283,1145,61.7,6173
283,1180,54.5,5450
283,3299,52.8,5279
283,4536,51.3,5129
283,1307,56.0,5603
283,1491,68.6,6858
283,4516,27.1,2705
283,267,41.0,4103
283,1163,40.9,4086
283,1096,49.1,4910
283,1124,42.2,4219
283,213,47.2,4719
283,4798,55.8,5583
283,1482,41.1,4111
283,4362,27.8,2779
283,3478,36.1,3614
283,1047,25.0,2500
283,1154,46.0,4600
283,237,40.0,4001
283,1476,36.8,3677
283,1166,40.1,4015
283,936,54.6,5463
283,229,32.1,3209
283,219,46.2,4618
283,3694,40.5,4050
283,946,28.9,2895
283,203,65.8,6578
283,295,26.9,2694
283,1206,50.4,5039
283,1127,64.1,6409
283,4789,50.7,5074
283,1114,43.7,4374
283,247,44.0,4401
283,184,33.8,3384
283,4170,83.9,8387
283,18,56.8,5678
283,1209,73.3,7327
283,1059,45.2,4524
283,4790,41.8,4175
283,277,58.0,5803
283,4644,37.0,3695
283,259,39.4,3941
283,972,30.8,3075
283,1548,55.5,5548
283,984,31.1,3105
283,198,37.7,3773
283,4489,46.3,4633
283,1514,58.8,5883
283,4705,59.4,5943
283,4795,56.6,5659
283,4527,60.6,6062
283,961,36.8,3682
283,227,54.6,5458
283,257,28.9,2887
283,273,31.6,3155
283,1554,27.6,2763
283,1175,36.5,3653
283,205,53.0,5304
283,4793,53.9,5392
283,1183,51.9,5190
283,996,57.8,5781
283,80,39.4,3944
283,4257,49.1,4912
283,4799,58.4,5843
283,4254,42.3,4226
283,4431,33.5,3354
283,1699,49.2,4925
283,1066,51.4,5139
283,289,27.1,2715
283,2521,57.5,5752
283,188,32.8,3276
283,1078,38.7,3872
283,999,63.3,6331
283,1136,50.0,5000
283,1490,45.2,4516
283,297,37.2,3717
283,1277,52.8,5283
283,1005,38.0,3801
283,975,43.3,4329
283,950,46.0,4595
283,1063,49.4,4936
283,1075,35.5,3545
283,1022,41.1,4110
283,4833,58.0,5800
283,4258,42.4,4241
283,1019,47.6,4761
283,1050,34.1,3408
283,261,44.9,4494
283,1520,36.7,3669
283,269,54.4,5435
283,1148,56.5,5650
283,4383,38.2,3824
283,223,51.6,5156
283,1072,39.3,3932
283,4728,40.6,4065
283,1037,39.5,3952
283,209,59.5,5949
283,285,37.8,3780
283,211,39.3,3926
283,964,43.4,4341
283,1130,62.4,6236
283,249,81.9,8189
283,255,65.9,6594
283,77,52.9,5293
283,4832,59.7,5971
283,192,61.0,6095
283,1687,54.9,5488
283,4256,39.3,3928
283,942,41.7,4168
283,1009,45.5,4549
283,1535,28.1,2811
283,1002,38.9,3889
283,287,43.4,4335
283,1172,53.3,5332
283,1121,49.3,4931
283,1025,55.6,5561
283,967,54.0,5403
283,241,40.9,4093
283,1031,47.4,4740
283,1084,51.7,5170
283,271,54.2,5416
283,2046,56.1,5614
283,233,45.4,4544
283,1041,26.2,2621
283,215,50.7,5070
283,1212,62.0,6203
283,1157,61.0,6096
283,1087,42.6,4257
283,57,30.2,3018
283,4788,42.5,4253
283,4791,49.4,4937
1025,275,23.5,2351
1025,4706,36.8,3681
1025,1145,56.2,5625
1025,1180,48.9,4888
1025,3299,47.2,4717
1025,4536,45.7,4566
1025,1307,50.4,5043
1025,1491,63.4,6341
1025,4516,22.6,2259
1025,267,35.6,3564
1025,1163,35.5,3548
1025,1096,43.5,4350
1025,1124,36.8,3676
1025,213,41.6,4162
1025,4798,50.2,5022
1025,1482,35.7,3572
1025,4362,23.3,2326
1025,3478,31.0,3100
1025,1047,20.7,2074
1025,1154,40.5,4046
1025,237,34.7,3467
1025,1476,31.6,3160
1025,1166,34.8,3481
1025,936,49.0,4901
1025,229,27.2,2721
1025,219,40.6,4063
1025,3694,35.1,3514
1025,946,24.3,2432
1025,203,60.5,6046
1025,295,22.5,2249
1025,1206,44.8,4478
1025,1127,58.7,5869
1025,4789,45.1,4512
1025,1114,38.3,3826
1025,247,38.5,3852
1025,184,28.8,2884
1025,4170,80.2,8017
1025,18,51.2,5118
1025,1209,68.4,6843
1025,1059,39.7,3971
1025,4790,36.3,3634
1025,277,52.5,5245
1025,4644,31.8,3177
1025,259,34.1,3410
1025,972,26.0,2598
1025,1548,49.9,4987
1025,984,26.2,2625
1025,198,32.5,3250
1025,4489,40.8,4078
1025,1514,53.3,5326
1025,4705,53.9,5388
1025,4795,51.0,5099
1025,4527,55.1,5511
1025,961,31.6,3164
1025,227,49.0,4896
1025,257,24.2,2425
1025,273,26.7,2671
1025,1554,23.1,2312
1025,1175,31.4,3137
1025,205,47.4,4741
1025,4793,48.3,4830
1025,1183,46.3,4627
1025,996,52.2,5223
1025,80,34.1,3412
1025,4257,43.5,4352
1025,4799,52.9,5286
1025,4254,36.8,3682
1025,4431,28.6,2856
1025,1699,43.6,4364
1025,1066,45.8,4577
1025,289,22.7,2268
1025,2521,51.9,5194
1025,188,27.8,2784
1025,1078,33.4,3344
1025,999,57.9,5788
1025,1136,44.4,4438
1025,1490,39.6,3964
1025,297,32.0,3197
1025,1277,47.2,4721
1025,1005,32.8,3276
1025,975,37.8,3783
1025,950,40.4,4041
1025,1063,43.8,4376
1025,1075,30.4,3035
1025,1022,35.7,3572
1025,4833,52.4,5242
1025,4258,37.0,3697
1025,1019,42.0,4203
1025,1050,29.1,2907
1025,261,39.4,3942
1025,1520,31.5,3152
1025,269,48.7,4873
1025,1148,50.9,5090
1025,4383,33.0,3299
1025,223,45.9,4593
1025,1072,34.0,3401
1025,4728,35.3,3528
1025,1037,34.2,3421
1025,209,53.9,5394
1025,285,32.6,3257
1025,211,34.0,3396
1025,964,37.9,3794
1025,1130,56.9,5690
1025,249,77.9,7794
1025,255,60.6,6063
1025,77,47.3,4731
1025,4832,54.2,5417
1025,192,55.5,5545
1025,1687,49.3,4926
1025,4256,34.0,3398
1025,942,36.3,3627
1025,1009,40.0,3996
1025,1535,23.6,2355
1025,1002,33.6,3360
1025,287,37.9,3788
1025,1172,47.7,4770
1025,1121,43.7,4371
1025,283,44.4,4439
1025,967,48.4,4841
1025,241,35.5,3555
1025,1031,41.8,4183
1025,1084,46.1,4608
1025,271,48.5,4854
1025,2046,50.5,5054
1025,233,39.9,3991
1025,1041,21.8,2183
1025,215,45.1,4508
1025,1212,56.6,5656
1025,1157,55.5,5546
1025,1087,37.1,3712
1025,57,25.5,2546
1025,4788,37.1,3709
1025,4791,43.8,4377
967,275,24.8,2476
967,4706,38.3,3832
967,1145,57.8,5781
967,1180,50.5,5047
967,3299,48.8,4876
967,4536,47.2,4725
967,1307,52.0,5202
967,1491,64.9,6490
967,4516,23.8,2381
967,267,37.1,3714
967,1163,37.0,3698
967,1096,45.1,4507
967,1124,38.3,3828
967,213,43.2,4318
967,4798,51.8,5182
967,1482,37.2,3722
967,4362,24.5,2450
967,3478,32.4,3242
967,1047,21.9,2190
967,1154,42.0,4201
967,237,36.1,3615
967,1476,33.0,3303
967,1166,36.3,3629
967,936,50.6,5060
967,229,28.6,2855
967,219,42.2,4218
967,3694,36.6,3663
967,946,25.6,2559
967,203,62.0,6199
967,295,23.7,2370
967,1206,46.4,4636
967,1127,60.2,6024
967,4789,46.7,4670
967,1114,39.8,3979
967,247,40.0,4005
967,184,30.2,3022
967,4170,81.3,8127
967,18,52.8,5277
967,1209,69.8,6984
967,1059,41.3,4126
967,4790,37.8,3784
967,277,54.0,5404
967,4644,33.2,3320
967,259,35.6,3558
967,972,27.3,2729
967,1548,51.5,5146
967,984,27.6,2757
967,198,34.0,3395
967,4489,42.3,4234
967,1514,54.9,5485
967,4705,55.5,5546
967,4795,52.6,5258
967,4527,56.7,5668
967,961,33.1,3307
967,227,50.5,5055
967,257,25.5,2551
967,273,28.0,2804
967,1554,24.4,2435
967,1175,32.8,3280
967,205,49.0,4900
967,4793,49.9,4989
967,1183,47.9,4786
967,996,53.8,5381
967,80,35.6,3560
967,4257,45.1,4509
967,4799,54.4,5444
967,4254,38.3,3834
967,4431,29.9,2993
967,1699,45.2,4522
967,1066,47.4,4735
967,289,23.9,2390
967,2521,53.5,5352
967,188,29.2,2920
967,1078,34.9,3490
967,999,59.4,5944
967,1136,46.0,4596
967,1490,41.2,4118
967,297,33.4,3341
967,1277,48.8,4880
967,1005,34.2,3422
967,975,39.4,3935
967,950,42.0,4196
967,1063,45.3,4533
967,1075,31.8,3175
967,1022,37.2,3722
967,4833,54.0,5401
967,4258,38.5,3849
967,1019,43.6,4359
967,1050,30.4,3045
967,261,41.0,4097
967,1520,33.0,3295
967,269,50.3,5032
967,1148,52.5,5249
967,4383,34.4,3444
967,223,47.5,4752
967,1072,35.5,3549
967,4728,36.8,3677
967,1037,35.7,3568
967,209,55.5,5552
967,285,34.0,3402
967,211,35.4,3543
967,964,39.5,3946
967,1130,58.5,5846
967,249,79.1,7910
967,255,62.2,6216
967,77,48.9,4890
967,4832,55.7,5574
967,192,57.0,5702
967,1687,50.9,5085
967,4256,35.5,3545
967,942,37.8,3778
967,1009,41.5,4150
967,1535,24.8,2480
967,1002,35.1,3507
967,287,39.4,3941
967,1172,49.3,4929
967,1121,45.3,4528
967,283,46.0,4597
967,1025,51.6,5159
967,241,37.0,3704
967,1031,43.4,4339
967,1084,47.7,4767
967,271,50.1,5013
967,2046,52.1,5213
967,233,41.5,4146
967,1041,23.0,2302
967,215,46.7,4666
967,1212,58.1,5812
967,1157,57.0,5703
967,1087,38.6,3864
967,57,26.8,2675
967,4788,38.6,3860
967,4791,45.3,4534
241,275,36.3,3626
241,4706,51.3,5134
241,1145,70.1,7012
241,1180,63.4,6340
241,3299,61.8,6177
241,4536,60.3,6032
241,1307,64.8,6485
241,1491,76.2,7622
241,4516,35.1,3513
241,267,50.1,5010
241,1163,49.9,4993
241,1096,58.2,5819
241,1124,51.3,5129
241,213,56.3,5631
241,4798,64.7,6466
241,1482,50.2,5019
241,4362,36.0,3595
241,3478,45.0,4501
241,1047,32.8,3281
241,1154,55.1,5514
241,237,49.1,4906
241,1476,45.7,4568
241,1166,49.2,4920
241,936,63.5,6352
241,229,40.7,4068
241,219,55.3,5531
241,3694,49.6,4956
241,946,37.2,3724
241,203,73.8,7376
241,295,35.0,3500
241,1206,59.5,5946
241,1127,72.2,7225
241,4789,59.8,5979
241,1114,52.9,5286
241,247,53.1,5314
241,184,42.6,4257
241,4170,88.8,8885
241,18,65.5,6555
241,1209,80.2,8025
241,1059,54.4,5437
241,4790,50.8,5084
241,277,66.7,6672
241,4644,45.9,4587
241,259,48.4,4844
241,972,39.2,3922
241,1548,64.3,6433
241,984,39.5,3955
241,198,46.7,4668
241,4489,55.5,5546
241,1514,67.5,6745
241,4705,68.0,6801
241,4795,65.4,6537
241,4527,69.1,6911
241,961,45.7,4573
241,227,63.5,6347
241,257,37.1,3715
241,273,40.1,4009
241,1554,35.8,3578
241,1175,45.4,4543
241,205,62.0,6201
241,4793,62.9,6285
241,1183,60.9,6091
241,996,66.5,6651
241,80,48.5,4847
241,4257,58.2,5821
241,4799,67.1,6709
241,4254,51.4,5136
241,4431,42.2,4224
241,1699,58.3,5834
241,1066,60.4,6042
241,289,35.2,3524
241,2521,66.2,6624
241,188,41.4,4141
241,1078,47.7,4772
241,999,71.5,7155
241,1136,59.1,5907
241,1490,54.3,5430
241,297,46.1,4610
241,1277,61.8,6181
241,1005,47.0,4698
241,975,52.4,5241
241,950,55.1,5508
241,1063,58.5,5845
241,1075,44.3,4428
241,1022,50.2,5018
241,4833,66.7,6669
241,4258,51.5,5152
241,1019,56.7,5673
241,1050,42.8,4282
241,261,54.1,5407
241,1520,45.6,4560
241,269,63.3,6326
241,1148,65.3,6529
241,4383,47.2,4722
241,223,60.6,6058
241,1072,48.3,4834
241,4728,49.7,4972
241,1037,48.5,4855
241,209,68.1,6807
241,285,46.8,4676
241,211,48.3,4828
241,964,52.5,5253
241,1130,70.7,7069
241,249,87.3,8730
241,255,73.9,7390
241,77,61.9,6191
241,4832,68.3,6827
241,192,69.4,6941
241,1687,63.8,6376
241,4256,48.3,4830
241,942,50.8,5077
241,1009,54.6,5462
241,1535,36.3,3631
241,1002,47.9,4790
241,287,52.5,5247
241,1172,62.3,6228
241,1121,58.4,5840
241,283,59.1,5907
241,1025,64.5,6445
241,967,63.0,6296
241,1031,56.5,5652
241,1084,60.7,6072
241,271,63.1,6308
241,2046,65.0,6495
241,233,54.6,5457
241,1041,34.2,3418
241,215,59.8,5975
241,1212,70.4,7039
241,1157,69.4,6942
241,1087,51.7,5168
241,57,38.6,3860
241,4788,51.6,5164
241,4791,58.5,5846
1031,275,30.3,3030
1031,4706,44.8,4480
1031,1145,64.2,6419
1031,1180,57.1,5707
1031,3299,55.4,5538
1031,4536,53.9,5388
1031,1307,58.6,5859
1031,1491,70.8,7085
1031,4516,29.2,2925
1031,267,43.6,4358
1031,1163,43.4,4341
1031,1096,51.7,5170
1031,1124,44.8,4476
1031,213,49.8,4979
1031,4798,58.4,5839
1031,1482,43.7,4366
1031,4362,30.0,3001
1031,3478,38.6,3861
1031,1047,27.1,2712
1031,1154,48.6,4860
1031,237,42.5,4255
1031,1476,39.2,3925
1031,1166,42.7,4269
1031,936,57.2,5720
1031,229,34.5,3445
1031,219,48.8,4877
1031,3694,43.0,4305
1031,946,31.2,3122
1031,203,68.1,6814
1031,295,29.1,2913
1031,1206,53.0,5299
1031,1127,66.5,6649
1031,4789,53.3,5333
1031,1114,46.3,4632
1031,247,46.6,4659
1031,184,36.2,3625
1031,4170,85.4,8541
1031,18,59.3,5933
1031,1209,75.4,7537
1031,1059,47.8,4783
1031,4790,44.3,4431
1031,277,60.6,6056
1031,4644,39.4,3944
1031,259,41.9,4194
1031,972,33.1,3308
1031,1548,58.0,5804
1031,984,33.4,3338
1031,198,40.2,4023
1031,4489,48.9,4893
1031,1514,61.3,6134
1031,4705,61.9,6193
1031,4795,59.1,5914
1031,4527,63.1,6311
1031,961,39.3,3930
1031,227,57.1,5715
1031,257,31.1,3113
1031,273,33.9,3390
1031,1554,29.9,2985
1031,1175,39.0,3901
1031,205,55.6,5562
1031,4793,56.5,5650
1031,1183,54.5,5449
1031,996,60.3,6034
1031,80,42.0,4197
1031,4257,51.7,5172
1031,4799,61.0,6095
1031,4254,44.8,4482
1031,4431,35.9,3594
1031,1699,51.9,5185
1031,1066,54.0,5398
1031,289,29.4,2935
1031,2521,60.1,6006
1031,188,35.1,3515
1031,1078,41.2,4123
1031,999,65.7,6573
1031,1136,52.6,5259
1031,1490,47.8,4775
1031,297,39.7,3966
1031,1277,55.4,5542
1031,1005,40.5,4051
1031,975,45.9,4587
1031,950,48.5,4854
1031,1063,52.0,5196
1031,1075,37.9,3790
1031,1022,43.7,4366
1031,4833,60.5,6053
1031,4258,45.0,4498
1031,1019,50.2,5021
1031,1050,36.5,3650
1031,261,47.5,4753
1031,1520,39.2,3917
1031,269,56.9,5693
1031,1148,59.0,5905
1031,4383,40.8,4075
1031,223,54.1,5415
1031,1072,41.9,4185
1031,4728,43.2,4319
1031,1037,42.0,4205
1031,209,62.0,6199
1031,285,40.3,4030
1031,211,41.8,4179
1031,964,46.0,4598
1031,1130,64.8,6480
1031,249,83.6,8356
1031,255,68.3,6830
1031,77,55.5,5552
1031,4832,62.2,6221
1031,192,63.4,6343
1031,1687,57.5,5745
1031,4256,41.8,4181
1031,942,44.2,4424
1031,1009,48.1,4808
1031,1535,30.4,3035
1031,1002,41.4,4141
1031,287,45.9,4593
1031,1172,55.9,5591
1031,1121,51.9,5191
1031,283,52.6,5260
1031,1025,58.2,5817
1031,967,56.6,5661
1031,241,43.5,4348
1031,1084,54.3,5429
1031,271,56.7,5674
1031,2046,58.7,5870
1031,233,48.0,4803
1031,1041,28.4,2837
1031,215,53.3,5329
1031,1212,64.5,6448
1031,1157,63.4,6344
1031,1087,45.1,4513
1031,57,32.5,3249
1031,4788,45.1,4510
1031,4791,52.0,5197
1084,275,26.6,2664
1084,4706,40.6,4058
1084,1145,60.1,6009
1084,1180,52.8,5280
1084,3299,51.1,5109
1084,4536,49.6,4958
1084,1307,54.4,5435
1084,1491,67.0,6705
1084,4516,25.7,2566
1084,267,39.4,3937
1084,1163,39.2,3921
1084,1096,47.4,4740
1084,1124,40.5,4053
1084,213,45.5,4549
1084,4798,54.1,5414
1084,1482,39.5,3946
1084,4362,26.4,2637
1084,3478,34.5,3455
1084,1047,23.7,2366
1084,1154,44.3,4431
1084,237,38.4,3837
1084,1476,35.2,3518
1084,1166,38.5,3851
1084,936,52.9,5293
1084,229,30.6,3057
1084,219,44.5,4448
1084,3694,38.9,3886
1084,946,27.5,2751
1084,203,64.2,6420
1084,295,25.6,2555
1084,1206,48.7,4869
1084,1127,62.5,6248
1084,4789,49.0,4904
1084,1114,42.1,4206
1084,247,42.3,4233
1084,184,32.3,3229
1084,4170,82.8,8280
1084,18,55.1,5510
1084,1209,71.8,7185
1084,1059,43.5,4355
1084,4790,40.1,4009
1084,277,56.4,5635
1084,4644,35.4,3536
1084,259,37.8,3778
1084,972,29.3,2927
1084,1548,53.8,5379
1084,984,29.6,2956
1084,198,36.1,3612
1084,4489,44.6,4464
1084,1514,57.2,5716
1084,4705,57.8,5776
1084,4795,54.9,5490
1084,4527,59.0,5897
1084,961,35.2,3522
1084,227,52.9,5288
1084,257,27.4,2743
1084,273,30.1,3005
1084,1554,26.2,2622
1084,1175,34.9,3494
1084,205,51.3,5134
1084,4793,52.2,5222
1084,1183,50.2,5019
1084,996,56.1,5613
1084,80,37.8,3780
1084,4257,47.4,4742
1084,4799,56.8,5676
1084,4254,40.6,4059
1084,4431,32.0,3200
1084,1699,47.5,4755
1084,1066,49.7,4969
1084,289,25.8,2576
1084,2521,55.8,5584
1084,188,31.2,3124
1084,1078,37.1,3709
1084,999,61.7,6169
1084,1136,48.3,4829
1084,1490,43.5,4348
1084,297,35.6,3557
1084,1277,51.1,5113
1084,1005,36.4,3639
1084,975,41.6,4162
1084,950,44.3,4426
1084,1063,47.7,4766
1084,1075,33.9,3387
1084,1022,39.5,3945
1084,4833,56.3,5632
1084,4258,40.7,4074
1084,1019,45.9,4591
1084,1050,32.5,3253
1084,261,43.3,4326
1084,1520,35.1,3510
1084,269,52.7,5266
1084,1148,54.8,5482
1084,4383,36.6,3662
1084,223,49.9,4985
1084,1072,37.7,3769
1084,4728,39.0,3900
1084,1037,37.9,3789
1084,209,57.8,5782
1084,285,36.2,3619
1084,211,37.6,3763
1084,964,41.7,4173
1084,1130,60.7,6072
1084,249,80.8,8075
1084,255,64.4,6436
1084,77,51.2,5123
1084,4832,58.0,5805
1084,192,59.3,5931
1084,1687,53.2,5319
1084,4256,37.6,3765
1084,942,40.0,4002
1084,1009,43.8,4380
1084,1535,26.7,2669
1084,1002,37.3,3727
1084,287,41.7,4168
1084,1172,51.6,5162
1084,1121,47.6,4761
1084,283,48.3,4830
1084,1025,53.9,5392
1084,967,52.3,5233
1084,241,39.3,3928
1084,1031,45.7,4571
1084,271,52.5,5246
1084,2046,54.5,5445
1084,233,43.8,4375
1084,1041,24.8,2484
1084,215,49.0,4899
1084,1212,60.4,6039
1084,1157,59.3,5932
1084,1087,40.9,4090
1084,57,28.7,2871
1084,4788,40.9,4086
1084,4791,47.7,4767
271,275,24.6,2465
271,4706,38.2,3820
271,1145,57.7,5769
271,1180,50.3,5034
271,3299,48.6,4863
271,4536,47.1,4712
271,1307,51.9,5189
271,1491,64.8,6478
271,4516,23.7,2371
271,267,37.0,3702
271,1163,36.9,3685
271,1096,44.9,4494
271,1124,38.1,3815
271,213,43.0,4305
271,4798,51.7,5169
271,1482,37.1,3710
271,4362,24.4,2440
271,3478,32.3,3230
271,1047,21.8,2180
271,1154,41.9,4188
271,237,36.0,3603
271,1476,32.9,3291
271,1166,36.2,3617
271,936,50.5,5047
271,229,28.4,2844
271,219,42.0,4205
271,3694,36.5,3651
271,946,25.5,2548
271,203,61.9,6187
271,295,23.6,2360
271,1206,46.2,4623
271,1127,60.1,6011
271,4789,46.6,4657
271,1114,39.7,3966
271,247,39.9,3993
271,184,30.1,3011
271,4170,81.2,8118
271,18,52.6,5264
271,1209,69.7,6973
271,1059,41.1,4113
271,4790,37.7,3772
271,277,53.9,5391
271,4644,33.1,3309
271,259,35.5,3546
271,972,27.2,2718
271,1548,51.3,5133
271,984,27.5,2746
271,198,33.8,3383
271,4489,42.2,4221
271,1514,54.7,5472
271,4705,55.3,5533
271,4795,52.5,5245
271,4527,56.5,5655
271,961,33.0,3295
271,227,50.4,5042
271,257,25.4,2541
271,273,27.9,2793
271,1554,24.2,2425
271,1175,32.7,3268
271,205,48.9,4887
271,4793,49.8,4976
271,1183,47.7,4773
271,996,53.7,5369
271,80,35.5,3548
271,4257,45.0,4496
271,4799,54.3,5431
271,4254,38.2,3821
271,4431,29.8,2982
271,1699,45.1,4509
271,1066,47.2,4722
271,289,23.8,2380
271,2521,53.4,5339
271,188,29.1,2908
271,1078,34.8,3478
271,999,59.3,5931
271,1136,45.8,4583
271,1490,41.1,4106
271,297,33.3,3329
271,1277,48.7,4867
271,1005,34.1,3410
271,975,39.2,3923
271,950,41.8,4183
271,1063,45.2,4520
271,1075,31.6,3164
271,1022,37.1,3709
271,4833,53.9,5388
271,4258,38.4,3836
271,1019,43.5,4347
271,1050,30.3,3033
271,261,40.8,4084
271,1520,32.8,3283
271,269,50.2,5019
271,1148,52.4,5236
271,4383,34.3,3432
271,223,47.4,4739
271,1072,35.4,3536
271,4728,36.6,3665
271,1037,35.6,3556
271,209,55.4,5539
271,285,33.9,3390
271,211,35.3,3531
271,964,39.3,3934
271,1130,58.3,5833
271,249,79.0,7901
271,255,62.0,6203
271,77,48.8,4877
271,4832,55.6,5562
271,192,56.9,5689
271,1687,50.7,5072
271,4256,35.3,3533
271,942,37.6,3765
271,1009,41.4,4138
271,1535,24.7,2469
271,1002,35.0,3495
271,287,39.3,3928
271,1172,49.2,4916
271,1121,45.1,4515
271,283,45.8,4584
271,1025,51.5,5146
271,967,49.9,4987
271,241,36.9,3692
271,1031,43.3,4326
271,1084,47.5,4754
271,2046,52.0,5200
271,233,41.3,4133
271,1041,22.9,2292
271,215,46.5,4653
271,1212,58.0,5799
271,1157,56.9,5690
271,1087,38.5,3852
271,57,26.6,2664
271,4788,38.5,3848
271,4791,45.2,4521
2046,275,23.1,2310
2046,4706,36.3,3630
2046,1145,55.7,5572
2046,1180,48.3,4834
2046,3299,46.6,4663
2046,4536,45.1,4513
2046,1307,49.9,4989
2046,1491,62.9,6291
2046,4516,22.2,2219
2046,267,35.1,3514
2046,1163,35.0,3498
2046,1096,43.0,4297
2046,1124,36.3,3626
2046,213,41.1,4109
2046,4798,49.7,4969
2046,1482,35.2,3522
2046,4362,22.9,2285
2046,3478,30.5,3053
2046,1047,20.4,2035
2046,1154,39.9,3994
2046,237,34.2,3417
2046,1476,31.1,3112
2046,1166,34.3,3431
2046,936,48.5,4847
2046,229,26.8,2677
2046,219,40.1,4011
2046,3694,34.6,3464
2046,946,23.9,2390
2046,203,59.9,5994
2046,295,22.1,2209
2046,1206,44.2,4425
2046,1127,58.2,5817
2046,4789,44.6,4459
2046,1114,37.7,3774
2046,247,38.0,3801
2046,184,28.4,2838
2046,4170,79.8,7980
2046,18,50.6,5065
2046,1209,68.0,6796
2046,1059,39.2,3919
2046,4790,35.8,3583
2046,277,51.9,5192
2046,4644,31.3,3129
2046,259,33.6,3361
2046,972,25.5,2554
2046,1548,49.3,4933
2046,984,25.8,2581
2046,198,32.0,3202
2046,4489,40.3,4026
2046,1514,52.7,5273
2046,4705,53.4,5335
2046,4795,50.5,5045
2046,4527,54.6,5458
2046,961,31.2,3116
2046,227,48.4,4842
2046,257,23.8,2383
2046,273,26.3,2627
2046,1554,22.7,2271
2046,1175,30.9,3090
2046,205,46.9,4688
2046,4793,47.8,4776
2046,1183,45.7,4574
2046,996,51.7,5169
2046,80,33.6,3363
2046,4257,43.0,4299
2046,4799,52.3,5232
2046,4254,36.3,3632
2046,4431,28.1,2811
2046,1699,43.1,4312
2046,1066,45.2,4524
2046,289,22.3,2228
2046,2521,51.4,5140
2046,188,27.4,2739
2046,1078,33.0,3295
2046,999,57.4,5736
2046,1136,43.9,4385
2046,1490,39.1,3912
2046,297,31.5,3149
2046,1277,46.7,4667
2046,1005,32.3,3228
2046,975,37.3,3732
2046,950,39.9,3988
2046,1063,43.2,4323
2046,1075,29.9,2988
2046,1022,35.2,3522
2046,4833,51.9,5189
2046,4258,36.5,3647
2046,1019,41.5,4150
2046,1050,28.6,2861
2046,261,38.9,3891
2046,1520,31.0,3104
2046,269,48.2,4820
2046,1148,50.4,5037
2046,4383,32.5,3250
2046,223,45.4,4540
2046,1072,33.5,3352
2046,4728,34.8,3478
2046,1037,33.7,3371
2046,209,53.4,5341
2046,285,32.1,3209
2046,211,33.5,3347
2046,964,37.4,3742
2046,1130,56.4,5637
2046,249,77.5,7754
2046,255,60.1,6011
2046,77,46.8,4677
2046,4832,53.6,5363
2046,192,54.9,5492
2046,1687,48.7,4873
2046,4256,33.5,3349
2046,942,35.8,3577
2046,1009,39.4,3944
2046,1535,23.1,2314
2046,1002,33.1,3312
2046,287,37.4,3737
2046,1172,47.2,4716
2046,1121,43.2,4318
2046,283,43.9,4386
2046,1025,49.5,4946
2046,967,47.9,4787
2046,241,35.0,3505
2046,1031,41.3,4130
2046,1084,45.5,4555
2046,271,48.0,4800
2046,233,39.4,3939
2046,1041,21.4,2143
2046,215,44.5,4455
2046,1212,56.0,5603
2046,1157,54.9,5493
2046,1087,36.6,3662
2046,57,25.0,2503
2046,4788,36.6,3658
2046,4791,43.2,4324
233,275,32.0,3205
233,4706,46.8,4677
233,1145,66.0,6602
233,1180,59.0,5900
233,3299,57.3,5733
233,4536,55.8,5584
233,1307,60.5,6050
233,1491,72.5,7253
233,4516,31.0,3097
233,267,45.5,4553
233,1163,45.4,4536
233,1096,53.7,5367
233,1124,46.7,4672
233,213,51.8,5176
233,4798,60.3,6031
233,1482,45.6,4561
233,4362,31.8,3176
233,3478,40.5,4051
233,1047,28.8,2878
233,1154,50.6,5057
233,237,44.5,4449
233,1476,41.2,4117
233,1166,44.6,4464
233,936,59.1,5913
233,229,36.3,3629
233,219,50.7,5074
233,3694,45.0,4500
233,946,33.0,3299
233,203,69.9,6988
233,295,30.9,3085
233,1206,55.0,5495
233,1127,68.3,6827
233,4789,55.3,5530
233,1114,48.3,4828
233,247,48.6,4856
233,184,38.1,3812
233,4170,86.5,8651
233,18,61.2,6123
233,1209,76.9,7690
233,1059,49.8,4980
233,4790,46.3,4627
233,277,62.5,6245
233,4644,41.4,4135
233,259,43.9,4388
233,972,34.9,3489
233,1548,60.0,5996
233,984,35.2,3520
233,198,42.1,4215
233,4489,50.9,5090
233,1514,63.2,6322
233,4705,63.8,6380
233,4795,61.0,6105
233,4527,65.0,6496
233,961,41.2,4121
233,227,59.1,5908
233,257,32.9,3290
233,273,35.7,3573
233,1554,31.6,3159
233,1175,40.9,4092
233,205,57.6,5757
233,4793,58.4,5844
233,1183,56.4,5644
233,996,62.2,6223
233,80,43.9,4391
233,4257,53.7,5369
233,4799,62.8,6283
233,4254,46.8,4678
233,4431,37.8,3781
233,1699,53.8,5381
233,1066,55.9,5594
233,289,31.1,3108
233,2521,62.0,6196
233,188,37.0,3700
233,1078,43.2,4317
233,999,67.5,6753
233,1136,54.6,5456
233,1490,49.7,4972
233,297,41.6,4158
233,1277,57.4,5737
233,1005,42.4,4244
233,975,47.8,4783
233,950,50.5,5051
233,1063,53.9,5393
233,1075,39.8,3979
233,1022,45.6,4561
233,4833,62.4,6242
233,4258,46.9,4694
233,1019,52.2,5218
233,1050,38.4,3837
233,261,49.5,4950
233,1520,41.1,4108
233,269,58.9,5886
233,1148,61.0,6096
233,4383,42.7,4268
233,223,56.1,5611
233,1072,43.8,4379
233,4728,45.1,4515
233,1037,44.0,4400
233,209,63.9,6386
233,285,42.2,4223
233,211,43.7,4373
233,964,48.0,4795
233,1130,66.6,6662
233,249,84.8,8475
233,255,70.0,7004
233,77,57.5,5746
233,4832,64.1,6407
233,192,65.3,6527
233,1687,59.4,5938
233,4256,43.8,4375
233,942,46.2,4620
233,1009,50.0,5005
233,1535,32.1,3209
233,1002,43.4,4335
233,287,47.9,4789
233,1172,57.9,5785
233,1121,53.9,5388
233,283,54.6,5456
233,1025,60.1,6009
233,967,58.5,5854
233,241,45.4,4543
233,1031,52.0,5197
233,1084,56.2,5625
233,271,58.7,5867
233,2046,60.6,6061
233,1041,30.1,3007
233,215,55.2,5525
233,1212,66.3,6631
233,1157,65.3,6528
233,1087,47.1,4710
233,57,34.3,3429
233,4788,47.1,4706
233,4791,53.9,5394
1041,275,52.2,5223
1041,4706,67.0,6704
1041,1145,82.5,8252
1041,1180,77.3,7733
1041,3299,76.0,7602
1041,4536,74.8,7483
1041,1307,78.5,7849
1041,1491,86.9,8688
1041,4516,51.0,5102
1041,267,65.9,6591
1041,1163,65.8,6575
1041,1096,73.0,7305
1041,1124,67.0,6700
1041,213,71.4,7144
1041,4798,78.3,7834
1041,1482,66.0,6599
1041,4362,51.9,5191
1041,3478,61.1,6111
1041,1047,48.5,4850
1041,1154,70.4,7042
1041,237,64.9,6494
1041,1476,61.8,6176
1041,1166,65.1,6508
1041,936,77.4,7743
1041,229,56.8,5681
1041,219,70.6,7057
1041,3694,65.4,6542
1041,946,53.3,5327
1041,203,85.2,8516
1041,295,50.9,5089
1041,1206,74.1,7411
1041,1127,84.1,8408
1041,4789,74.4,7439
1041,1114,68.4,6841
1041,247,68.7,6866
1041,184,58.7,5871
1041,4170,94.8,9480
1041,18,79.0,7904
1041,1209,89.6,8958
1041,1059,69.8,6975
1041,4790,66.6,6659
1041,277,79.9,7994
1041,4644,61.9,6194
1041,259,64.4,6437
1041,972,55.3,5533
1041,1548,78.1,7808
1041,984,55.7,5566
1041,198,62.7,6271
1041,4489,70.7,7071
1041,1514,80.5,8051
1041,4705,80.9,8093
1041,4795,78.9,7890
1041,4527,81.8,8177
1041,961,61.8,6180
1041,227,77.4,7739
1041,257,53.2,5317
1041,273,56.2,5622
1041,1554,51.7,5172
1041,1175,61.5,6151
1041,205,76.2,7621
1041,4793,76.9,7690
1041,1183,75.3,7532
1041,996,79.8,7978
1041,80,64.4,6439
1041,4257,73.1,7307
1041,4799,80.2,8023
1041,4254,67.1,6706
1041,4431,58.4,5839
1041,1699,73.2,7317
1041,1066,74.9,7491
1041,289,51.1,5115
1041,2521,79.6,7958
1041,188,57.5,5755
1041,1078,63.7,6369
1041,999,83.6,8357
1041,1136,73.8,7379
1041,1490,69.7,6969
1041,297,62.2,6216
1041,1277,76.0,7605
1041,1005,63.0,6299
1041,975,68.0,6801
1041,950,70.4,7037
1041,1063,73.3,7327
1041,1075,60.4,6040
1041,1022,66.0,6599
1041,4833,79.9,7992
1041,4258,67.2,6720
1041,1019,71.8,7180
1041,1050,59.0,5896
1041,261,69.5,6949
1041,1520,61.7,6167
1041,269,77.2,7723
1041,1148,78.8,7883
1041,4383,63.2,6322
1041,223,75.0,7505
1041,1072,64.3,6428
1041,4728,65.6,6556
1041,1037,64.5,6448
1041,209,81.0,8098
1041,285,62.8,6279
1041,211,64.2,6422
1041,964,68.1,6811
1041,1130,82.9,8294
1041,249,93.9,9392
1041,255,85.3,8526
1041,77,76.1,7613
1041,4832,81.1,8113
1041,192,82.0,8199
1041,1687,77.6,7762
1041,4256,64.2,6424
1041,942,66.5,6652
1041,1009,70.0,6997
1041,1535,52.3,5228
1041,1002,63.9,6386
1041,287,68.1,6806
1041,1172,76.4,7643
1041,1121,73.2,7323
1041,283,73.8,7379
1041,1025,78.2,7817
1041,967,77.0,7698
1041,241,65.8,6582
1041,1031,71.6,7163
1041,1084,75.2,7516
1041,271,77.1,7708
1041,2046,78.6,7857
1041,233,69.9,6993
1041,215,74.4,7436
1041,1212,82.7,8272
1041,1157,82.0,8200
1041,1087,67.3,6735
1041,57,54.7,5469
1041,4788,67.3,6731
1041,4791,73.3,7328
215,275,27.5,2748
215,4706,41.6,4156
215,1145,61.1,6106
215,1180,53.8,5380
215,3299,52.1,5210
215,4536,50.6,5059
215,1307,55.3,5534
215,1491,68.0,6796
215,4516,26.5,2648
215,267,40.4,4035
215,1163,40.2,4018
215,1096,48.4,4840
215,1124,41.5,4151
215,213,46.5,4649
215,4798,55.1,5514
215,1482,40.4,4043
215,4362,27.2,2721
215,3478,35.5,3549
215,1047,24.4,2445
215,1154,45.3,4531
215,237,39.3,3934
215,1476,36.1,3612
215,1166,39.5,3948
215,936,53.9,5394
215,229,31.5,3146
215,219,45.5,4548
215,3694,39.8,3983
215,946,28.4,2836
215,203,65.1,6514
215,295,26.4,2636
215,1206,49.7,4970
215,1127,63.4,6343
215,4789,50.0,5004
215,1114,43.0,4305
215,247,43.3,4332
215,184,33.2,3320
215,4170,83.4,8344
215,18,56.1,5609
215,1209,72.7,7269
215,1059,44.5,4455
215,4790,41.1,4107
215,277,57.3,5734
215,4644,36.3,3630
215,259,38.7,3874
215,972,30.1,3014
215,1548,54.8,5479
215,984,30.4,3043
215,198,37.1,3707
215,4489,45.6,4564
215,1514,58.1,5814
215,4705,58.8,5875
215,4795,55.9,5590
215,4527,60.0,5995
215,961,36.2,3616
215,227,53.9,5388
215,257,28.3,2827
215,273,30.9,3093
215,1554,27.1,2705
215,1175,35.9,3588
215,205,52.3,5234
215,4793,53.2,5323
215,1183,51.2,5120
215,996,57.1,5712
215,80,38.8,3877
215,4257,48.4,4842
215,4799,57.8,5775
215,4254,41.6,4157
215,4431,32.9,3290
215,1699,48.5,4855
215,1066,50.7,5069
215,289,26.6,2658
215,2521,56.8,5684
215,188,32.1,3214
215,1078,38.0,3805
215,999,62.6,6265
215,1136,49.3,4930
215,1490,44.5,4447
215,297,36.5,3651
215,1277,52.1,5214
215,1005,37.3,3734
215,975,42.6,4261
215,950,45.3,4526
215,1063,48.7,4867
215,1075,34.8,3480
215,1022,40.4,4043
215,4833,57.3,5732
215,4258,41.7,4173
215,1019,46.9,4691
215,1050,33.4,3344
215,261,44.2,4425
215,1520,36.0,3604
215,269,53.7,5366
215,1148,55.8,5582
215,4383,37.6,3758
215,223,50.9,5086
215,1072,38.6,3865
215,4728,40.0,3997
215,1037,38.9,3885
215,209,58.8,5881
215,285,37.1,3714
215,211,38.6,3859
215,964,42.7,4272
215,1130,61.7,6169
215,249,81.4,8143
215,255,65.3,6530
215,77,52.2,5224
215,4832,59.0,5903
215,192,60.3,6028
215,1687,54.2,5419
215,4256,38.6,3861
215,942,41.0,4100
215,1009,44.8,4480
215,1535,27.5,2752
215,1002,38.2,3822
215,287,42.7,4266
215,1172,52.6,5263
215,1121,48.6,4861
215,283,49.3,4930
215,1025,54.9,5492
215,967,53.3,5334
215,241,40.2,4025
215,1031,46.7,4671
215,1084,51.0,5101
215,271,53.5,5347
215,2046,55.5,5545
215,233,44.8,4475
215,1041,25.6,2564
215,1212,61.4,6136
215,1157,60.3,6029
215,1087,41.9,4188
215,57,29.6,2958
215,4788,41.9,4185
215,4791,48.7,4868
1212,275,18.8,1875
1212,4706,30.8,3078
1212,1145,49.7,4969
1212,1180,42.3,4234
1212,3299,40.7,4067
1212,4536,39.2,3921
1212,1307,43.9,4387
1212,1491,57.0,5705
1212,4516,17.9,1794
1212,267,29.7,2970
1212,1163,29.6,2955
1212,1096,37.1,3712
1212,1124,30.7,3074
1212,213,35.3,3532
1212,4798,43.7,4367
1212,1482,29.8,2977
1212,4362,18.5,1853
1212,3478,25.4,2543
1212,1047,16.3,1634
1212,1154,34.2,3422
1212,237,28.8,2880
1212,1476,26.0,2598
1212,1166,28.9,2892
1212,936,42.5,4247
1212,229,22.0,2202
1212,219,34.4,3438
1212,3694,29.2,2923
1212,946,19.5,1946
1212,203,54.0,5399
1212,295,17.9,1785
1212,1206,38.4,3835
1212,1127,52.2,5218
1212,4789,38.7,3868
1212,1114,32.1,3214
1212,247,32.4,3239
1212,184,23.5,2348
1212,4170,75.3,7526
1212,18,44.6,4461
1212,1209,62.4,6235
1212,1059,33.5,3351
1212,4790,30.3,3034
1212,277,45.9,4587
1212,4644,26.1,2613
1212,259,28.3,2827
1212,972,20.9,2092
1212,1548,43.3,4331
1212,984,21.2,2116
1212,198,26.8,2680
1212,4489,34.5,3452
1212,1514,46.7,4669
1212,4705,47.3,4730
1212,4795,44.4,4442
1212,4527,48.5,4854
1212,961,26.0,2601
1212,227,42.4,4242
1212,257,19.4,1939
1212,273,21.6,2158
1212,1554,18.4,1841
1212,1175,25.8,2577
1212,205,40.9,4090
1212,4793,41.8,4177
1212,1183,39.8,3980
1212,996,45.6,4565
1212,80,28.3,2829
1212,4257,37.1,3713
1212,4799,46.3,4628
1212,4254,30.8,3080
1212,4431,23.2,2323
1212,1699,37.3,3726
1212,1066,39.3,3931
1212,289,18.0,1802
1212,2521,45.4,4536
1212,188,22.6,2258
1212,1078,27.7,2766
1212,999,51.4,5135
1212,1136,38.0,3797
1212,1490,33.4,3344
1212,297,26.3,2632
1212,1277,40.7,4071
1212,1005,27.0,2704
1212,975,31.7,3173
1212,950,34.2,3417
1212,1063,37.4,3737
1212,1075,24.8,2484
1212,1022,29.8,2977
1212,4833,45.9,4585
1212,4258,30.9,3094
1212,1019,35.7,3571
1212,1050,23.7,2368
1212,261,33.2,3324
1212,1520,25.9,2591
1212,269,42.2,4220
1212,1148,44.3,4434
1212,4383,27.2,2725
1212,223,39.5,3947
1212,1072,28.2,2819
1212,4728,29.4,2936
1212,1037,28.4,2837
1212,209,47.4,4736
1212,285,26.9,2687
1212,211,28.1,2814
1212,964,31.8,3184
1212,1130,50.3,5034
1212,249,72.7,7274
1212,255,54.2,5417
1212,77,40.8,4080
1212,4832,47.6,4759
1212,192,48.9,4888
1212,1687,42.7,4272
1212,4256,28.2,2816
1212,942,30.3,3028
1212,1009,33.7,3374
1212,1535,18.8,1878
1212,1002,27.8,2781
1212,287,31.8,3179
1212,1172,41.2,4118
1212,1121,37.3,3732
1212,283,38.0,3797
1212,1025,43.4,4344
1212,967,41.9,4188
1212,241,29.6,2961
1212,1031,35.5,3552
1212,1084,39.6,3961
1212,271,42.0,4201
1212,2046,44.0,4397
1212,233,33.7,3369
1212,1041,17.3,1728
1212,215,38.6,3864
1212,1157,48.9,4889
1212,1087,31.1,3108
1212,57,20.5,2046
1212,4788,31.0,3104
1212,4791,37.4,3737
1157,275,19.5,1951
1157,4706,31.8,3177
1157,1145,50.8,5080
1157,1180,43.4,4343
1157,3299,41.8,4175
1157,4536,40.3,4028
1157,1307,45.0,4497
1157,1491,58.1,5814
1157,4516,18.7,1868
1157,267,30.7,3067
1157,1163,30.5,3052
1157,1096,38.2,3817
1157,1124,31.7,3173
1157,213,36.4,3636
1157,4798,44.8,4476
1157,1482,30.7,3074
1157,4362,19.3,1928
1157,3478,26.3,2633
1157,1047,17.0,1703
1157,1154,35.2,3524
1157,237,29.8,2975
1157,1476,26.9,2689
1157,1166,29.9,2988
1157,936,43.6,4356
1157,229,22.9,2285
1157,219,35.4,3541
1157,3694,30.2,3020
1157,946,20.2,2024
1157,203,55.1,5510
1157,295,18.6,1859
1157,1206,39.4,3942
1157,1127,53.3,5328
1157,4789,39.8,3975
1157,1114,33.1,3314
1157,247,33.4,3339
1157,184,24.4,2435
1157,4170,76.1,7613
1157,18,45.7,4572
1157,1209,63.4,6341
1157,1059,34.5,3453
1157,4790,31.3,3132
1157,277,47.0,4698
1157,4644,27.1,2705
1157,259,29.2,2922
1157,972,21.7,2173
1157,1548,44.4,4441
1157,984,22.0,2198
1157,198,27.7,2773
1157,4489,35.5,3555
1157,1514,47.8,4779
1157,4705,48.4,4841
1157,4795,45.5,4552
1157,4527,49.6,4965
1157,961,26.9,2692
1157,227,43.5,4351
1157,257,20.2,2017
1157,273,22.4,2240
1157,1554,19.2,1916
1157,1175,26.7,2668
1157,205,42.0,4199
1157,4793,42.9,4286
1157,1183,40.9,4087
1157,996,46.8,4676
1157,80,29.2,2924
1157,4257,38.2,3819
1157,4799,47.4,4739
1157,4254,31.8,3178
1157,4431,24.1,2409
1157,1699,38.3,3831
1157,1066,40.4,4038
1157,289,18.8,1877
1157,2521,46.5,4647
1157,188,23.4,2343
1157,1078,28.6,2860
1157,999,52.5,5246
1157,1136,39.0,3903
1157,1490,34.5,3446
1157,297,27.2,2724
1157,1277,41.8,4179
1157,1005,28.0,2797
1157,975,32.7,3273
1157,950,35.2,3519
1157,1063,38.4,3842
1157,1075,25.7,2573
1157,1022,30.7,3074
1157,4833,47.0,4695
1157,4258,31.9,3193
1157,1019,36.8,3675
1157,1050,24.6,2455
1157,261,34.2,3425
1157,1520,26.8,2682
1157,269,43.3,4329
1157,1148,45.4,4544
1157,4383,28.2,2818
1157,223,40.5,4054
1157,1072,29.1,2914
1157,4728,30.3,3033
1157,1037,29.3,2932
1157,209,48.5,4847
1157,285,27.8,2779
1157,211,29.1,2909
1157,964,32.8,3284
1157,1130,51.5,5145
1157,249,73.7,7366
1157,255,55.3,5527
1157,77,41.9,4189
1157,4832,48.7,4870
1157,192,50.0,4999
1157,1687,43.8,4381
1157,4256,29.1,2910
1157,942,31.3,3126
1157,1009,34.8,3476
1157,1535,19.5,1954
1157,1002,28.8,2876
1157,287,32.8,3279
1157,1172,42.3,4227
1157,1121,38.4,3838
1157,283,39.0,3904
1157,1025,44.5,4454
1157,967,43.0,4297
1157,241,30.6,3058
1157,1031,36.6,3656
1157,1084,40.7,4068
1157,271,43.1,4310
1157,2046,45.1,4507
1157,233,34.7,3472
1157,1041,18.0,1800
1157,215,39.7,3971
1157,1212,51.1,5111
1157,1087,32.1,3207
1157,57,21.3,2126
1157,4788,32.0,3203
1157,4791,38.4,3843
1087,275,34.7,3470
1087,4706,49.7,4967
1087,1145,68.6,6864
1087,1180,61.8,6181
1087,3299,60.2,6016
1087,4536,58.7,5869
1087,1307,63.3,6328
1087,1491,74.9,7490
1087,4516,33.6,3358
1087,267,48.4,4843
1087,1163,48.2,4825
1087,1096,56.5,5655
1087,1124,49.6,4962
1087,213,54.6,5465
1087,4798,63.1,6309
1087,1482,48.5,4851
1087,4362,34.4,3439
1087,3478,43.4,4336
1087,1047,31.3,3131
1087,1154,53.5,5347
1087,237,47.4,4738
1087,1476,44.0,4402
1087,1166,47.5,4753
1087,936,61.9,6193
1087,229,39.1,3906
1087,219,53.6,5364
1087,3694,47.9,4789
1087,946,35.7,3567
1087,203,72.4,7237
1087,295,33.5,3346
1087,1206,57.8,5782
1087,1127,70.8,7082
1087,4789,58.2,5816
1087,1114,51.2,5119
1087,247,51.5,5146
1087,184,40.9,4093
1087,4170,88.0,8803
1087,18,64.0,6399
1087,1209,79.1,7906
1087,1059,52.7,5270
1087,4790,49.2,4917
1087,277,65.2,6518
1087,4644,44.2,4421
1087,259,46.8,4677
1087,972,37.6,3762
1087,1548,62.8,6275
1087,984,37.9,3794
1087,198,45.0,4502
1087,4489,53.8,5380
1087,1514,65.9,6593
1087,4705,66.5,6649
1087,4795,63.8,6381
1087,4527,67.6,6762
1087,961,44.1,4407
1087,227,61.9,6188
1087,257,35.6,3558
1087,273,38.5,3848
1087,1554,34.2,3423
1087,1175,43.8,4377
1087,205,60.4,6040
1087,4793,61.2,6125
1087,1183,59.3,5929
1087,996,65.0,6497
1087,80,46.8,4679
1087,4257,56.6,5657
1087,4799,65.5,6555
1087,4254,49.7,4968
1087,4431,40.6,4061
1087,1699,56.7,5669
1087,1066,58.8,5880
1087,289,33.7,3370
1087,2521,64.7,6470
1087,188,39.8,3978
1087,1078,46.0,4605
1087,999,70.1,7011
1087,1136,57.4,5743
1087,1490,52.6,5263
1087,297,44.4,4444
1087,1277,60.2,6020
1087,1005,45.3,4531
1087,975,50.7,5074
1087,950,53.4,5341
1087,1063,56.8,5681
1087,1075,42.6,4263
1087,1022,48.5,4851
1087,4833,65.2,6515
1087,4258,49.8,4984
1087,1019,55.1,5507
1087,1050,41.2,4118
1087,261,52.4,5240
1087,1520,43.9,4394
1087,269,61.7,6167
1087,1148,63.7,6373
1087,4383,45.5,4555
1087,223,59.0,5896
1087,1072,46.7,4667
1087,4728,48.0,4804
1087,1037,46.9,4688
1087,209,66.5,6655
1087,285,45.1,4510
1087,211,46.6,4661
1087,964,50.9,5085
1087,1130,69.2,6923
1087,249,86.4,8640
1087,255,72.5,7252
1087,77,60.3,6029
1087,4832,66.8,6676
1087,192,67.9,6792
1087,1687,62.2,6218
1087,4256,46.6,4663
1087,942,49.1,4910
1087,1009,53.0,5295
1087,1535,34.7,3474
1087,1002,46.2,4623
1087,287,50.8,5080
1087,1172,60.7,6067
1087,1121,56.8,5676
1087,283,57.4,5743
1087,1025,62.9,6288
1087,967,61.4,6136
1087,241,48.3,4832
1087,1031,54.9,5487
1087,1084,59.1,5910
1087,271,61.5,6148
1087,2046,63.4,6338
1087,233,52.9,5290
1087,1041,32.6,3265
1087,215,58.1,5812
1087,1212,68.9,6892
1087,1157,67.9,6793
1087,57,37.0,3701
1087,4788,50.0,4996
1087,4791,56.8,5682
57,275,47.5,4754
57,4706,62.7,6268
57,1145,79.3,7932
57,1180,73.6,7363
57,3299,72.2,7221
57,4536,70.9,7093
57,1307,74.9,7489
57,1491,84.2,8421
57,4516,46.3,4633
57,267,61.5,6149
57,1163,61.3,6133
57,1096,69.0,6902
57,1124,62.6,6263
57,213,67.3,6731
57,4798,74.7,7473
57,1482,61.6,6157
57,4362,47.2,4721
57,3478,56.5,5653
57,1047,43.8,4383
57,1154,66.2,6623
57,237,60.5,6049
57,1476,57.2,5719
57,1166,60.6,6063
57,936,73.7,7374
57,229,52.1,5215
57,219,66.4,6639
57,3694,61.0,6098
57,946,48.6,4857
57,203,82.3,8227
57,295,46.2,4619
57,1206,70.2,7016
57,1127,81.0,8105
57,4789,70.5,7046
57,1114,64.1,6411
57,247,64.4,6437
57,184,54.1,5407
57,4170,93.4,9342
57,18,75.5,7549
57,1209,87.3,8729
57,1059,65.5,6552
57,4790,62.2,6220
57,277,76.5,7648
57,4644,57.4,5738
57,259,59.9,5989
57,972,50.6,5065
57,1548,74.4,7444
57,984,51.0,5098
57,198,58.2,5818
57,4489,66.5,6653
57,1514,77.1,7710
57,4705,77.6,7757
57,4795,75.3,7533
57,4527,78.5,7848
57,961,57.2,5724
57,227,73.7,7370
57,257,48.5,4848
57,273,51.5,5155
57,1554,47.0,4702
57,1175,56.9,5694
57,205,72.4,7242
57,4793,73.2,7316
57,1183,71.5,7145
57,996,76.3,7630
57,80,59.9,5992
57,4257,69.0,6904
57,4799,76.8,7679
57,4254,62.7,6269
57,4431,53.7,5374
57,1699,69.2,6916
57,1066,71.0,7102
57,289,46.5,4645
57,2521,76.1,7608
57,188,52.9,5290
57,1078,59.2,5919
57,999,80.5,8049
57,1136,69.8,6981
57,1490,65.5,6545
57,297,57.6,5760
57,1277,72.2,7225
57,1005,58.5,5846
57,975,63.7,6369
57,950,66.2,6618
57,1063,69.3,6926
57,1075,55.8,5580
57,1022,61.6,6157
57,4833,76.5,7645
57,4258,62.8,6284
57,1019,67.7,6769
57,1050,54.3,5433
57,261,65.2,6524
57,1520,57.1,5711
57,269,73.5,7352
57,1148,75.3,7527
57,4383,58.7,5870
57,223,71.2,7116
57,1072,59.8,5980
57,4728,61.1,6112
57,1037,60.0,6000
57,209,77.6,7761
57,285,58.3,5826
57,211,59.7,5974
57,964,63.8,6380
57,1130,79.8,7978
57,249,92.4,9237
57,255,82.4,8238
57,77,72.3,7233
57,4832,77.8,7778
57,192,78.7,7873
57,1687,74.0,7395
57,4256,59.8,5976
57,942,62.1,6213
57,1009,65.8,6575
57,1535,47.6,4759
57,1002,59.4,5937
57,287,63.7,6374
57,1172,72.7,7266
57,1121,69.2,6921
57,283,69.8,6982
57,1025,74.5,7454
57,967,73.2,7325
57,241,61.4,6140
57,1031,67.5,6751
57,1084,71.3,7129
57,271,73.4,7336
57,2046,75.0,7497
57,233,65.7,6571
57,1041,45.3,4531
57,215,70.4,7042
57,1212,79.5,7954
57,1157,78.7,7874
57,1087,63.0,6299
57,4788,63.0,6296
57,4791,69.3,6926
4788,275,34.7,3473
4788,4706,49.7,4971
4788,1145,68.7,6868
4788,1180,61.8,6184
4788,3299,60.2,6020
4788,4536,58.7,5873
4788,1307,63.3,6332
4788,1491,74.9,7493
4788,4516,33.6,3362
4788,267,48.5,4847
4788,1163,48.3,4829
4788,1096,56.6,5658
4788,1124,49.7,4966
4788,213,54.7,5469
4788,4798,63.1,6312
4788,1482,48.5,4855
4788,4362,34.4,3443
4788,3478,43.4,4339
4788,1047,31.4,3135
4788,1154,53.5,5351
4788,237,47.4,4742
4788,1476,44.1,4406
4788,1166,47.6,4757
4788,936,62.0,6197
4788,229,39.1,3909
4788,219,53.7,5368
4788,3694,47.9,4793
4788,946,35.7,3570
4788,203,72.4,7240
4788,295,33.5,3349
4788,1206,57.9,5786
4788,1127,70.9,7086
4788,4789,58.2,5820
4788,1114,51.2,5123
4788,247,51.5,5150
4788,184,41.0,4096
4788,4170,88.0,8805
4788,18,64.0,6403
4788,1209,79.1,7909
4788,1059,52.7,5274
4788,4790,49.2,4920
4788,277,65.2,6521
4788,4644,44.2,4425
4788,259,46.8,4681
4788,972,37.7,3766
4788,1548,62.8,6279
4788,984,38.0,3798
4788,198,45.1,4506
4788,4489,53.8,5384
4788,1514,66.0,6596
4788,4705,66.5,6653
4788,4795,63.8,6384
4788,4527,67.7,6765
4788,961,44.1,4410
4788,227,61.9,6192
4788,257,35.6,3561
4788,273,38.5,3852
4788,1554,34.3,3426
4788,1175,43.8,4381
4788,205,60.4,6043
4788,4793,61.3,6129
4788,1183,59.3,5933
4788,996,65.0,6500
4788,80,46.8,4683
4788,4257,56.6,5660
4788,4799,65.6,6559
4788,4254,49.7,4972
4788,4431,40.6,4064
4788,1699,56.7,5673
4788,1066,58.8,5883
4788,289,33.7,3373
4788,2521,64.7,6473
4788,188,39.8,3982
4788,1078,46.1,4608
4788,999,70.1,7014
4788,1136,57.5,5747
4788,1490,52.7,5266
4788,297,44.5,4448
4788,1277,60.2,6024
4788,1005,45.4,4535
4788,975,50.8,5078
4788,950,53.5,5345
4788,1063,56.8,5684
4788,1075,42.7,4266
4788,1022,48.5,4855
4788,4833,65.2,6518
4788,4258,49.9,4988
4788,1019,55.1,5511
4788,1050,41.2,4122
4788,261,52.4,5244
4788,1520,44.0,4397
4788,269,61.7,6171
4788,1148,63.8,6376
4788,4383,45.6,4559
4788,223,59.0,5900
4788,1072,46.7,4671
4788,4728,48.1,4808
4788,1037,46.9,4692
4788,209,66.6,6658
4788,285,45.1,4513
4788,211,46.6,4665
4788,964,50.9,5089
4788,1130,69.3,6926
4788,249,86.4,8643
4788,255,72.5,7255
4788,77,60.3,6033
4788,4832,66.8,6679
4788,192,68.0,6796
4788,1687,62.2,6221
4788,4256,46.7,4667
4788,942,49.1,4913
4788,1009,53.0,5299
4788,1535,34.8,3478
4788,1002,46.3,4627
4788,287,50.8,5083
4788,1172,60.7,6071
4788,1121,56.8,5679
4788,283,57.5,5747
4788,1025,62.9,6291
4788,967,61.4,6140
4788,241,48.4,4836
4788,1031,54.9,5490
4788,1084,59.1,5914
4788,271,61.5,6152
4788,2046,63.4,6342
4788,233,52.9,5294
4788,1041,32.7,3269
4788,215,58.1,5815
4788,1212,69.0,6896
4788,1157,68.0,6797
4788,1087,50.0,5004
4788,57,37.0,3704
4788,4791,56.9,5685
4791,275,28.6,2860
4791,4706,42.9,4286
4791,1145,62.3,6233
4791,1180,55.1,5512
4791,3299,53.4,5342
4791,4536,51.9,5191
4791,1307,56.6,5665
4791,1491,69.1,6914
4791,4516,27.6,2757
4791,267,41.6,4164
4791,1163,41.5,4147
4791,1096,49.7,4973
4791,1124,42.8,4281
4791,213,47.8,4781
4791,4798,56.5,5645
4791,1482,41.7,4172
4791,4362,28.3,2832
4791,3478,36.7,3673
4791,1047,25.5,2550
4791,1154,46.6,4663
4791,237,40.6,4062
4791,1476,37.4,3737
4791,1166,40.8,4076
4791,936,55.2,5525
4791,229,32.6,3265
4791,219,46.8,4680
4791,3694,41.1,4111
4791,946,29.5,2949
4791,203,66.4,6636
4791,295,27.5,2746
4791,1206,51.0,5102
4791,1127,64.7,6467
4791,4789,51.4,5137
4791,1114,44.4,4436
4791,247,44.6,4463
4791,184,34.4,3442
4791,4170,84.2,8425
4791,18,57.4,5740
4791,1209,73.8,7379
4791,1059,45.9,4586
4791,4790,42.4,4236
4791,277,58.6,5864
4791,4644,37.5,3755
4791,259,40.0,4002
4791,972,31.3,3131
4791,1548,56.1,5610
4791,984,31.6,3161
4791,198,38.3,3833
4791,4489,47.0,4696
4791,1514,59.4,5944
4791,4705,60.0,6004
4791,4795,57.2,5721
4791,4527,61.2,6123
4791,961,37.4,3741
4791,227,55.2,5520
4791,257,29.4,2941
4791,273,32.1,3211
4791,1554,28.2,2816
4791,1175,37.1,3713
4791,205,53.7,5366
4791,4793,54.5,5455
4791,1183,52.5,5252
4791,996,58.4,5842
4791,80,40.0,4004
4791,4257,49.8,4975
4791,4799,59.0,5904
4791,4254,42.9,4287
4791,4431,34.1,3411
4791,1699,49.9,4988
4791,1066,52.0,5202
4791,289,27.7,2768
4791,2521,58.1,5814
4791,188,33.3,3333
4791,1078,39.3,3932
4791,999,63.9,6390
4791,1136,50.6,5062
4791,1490,45.8,4579
4791,297,37.8,3777
4791,1277,53.5,5346
4791,1005,38.6,3861
4791,975,43.9,4391
4791,950,46.6,4657
4791,1063,50.0,4999
4791,1075,36.0,3603
4791,1022,41.7,4172
4791,4833,58.6,5861
4791,4258,43.0,4303
4791,1019,48.2,4823
4791,1050,34.7,3466
4791,261,45.6,4556
4791,1520,37.3,3729
4791,269,55.0,5498
4791,1148,57.1,5712
4791,4383,38.8,3884
4791,223,52.2,5218
4791,1072,39.9,3993
4791,4728,41.3,4126
4791,1037,40.1,4013
4791,209,60.1,6010
4791,285,38.4,3840
4791,211,39.9,3987
4791,964,44.0,4403
4791,1130,63.0,6295
4791,249,82.3,8230
4791,255,66.5,6652
4791,77,53.6,5356
4791,4832,60.3,6031
4791,192,61.6,6156
4791,1687,55.5,5550
4791,4256,39.9,3989
4791,942,42.3,4229
4791,1009,46.1,4611
4791,1535,28.6,2864
4791,1002,39.5,3950
4791,287,44.0,4397
4791,1172,54.0,5395
4791,1121,49.9,4994
4791,283,50.6,5063
4791,1025,56.2,5623
4791,967,54.7,5466
4791,241,41.5,4154
4791,1031,48.0,4803
4791,1084,52.3,5233
4791,271,54.8,5479
4791,2046,56.8,5676
4791,233,46.1,4606
4791,1041,26.7,2672
4791,215,51.3,5132
4791,1212,62.6,6263
4791,1157,61.6,6157
4791,1087,43.2,4318
4791,57,30.7,3074
4791,4788,43.1,4315
