pulled_at,100_150_fw_gir_rate,100_150_fw_good_shot_rate,100_150_fw_low_data_indicator,100_150_fw_poor_shot_avoid_rate,100_150_fw_proximity_per_shot,100_150_fw_sg_per_shot,100_150_fw_shot_count,150_200_fw_gir_rate,150_200_fw_good_shot_rate,150_200_fw_low_data_indicator,150_200_fw_poor_shot_avoid_rate,150_200_fw_proximity_per_shot,150_200_fw_sg_per_shot,150_200_fw_shot_count,50_100_fw_gir_rate,50_100_fw_good_shot_rate,50_100_fw_low_data_indicator,50_100_fw_poor_shot_avoid_rate,50_100_fw_proximity_per_shot,50_100_fw_sg_per_shot,50_100_fw_shot_count,dg_id,over_150_rgh_gir_rate,over_150_rgh_good_shot_rate,over_150_rgh_low_data_indicator,over_150_rgh_poor_shot_avoid_rate,over_150_rgh_proximity_per_shot,over_150_rgh_sg_per_shot,over_150_rgh_shot_count,over_200_fw_gir_rate,over_200_fw_good_shot_rate,over_200_fw_low_data_indicator,over_200_fw_poor_shot_avoid_rate,over_200_fw_proximity_per_shot,over_200_fw_sg_per_shot,over_200_fw_shot_count,player_name,under_150_rgh_gir_rate,under_150_rgh_good_shot_rate,under_150_rgh_low_data_indicator,under_150_rgh_poor_shot_avoid_rate,under_150_rgh_proximity_per_shot,under_150_rgh_sg_per_shot,under_150_rgh_shot_count,last_updated,time_period
2026-07-13T05:31:47+00:00,0.85,0.084,0.0,0.963,18.695,0.051,640.0,0.751,0.054,0.0,0.968,27.022,0.062,869.0,0.897,0.108,0.0,0.967,14.403,0.105,212.0,18417,0.395,0.067,0.0,0.976,55.288,0.074,252.0,0.494,0.075,0.0,0.97,40.543,0.064,465.0,"Scheffler, Scottie",0.585,0.074,0.0,0.939,37.837,0.044,229.0,2026-07-06 14:43:23 UTC,last 24 months
2026-07-13T05:31:47+00:00,0.822,0.07,0.0,0.959,21.158,0.031,343.0,0.731,0.054,0.0,0.958,27.827,0.061,425.0,0.81,0.075,0.0,0.935,18.016,-0.003,93.0,7108,0.381,0.033,0.0,0.983,53.14,0.066,120.0,0.502,0.052,0.0,0.981,44.312,0.069,211.0,"Casey, Paul",0.539,0.022,0.0,0.891,43.034,-0.071,137.0,2026-07-06 14:43:23 UTC,last 24 months
2026-07-13T05:31:47+00:00,0.793,0.071,0.0,0.929,22.571,-0.019,225.0,0.724,0.08,0.0,0.974,28.244,0.061,313.0,0.869,0.083,0.0,0.948,19.505,-0.011,96.0,22736,0.365,0.047,0.0,0.953,59.66,0.001,85.0,0.468,0.043,0.0,0.957,45.121,0.012,162.0,"Rosenmueller, Thomas",0.523,0.035,0.0,0.947,40.631,-0.03,114.0,2026-07-06 14:43:23 UTC,last 24 months
2026-07-13T05:31:47+00:00,0.833,0.075,0.0,0.905,21.244,0.01,147.0,0.723,0.075,0.0,0.975,27.056,0.054,160.0,0.637,0.032,0.0,0.806,21.908,-0.189,31.0,32319,0.315,0.022,1.0,0.911,80.382,-0.096,45.0,0.452,0.033,0.0,1.0,43.647,0.017,92.0,"Koivun, Jackson",0.493,0.106,0.0,0.979,40.617,0.004,47.0,2026-07-06 14:43:23 UTC,last 24 months
2026-07-13T05:31:47+00:00,0.817,0.09,0.0,0.952,20.001,0.042,645.0,0.722,0.075,0.0,0.969,27.327,0.052,903.0,0.861,0.119,0.0,0.948,14.605,0.079,193.0,13562,0.286,0.043,0.0,0.974,58.661,-0.002,349.0,0.498,0.071,0.0,0.962,40.016,0.057,476.0,"Matsuyama, Hideki",0.544,0.073,0.0,0.949,38.284,0.007,313.0,2026-07-06 14:43:23 UTC,last 24 months
2026-07-13T05:31:47+00:00,0.809,0.04,0.0,0.951,21.289,-0.015,471.0,0.743,0.072,0.0,0.961,28.409,0.052,512.0,0.865,0.079,0.0,0.927,17.534,0.035,151.0,18079,0.422,0.077,0.0,0.959,49.988,0.054,169.0,0.476,0.055,0.0,0.955,41.97,0.042,309.0,"Niemann, Joaquin",0.622,0.109,0.0,0.945,33.564,0.056,220.0,2026-07-06 14:43:23 UTC,last 24 months
2026-07-13T05:31:47+00:00,0.813,0.094,0.0,0.943,18.992,0.052,489.0,0.731,0.068,0.0,0.959,26.318,0.052,764.0,0.846,0.124,0.0,0.947,16.902,0.036,170.0,18841,0.353,0.066,0.0,0.969,61.992,0.021,256.0,0.503,0.071,0.0,0.963,41.037,0.052,410.0,"Hovland, Viktor",0.602,0.075,0.0,0.93,38.115,0.019,200.0,2026-07-06 14:43:23 UTC,last 24 months
2026-07-13T05:31:47+00:00,0.775,0.096,0.0,0.931,20.887,0.025,648.0,0.708,0.085,0.0,0.961,27.442,0.049,985.0,0.856,0.085,0.0,0.927,16.272,0.028,247.0,14609,0.384,0.055,0.0,0.956,63.969,0.0,271.0,0.499,0.097,0.0,0.969,39.005,0.083,554.0,"Kim, Si Woo",0.474,0.071,0.0,0.944,39.305,-0.027,252.0,2026-07-06 14:43:23 UTC,last 24 months
2026-07-13T05:31:47+00:00,0.858,0.077,0.0,0.949,19.496,0.05,701.0,0.746,0.065,0.0,0.973,27.612,0.049,963.0,0.815,0.068,0.0,0.943,18.491,-0.014,192.0,17576,0.314,0.044,0.0,0.969,63.867,-0.004,228.0,0.487,0.061,0.0,0.976,44.011,0.043,510.0,"Conners, Corey",0.544,0.042,0.0,0.958,39.418,-0.016,215.0,2026-07-06 14:43:23 UTC,last 24 months
2026-07-13T05:31:47+00:00,0.825,0.059,0.0,0.951,20.432,0.017,510.0,0.748,0.077,0.0,0.968,27.785,0.046,771.0,0.849,0.125,0.0,0.941,16.583,0.037,136.0,19895,0.376,0.054,0.0,0.942,60.615,0.005,260.0,0.535,0.073,0.0,0.964,39.69,0.062,385.0,"Schauffele, Xander",0.595,0.06,0.0,0.963,37.546,0.043,267.0,2026-07-06 14:43:23 UTC,last 24 months
2026-07-13T05:31:47+00:00,0.802,0.085,0.0,0.936,22.932,0.013,141.0,0.767,0.069,0.0,0.975,30.673,0.045,203.0,0.956,0.107,1.0,1.0,14.858,0.09,28.0,21943,0.3,0.012,0.0,0.939,62.386,-0.071,82.0,0.459,0.057,0.0,0.954,49.903,-0.012,87.0,"Lebioda, Hank",0.56,0.042,0.0,0.915,41.67,0.003,71.0,2026-07-06 14:43:23 UTC,last 24 months
2026-07-13T05:31:47+00:00,0.838,0.075,0.0,0.953,19.328,0.043,577.0,0.723,0.074,0.0,0.959,27.97,0.044,772.0,0.855,0.126,0.0,0.948,14.708,0.072,191.0,13900,0.399,0.056,0.0,0.972,57.931,0.037,251.0,0.525,0.075,0.0,0.957,44.142,0.046,398.0,"Lowry, Shane",0.578,0.085,0.0,0.965,34.94,0.054,201.0,2026-07-06 14:43:23 UTC,last 24 months
2026-07-13T05:31:47+00:00,0.834,0.095,0.0,0.953,18.584,0.058,620.0,0.707,0.075,0.0,0.953,28.576,0.044,827.0,0.894,0.11,0.0,0.954,14.838,0.077,173.0,22085,0.377,0.043,0.0,0.976,59.61,0.025,208.0,0.473,0.071,0.0,0.977,43.007,0.057,437.0,"Morikawa, Collin",0.602,0.064,0.0,0.936,38.103,0.028,173.0,2026-07-06 14:43:23 UTC,last 24 months
2026-07-13T05:31:47+00:00,0.85,0.077,0.0,0.956,18.808,0.061,610.0,0.71,0.061,0.0,0.966,27.801,0.042,930.0,0.849,0.095,0.0,0.955,16.027,0.031,179.0,17511,0.338,0.043,0.0,0.964,59.106,-0.003,281.0,0.529,0.055,0.0,0.969,42.505,0.051,458.0,"Straka, Sepp",0.497,0.056,0.0,0.954,39.455,-0.012,197.0,2026-07-06 14:43:23 UTC,last 24 months
2026-07-13T05:31:47+00:00,0.815,0.072,0.0,0.953,20.789,0.021,470.0,0.72,0.08,0.0,0.95,28.86,0.041,524.0,0.825,0.106,0.0,0.965,17.137,0.0,142.0,14796,0.401,0.061,0.0,0.951,56.989,0.023,163.0,0.483,0.05,0.0,0.963,43.827,0.042,301.0,"Hatton, Tyrrell",0.597,0.093,0.0,0.958,34.538,0.031,215.0,2026-07-06 14:43:23 UTC,last 24 months
2026-07-13T05:31:47+00:00,0.818,0.079,0.0,0.947,20.11,0.037,737.0,0.717,0.081,0.0,0.938,28.697,0.041,968.0,0.888,0.079,0.0,0.955,15.883,0.051,202.0,17536,0.414,0.086,0.0,0.97,59.615,0.069,267.0,0.526,0.071,0.0,0.972,40.958,0.074,465.0,"Spaun, J.J.",0.567,0.066,0.0,0.962,34.466,0.037,288.0,2026-07-06 14:43:23 UTC,last 24 months
2026-07-13T05:31:47+00:00,0.768,0.089,0.0,0.894,23.409,-0.029,123.0,0.715,0.066,0.0,0.954,30.143,0.041,196.0,0.835,0.103,0.0,0.923,19.414,-0.025,39.0,32152,0.359,0.031,0.0,0.969,67.553,-0.01,64.0,0.469,0.056,0.0,0.966,46.092,-0.013,89.0,"Brown, Blades",0.614,0.038,0.0,0.906,38.364,-0.009,53.0,2026-07-06 14:43:23 UTC,last 24 months
2026-07-13T05:31:47+00:00,0.806,0.079,0.0,0.936,20.283,0.033,595.0,0.702,0.054,0.0,0.954,28.472,0.04,808.0,0.841,0.086,0.0,0.947,16.727,0.03,187.0,21891,0.396,0.059,0.0,0.978,54.246,0.052,272.0,0.481,0.08,0.0,0.96,40.026,0.055,377.0,"Kitayama, Kurt",0.59,0.068,0.0,0.955,35.743,0.043,292.0,2026-07-06 14:43:23 UTC,last 24 months
2026-07-13T05:31:47+00:00,0.797,0.046,0.0,0.94,21.735,-0.014,217.0,0.734,0.058,0.0,0.953,30.241,0.039,344.0,0.893,0.127,0.0,0.944,15.963,0.041,71.0,13764,0.362,0.058,0.0,0.99,54.635,0.026,103.0,0.459,0.037,0.0,0.963,45.854,0.016,160.0,"Parry, John",0.635,0.096,0.0,0.979,34.039,0.064,94.0,2026-07-06 14:43:23 UTC,last 24 months
2026-07-13T05:31:47+00:00,0.837,0.072,0.0,0.956,21.295,0.021,251.0,0.736,0.065,0.0,0.946,29.75,0.036,352.0,0.87,0.078,0.0,0.961,17.143,-0.002,77.0,19428,0.371,0.054,0.0,0.962,55.374,0.039,130.0,0.445,0.046,0.0,0.954,46.797,0.023,173.0,"Zalatoris, Will",0.641,0.075,0.0,0.958,36.289,0.028,120.0,2026-07-06 14:43:23 UTC,last 24 months
2026-07-13T05:31:47+00:00,0.833,0.048,0.0,0.959,20.397,0.023,271.0,0.706,0.059,0.0,0.96,29.033,0.036,425.0,0.849,0.05,0.0,0.963,18.091,0.009,80.0,22985,0.41,0.029,0.0,1.0,57.295,0.049,103.0,0.514,0.07,0.0,0.977,41.088,0.073,172.0,"Smotherman, Austin",0.6,0.072,0.0,0.937,34.506,0.083,111.0,2026-07-06 14:43:23 UTC,last 24 months
2026-07-13T05:31:47+00:00,0.813,0.087,0.0,0.949,21.368,0.027,413.0,0.695,0.074,0.0,0.958,30.146,0.034,659.0,0.886,0.103,0.0,0.928,19.231,-0.012,97.0,11657,0.383,0.051,0.0,0.989,51.379,0.05,178.0,0.458,0.07,0.0,0.971,45.052,0.013,273.0,"Norlander, Henrik",0.528,0.071,0.0,0.929,39.516,-0.005,155.0,2026-07-06 14:43:23 UTC,last 24 months
2026-07-13T05:31:47+00:00,0.795,0.071,0.0,0.938,21.679,0.014,565.0,0.709,0.061,0.0,0.946,29.488,0.034,775.0,0.823,0.106,0.0,0.905,20.15,-0.019,189.0,26653,0.29,0.036,0.0,0.923,61.792,-0.044,248.0,0.468,0.056,0.0,0.967,41.426,0.034,391.0,"Eckroat, Austin",0.609,0.05,0.0,0.954,35.398,0.04,259.0,2026-07-06 14:43:23 UTC,last 24 months
2026-07-13T05:31:47+00:00,0.844,0.06,0.0,0.94,22.605,-0.006,498.0,0.728,0.067,0.0,0.966,28.636,0.033,555.0,0.914,0.099,0.0,0.959,16.14,0.078,171.0,19195,0.425,0.077,0.0,0.982,54.926,0.073,169.0,0.568,0.067,0.0,0.973,40.083,0.086,330.0,"Rahm, Jon",0.595,0.047,0.0,0.94,36.363,0.009,233.0,2026-07-06 14:43:23 UTC,last 24 months
2026-07-13T05:31:47+00:00,0.767,0.061,0.0,0.884,23.954,-0.054,147.0,0.716,0.05,0.0,0.964,30.218,0.033,303.0,0.727,0.018,0.0,0.912,20.232,-0.12,57.0,23841,0.235,0.036,0.0,0.988,69.394,-0.009,83.0,0.528,0.067,0.0,0.978,39.678,0.061,134.0,"Neergaard-Petersen, Rasmus",0.514,0.071,0.0,0.929,42.899,-0.025,84.0,2026-07-06 14:43:23 UTC,last 24 months
2026-07-13T05:31:47+00:00,0.809,0.09,0.0,0.944,19.647,0.049,624.0,0.69,0.067,0.0,0.947,28.711,0.032,889.0,0.932,0.138,0.0,0.968,14.462,0.09,188.0,7399,0.38,0.078,0.0,0.935,63.895,0.027,231.0,0.392,0.062,0.0,0.943,46.153,-0.03,389.0,"Glover, Lucas",0.564,0.076,0.0,0.962,37.312,0.06,185.0,2026-07-06 14:43:23 UTC,last 24 months
2026-07-13T05:31:47+00:00,0.813,0.075,0.0,0.92,22.557,-0.003,427.0,0.717,0.059,0.0,0.957,29.886,0.032,575.0,0.848,0.066,0.0,0.95,15.477,0.027,121.0,10873,0.357,0.055,0.0,0.955,60.673,0.004,220.0,0.449,0.037,0.0,0.951,47.366,-0.016,268.0,"Skinns, David",0.566,0.08,0.0,0.951,36.316,0.043,224.0,2026-07-06 14:43:23 UTC,last 24 months
2026-07-13T05:31:47+00:00,0.854,0.06,0.0,0.948,19.391,0.046,520.0,0.741,0.07,0.0,0.964,29.56,0.032,716.0,0.891,0.096,0.0,0.947,15.962,0.02,188.0,15466,0.36,0.052,0.0,0.978,60.681,0.054,231.0,0.435,0.06,0.0,0.962,42.929,0.018,398.0,"Cantlay, Patrick",0.625,0.058,0.0,0.965,36.093,0.036,257.0,2026-07-06 14:43:23 UTC,last 24 months
2026-07-13T05:31:47+00:00,0.818,0.076,0.0,0.951,20.768,0.024,576.0,0.706,0.069,0.0,0.951,28.545,0.032,952.0,0.901,0.096,0.0,0.949,15.089,0.06,178.0,17606,0.409,0.062,0.0,0.961,62.29,0.018,256.0,0.49,0.058,0.0,0.957,42.711,0.019,465.0,"Berger, Daniel",0.568,0.079,0.0,0.946,37.723,0.04,203.0,2026-07-06 14:43:23 UTC,last 24 months
2026-07-13T05:31:47+00:00,0.823,0.073,0.0,0.965,21.722,0.017,425.0,0.701,0.076,0.0,0.949,30.22,0.032,569.0,0.82,0.066,0.0,0.951,17.999,-0.011,122.0,32330,0.379,0.035,0.0,0.95,60.155,0.01,199.0,0.476,0.055,0.0,0.963,43.335,0.022,271.0,"Clanton, Luke",0.526,0.061,0.0,0.955,38.505,0.012,198.0,2026-07-06 14:43:23 UTC,last 24 months
2026-07-13T05:31:47+00:00,0.834,0.062,0.0,0.943,19.842,0.026,594.0,0.694,0.068,0.0,0.959,29.39,0.031,858.0,0.931,0.068,0.0,0.988,15.241,0.06,161.0,12294,0.343,0.062,0.0,0.977,70.054,-0.007,256.0,0.504,0.064,0.0,0.973,40.188,0.063,450.0,"Fleetwood, Tommy",0.59,0.065,0.0,0.959,38.326,0.006,170.0,2026-07-06 14:43:23 UTC,last 24 months
2026-07-13T05:31:47+00:00,0.818,0.08,0.0,0.955,19.825,0.039,288.0,0.748,0.056,0.0,0.955,29.354,0.031,377.0,0.837,0.128,0.0,0.927,16.618,0.025,109.0,32457,0.396,0.105,0.0,0.912,62.052,0.013,114.0,0.479,0.04,0.0,0.932,43.383,-0.023,176.0,"Keefer, Johnny",0.592,0.061,0.0,0.963,37.15,0.041,164.0,2026-07-06 14:43:23 UTC,last 24 months
2026-07-13T05:31:47+00:00,0.787,0.06,0.0,0.938,22.549,-0.016,403.0,0.694,0.069,0.0,0.949,29.999,0.03,435.0,0.854,0.064,0.0,0.957,18.621,-0.017,94.0,11019,0.321,0.058,0.0,0.958,59.254,0.001,120.0,0.492,0.053,0.0,0.965,43.714,0.02,226.0,"Steele, Brendan",0.531,0.056,0.0,0.919,42.655,-0.058,161.0,2026-07-06 14:43:23 UTC,last 24 months
2026-07-13T05:31:47+00:00,0.833,0.083,0.0,0.954,19.557,0.048,592.0,0.734,0.057,0.0,0.958,28.822,0.03,876.0,0.865,0.124,0.0,0.962,14.342,0.085,186.0,14578,0.327,0.037,0.0,0.984,59.788,0.009,188.0,0.486,0.06,0.0,0.968,43.273,0.058,432.0,"Henley, Russell",0.607,0.097,0.0,0.949,34.641,0.06,175.0,2026-07-06 14:43:23 UTC,last 24 months
2026-07-13T05:31:47+00:00,0.838,0.082,0.0,0.956,20.2,0.042,502.0,0.747,0.045,0.0,0.949,29.795,0.029,691.0,0.892,0.089,0.0,0.976,16.088,0.039,168.0,16395,0.326,0.062,0.0,0.986,58.014,0.022,146.0,0.52,0.049,0.0,0.986,41.092,0.064,346.0,"Kohles, Ben",0.5,0.084,0.0,0.939,42.165,-0.004,131.0,2026-07-06 14:43:23 UTC,last 24 months
2026-07-13T05:31:47+00:00,0.817,0.074,0.0,0.957,20.334,0.024,608.0,0.734,0.056,0.0,0.958,30.113,0.028,860.0,0.889,0.121,0.0,0.95,15.951,0.078,199.0,14502,0.322,0.041,0.0,0.959,64.132,-0.016,290.0,0.437,0.06,0.0,0.962,44.379,0.004,399.0,"Cauley, Bud",0.517,0.087,0.0,0.913,40.605,-0.012,253.0,2026-07-06 14:43:23 UTC,last 24 months
2026-07-13T05:31:47+00:00,0.849,0.082,0.0,0.951,19.889,0.043,608.0,0.741,0.056,0.0,0.957,29.755,0.028,936.0,0.789,0.118,0.0,0.941,18.598,-0.018,152.0,18554,0.339,0.071,0.0,0.951,61.666,0.014,184.0,0.488,0.055,0.0,0.961,45.03,0.034,489.0,"Rai, Aaron",0.627,0.062,0.0,0.952,38.798,0.013,145.0,2026-07-06 14:43:23 UTC,last 24 months
2026-07-13T05:31:47+00:00,0.825,0.085,0.0,0.963,20.332,0.037,461.0,0.708,0.052,0.0,0.952,30.215,0.026,669.0,0.854,0.099,0.0,0.941,17.183,0.018,152.0,11276,0.283,0.041,0.0,0.959,63.71,-0.062,242.0,0.437,0.052,0.0,0.983,45.584,0.029,291.0,"Horschel, Billy",0.59,0.107,0.0,0.947,39.926,0.047,206.0,2026-07-06 14:43:23 UTC,last 24 months
2026-07-13T05:31:47+00:00,0.768,0.061,0.0,0.918,21.48,-0.01,624.0,0.709,0.065,0.0,0.956,28.835,0.026,906.0,0.81,0.071,0.0,0.894,18.319,-0.041,198.0,22833,0.366,0.067,0.0,0.948,57.305,0.013,268.0,0.441,0.056,0.0,0.953,46.534,-0.005,450.0,"Echavarria, Nico",0.613,0.098,0.0,0.962,34.109,0.066,264.0,2026-07-06 14:43:23 UTC,last 24 months
2026-07-13T05:31:47+00:00,0.743,0.08,0.0,0.93,21.009,-0.017,199.0,0.779,0.034,0.0,0.948,29.735,0.026,267.0,0.827,0.122,0.0,0.959,17.165,0.006,49.0,24200,0.282,0.011,0.0,0.944,70.922,-0.069,90.0,0.413,0.056,0.0,0.965,46.697,0.003,143.0,"Smylie, Elvis",0.527,0.077,0.0,0.934,38.823,-0.01,91.0,2026-07-06 14:43:23 UTC,last 24 months
2026-07-13T05:31:47+00:00,0.784,0.051,0.0,0.913,22.347,-0.019,195.0,0.674,0.071,0.0,0.94,29.565,0.025,184.0,0.808,0.098,0.0,0.941,17.198,0.004,51.0,12413,0.289,0.036,0.0,0.857,65.275,-0.084,56.0,0.408,0.061,0.0,0.969,51.257,-0.003,98.0,"Lee, Richard",0.576,0.122,0.0,0.946,35.942,0.037,74.0,2026-07-06 14:43:23 UTC,last 24 months
2026-07-13T05:31:47+00:00,0.772,0.057,0.0,0.924,23.651,-0.029,670.0,0.68,0.065,0.0,0.947,29.892,0.025,906.0,0.867,0.085,0.0,0.948,17.804,0.014,212.0,23504,0.387,0.057,0.0,0.966,54.564,0.037,265.0,0.514,0.056,0.0,0.974,41.585,0.058,428.0,"Hoey, Rico",0.565,0.087,0.0,0.944,37.763,0.015,322.0,2026-07-06 14:43:23 UTC,last 24 months
2026-07-13T05:31:47+00:00,0.794,0.098,0.0,0.927,20.43,0.023,400.0,0.714,0.063,0.0,0.956,29.611,0.025,619.0,0.925,0.1,0.0,0.993,14.904,0.074,140.0,23602,0.375,0.072,0.0,0.958,59.262,0.036,263.0,0.535,0.056,0.0,0.974,41.09,0.071,303.0,"Hojgaard, Nicolai",0.539,0.04,0.0,0.928,39.636,-0.013,223.0,2026-07-06 14:43:23 UTC,last 24 months
2026-07-13T05:31:47+00:00,0.801,0.049,0.0,0.936,21.31,-0.003,468.0,0.69,0.058,0.0,0.94,29.909,0.024,739.0,0.865,0.031,0.0,0.944,18.682,-0.023,161.0,13997,0.334,0.061,0.0,0.969,63.281,-0.035,228.0,0.509,0.075,0.0,0.953,41.635,0.037,322.0,"Svensson, Adam",0.55,0.055,0.0,0.94,38.622,0.011,201.0,2026-07-06 14:43:23 UTC,last 24 months
2026-07-13T05:31:47+00:00,0.807,0.09,0.0,0.945,19.957,0.044,398.0,0.668,0.077,0.0,0.953,30.211,0.024,444.0,0.836,0.138,0.0,0.911,21.026,-0.002,123.0,20770,0.394,0.058,0.0,0.981,60.055,0.021,104.0,0.532,0.082,0.0,0.945,42.854,0.072,219.0,"Munoz, Sebastian",0.645,0.059,0.0,0.934,35.027,0.029,152.0,2026-07-06 14:43:23 UTC,last 24 months
2026-07-13T05:31:47+00:00,0.816,0.104,1.0,0.934,17.272,0.07,106.0,0.689,0.057,0.0,0.971,28.465,0.024,175.0,0.812,0.098,0.0,0.902,17.348,0.002,41.0,25362,0.3,0.083,1.0,0.938,70.41,-0.027,48.0,0.475,0.049,0.0,0.951,40.672,0.045,102.0,"Fitzpatrick, Alex",0.643,0.023,0.0,1.0,31.737,0.102,43.0,2026-07-06 14:43:23 UTC,last 24 months
2026-07-13T05:31:47+00:00,0.814,0.072,0.0,0.922,21.559,0.002,321.0,0.69,0.086,0.0,0.93,31.394,0.023,417.0,0.824,0.048,0.0,0.913,18.195,-0.053,104.0,16602,0.414,0.053,0.0,0.955,56.858,0.039,133.0,0.491,0.078,0.0,0.961,43.37,0.043,231.0,"Varner III, Harold",0.564,0.079,0.0,0.955,36.22,0.026,202.0,2026-07-06 14:43:23 UTC,last 24 months
2026-07-13T05:31:47+00:00,0.807,0.062,0.0,0.923,22.51,-0.007,337.0,0.678,0.08,0.0,0.941,30.767,0.023,489.0,0.858,0.055,0.0,0.955,16.137,0.033,110.0,24304,0.343,0.039,0.0,0.961,66.785,-0.018,204.0,0.474,0.067,0.0,0.967,45.433,0.008,210.0,"Vilips, Karl",0.532,0.078,0.0,0.922,40.234,0.0,218.0,2026-07-06 14:43:23 UTC,last 24 months
2026-07-13T05:31:47+00:00,0.811,0.072,0.0,0.935,21.975,0.002,587.0,0.698,0.066,0.0,0.95,30.001,0.022,757.0,0.815,0.093,0.0,0.92,18.422,-0.012,162.0,11676,0.409,0.063,0.0,0.94,54.229,0.027,317.0,0.439,0.075,0.0,0.935,44.293,0.002,399.0,"Finau, Tony",0.541,0.054,0.0,0.939,39.851,-0.022,261.0,2026-07-06 14:43:23 UTC,last 24 months
2026-07-13T05:31:47+00:00,0.817,0.066,0.0,0.932,20.835,0.015,456.0,0.677,0.059,0.0,0.947,30.013,0.022,474.0,0.843,0.081,0.0,0.935,19.455,-0.03,123.0,18238,0.34,0.098,0.0,0.947,63.586,0.037,132.0,0.419,0.033,0.0,0.95,46.628,-0.006,242.0,"Ancer, Abraham",0.579,0.084,0.0,0.909,35.976,0.025,154.0,2026-07-06 14:43:23 UTC,last 24 months
2026-07-13T05:31:47+00:00,0.834,0.076,0.0,0.951,19.772,0.036,596.0,0.702,0.056,0.0,0.951,28.651,0.022,889.0,0.849,0.076,0.0,0.951,16.313,0.024,223.0,26096,0.341,0.061,0.0,0.949,58.602,0.01,293.0,0.476,0.072,0.0,0.961,42.154,0.039,458.0,"Bhatia, Akshay",0.577,0.088,0.0,0.951,38.238,0.031,307.0,2026-07-06 14:43:23 UTC,last 24 months
2026-07-13T05:31:47+00:00,0.789,0.05,0.0,0.928,20.207,0.028,139.0,0.673,0.075,0.0,0.954,31.433,0.022,173.0,0.914,0.148,0.0,0.984,15.912,0.074,61.0,14050,0.197,0.026,1.0,0.947,77.645,-0.088,38.0,0.39,0.08,0.0,0.943,49.112,-0.028,87.0,"Sloan, Roger",0.584,0.072,0.0,0.928,37.148,0.067,69.0,2026-07-06 14:43:23 UTC,last 24 months
2026-07-13T05:31:47+00:00,0.843,0.065,1.0,0.957,19.676,0.026,92.0,0.64,0.088,1.0,0.912,29.814,0.022,114.0,0.866,0.179,1.0,0.964,13.432,0.096,28.0,20353,,,,,,,,,,,,,,,"Whitney, Tom",0.49,0.041,0.0,0.939,40.483,-0.001,49.0,2026-07-06 14:43:23 UTC,last 24 months
2026-07-13T05:31:47+00:00,0.791,0.054,0.0,0.93,22.285,-0.015,258.0,0.718,0.063,0.0,0.952,31.219,0.021,331.0,0.92,0.078,0.0,0.987,17.104,0.01,77.0,5994,0.394,0.067,0.0,0.973,64.863,0.068,75.0,0.482,0.033,0.0,0.948,45.423,0.025,153.0,"Stenson, Henrik",0.588,0.0,0.0,0.915,39.764,-0.097,71.0,2026-07-06 14:43:23 UTC,last 24 months
2026-07-13T05:31:47+00:00,0.818,0.075,0.0,0.953,20.292,0.032,656.0,0.7,0.064,0.0,0.958,29.498,0.021,866.0,0.861,0.089,0.0,0.958,16.455,0.044,236.0,27364,0.312,0.055,0.0,0.917,63.01,-0.071,254.0,0.449,0.043,0.0,0.961,45.676,-0.007,437.0,"Thompson, Davis",0.503,0.079,0.0,0.917,39.525,-0.031,290.0,2026-07-06 14:43:23 UTC,last 24 months
2026-07-13T05:31:47+00:00,0.775,0.075,0.0,0.925,22.608,-0.0,577.0,0.7,0.068,0.0,0.961,30.23,0.02,853.0,0.858,0.088,0.0,0.931,17.869,0.016,217.0,12577,0.374,0.062,0.0,0.964,58.01,0.032,276.0,0.526,0.061,0.0,0.959,42.114,0.059,413.0,"Woodland, Gary",0.561,0.068,0.0,0.951,37.178,0.028,308.0,2026-07-06 14:43:23 UTC,last 24 months
2026-07-13T05:31:47+00:00,0.786,0.048,0.0,0.944,22.067,-0.013,414.0,0.643,0.072,0.0,0.942,28.561,0.02,483.0,0.83,0.092,0.0,0.962,14.674,0.056,131.0,16243,0.408,0.045,0.0,0.943,59.804,0.008,176.0,0.543,0.071,0.0,0.945,43.197,0.049,255.0,"Koepka, Brooks",0.565,0.087,0.0,0.973,36.975,0.042,219.0,2026-07-06 14:43:23 UTC,last 24 months
2026-07-13T05:31:47+00:00,0.745,0.068,0.0,0.902,26.326,-0.071,264.0,0.69,0.068,0.0,0.932,30.201,0.02,308.0,0.768,0.029,0.0,0.943,23.851,-0.137,70.0,23542,0.3,0.095,0.0,0.959,57.4,0.025,74.0,0.467,0.044,0.0,0.944,46.064,-0.007,160.0,"Champ, Cameron",0.502,0.017,0.0,0.958,47.305,-0.061,120.0,2026-07-06 14:43:23 UTC,last 24 months
2026-07-13T05:31:47+00:00,0.814,0.084,0.0,0.935,20.0,0.035,632.0,0.695,0.064,0.0,0.945,28.986,0.02,783.0,0.864,0.137,0.0,0.94,16.958,0.032,182.0,23950,0.342,0.071,0.0,0.945,64.195,0.006,238.0,0.489,0.082,0.0,0.952,40.299,0.043,415.0,"Aberg, Ludvig",0.575,0.072,0.0,0.966,38.705,0.018,263.0,2026-07-06 14:43:23 UTC,last 24 months
2026-07-13T05:31:47+00:00,0.839,0.078,0.0,0.946,20.706,0.04,167.0,0.685,0.059,0.0,0.965,31.038,0.019,286.0,0.895,0.077,0.0,0.962,17.474,0.036,52.0,7655,0.4,0.053,0.0,0.947,66.104,-0.007,75.0,0.411,0.039,0.0,0.976,50.665,-0.019,127.0,"Molinari, Francesco",0.605,0.073,0.0,0.964,38.55,0.007,55.0,2026-07-06 14:43:23 UTC,last 24 months
2026-07-13T05:31:47+00:00,0.818,0.087,0.0,0.934,19.98,0.036,713.0,0.698,0.064,0.0,0.938,30.122,0.018,936.0,0.854,0.081,0.0,0.957,15.723,0.038,258.0,19483,0.346,0.068,0.0,0.947,63.535,-0.005,281.0,0.47,0.065,0.0,0.935,46.699,0.001,493.0,"Burns, Sam",0.575,0.066,0.0,0.958,39.404,0.016,287.0,2026-07-06 14:43:23 UTC,last 24 months
2026-07-13T05:31:47+00:00,0.83,0.053,0.0,0.953,21.76,0.035,170.0,0.743,0.056,0.0,0.947,30.452,0.018,266.0,0.836,0.031,0.0,0.953,16.437,0.016,64.0,21883,0.389,0.081,0.0,0.942,61.528,0.008,86.0,0.394,0.068,0.0,0.949,49.086,-0.025,117.0,"Ewart, A.J.",0.568,0.047,0.0,0.944,37.424,0.02,107.0,2026-07-06 14:43:23 UTC,last 24 months
2026-07-13T05:31:47+00:00,0.843,0.088,0.0,0.971,19.163,0.069,170.0,0.693,0.054,0.0,0.958,31.087,0.017,312.0,0.937,0.091,0.0,1.0,16.655,0.058,55.0,11460,0.299,0.044,0.0,0.956,63.894,-0.046,114.0,0.41,0.056,0.0,0.951,49.088,-0.009,162.0,"Manassero, Matteo",0.669,0.083,0.0,0.958,32.031,0.079,72.0,2026-07-06 14:43:23 UTC,last 24 months
2026-07-13T05:31:47+00:00,0.838,0.082,0.0,0.959,19.339,0.04,637.0,0.678,0.062,0.0,0.964,29.311,0.017,936.0,0.833,0.09,0.0,0.945,16.926,0.01,199.0,13872,0.319,0.039,0.0,0.945,67.504,-0.031,255.0,0.491,0.058,0.0,0.967,44.308,0.039,479.0,"Bradley, Keegan",0.589,0.051,0.0,0.939,35.91,0.03,313.0,2026-07-06 14:43:23 UTC,last 24 months
2026-07-13T05:31:47+00:00,0.803,0.082,0.0,0.948,21.658,0.016,233.0,0.709,0.047,0.0,0.953,30.065,0.017,361.0,0.877,0.143,0.0,0.984,17.323,0.05,63.0,18770,0.309,0.046,0.0,0.977,61.359,-0.006,130.0,0.516,0.07,0.0,0.977,40.66,0.091,171.0,"Rozner, Antoine",0.574,0.065,0.0,0.944,38.076,0.011,107.0,2026-07-06 14:43:23 UTC,last 24 months
2026-07-13T05:31:47+00:00,0.833,0.068,0.0,0.949,22.428,0.015,681.0,0.716,0.058,0.0,0.948,30.72,0.016,772.0,0.843,0.089,0.0,0.956,17.812,-0.018,225.0,17780,0.355,0.047,0.0,0.966,64.687,-0.004,295.0,0.49,0.064,0.0,0.969,44.493,0.028,419.0,"Pendrith, Taylor",0.6,0.071,0.0,0.948,40.792,0.032,324.0,2026-07-06 14:43:23 UTC,last 24 months
2026-07-13T05:31:47+00:00,0.825,0.082,0.0,0.965,19.766,0.054,546.0,0.666,0.065,0.0,0.933,30.594,0.016,910.0,0.867,0.108,0.0,0.924,16.803,0.047,185.0,24766,0.37,0.048,0.0,0.949,63.408,0.001,273.0,0.435,0.043,0.0,0.955,47.597,-0.007,423.0,"Kim, Tom",0.565,0.082,0.0,0.95,36.429,0.043,279.0,2026-07-06 14:43:23 UTC,last 24 months
2026-07-13T05:31:47+00:00,0.845,0.076,0.0,0.942,20.488,0.037,688.0,0.7,0.068,0.0,0.943,29.497,0.015,973.0,0.839,0.101,0.0,0.915,17.715,0.009,188.0,13126,0.317,0.08,0.0,0.967,64.665,0.006,300.0,0.492,0.06,0.0,0.958,45.019,0.039,519.0,"Taylor, Nick",0.563,0.077,0.0,0.958,33.816,0.037,259.0,2026-07-06 14:43:23 UTC,last 24 months
2026-07-13T05:31:47+00:00,0.778,0.059,0.0,0.925,23.531,-0.021,644.0,0.71,0.062,0.0,0.952,30.3,0.015,1000.0,0.87,0.081,0.0,0.977,15.72,0.041,172.0,14577,0.371,0.031,0.0,0.969,61.55,0.001,291.0,0.461,0.043,0.0,0.965,47.094,0.008,484.0,"English, Harris",0.548,0.049,0.0,0.935,38.328,-0.019,247.0,2026-07-06 14:43:23 UTC,last 24 months
2026-07-13T05:31:47+00:00,0.804,0.065,0.0,0.94,19.8,0.03,646.0,0.67,0.058,0.0,0.944,29.837,0.015,976.0,0.857,0.113,0.0,0.944,16.268,0.056,195.0,21756,0.325,0.072,0.0,0.964,59.334,0.008,387.0,0.44,0.051,0.0,0.944,45.123,0.0,468.0,"Cole, Eric",0.528,0.086,0.0,0.929,37.244,0.024,420.0,2026-07-06 14:43:23 UTC,last 24 months
2026-07-13T05:31:47+00:00,0.833,0.081,0.0,0.95,20.929,0.012,221.0,0.673,0.073,0.0,0.939,29.756,0.015,245.0,0.843,0.059,0.0,0.956,18.255,-0.029,68.0,27780,0.261,0.037,0.0,0.927,72.213,-0.05,82.0,0.431,0.074,0.0,0.967,43.982,0.001,122.0,"Crowe, Trace",0.485,0.051,0.0,0.949,38.789,-0.002,117.0,2026-07-06 14:43:23 UTC,last 24 months
2026-07-13T05:31:47+00:00,0.776,0.079,0.0,0.914,22.375,0.001,315.0,0.65,0.066,0.0,0.927,29.716,0.014,411.0,0.82,0.077,0.0,0.885,18.012,-0.035,104.0,5768,0.379,0.054,0.0,0.953,56.637,0.001,148.0,0.417,0.034,0.0,0.931,43.186,-0.024,203.0,"Hoffman, Charley",0.573,0.07,0.0,0.953,37.377,0.035,171.0,2026-07-06 14:43:23 UTC,last 24 months
2026-07-13T05:31:47+00:00,0.808,0.097,0.0,0.948,20.695,0.024,670.0,0.691,0.054,0.0,0.952,29.839,0.014,928.0,0.838,0.077,0.0,0.942,16.852,0.018,156.0,12808,0.313,0.051,0.0,0.94,57.916,-0.024,234.0,0.504,0.063,0.0,0.966,42.095,0.052,443.0,"Grillo, Emiliano",0.518,0.057,0.0,0.974,39.619,0.004,227.0,2026-07-06 14:43:23 UTC,last 24 months
2026-07-13T05:31:47+00:00,0.797,0.079,0.0,0.94,20.903,0.031,482.0,0.679,0.052,0.0,0.946,30.493,0.014,634.0,0.823,0.114,0.0,0.935,17.841,0.02,123.0,15980,0.275,0.042,0.0,0.931,67.823,-0.075,216.0,0.456,0.049,0.0,0.963,44.06,0.026,326.0,"Lipsky, David",0.517,0.075,0.0,0.955,41.43,0.01,200.0,2026-07-06 14:43:23 UTC,last 24 months
2026-07-13T05:31:47+00:00,0.81,0.074,0.0,0.962,21.003,0.027,609.0,0.697,0.053,0.0,0.961,30.001,0.014,862.0,0.823,0.056,0.0,0.966,17.608,0.009,177.0,28159,0.302,0.042,0.0,0.961,58.306,-0.006,310.0,0.49,0.074,0.0,0.992,41.756,0.054,391.0,"Meissner, Mac",0.545,0.067,0.0,0.963,37.601,0.021,269.0,2026-07-06 14:43:23 UTC,last 24 months
2026-07-13T05:31:47+00:00,0.82,0.069,0.0,0.935,20.603,0.016,504.0,0.693,0.07,0.0,0.949,29.904,0.013,711.0,0.888,0.1,0.0,0.964,14.17,0.086,140.0,6430,0.348,0.059,0.0,0.976,57.878,0.029,255.0,0.492,0.069,0.0,0.964,42.098,0.032,361.0,"Scott, Adam",0.578,0.078,0.0,0.966,38.205,0.027,206.0,2026-07-06 14:43:23 UTC,last 24 months
2026-07-13T05:31:47+00:00,0.789,0.05,0.0,0.924,22.863,-0.025,420.0,0.699,0.066,0.0,0.94,30.469,0.013,452.0,0.812,0.077,0.0,0.923,18.767,-0.038,91.0,12337,0.338,0.075,0.0,0.919,65.411,-0.011,160.0,0.498,0.075,0.0,0.925,44.228,0.036,227.0,"Kokrak, Jason",0.505,0.067,0.0,0.945,38.78,-0.017,164.0,2026-07-06 14:43:23 UTC,last 24 months
2026-07-13T05:31:47+00:00,0.788,0.086,0.0,0.938,22.152,0.007,501.0,0.696,0.054,0.0,0.948,29.848,0.013,737.0,0.819,0.071,0.0,0.948,18.12,-0.013,154.0,16715,0.417,0.077,0.0,0.962,57.111,0.029,235.0,0.479,0.065,0.0,0.955,42.968,0.018,336.0,"Ryder, Sam",0.594,0.064,0.0,0.953,37.357,0.018,235.0,2026-07-06 14:43:23 UTC,last 24 months
2026-07-13T05:31:47+00:00,0.822,0.063,0.0,0.937,22.975,-0.009,175.0,0.73,0.05,0.0,0.938,30.511,0.013,259.0,0.82,0.067,0.0,0.9,19.201,-0.012,60.0,16757,0.374,0.035,0.0,0.956,68.374,-0.016,113.0,0.586,0.078,0.0,0.991,40.636,0.101,116.0,"Dou, Zecheng",0.489,0.051,0.0,0.957,41.758,-0.039,117.0,2026-07-06 14:43:23 UTC,last 24 months
2026-07-13T05:31:47+00:00,0.821,0.072,0.0,0.937,22.043,0.006,569.0,0.707,0.055,0.0,0.946,30.415,0.013,781.0,0.844,0.064,0.0,0.941,18.148,-0.002,203.0,17881,0.353,0.04,0.0,0.948,58.665,-0.02,251.0,0.488,0.064,0.0,0.962,43.941,0.034,393.0,"Yu, Kevin",0.497,0.043,0.0,0.946,41.455,-0.039,278.0,2026-07-06 14:43:23 UTC,last 24 months
2026-07-13T05:31:47+00:00,0.761,0.076,0.0,0.927,23.537,-0.027,262.0,0.716,0.066,0.0,0.948,30.669,0.013,348.0,0.915,0.118,0.0,0.971,15.385,0.07,102.0,18761,0.335,0.036,0.0,0.982,57.829,0.006,112.0,0.372,0.034,0.0,0.909,49.161,-0.054,175.0,"Mullinax, Trey",0.544,0.07,0.0,0.906,41.675,-0.005,171.0,2026-07-06 14:43:23 UTC,last 24 months
2026-07-13T05:31:47+00:00,0.841,0.081,0.0,0.95,22.664,0.009,458.0,0.702,0.052,0.0,0.952,31.232,0.013,752.0,0.83,0.084,0.0,0.924,20.123,-0.053,131.0,20730,0.397,0.043,0.0,0.971,53.446,0.039,210.0,0.473,0.056,0.0,0.981,47.248,0.019,374.0,"Perez, Victor",0.589,0.075,0.0,0.956,37.523,0.048,227.0,2026-07-06 14:43:23 UTC,last 24 months
2026-07-13T05:31:47+00:00,0.831,0.092,0.0,0.933,19.46,0.041,415.0,0.709,0.06,0.0,0.946,28.979,0.012,672.0,0.911,0.116,0.0,0.964,14.71,0.093,138.0,6093,0.439,0.056,0.0,0.953,58.032,0.035,215.0,0.459,0.062,0.0,0.961,48.55,0.021,356.0,"Rose, Justin",0.595,0.096,0.0,0.976,37.067,0.049,166.0,2026-07-06 14:43:23 UTC,last 24 months
2026-07-13T05:31:47+00:00,0.807,0.047,0.0,0.936,22.653,-0.004,467.0,0.699,0.051,0.0,0.947,30.853,0.012,607.0,0.831,0.082,0.0,0.951,18.316,0.008,122.0,15004,0.367,0.051,0.0,0.969,61.491,0.021,195.0,0.466,0.043,0.0,0.946,47.902,0.004,299.0,"Kim, Chan",0.551,0.069,0.0,0.94,37.717,0.011,217.0,2026-07-06 14:43:23 UTC,last 24 months
2026-07-13T05:31:47+00:00,0.801,0.083,0.0,0.944,21.42,0.016,373.0,0.669,0.066,0.0,0.947,29.916,0.012,488.0,0.73,0.115,0.0,0.875,19.69,-0.053,96.0,18580,0.344,0.069,0.0,0.954,55.028,0.041,130.0,0.528,0.065,0.0,0.965,46.653,0.052,230.0,"Gooch, Talor",0.588,0.071,0.0,0.957,35.632,0.029,141.0,2026-07-06 14:43:23 UTC,last 24 months
2026-07-13T05:31:47+00:00,0.81,0.071,0.0,0.954,20.649,0.025,561.0,0.685,0.052,0.0,0.963,30.145,0.012,830.0,0.814,0.121,0.0,0.955,16.71,0.038,157.0,29767,0.381,0.063,0.0,0.966,61.312,0.0,268.0,0.449,0.069,0.0,0.993,39.038,0.062,403.0,"Gerard, Ryan",0.588,0.085,0.0,0.982,34.876,0.064,223.0,2026-07-06 14:43:23 UTC,last 24 months
2026-07-13T05:31:47+00:00,0.803,0.066,0.0,0.933,22.414,-0.007,652.0,0.722,0.05,0.0,0.949,30.314,0.011,956.0,0.832,0.086,0.0,0.946,18.265,-0.001,221.0,21554,0.347,0.072,0.0,0.973,57.18,0.044,293.0,0.474,0.042,0.0,0.971,45.535,0.027,478.0,"Poston, J.T.",0.533,0.079,0.0,0.921,39.724,0.001,253.0,2026-07-06 14:43:23 UTC,last 24 months
2026-07-13T05:31:47+00:00,0.711,0.054,0.0,0.91,24.696,-0.068,111.0,0.671,0.058,0.0,0.947,30.022,0.011,208.0,0.842,0.14,0.0,0.977,16.59,0.054,43.0,19190,0.312,0.059,0.0,0.871,65.911,-0.08,101.0,0.429,0.074,0.0,0.968,42.92,0.031,95.0,"Hoshino, Rikuya",0.603,0.039,0.0,0.902,35.81,0.013,51.0,2026-07-06 14:43:23 UTC,last 24 months
2026-07-13T05:31:47+00:00,0.809,0.053,0.0,0.928,25.54,-0.049,207.0,0.75,0.051,0.0,0.961,31.914,0.01,254.0,0.838,0.048,0.0,0.952,19.265,-0.049,42.0,14559,0.442,0.107,0.0,0.96,56.582,0.066,75.0,0.487,0.056,0.0,0.944,45.347,0.043,126.0,"Vincent, Scott",0.569,0.038,0.0,0.962,35.885,-0.003,105.0,2026-07-06 14:43:23 UTC,last 24 months
2026-07-13T05:31:47+00:00,0.731,0.066,0.0,0.909,25.087,-0.046,514.0,0.716,0.056,0.0,0.953,30.867,0.01,748.0,0.808,0.038,0.0,0.912,18.719,-0.068,159.0,20722,0.365,0.043,0.0,0.961,57.744,-0.003,254.0,0.493,0.072,0.0,0.946,44.68,0.019,332.0,"Schmid, Matti",0.584,0.067,0.0,0.949,36.167,0.021,297.0,2026-07-06 14:43:23 UTC,last 24 months
2026-07-13T05:31:47+00:00,0.832,0.055,0.0,0.952,21.311,0.015,543.0,0.685,0.061,0.0,0.947,30.872,0.01,754.0,0.819,0.125,0.0,0.956,18.744,0.011,136.0,25157,0.336,0.034,0.0,0.966,56.922,-0.027,203.0,0.532,0.091,0.0,0.969,42.105,0.063,353.0,"Hodges, Lee",0.5,0.08,0.0,0.953,38.342,0.009,212.0,2026-07-06 14:43:23 UTC,last 24 months
2026-07-13T05:31:47+00:00,0.823,0.072,0.0,0.933,21.77,0.026,223.0,0.674,0.052,0.0,0.938,30.388,0.01,307.0,0.857,0.066,0.0,0.947,17.041,0.025,76.0,27820,0.278,0.054,0.0,0.989,56.475,0.009,93.0,0.483,0.062,0.0,0.956,44.637,0.016,160.0,"Pak, John",0.473,0.101,0.0,0.899,40.604,-0.048,89.0,2026-07-06 14:43:23 UTC,last 24 months
2026-07-13T05:31:47+00:00,0.831,0.105,0.0,0.953,19.836,0.051,277.0,0.666,0.062,0.0,0.941,28.946,0.009,340.0,0.878,0.127,0.0,0.941,14.721,0.064,118.0,14838,0.254,0.081,0.0,0.948,62.335,0.006,135.0,0.497,0.06,0.0,0.956,47.565,0.029,182.0,"Reed, Patrick",0.59,0.077,0.0,0.949,36.475,0.025,156.0,2026-07-06 14:43:23 UTC,last 24 months
2026-07-13T05:31:47+00:00,0.793,0.091,0.0,0.904,23.668,-0.022,230.0,0.713,0.073,0.0,0.943,31.183,0.009,370.0,0.849,0.088,0.0,0.941,17.749,-0.004,68.0,18586,0.331,0.062,0.0,0.938,64.385,-0.038,128.0,0.526,0.05,0.0,0.95,43.405,0.044,160.0,"Smith, Jordan",0.579,0.087,0.0,0.988,34.862,0.09,80.0,2026-07-06 14:43:23 UTC,last 24 months
2026-07-13T05:31:47+00:00,0.839,0.058,0.0,0.942,21.794,0.001,723.0,0.704,0.056,0.0,0.955,30.952,0.009,942.0,0.815,0.07,0.0,0.896,19.539,-0.054,201.0,22760,0.38,0.054,0.0,0.962,57.821,0.023,317.0,0.484,0.075,0.0,0.968,43.854,0.038,466.0,"Hisatsune, Ryo",0.613,0.073,0.0,0.934,36.773,0.038,289.0,2026-07-06 14:43:23 UTC,last 24 months
2026-07-13T05:31:47+00:00,0.822,0.069,0.0,0.958,20.111,0.038,626.0,0.688,0.053,0.0,0.954,30.811,0.009,833.0,0.876,0.089,0.0,0.962,16.114,0.041,213.0,24550,0.332,0.047,0.0,0.963,62.359,-0.014,215.0,0.489,0.064,0.0,0.944,43.691,0.021,376.0,"Ghim, Doug",0.597,0.063,0.0,0.959,37.255,0.036,270.0,2026-07-06 14:43:23 UTC,last 24 months
2026-07-13T05:31:47+00:00,0.776,0.07,0.0,0.934,22.761,-0.01,557.0,0.667,0.062,0.0,0.947,29.065,0.009,824.0,0.86,0.09,0.0,0.953,15.503,0.049,211.0,28635,0.371,0.063,0.0,0.945,62.11,0.007,253.0,0.452,0.042,0.0,0.944,45.11,-0.007,425.0,"McCarty, Matt",0.583,0.097,0.0,0.932,36.795,0.036,236.0,2026-07-06 14:43:23 UTC,last 24 months
2026-07-13T05:31:47+00:00,0.801,0.078,0.0,0.951,20.993,0.032,515.0,0.684,0.066,0.0,0.938,30.706,0.008,743.0,0.818,0.072,0.0,0.928,18.311,-0.012,180.0,14509,0.293,0.041,0.0,0.976,62.648,0.01,170.0,0.506,0.028,0.0,0.964,42.912,0.014,358.0,"Dahmen, Joel",0.549,0.044,0.0,0.97,38.436,0.017,203.0,2026-07-06 14:43:23 UTC,last 24 months
2026-07-13T05:31:47+00:00,0.734,0.057,1.0,0.92,24.34,-0.06,88.0,0.672,0.076,0.0,0.959,31.496,0.008,170.0,0.901,0.07,0.0,0.93,18.023,0.03,43.0,21889,0.409,0.065,0.0,0.974,56.703,0.027,77.0,0.246,0.015,1.0,0.941,54.645,-0.106,68.0,"Kang, Jeffrey",0.566,0.131,0.0,0.951,31.649,0.082,61.0,2026-07-06 14:43:23 UTC,last 24 months
2026-07-13T05:31:47+00:00,0.739,0.052,1.0,0.885,23.507,-0.068,96.0,0.643,0.043,0.0,0.921,29.6,0.008,139.0,0.768,0.062,0.0,0.938,21.275,-0.035,32.0,29827,,,,,,,,0.606,0.032,1.0,0.984,40.796,0.062,62.0,"James, Ben",0.466,0.158,0.0,0.947,44.946,0.027,38.0,2026-07-06 14:43:23 UTC,last 24 months
2026-07-13T05:31:47+00:00,0.784,0.072,0.0,0.936,21.588,0.011,377.0,0.677,0.049,0.0,0.942,30.563,0.007,447.0,0.835,0.093,0.0,0.898,17.092,0.021,108.0,7649,0.349,0.1,0.0,0.933,53.646,0.063,150.0,0.479,0.043,0.0,0.983,43.689,0.025,234.0,"Leishman, Marc",0.567,0.053,0.0,0.909,36.702,-0.009,187.0,2026-07-06 14:43:23 UTC,last 24 months
2026-07-13T05:31:47+00:00,0.816,0.065,0.0,0.948,21.515,0.012,155.0,0.673,0.033,0.0,0.948,30.247,0.007,269.0,0.85,0.138,0.0,0.966,15.445,0.106,58.0,19846,0.385,0.049,0.0,1.0,52.019,0.047,102.0,0.494,0.06,0.0,0.983,43.11,0.046,117.0,"Bauchou, Zach",0.562,0.059,0.0,0.931,38.19,-0.009,102.0,2026-07-06 14:43:23 UTC,last 24 months
2026-07-13T05:31:47+00:00,0.822,0.082,0.0,0.942,20.668,0.031,718.0,0.685,0.054,0.0,0.944,30.082,0.007,998.0,0.885,0.098,0.0,0.932,17.83,-0.006,205.0,29433,0.383,0.072,0.0,0.946,61.708,0.014,334.0,0.452,0.067,0.0,0.955,47.189,-0.001,494.0,"Bridgeman, Jacob",0.532,0.073,0.0,0.936,41.627,0.02,313.0,2026-07-06 14:43:23 UTC,last 24 months
2026-07-13T05:31:47+00:00,0.785,0.081,1.0,0.907,22.359,-0.05,86.0,0.713,0.096,1.0,0.939,29.959,0.007,115.0,0.848,0.069,1.0,0.897,16.639,-0.007,29.0,8085,,,,,,,,0.439,0.0,1.0,0.898,45.674,-0.076,59.0,"Teater, Josh",0.563,0.023,0.0,0.955,38.301,0.008,44.0,2026-07-06 14:43:23 UTC,last 24 months
2026-07-13T05:31:47+00:00,0.831,0.047,1.0,0.962,22.836,0.016,106.0,0.699,0.037,0.0,0.969,32.375,0.007,163.0,0.888,0.083,0.0,0.944,19.798,0.011,36.0,22535,0.349,0.02,1.0,0.98,64.083,0.006,49.0,0.501,0.032,1.0,0.968,43.436,0.002,62.0,"Norrman, Vincent",0.652,0.028,0.0,0.917,42.849,0.002,36.0,2026-07-06 14:43:23 UTC,last 24 months
2026-07-13T05:31:47+00:00,0.807,0.062,0.0,0.938,22.067,-0.003,468.0,0.727,0.048,0.0,0.956,31.907,0.006,861.0,0.874,0.073,0.0,0.964,17.097,0.016,165.0,14704,0.373,0.089,0.0,0.968,57.278,0.042,247.0,0.475,0.06,0.0,0.988,45.134,0.041,417.0,"Putnam, Andrew",0.595,0.056,0.0,0.95,36.047,0.044,161.0,2026-07-06 14:43:23 UTC,last 24 months
2026-07-13T05:31:47+00:00,0.783,0.07,0.0,0.929,21.877,-0.011,589.0,0.697,0.061,0.0,0.933,30.464,0.006,851.0,0.902,0.08,0.0,0.981,14.774,0.069,162.0,17646,0.374,0.056,0.0,0.955,62.196,0.013,268.0,0.579,0.073,0.0,0.982,42.805,0.091,449.0,"Fitzpatrick, Matt",0.603,0.064,0.0,0.955,42.227,0.008,202.0,2026-07-06 14:43:23 UTC,last 24 months
2026-07-13T05:31:47+00:00,0.809,0.061,0.0,0.946,21.472,-0.004,643.0,0.708,0.049,0.0,0.945,31.517,0.006,986.0,0.897,0.097,0.0,0.959,16.837,0.026,195.0,19870,0.35,0.054,0.0,0.955,61.664,0.008,353.0,0.472,0.063,0.0,0.971,45.112,0.026,478.0,"McCarthy, Denny",0.552,0.053,0.0,0.951,39.465,-0.003,226.0,2026-07-06 14:43:23 UTC,last 24 months
2026-07-13T05:31:47+00:00,0.809,0.085,1.0,0.979,20.0,0.005,94.0,0.717,0.04,1.0,0.94,29.202,0.006,100.0,,,,,,,,21362,0.337,0.061,1.0,0.898,70.219,-0.037,49.0,,,,,,,,"Hillier, Daniel",0.639,0.107,1.0,0.964,31.033,0.114,28.0,2026-07-06 14:43:23 UTC,last 24 months
2026-07-13T05:31:47+00:00,0.763,0.079,0.0,0.925,21.21,0.008,428.0,0.678,0.062,0.0,0.944,29.746,0.006,568.0,0.846,0.073,0.0,0.94,17.814,-0.018,151.0,28270,0.395,0.069,0.0,0.955,56.232,0.034,290.0,0.503,0.058,0.0,0.962,42.226,0.039,291.0,"Dunlap, Nick",0.54,0.098,0.0,0.917,41.443,-0.0,265.0,2026-07-06 14:43:23 UTC,last 24 months
2026-07-13T05:31:47+00:00,0.783,0.065,0.0,0.913,23.357,-0.012,368.0,0.657,0.055,0.0,0.942,30.201,0.005,677.0,0.865,0.087,0.0,0.948,18.013,0.012,172.0,18628,0.32,0.047,0.0,0.962,62.35,-0.027,212.0,0.427,0.069,0.0,0.98,46.729,0.017,346.0,"Campbell, Brian",0.566,0.051,0.0,0.949,38.779,-0.016,137.0,2026-07-06 14:43:23 UTC,last 24 months
2026-07-13T05:31:47+00:00,0.817,0.054,0.0,0.934,22.61,-0.016,759.0,0.703,0.054,0.0,0.937,30.6,0.005,1051.0,0.832,0.088,0.0,0.927,18.02,0.01,262.0,25569,0.359,0.035,0.0,0.975,62.318,0.005,317.0,0.423,0.056,0.0,0.948,47.765,-0.023,500.0,"Stevens, Sam",0.551,0.077,0.0,0.941,36.817,0.006,375.0,2026-07-06 14:43:23 UTC,last 24 months
2026-07-13T05:31:47+00:00,0.781,0.078,0.0,0.93,22.386,-0.012,358.0,0.68,0.063,0.0,0.944,30.792,0.004,431.0,0.802,0.107,0.0,0.92,17.076,0.014,112.0,8117,0.367,0.071,0.0,0.964,65.457,0.025,168.0,0.486,0.046,0.0,0.954,47.038,0.008,216.0,"Kaymer, Martin",0.601,0.082,0.0,0.929,36.633,0.031,196.0,2026-07-06 14:43:23 UTC,last 24 months
2026-07-13T05:31:47+00:00,0.821,0.072,0.0,0.944,21.628,0.012,585.0,0.692,0.054,0.0,0.952,31.447,0.004,902.0,0.861,0.142,0.0,0.968,14.027,0.083,190.0,18103,0.335,0.048,0.0,0.956,65.889,-0.012,272.0,0.452,0.047,0.0,0.969,46.859,0.023,447.0,"Bezuidenhout, Christiaan",0.492,0.045,0.0,0.978,40.681,-0.019,223.0,2026-07-06 14:43:23 UTC,last 24 months
2026-07-13T05:31:47+00:00,0.779,0.085,0.0,0.939,22.451,0.006,472.0,0.678,0.046,0.0,0.947,29.379,0.004,761.0,0.843,0.12,0.0,0.915,19.119,-0.021,117.0,23816,0.384,0.04,0.0,0.972,59.272,0.024,251.0,0.491,0.044,0.0,0.966,42.254,0.035,319.0,"Valimaki, Sami",0.605,0.095,0.0,0.945,39.433,0.029,199.0,2026-07-06 14:43:23 UTC,last 24 months
2026-07-13T05:31:47+00:00,0.801,0.083,0.0,0.926,20.495,0.027,651.0,0.67,0.066,0.0,0.938,29.636,0.004,793.0,0.842,0.056,0.0,0.953,17.321,0.0,214.0,26651,0.387,0.056,0.0,0.948,58.333,0.025,269.0,0.412,0.061,0.0,0.952,46.935,-0.019,458.0,"Young, Cameron",0.585,0.069,0.0,0.942,36.546,0.036,346.0,2026-07-06 14:43:23 UTC,last 24 months
2026-07-13T05:31:47+00:00,0.802,0.064,0.0,0.938,22.966,-0.015,609.0,0.699,0.055,0.0,0.948,31.217,0.004,787.0,0.87,0.088,0.0,0.943,17.36,0.022,228.0,27774,0.349,0.075,0.0,0.956,59.737,0.025,361.0,0.462,0.059,0.0,0.953,47.65,-0.006,426.0,"Gotterup, Chris",0.574,0.09,0.0,0.943,38.997,0.042,389.0,2026-07-06 14:43:23 UTC,last 24 months
2026-07-13T05:31:47+00:00,0.821,0.077,0.0,0.961,20.346,0.032,673.0,0.68,0.049,0.0,0.948,29.791,0.003,1006.0,0.884,0.105,0.0,0.954,15.229,0.076,238.0,8825,0.343,0.043,0.0,0.964,63.984,-0.005,280.0,0.498,0.056,0.0,0.949,44.846,0.013,532.0,"Harman, Brian",0.547,0.059,0.0,0.941,39.368,-0.004,273.0,2026-07-06 14:43:23 UTC,last 24 months
2026-07-13T05:31:47+00:00,0.805,0.082,0.0,0.944,21.586,0.012,576.0,0.699,0.065,0.0,0.939,31.333,0.003,705.0,0.856,0.077,0.0,0.94,17.511,0.025,168.0,14181,0.356,0.065,0.0,0.954,59.708,0.016,262.0,0.486,0.04,0.0,0.942,46.375,0.003,379.0,"Detry, Thomas",0.506,0.047,0.0,0.94,41.196,-0.031,235.0,2026-07-06 14:43:23 UTC,last 24 months
2026-07-13T05:31:47+00:00,0.763,0.104,0.0,0.943,21.136,0.023,211.0,0.699,0.065,0.0,0.919,30.931,0.003,310.0,0.826,0.079,0.0,0.966,16.817,0.01,89.0,14698,0.289,0.03,0.0,0.909,68.382,-0.08,99.0,0.516,0.056,0.0,0.958,42.713,0.022,144.0,"Bramlett, Joseph",0.567,0.066,0.0,0.96,40.956,0.022,151.0,2026-07-06 14:43:23 UTC,last 24 months
2026-07-13T05:31:47+00:00,0.799,0.071,0.0,0.929,21.436,0.007,211.0,0.707,0.068,0.0,0.929,29.901,0.003,280.0,0.814,0.052,0.0,0.935,17.23,0.008,77.0,15310,0.451,0.075,0.0,0.962,53.653,0.023,106.0,0.483,0.047,0.0,0.953,43.51,0.013,150.0,"Li, Haotong",0.596,0.1,0.0,0.96,37.372,0.078,100.0,2026-07-06 14:43:23 UTC,last 24 months
2026-07-13T05:31:47+00:00,0.764,0.081,0.0,0.908,21.65,-0.017,577.0,0.703,0.052,0.0,0.944,30.656,0.003,781.0,0.882,0.158,0.0,0.955,16.365,0.058,177.0,16394,0.368,0.062,0.0,0.968,59.473,0.022,340.0,0.453,0.041,0.0,0.944,43.871,-0.011,411.0,"Jaeger, Stephan",0.558,0.099,0.0,0.939,37.208,0.044,343.0,2026-07-06 14:43:23 UTC,last 24 months
2026-07-13T05:31:47+00:00,0.815,0.056,1.0,0.944,21.973,-0.001,107.0,0.723,0.036,0.0,0.915,31.244,0.003,165.0,0.757,0.158,0.0,0.921,17.443,0.047,38.0,16591,0.425,0.04,1.0,0.9,65.687,-0.013,50.0,0.341,0.014,1.0,1.0,48.777,-0.049,74.0,"Rozo, Marcelo",0.603,0.056,0.0,0.972,35.757,0.002,36.0,2026-07-06 14:43:23 UTC,last 24 months
2026-07-13T05:31:47+00:00,0.739,0.073,0.0,0.906,24.053,-0.038,341.0,0.642,0.053,0.0,0.949,30.926,0.003,412.0,0.839,0.143,0.0,0.941,16.08,0.065,119.0,17064,0.351,0.058,0.0,0.891,58.251,0.0,138.0,0.451,0.083,0.0,0.968,44.003,0.033,216.0,"Herbert, Lucas",0.529,0.072,0.0,0.892,39.793,-0.032,223.0,2026-07-06 14:43:23 UTC,last 24 months
2026-07-13T05:31:47+00:00,0.761,0.078,0.0,0.939,23.071,-0.008,358.0,0.679,0.058,0.0,0.957,32.185,0.003,656.0,0.842,0.117,0.0,0.964,16.06,0.083,137.0,20706,0.387,0.041,0.0,0.95,55.962,0.008,222.0,0.456,0.03,0.0,0.97,47.476,-0.029,298.0,"Wallace, Matt",0.633,0.065,0.0,0.952,37.276,0.05,230.0,2026-07-06 14:43:23 UTC,last 24 months
2026-07-13T05:31:47+00:00,0.8,0.086,0.0,0.938,21.502,0.018,616.0,0.679,0.04,0.0,0.949,29.778,0.003,968.0,0.847,0.092,0.0,0.924,16.434,0.045,238.0,23475,0.347,0.069,0.0,0.959,59.227,0.022,363.0,0.452,0.053,0.0,0.967,44.234,0.014,488.0,"Novak, Andrew",0.503,0.039,0.0,0.924,41.579,-0.037,304.0,2026-07-06 14:43:23 UTC,last 24 months
2026-07-13T05:31:47+00:00,,,,,,,,0.715,0.055,1.0,0.936,31.435,0.003,109.0,0.99,0.045,1.0,1.0,13.626,0.054,22.0,25601,,,,,,,,,,,,,,,"Jordan, Matthew",0.598,0.133,0.0,1.0,33.08,0.105,30.0,2026-07-06 14:43:23 UTC,last 24 months
2026-07-13T05:31:47+00:00,0.819,0.018,0.0,0.936,26.525,-0.072,110.0,0.679,0.083,1.0,0.902,31.851,0.003,132.0,0.871,0.1,0.0,0.967,16.367,0.038,30.0,19948,0.328,0.087,1.0,0.957,58.883,0.011,46.0,0.399,0.045,1.0,0.939,44.73,0.001,66.0,"Taylor, Ben",0.598,0.022,0.0,0.933,45.853,0.02,45.0,2026-07-06 14:43:23 UTC,last 24 months
2026-07-13T05:31:47+00:00,0.799,0.079,0.0,0.947,19.84,0.04,394.0,0.682,0.046,0.0,0.934,29.891,0.002,455.0,0.785,0.063,0.0,0.921,16.976,-0.015,127.0,6516,0.337,0.037,0.0,0.975,56.448,0.023,160.0,0.484,0.058,0.0,0.979,44.756,0.035,240.0,"Bland, Richard",0.583,0.084,0.0,0.946,36.766,0.017,167.0,2026-07-06 14:43:23 UTC,last 24 months
2026-07-13T05:31:47+00:00,0.793,0.071,0.0,0.905,22.021,0.016,169.0,0.682,0.071,0.0,0.912,30.741,0.002,239.0,0.793,0.07,0.0,0.93,17.769,-0.032,57.0,7961,0.388,0.036,0.0,0.929,67.526,-0.062,56.0,0.532,0.067,0.0,0.981,45.46,0.051,105.0,"Reavie, Chez",0.455,0.117,0.0,0.935,38.091,0.012,77.0,2026-07-06 14:43:23 UTC,last 24 months
2026-07-13T05:31:47+00:00,0.822,0.069,0.0,0.934,20.632,0.023,700.0,0.694,0.06,0.0,0.94,31.065,0.002,934.0,0.875,0.084,0.0,0.933,17.033,0.01,239.0,18634,0.354,0.053,0.0,0.985,62.431,0.01,341.0,0.478,0.059,0.0,0.965,46.227,0.021,509.0,"McNealy, Maverick",0.573,0.06,0.0,0.928,38.837,0.015,335.0,2026-07-06 14:43:23 UTC,last 24 months
2026-07-13T05:31:47+00:00,0.784,0.095,0.0,0.915,20.964,0.017,634.0,0.674,0.058,0.0,0.939,29.599,0.002,790.0,0.823,0.125,0.0,0.946,16.497,0.045,224.0,23604,0.319,0.055,0.0,0.941,65.215,-0.043,307.0,0.518,0.075,0.0,0.946,45.063,0.035,427.0,"Clark, Wyndham",0.585,0.094,0.0,0.952,36.586,0.05,310.0,2026-07-06 14:43:23 UTC,last 24 months
2026-07-13T05:31:47+00:00,0.779,0.075,0.0,0.935,22.311,-0.005,681.0,0.677,0.059,0.0,0.946,30.864,0.001,946.0,0.795,0.068,0.0,0.905,19.727,-0.059,221.0,16283,0.377,0.066,0.0,0.966,55.606,0.037,380.0,0.434,0.063,0.0,0.952,47.197,-0.005,475.0,"Rodgers, Patrick",0.544,0.072,0.0,0.933,40.244,-0.001,374.0,2026-07-06 14:43:23 UTC,last 24 months
2026-07-13T05:31:47+00:00,0.727,0.082,0.0,0.907,24.438,-0.044,268.0,0.649,0.044,0.0,0.941,29.957,0.001,338.0,0.791,0.058,0.0,0.899,20.428,-0.05,69.0,25363,0.267,0.053,0.0,0.933,66.239,-0.03,75.0,0.425,0.032,0.0,0.942,47.802,-0.016,154.0,"Buckley, Hayden",0.58,0.048,0.0,0.928,37.659,0.003,125.0,2026-07-06 14:43:23 UTC,last 24 months
2026-07-13T05:31:47+00:00,0.812,0.063,0.0,0.944,22.555,0.007,284.0,0.711,0.046,0.0,0.945,30.683,-0.0,366.0,0.862,0.152,0.0,0.946,18.537,0.014,92.0,27183,0.297,0.055,0.0,0.945,64.944,-0.039,128.0,0.408,0.061,0.0,0.939,44.669,-0.028,212.0,"Salinda, Isaiah",0.52,0.051,0.0,0.905,38.765,-0.046,137.0,2026-07-06 14:43:23 UTC,last 24 months
2026-07-13T05:31:47+00:00,0.719,0.085,0.0,0.912,23.532,-0.036,410.0,0.702,0.046,0.0,0.956,32.226,-0.002,608.0,0.844,0.071,0.0,0.929,20.414,-0.029,127.0,15330,0.347,0.037,0.0,0.974,52.18,0.001,191.0,0.485,0.073,0.0,0.964,45.59,0.03,303.0,"Griffin, Lanto",0.599,0.057,0.0,0.959,35.592,0.057,194.0,2026-07-06 14:43:23 UTC,last 24 months
2026-07-13T05:31:47+00:00,0.789,0.076,0.0,0.94,21.713,0.011,632.0,0.676,0.061,0.0,0.942,30.995,-0.002,872.0,0.838,0.057,0.0,0.949,17.387,-0.018,175.0,16333,0.347,0.031,0.0,0.958,61.686,-0.029,261.0,0.529,0.08,0.0,0.982,41.297,0.062,386.0,"Hubbard, Mark",0.526,0.069,0.0,0.921,37.935,0.004,277.0,2026-07-06 14:43:23 UTC,last 24 months
2026-07-13T05:31:47+00:00,0.79,0.086,0.0,0.906,22.181,-0.001,255.0,0.744,0.059,0.0,0.938,31.042,-0.002,321.0,0.861,0.059,0.0,0.912,17.639,0.011,68.0,21407,0.335,0.047,0.0,0.981,66.069,0.007,106.0,0.443,0.05,0.0,0.95,43.262,-0.002,179.0,"Reitan, Kristoffer",0.565,0.115,0.0,0.973,32.057,0.062,113.0,2026-07-06 14:43:23 UTC,last 24 months
2026-07-13T05:31:47+00:00,0.804,0.067,0.0,0.942,21.602,0.0,599.0,0.696,0.059,0.0,0.939,31.885,-0.002,801.0,0.835,0.06,0.0,0.917,18.606,-0.02,217.0,23465,0.306,0.042,0.0,0.951,63.451,-0.015,288.0,0.48,0.048,0.0,0.966,43.374,0.026,416.0,"Greyserman, Max",0.551,0.061,0.0,0.956,37.535,0.026,342.0,2026-07-06 14:43:23 UTC,last 24 months
2026-07-13T05:31:47+00:00,0.774,0.093,0.0,0.917,23.077,0.012,482.0,0.697,0.061,0.0,0.936,30.706,-0.002,576.0,0.805,0.068,0.0,0.902,19.59,-0.043,133.0,23656,0.347,0.044,0.0,0.968,60.26,0.0,158.0,0.449,0.045,0.0,0.962,45.447,0.005,290.0,"Young, Carson",0.594,0.079,0.0,0.963,39.172,0.027,164.0,2026-07-06 14:43:23 UTC,last 24 months
2026-07-13T05:31:47+00:00,0.818,0.084,0.0,0.944,20.007,0.02,395.0,0.657,0.054,0.0,0.934,31.234,-0.003,426.0,0.773,0.062,0.0,0.884,17.866,-0.012,112.0,7548,0.359,0.069,0.0,0.954,60.429,0.017,130.0,0.483,0.037,0.0,0.958,48.485,0.015,214.0,"McDowell, Graeme",0.562,0.065,0.0,0.935,37.507,-0.001,186.0,2026-07-06 14:43:23 UTC,last 24 months
2026-07-13T05:31:47+00:00,0.804,0.037,0.0,0.918,23.351,-0.03,379.0,0.661,0.06,0.0,0.94,31.068,-0.003,419.0,0.872,0.106,0.0,0.947,17.664,0.046,94.0,11952,0.401,0.077,0.0,0.985,52.821,0.07,130.0,0.429,0.041,0.0,0.954,47.746,-0.002,194.0,"Grace, Branden",0.606,0.076,0.0,0.953,37.225,0.001,170.0,2026-07-06 14:43:23 UTC,last 24 months
2026-07-13T05:31:47+00:00,0.83,0.088,0.0,0.951,19.307,0.062,509.0,0.674,0.056,0.0,0.948,30.646,-0.003,754.0,0.862,0.109,0.0,0.948,16.157,0.051,193.0,12423,0.285,0.051,0.0,0.919,69.35,-0.063,235.0,0.493,0.079,0.0,0.954,43.769,0.042,368.0,"Kirk, Chris",0.585,0.085,0.0,0.957,36.809,0.043,258.0,2026-07-06 14:43:23 UTC,last 24 months
2026-07-13T05:31:47+00:00,0.814,0.076,0.0,0.939,21.558,0.016,628.0,0.682,0.052,0.0,0.938,30.782,-0.003,849.0,0.843,0.112,0.0,0.933,18.151,0.012,178.0,18474,0.391,0.055,0.0,0.942,61.362,0.008,275.0,0.497,0.062,0.0,0.959,42.993,0.037,386.0,"Smalley, Alex",0.596,0.081,0.0,0.938,36.323,0.033,273.0,2026-07-06 14:43:23 UTC,last 24 months
2026-07-13T05:31:47+00:00,0.79,0.043,0.0,0.922,22.843,-0.027,115.0,0.656,0.065,0.0,0.941,29.821,-0.003,153.0,0.89,0.029,0.0,0.971,16.464,0.014,35.0,25213,0.284,0.018,0.0,0.965,69.099,-0.064,57.0,0.497,0.066,1.0,0.908,45.33,-0.019,76.0,"Wu, Brandon",0.487,0.036,0.0,0.945,41.13,-0.023,55.0,2026-07-06 14:43:23 UTC,last 24 months
2026-07-13T05:31:47+00:00,0.801,0.068,0.0,0.934,23.05,-0.016,501.0,0.688,0.059,0.0,0.95,31.686,-0.004,706.0,0.832,0.047,0.0,0.946,18.597,-0.019,149.0,11451,0.342,0.034,0.0,0.937,63.438,-0.047,207.0,0.468,0.045,0.0,0.955,45.666,0.022,289.0,"Garnett, Brice",0.59,0.081,0.0,0.931,41.45,0.007,160.0,2026-07-06 14:43:23 UTC,last 24 months
2026-07-13T05:31:47+00:00,0.765,0.072,0.0,0.907,22.346,-0.014,388.0,0.668,0.075,0.0,0.917,31.573,-0.004,495.0,0.809,0.078,0.0,0.879,18.952,-0.012,116.0,14735,0.395,0.057,0.0,0.971,60.957,0.03,174.0,0.508,0.08,0.0,0.956,45.109,0.033,249.0,"Ortiz, Carlos",0.534,0.065,0.0,0.935,34.902,-0.011,200.0,2026-07-06 14:43:23 UTC,last 24 months
2026-07-13T05:31:47+00:00,0.771,0.074,0.0,0.935,23.024,-0.01,325.0,0.699,0.061,0.0,0.928,32.282,-0.004,461.0,0.887,0.079,0.0,0.956,17.208,0.019,114.0,19865,0.359,0.049,0.0,0.979,59.319,0.017,143.0,0.45,0.033,0.0,0.944,46.241,-0.014,214.0,"Hardy, Nick",0.616,0.08,0.0,0.956,33.682,0.056,225.0,2026-07-06 14:43:23 UTC,last 24 months
2026-07-13T05:31:47+00:00,0.797,0.062,0.0,0.941,22.066,-0.003,656.0,0.687,0.059,0.0,0.946,30.813,-0.004,891.0,0.843,0.093,0.0,0.934,19.717,-0.023,182.0,23323,0.359,0.078,0.0,0.956,58.223,0.026,296.0,0.468,0.044,0.0,0.954,41.524,0.018,453.0,"MacIntyre, Robert",0.615,0.092,0.0,0.964,35.544,0.071,303.0,2026-07-06 14:43:23 UTC,last 24 months
2026-07-13T05:31:47+00:00,0.815,0.052,0.0,0.932,22.542,-0.002,731.0,0.697,0.05,0.0,0.942,31.037,-0.004,1078.0,0.857,0.106,0.0,0.958,15.966,0.04,216.0,24968,0.372,0.05,0.0,0.976,56.641,0.047,379.0,0.515,0.071,0.0,0.974,45.125,0.049,539.0,"Griffin, Ben",0.575,0.08,0.0,0.931,38.05,0.025,363.0,2026-07-06 14:43:23 UTC,last 24 months
2026-07-13T05:31:47+00:00,,,,,,,,0.683,0.069,1.0,0.922,30.932,-0.004,102.0,,,,,,,,14016,0.412,0.087,1.0,1.0,52.294,0.072,46.0,0.524,0.069,1.0,0.931,47.312,-0.009,58.0,"Campillo, Jorge",0.488,0.043,1.0,0.87,44.98,-0.013,23.0,2026-07-06 14:43:23 UTC,last 24 months
2026-07-13T05:31:47+00:00,0.828,0.074,0.0,0.956,19.873,0.028,435.0,0.668,0.046,0.0,0.952,29.987,-0.005,544.0,0.854,0.031,0.0,0.924,17.066,-0.033,131.0,10091,0.416,0.087,0.0,0.976,58.26,0.073,206.0,0.531,0.07,0.0,0.973,38.634,0.08,299.0,"McIlroy, Rory",0.6,0.077,0.0,0.94,38.369,0.03,285.0,2026-07-06 14:43:23 UTC,last 24 months
2026-07-13T05:31:47+00:00,0.823,0.064,0.0,0.938,22.55,-0.003,528.0,0.677,0.069,0.0,0.938,31.413,-0.005,764.0,0.85,0.064,0.0,0.942,19.123,-0.022,172.0,13508,0.358,0.048,0.0,0.958,65.304,0.006,312.0,0.49,0.062,0.0,0.959,42.84,0.027,386.0,"Vegas, Jhonattan",0.606,0.047,0.0,0.936,37.693,0.038,296.0,2026-07-06 14:43:23 UTC,last 24 months
2026-07-13T05:31:47+00:00,0.802,0.08,0.0,0.933,22.169,0.016,549.0,0.68,0.053,0.0,0.948,31.189,-0.005,769.0,0.864,0.093,0.0,0.961,16.791,0.031,258.0,17365,0.339,0.055,0.0,0.957,58.702,0.002,256.0,0.481,0.065,0.0,0.969,42.538,0.035,413.0,"Mitchell, Keith",0.562,0.07,0.0,0.945,38.181,0.025,415.0,2026-07-06 14:43:23 UTC,last 24 months
2026-07-13T05:31:47+00:00,0.76,0.085,0.0,0.93,21.55,-0.002,470.0,0.675,0.054,0.0,0.94,31.436,-0.005,662.0,0.807,0.062,0.0,0.934,18.135,-0.027,211.0,19477,0.298,0.053,0.0,0.947,68.899,-0.059,265.0,0.474,0.046,0.0,0.944,47.132,-0.015,324.0,"Schenk, Adam",0.542,0.065,0.0,0.915,39.177,-0.019,306.0,2026-07-06 14:43:23 UTC,last 24 months
2026-07-13T05:31:47+00:00,0.794,0.061,0.0,0.951,20.424,0.009,163.0,0.658,0.042,0.0,0.946,28.842,-0.005,260.0,0.821,0.157,0.0,0.9,16.677,0.041,70.0,20766,0.387,0.047,0.0,0.941,59.417,-0.003,85.0,0.498,0.039,0.0,0.969,39.275,0.057,128.0,"Brown, Dan",0.514,0.041,0.0,0.878,40.231,-0.053,98.0,2026-07-06 14:43:23 UTC,last 24 months
2026-07-13T05:31:47+00:00,0.797,0.102,0.0,0.945,21.575,0.021,382.0,0.685,0.05,0.0,0.949,31.487,-0.006,644.0,0.826,0.115,0.0,0.946,20.454,-0.027,130.0,10419,0.382,0.075,0.0,0.945,61.449,0.038,201.0,0.461,0.048,0.0,0.961,43.861,0.02,331.0,"Noren, Alex",0.541,0.098,0.0,0.965,38.36,0.043,143.0,2026-07-06 14:43:23 UTC,last 24 months
2026-07-13T05:31:47+00:00,0.796,0.081,0.0,0.935,20.894,0.025,632.0,0.65,0.064,0.0,0.928,30.983,-0.006,808.0,0.84,0.092,0.0,0.935,17.697,0.001,153.0,12965,0.368,0.059,0.0,0.948,63.814,-0.013,286.0,0.485,0.062,0.0,0.964,43.938,0.037,389.0,"Fowler, Rickie",0.571,0.053,0.0,0.959,35.169,0.032,243.0,2026-07-06 14:43:23 UTC,last 24 months
2026-07-13T05:31:47+00:00,0.83,0.097,0.0,0.95,18.62,0.062,559.0,0.687,0.053,0.0,0.943,31.145,-0.006,777.0,0.871,0.079,0.0,0.933,16.264,0.06,178.0,14139,0.37,0.054,0.0,0.967,53.993,0.041,276.0,0.479,0.075,0.0,0.94,44.301,0.022,402.0,"Thomas, Justin",0.549,0.078,0.0,0.938,37.395,0.034,307.0,2026-07-06 14:43:23 UTC,last 24 months
2026-07-13T05:31:47+00:00,0.756,0.055,0.0,0.922,25.086,-0.052,256.0,0.689,0.047,0.0,0.93,31.56,-0.006,316.0,0.854,0.08,0.0,0.947,16.531,-0.006,75.0,14795,0.39,0.066,0.0,0.934,60.007,0.003,91.0,0.499,0.07,0.0,0.948,44.168,0.031,172.0,"Canter, Laurie",0.618,0.093,0.0,0.959,35.877,0.046,97.0,2026-07-06 14:43:23 UTC,last 24 months
2026-07-13T05:31:47+00:00,0.782,0.094,0.0,0.944,18.679,0.05,681.0,0.653,0.071,0.0,0.928,29.214,-0.006,938.0,0.834,0.117,0.0,0.946,15.584,0.049,239.0,15575,0.35,0.067,0.0,0.959,59.061,0.035,387.0,0.478,0.064,0.0,0.966,41.936,0.044,472.0,"Hoge, Tom",0.594,0.071,0.0,0.948,36.423,0.04,326.0,2026-07-06 14:43:23 UTC,last 24 months
2026-07-13T05:31:47+00:00,0.765,0.059,0.0,0.904,22.26,-0.029,375.0,0.679,0.046,0.0,0.952,31.268,-0.006,538.0,0.775,0.074,0.0,0.889,19.918,-0.052,108.0,29770,0.354,0.043,0.0,0.951,66.128,-0.016,184.0,0.527,0.074,0.0,0.956,43.387,0.068,271.0,"Mouw, William",0.603,0.051,0.0,0.955,38.678,0.022,198.0,2026-07-06 14:43:23 UTC,last 24 months
2026-07-13T05:31:47+00:00,0.786,0.069,0.0,0.94,22.642,-0.01,466.0,0.657,0.044,0.0,0.929,30.305,-0.007,520.0,0.9,0.088,0.0,0.95,16.418,0.045,159.0,12422,0.296,0.087,0.0,0.937,61.952,-0.016,207.0,0.451,0.053,0.0,0.954,46.124,0.02,283.0,"Johnson, Dustin",0.579,0.061,0.0,0.939,37.517,-0.002,228.0,2026-07-06 14:43:23 UTC,last 24 months
2026-07-13T05:31:47+00:00,0.777,0.063,0.0,0.928,22.96,-0.01,335.0,0.672,0.067,0.0,0.93,31.887,-0.007,388.0,0.82,0.103,0.0,0.944,17.128,0.041,126.0,13944,0.317,0.09,0.0,0.959,54.97,0.028,122.0,0.472,0.058,0.0,0.933,43.575,0.012,208.0,"Pieters, Thomas",0.587,0.066,0.0,0.954,36.647,0.019,196.0,2026-07-06 14:43:23 UTC,last 24 months
2026-07-13T05:31:47+00:00,0.807,0.07,0.0,0.941,22.341,-0.013,185.0,0.714,0.039,0.0,0.942,30.922,-0.007,257.0,0.822,0.019,0.0,0.942,18.667,-0.043,52.0,16433,0.327,0.049,0.0,0.951,74.792,-0.025,61.0,0.51,0.042,0.0,0.958,45.433,0.018,119.0,"NeSmith, Matt",0.504,0.054,0.0,0.957,40.575,-0.031,93.0,2026-07-06 14:43:23 UTC,last 24 months
2026-07-13T05:31:47+00:00,0.749,0.031,0.0,0.93,24.149,-0.035,227.0,0.665,0.053,0.0,0.95,31.233,-0.007,282.0,0.793,0.093,0.0,0.907,21.202,-0.047,54.0,31343,0.316,0.031,0.0,0.938,60.51,-0.043,65.0,0.488,0.046,0.0,0.985,43.012,0.046,131.0,"Ford, David",0.507,0.05,0.0,0.933,40.265,-0.006,60.0,2026-07-06 14:43:23 UTC,last 24 months
2026-07-13T05:31:47+00:00,0.774,0.062,0.0,0.914,23.479,-0.025,371.0,0.658,0.062,0.0,0.935,31.956,-0.008,448.0,0.855,0.137,0.0,0.949,14.877,0.064,117.0,7334,0.341,0.022,0.0,0.949,64.538,-0.025,137.0,0.459,0.045,0.0,0.939,48.151,-0.024,244.0,"Watson, Bubba",0.545,0.03,0.0,0.944,39.86,-0.021,198.0,2026-07-06 14:43:23 UTC,last 24 months
2026-07-13T05:31:47+00:00,0.801,0.08,0.0,0.935,23.593,-0.006,449.0,0.693,0.05,0.0,0.941,32.312,-0.008,641.0,0.836,0.088,0.0,0.939,16.722,0.014,148.0,13412,0.37,0.049,0.0,0.942,65.507,-0.038,243.0,0.481,0.062,0.0,0.958,43.661,0.03,289.0,"Olesen, Thorbjorn",0.609,0.089,0.0,0.937,37.811,0.042,190.0,2026-07-06 14:43:23 UTC,last 24 months
2026-07-13T05:31:47+00:00,0.79,0.077,0.0,0.934,22.493,-0.004,377.0,0.701,0.04,0.0,0.944,32.304,-0.008,425.0,0.912,0.117,0.0,0.946,15.445,0.086,111.0,14013,0.383,0.058,0.0,0.935,57.469,0.003,139.0,0.523,0.043,0.0,0.957,48.487,0.024,208.0,"Tringale, Cameron",0.53,0.082,0.0,0.93,37.282,0.013,171.0,2026-07-06 14:43:23 UTC,last 24 months
2026-07-13T05:31:47+00:00,0.802,0.08,0.0,0.95,20.026,0.033,664.0,0.666,0.047,0.0,0.942,30.567,-0.008,936.0,0.857,0.088,0.0,0.969,16.014,0.039,228.0,17543,0.38,0.072,0.0,0.955,57.644,0.032,332.0,0.465,0.056,0.0,0.961,44.024,0.01,485.0,"Kim, Michael",0.598,0.07,0.0,0.939,37.071,0.025,313.0,2026-07-06 14:43:23 UTC,last 24 months
2026-07-13T05:31:47+00:00,0.819,0.066,0.0,0.952,21.45,0.015,393.0,0.686,0.035,0.0,0.944,31.613,-0.008,519.0,0.823,0.06,0.0,0.933,18.242,-0.05,150.0,23838,0.389,0.048,0.0,0.96,61.542,-0.005,249.0,0.534,0.077,0.0,0.943,44.407,0.034,299.0,"Hojgaard, Rasmus",0.585,0.078,0.0,0.957,41.519,0.012,256.0,2026-07-06 14:43:23 UTC,last 24 months
2026-07-13T05:31:47+00:00,0.783,0.065,0.0,0.893,22.473,-0.019,168.0,0.697,0.043,0.0,0.93,31.593,-0.008,185.0,0.834,0.06,0.0,0.94,16.661,-0.005,50.0,24660,0.425,0.093,0.0,0.947,63.762,0.029,75.0,0.538,0.06,0.0,0.94,42.05,0.038,84.0,"Kjettrup, Frederik",0.648,0.103,0.0,0.914,39.586,0.012,58.0,2026-07-06 14:43:23 UTC,last 24 months
2026-07-13T05:31:47+00:00,0.837,0.056,0.0,0.957,22.928,-0.003,537.0,0.706,0.041,0.0,0.948,33.055,-0.009,708.0,0.893,0.055,0.0,0.956,19.507,-0.027,182.0,25094,0.346,0.035,0.0,0.939,64.97,-0.039,230.0,0.492,0.063,0.0,0.963,46.27,0.016,348.0,"Fishburn, Patrick",0.573,0.068,0.0,0.947,40.994,0.006,266.0,2026-07-06 14:43:23 UTC,last 24 months
2026-07-13T05:31:47+00:00,0.774,0.083,0.0,0.917,22.553,-0.021,422.0,0.695,0.052,0.0,0.946,32.01,-0.01,485.0,0.882,0.075,0.0,0.952,17.279,0.006,147.0,5689,0.442,0.072,0.0,0.949,53.783,0.065,138.0,0.426,0.062,0.0,0.942,47.951,-0.027,276.0,"Garcia, Sergio",0.638,0.124,0.0,0.916,32.986,0.053,178.0,2026-07-06 14:43:23 UTC,last 24 months
2026-07-13T05:31:47+00:00,0.787,0.084,0.0,0.93,21.383,0.012,359.0,0.666,0.063,0.0,0.917,30.542,-0.01,575.0,0.832,0.079,0.0,0.957,15.886,0.029,140.0,17786,0.237,0.02,0.0,0.937,67.5,-0.092,253.0,0.478,0.074,0.0,0.936,44.587,-0.029,282.0,"Davis, Cam",0.477,0.095,0.0,0.935,38.389,0.011,201.0,2026-07-06 14:43:23 UTC,last 24 months
2026-07-13T05:31:47+00:00,0.801,0.08,0.0,0.942,21.023,0.018,502.0,0.659,0.048,0.0,0.941,31.177,-0.01,757.0,0.913,0.12,0.0,0.949,17.981,0.048,117.0,23505,0.367,0.051,0.0,0.963,53.858,0.018,214.0,0.49,0.054,0.0,0.966,43.742,0.03,350.0,"McGreevy, Max",0.546,0.023,0.0,0.908,39.699,-0.024,174.0,2026-07-06 14:43:23 UTC,last 24 months
2026-07-13T05:31:47+00:00,0.814,0.084,0.0,0.947,22.271,0.012,486.0,0.673,0.047,0.0,0.947,32.587,-0.01,644.0,0.86,0.082,0.0,0.959,16.235,0.067,146.0,28309,0.319,0.029,0.0,0.922,63.061,-0.053,205.0,0.493,0.052,0.0,0.966,47.671,0.0,326.0,"Coody, Pierceson",0.535,0.055,0.0,0.927,42.252,-0.029,274.0,2026-07-06 14:43:23 UTC,last 24 months
2026-07-13T05:31:47+00:00,0.802,0.061,0.0,0.948,21.223,0.029,115.0,0.635,0.061,0.0,0.922,32.763,-0.01,179.0,0.817,0.1,0.0,0.925,17.3,-0.031,40.0,30620,0.253,0.042,1.0,0.896,68.571,-0.102,48.0,0.457,0.013,0.0,0.975,39.006,0.033,79.0,"Chatfield, Davis",0.442,0.026,0.0,0.846,41.808,-0.101,39.0,2026-07-06 14:43:23 UTC,last 24 months
2026-07-13T05:31:47+00:00,0.854,0.041,0.0,0.952,21.025,0.017,146.0,0.639,0.071,0.0,0.924,31.251,-0.011,184.0,0.831,0.117,0.0,0.967,18.168,-0.004,60.0,14209,0.243,0.017,0.0,0.983,73.853,-0.063,58.0,0.38,0.073,0.0,0.939,47.323,-0.065,82.0,"Kozuma, Jinichiro",0.519,0.063,0.0,0.937,41.326,-0.071,79.0,2026-07-06 14:43:23 UTC,last 24 months
2026-07-13T05:31:47+00:00,0.8,0.064,0.0,0.943,23.133,-0.012,579.0,0.689,0.049,0.0,0.927,33.108,-0.011,819.0,0.889,0.093,0.0,0.959,17.876,0.004,172.0,15556,0.341,0.044,0.0,0.953,63.46,0.001,341.0,0.475,0.056,0.0,0.926,48.901,-0.016,394.0,"Hughes, Mackenzie",0.579,0.064,0.0,0.957,39.125,0.013,328.0,2026-07-06 14:43:23 UTC,last 24 months
2026-07-13T05:31:47+00:00,0.795,0.067,0.0,0.933,23.212,-0.01,387.0,0.686,0.037,0.0,0.947,31.415,-0.011,456.0,0.85,0.064,0.0,0.955,16.238,0.022,110.0,22322,0.396,0.065,0.0,0.926,61.331,0.013,108.0,0.436,0.051,0.0,0.97,46.684,-0.008,236.0,"McKibbin, Tom",0.545,0.052,0.0,0.927,42.35,-0.04,191.0,2026-07-06 14:43:23 UTC,last 24 months
2026-07-13T05:31:47+00:00,0.839,0.073,0.0,0.958,20.059,0.043,354.0,0.646,0.045,0.0,0.949,31.275,-0.011,471.0,0.929,0.091,0.0,0.977,15.935,0.044,88.0,23482,0.338,0.021,0.0,0.958,57.585,-0.0,142.0,0.5,0.044,0.0,0.966,42.768,0.023,204.0,"Sigg, Greyson",0.572,0.066,0.0,0.956,34.868,0.032,137.0,2026-07-06 14:43:23 UTC,last 24 months
2026-07-13T05:31:47+00:00,0.795,0.099,0.0,0.92,21.883,0.013,314.0,0.682,0.057,0.0,0.934,32.417,-0.011,440.0,0.787,0.077,0.0,0.923,20.287,-0.041,117.0,27900,0.361,0.058,0.0,0.948,64.113,-0.01,173.0,0.468,0.083,0.0,0.939,43.748,0.036,228.0,"Potgieter, Aldrich",0.532,0.038,0.0,0.944,40.018,-0.046,213.0,2026-07-06 14:43:23 UTC,last 24 months
2026-07-13T05:31:47+00:00,0.742,0.07,0.0,0.883,23.35,-0.039,230.0,0.658,0.053,0.0,0.936,31.139,-0.011,342.0,0.901,0.055,0.0,0.956,18.595,-0.005,91.0,32055,0.273,0.058,0.0,0.942,63.903,-0.074,69.0,0.483,0.087,0.0,0.947,42.254,0.056,150.0,"Shipley, Neal",0.514,0.054,0.0,0.938,35.49,0.016,130.0,2026-07-06 14:43:23 UTC,last 24 months
2026-07-13T05:31:47+00:00,0.807,0.051,0.0,0.928,21.55,0.01,293.0,0.669,0.046,0.0,0.951,31.169,-0.011,390.0,0.84,0.09,0.0,0.955,18.148,0.004,89.0,10943,0.387,0.061,0.0,0.977,52.701,0.071,132.0,0.441,0.031,0.0,0.953,47.275,-0.017,193.0,"Lashley, Nate",0.568,0.08,0.0,0.964,35.177,0.064,138.0,2026-07-06 14:43:23 UTC,last 24 months
2026-07-13T05:31:47+00:00,0.809,0.075,0.0,0.928,21.478,0.013,623.0,0.657,0.049,0.0,0.945,30.939,-0.012,862.0,0.84,0.101,0.0,0.922,17.481,0.021,179.0,23014,0.361,0.06,0.0,0.961,55.513,0.015,381.0,0.457,0.058,0.0,0.957,43.94,0.029,417.0,"Theegala, Sahith",0.556,0.046,0.0,0.941,36.663,0.003,324.0,2026-07-06 14:43:23 UTC,last 24 months
2026-07-13T05:31:47+00:00,0.813,0.058,0.0,0.952,22.689,-0.004,434.0,0.683,0.05,0.0,0.95,33.083,-0.012,635.0,0.858,0.076,0.0,0.949,16.971,0.033,158.0,26657,0.38,0.049,0.0,0.956,57.726,0.011,206.0,0.437,0.054,0.0,0.946,45.282,-0.008,279.0,"Fisk, Steven",0.536,0.06,0.0,0.94,41.989,-0.007,250.0,2026-07-06 14:43:23 UTC,last 24 months
2026-07-13T05:31:47+00:00,0.763,0.062,1.0,0.948,21.612,0.002,97.0,0.605,0.062,0.0,0.944,32.607,-0.013,144.0,0.94,0.091,1.0,1.0,13.045,0.192,22.0,5716,0.317,0.03,0.0,0.97,56.405,0.009,67.0,0.374,0.027,1.0,0.973,46.054,-0.033,75.0,"Harrington, Padraig",0.759,0.118,0.0,0.941,31.556,0.117,51.0,2026-07-06 14:43:23 UTC,last 24 months
2026-07-13T05:31:47+00:00,0.794,0.057,0.0,0.935,23.36,-0.019,491.0,0.673,0.062,0.0,0.931,32.657,-0.013,710.0,0.872,0.082,0.0,0.959,17.202,0.02,195.0,15470,0.281,0.066,0.0,0.956,60.664,-0.039,272.0,0.421,0.039,0.0,0.925,48.43,-0.059,360.0,"Hossler, Beau",0.608,0.074,0.0,0.939,36.923,0.037,326.0,2026-07-06 14:43:23 UTC,last 24 months
2026-07-13T05:31:47+00:00,0.799,0.054,0.0,0.933,23.225,-0.016,404.0,0.653,0.051,0.0,0.924,32.201,-0.013,486.0,0.844,0.054,0.0,0.932,18.14,-0.025,148.0,24342,0.282,0.034,0.0,0.943,67.762,-0.073,174.0,0.42,0.046,0.0,0.954,46.505,-0.024,239.0,"Higgo, Garrick",0.502,0.067,0.0,0.937,39.978,-0.011,239.0,2026-07-06 14:43:23 UTC,last 24 months
2026-07-13T05:31:47+00:00,0.794,0.051,0.0,0.936,24.942,-0.032,313.0,0.667,0.045,0.0,0.923,30.654,-0.013,443.0,0.832,0.049,0.0,0.938,17.882,-0.015,81.0,26660,0.366,0.058,0.0,0.971,60.093,0.0,139.0,0.474,0.05,0.0,0.96,43.484,0.015,199.0,"Gordon, Will",0.596,0.065,0.0,0.967,39.543,0.02,153.0,2026-07-06 14:43:23 UTC,last 24 months
2026-07-13T05:31:47+00:00,0.777,0.037,0.0,0.945,23.933,-0.029,163.0,0.644,0.029,0.0,0.947,31.769,-0.014,244.0,0.864,0.061,0.0,0.939,15.383,0.013,49.0,14792,0.332,0.05,0.0,0.938,58.83,0.01,80.0,0.401,0.056,0.0,0.935,46.293,-0.024,107.0,"Saddier, Adrien",0.568,0.025,0.0,0.938,38.05,-0.014,80.0,2026-07-06 14:43:23 UTC,last 24 months
2026-07-13T05:31:47+00:00,0.782,0.072,0.0,0.925,23.402,-0.008,292.0,0.647,0.049,0.0,0.949,31.564,-0.014,453.0,0.786,0.098,0.0,0.918,18.545,-0.016,122.0,25003,0.308,0.054,0.0,0.941,62.55,-0.025,202.0,0.398,0.048,0.0,0.923,45.868,-0.056,208.0,"Walker, Danny",0.626,0.118,0.0,0.937,35.797,0.081,237.0,2026-07-06 14:43:23 UTC,last 24 months
2026-07-13T05:31:47+00:00,0.798,0.071,0.0,0.941,22.506,-0.002,523.0,0.652,0.056,0.0,0.936,31.223,-0.014,708.0,0.877,0.096,0.0,0.97,17.201,0.017,197.0,26649,0.396,0.073,0.0,0.95,54.755,0.012,219.0,0.494,0.062,0.0,0.965,44.592,0.04,368.0,"Thorbjornsen, Michael",0.59,0.075,0.0,0.914,40.584,0.009,280.0,2026-07-06 14:43:23 UTC,last 24 months
2026-07-13T05:31:47+00:00,,,,,,,,0.742,0.038,1.0,0.942,31.232,-0.014,104.0,,,,,,,,31960,,,,,,,,,,,,,,,"Hastings, Justin",0.617,0.036,1.0,1.0,35.5,0.038,28.0,2026-07-06 14:43:23 UTC,last 24 months
2026-07-13T05:31:47+00:00,0.779,0.071,0.0,0.92,21.943,-0.013,411.0,0.644,0.075,0.0,0.932,30.982,-0.015,483.0,0.894,0.111,0.0,0.954,17.022,0.027,153.0,19841,0.325,0.075,0.0,0.938,61.061,-0.023,160.0,0.504,0.073,0.0,0.962,41.63,0.056,286.0,"DeChambeau, Bryson",0.496,0.029,0.0,0.917,39.004,-0.044,204.0,2026-07-06 14:43:23 UTC,last 24 months
2026-07-13T05:31:47+00:00,0.801,0.067,1.0,0.922,22.142,0.032,90.0,0.637,0.047,1.0,0.898,31.23,-0.015,128.0,0.786,0.075,0.0,0.9,17.763,-0.031,40.0,21236,0.329,0.061,1.0,0.918,65.328,-0.077,49.0,0.465,0.079,1.0,0.937,41.15,0.028,63.0,"Bryan, Wesley",0.559,0.026,0.0,1.0,34.446,0.031,78.0,2026-07-06 14:43:23 UTC,last 24 months
2026-07-13T05:31:47+00:00,0.735,0.04,0.0,0.921,24.355,-0.064,151.0,0.676,0.056,0.0,0.877,30.991,-0.015,162.0,0.809,0.026,0.0,0.974,17.019,-0.028,38.0,22050,,,,,,,,0.476,0.036,0.0,0.905,45.837,-0.013,84.0,"Suh, Justin",0.539,0.05,0.0,1.0,36.218,0.018,60.0,2026-07-06 14:43:23 UTC,last 24 months
2026-07-13T05:31:47+00:00,0.793,0.062,0.0,0.946,21.93,0.014,336.0,0.648,0.055,0.0,0.923,30.809,-0.016,415.0,0.771,0.075,0.0,0.925,18.851,-0.035,120.0,4052,0.286,0.014,0.0,0.957,60.613,-0.022,138.0,0.43,0.054,0.0,0.941,53.313,-0.035,205.0,"Westwood, Lee",0.598,0.068,0.0,0.951,33.629,0.031,162.0,2026-07-06 14:43:23 UTC,last 24 months
2026-07-13T05:31:47+00:00,0.774,0.066,0.0,0.934,22.44,-0.031,379.0,0.667,0.058,0.0,0.915,32.367,-0.016,480.0,0.818,0.07,0.0,0.922,17.091,-0.023,115.0,7398,0.364,0.087,0.0,0.981,58.912,0.046,161.0,0.497,0.064,0.0,0.98,46.361,0.044,251.0,"Schwartzel, Charl",0.535,0.054,0.0,0.935,36.842,-0.0,186.0,2026-07-06 14:43:23 UTC,last 24 months
2026-07-13T05:31:47+00:00,0.798,0.056,0.0,0.915,21.748,-0.009,518.0,0.657,0.065,0.0,0.934,30.962,-0.016,772.0,0.845,0.107,0.0,0.964,17.039,0.024,169.0,17538,0.354,0.048,0.0,0.948,64.841,-0.015,270.0,0.463,0.062,0.0,0.954,45.852,0.013,390.0,"Homa, Max",0.534,0.084,0.0,0.924,38.831,-0.004,275.0,2026-07-06 14:43:23 UTC,last 24 months
2026-07-13T05:31:47+00:00,0.76,0.084,0.0,0.921,22.281,-0.005,629.0,0.654,0.067,0.0,0.938,31.232,-0.016,796.0,0.791,0.101,0.0,0.924,17.771,-0.003,158.0,28469,0.333,0.069,0.0,0.935,59.915,-0.006,262.0,0.441,0.069,0.0,0.97,43.669,0.017,364.0,"Highsmith, Joe",0.538,0.065,0.0,0.948,38.782,-0.008,309.0,2026-07-06 14:43:23 UTC,last 24 months
2026-07-13T05:31:47+00:00,0.815,0.064,0.0,0.941,21.074,0.022,579.0,0.678,0.061,0.0,0.933,32.319,-0.017,854.0,0.823,0.083,0.0,0.932,16.867,0.016,133.0,10104,0.298,0.029,0.0,0.967,67.755,-0.04,240.0,0.47,0.062,0.0,0.976,44.417,0.028,339.0,"Power, Seamus",0.575,0.056,0.0,0.948,37.667,0.032,250.0,2026-07-06 14:43:23 UTC,last 24 months
2026-07-13T05:31:47+00:00,0.802,0.071,0.0,0.951,20.024,0.027,607.0,0.647,0.049,0.0,0.936,30.52,-0.017,718.0,0.85,0.104,0.0,0.929,18.043,0.009,154.0,11889,0.426,0.055,0.0,0.965,57.087,0.068,310.0,0.434,0.077,0.0,0.949,43.152,0.019,375.0,"Fox, Ryan",0.599,0.092,0.0,0.968,33.197,0.068,284.0,2026-07-06 14:43:23 UTC,last 24 months
2026-07-13T05:31:47+00:00,0.808,0.08,0.0,0.947,21.732,0.023,377.0,0.666,0.051,0.0,0.949,31.8,-0.017,534.0,0.783,0.111,0.0,0.91,18.811,-0.008,144.0,29279,0.434,0.046,0.0,0.954,52.05,0.03,175.0,0.545,0.072,0.0,0.966,39.207,0.067,265.0,"Suber, Jackson",0.547,0.056,0.0,0.948,41.845,-0.012,233.0,2026-07-06 14:43:23 UTC,last 24 months
2026-07-13T05:31:47+00:00,0.756,0.043,0.0,0.931,25.313,-0.062,276.0,0.702,0.071,0.0,0.929,33.909,-0.017,295.0,0.905,0.072,0.0,0.959,19.288,-0.032,97.0,30428,0.307,0.061,0.0,0.912,69.662,-0.065,114.0,0.463,0.067,0.0,0.957,48.407,0.033,164.0,"Masaveu, Luis",0.531,0.053,0.0,0.907,43.687,-0.052,150.0,2026-07-06 14:43:23 UTC,last 24 months
2026-07-13T05:31:47+00:00,0.802,0.08,1.0,0.897,22.883,-0.012,87.0,0.649,0.103,1.0,0.897,31.686,-0.017,97.0,0.892,0.12,1.0,0.96,15.117,0.044,25.0,7305,,,,,,,,,,,,,,,"Gutschewski, Scott",0.464,0.103,1.0,0.931,42.883,-0.016,29.0,2026-07-06 14:43:23 UTC,last 24 months
2026-07-13T05:31:47+00:00,0.778,0.068,0.0,0.92,22.436,-0.009,486.0,0.682,0.055,0.0,0.928,31.948,-0.018,600.0,0.815,0.093,0.0,0.936,18.189,0.002,172.0,13965,0.345,0.045,0.0,0.945,57.661,-0.009,201.0,0.452,0.081,0.0,0.94,46.66,-0.008,335.0,"Hadwin, Adam",0.496,0.039,0.0,0.899,45.75,-0.06,207.0,2026-07-06 14:43:23 UTC,last 24 months
2026-07-13T05:31:47+00:00,0.827,0.081,0.0,0.963,21.183,0.029,517.0,0.646,0.042,0.0,0.927,31.162,-0.018,648.0,0.819,0.078,0.0,0.947,16.751,0.016,206.0,14459,0.321,0.062,0.0,0.919,63.522,-0.041,273.0,0.418,0.063,0.0,0.959,48.338,-0.009,366.0,"An, Byeong Hun",0.562,0.067,0.0,0.953,37.73,0.027,386.0,2026-07-06 14:43:23 UTC,last 24 months
2026-07-13T05:31:47+00:00,0.78,0.063,0.0,0.935,22.791,-0.01,479.0,0.675,0.054,0.0,0.923,32.075,-0.018,571.0,0.863,0.058,0.0,0.923,20.342,-0.037,156.0,17381,0.339,0.022,0.0,0.949,71.6,-0.051,178.0,0.412,0.044,0.0,0.938,48.23,-0.062,274.0,"Silverman, Ben",0.58,0.09,0.0,0.949,37.377,0.052,177.0,2026-07-06 14:43:23 UTC,last 24 months
2026-07-13T05:31:47+00:00,0.785,0.061,0.0,0.929,22.656,-0.009,577.0,0.651,0.061,0.0,0.93,33.046,-0.018,768.0,0.838,0.102,0.0,0.924,17.692,0.014,197.0,19840,0.327,0.057,0.0,0.935,63.539,-0.037,261.0,0.501,0.053,0.0,0.964,46.253,0.011,358.0,"Ramey, Chad",0.546,0.055,0.0,0.917,41.625,-0.022,254.0,2026-07-06 14:43:23 UTC,last 24 months
2026-07-13T05:31:47+00:00,0.738,0.078,0.0,0.901,22.507,-0.022,294.0,0.668,0.054,0.0,0.944,31.798,-0.018,391.0,0.822,0.03,0.0,0.96,18.306,-0.056,99.0,22002,0.313,0.063,0.0,0.956,64.131,-0.022,159.0,0.511,0.071,0.0,0.971,43.093,0.025,170.0,"Dumont De Chassart, Adrien",0.507,0.077,0.0,0.935,38.925,0.013,168.0,2026-07-06 14:43:23 UTC,last 24 months
2026-07-13T05:31:47+00:00,0.755,0.062,0.0,0.912,22.309,-0.012,160.0,0.61,0.047,0.0,0.94,29.731,-0.018,149.0,0.8,0.188,0.0,0.938,18.299,0.006,48.0,28276,0.271,0.029,0.0,0.942,62.985,-0.052,69.0,0.536,0.095,0.0,0.979,43.741,0.091,95.0,"Jang, Yubin",0.592,0.115,0.0,0.962,32.054,0.049,104.0,2026-07-06 14:43:23 UTC,last 24 months
2026-07-13T05:31:47+00:00,0.769,0.046,0.0,0.897,24.68,-0.051,370.0,0.656,0.058,0.0,0.928,32.068,-0.018,430.0,0.81,0.057,0.0,0.936,17.883,-0.019,140.0,28984,0.345,0.068,0.0,0.946,62.25,-0.006,147.0,0.48,0.071,0.0,0.952,43.271,0.038,252.0,"Puig, David",0.565,0.072,0.0,0.921,38.59,-0.027,265.0,2026-07-06 14:43:23 UTC,last 24 months
2026-07-13T05:31:47+00:00,0.785,0.09,0.0,0.934,21.355,0.003,423.0,0.649,0.059,0.0,0.93,31.6,-0.019,458.0,0.837,0.107,0.0,0.918,17.027,0.015,122.0,7672,0.304,0.024,0.0,0.976,55.455,-0.003,125.0,0.427,0.037,0.0,0.953,47.608,-0.003,214.0,"Oosthuizen, Louis",0.651,0.055,0.0,0.959,32.264,0.044,145.0,2026-07-06 14:43:23 UTC,last 24 months
2026-07-13T05:31:47+00:00,0.785,0.073,0.0,0.923,21.932,-0.012,547.0,0.656,0.045,0.0,0.926,31.193,-0.019,706.0,0.906,0.066,0.0,0.982,15.449,0.033,166.0,16841,0.339,0.038,0.0,0.932,65.796,-0.04,264.0,0.459,0.063,0.0,0.96,45.89,0.025,348.0,"Lee, Min Woo",0.517,0.047,0.0,0.949,40.219,-0.029,295.0,2026-07-06 14:43:23 UTC,last 24 months
2026-07-13T05:31:47+00:00,0.765,0.074,1.0,0.937,24.241,-0.037,95.0,0.69,0.063,1.0,0.919,32.695,-0.019,111.0,0.764,0.032,0.0,0.871,20.124,-0.059,31.0,29348,,,,,,,,,,,,,,,"Hale Jr, Blaine",0.567,0.081,0.0,0.935,34.421,0.056,62.0,2026-07-06 14:43:23 UTC,last 24 months
2026-07-13T05:31:47+00:00,0.839,0.072,0.0,0.96,20.788,0.04,429.0,0.674,0.053,0.0,0.933,31.849,-0.02,624.0,0.871,0.111,0.0,0.978,15.867,0.054,135.0,8820,0.306,0.024,0.0,0.957,68.457,-0.059,164.0,0.426,0.053,0.0,0.944,52.329,-0.032,284.0,"Snedeker, Brandt",0.537,0.078,0.0,0.958,37.434,0.034,166.0,2026-07-06 14:43:23 UTC,last 24 months
2026-07-13T05:31:47+00:00,0.808,0.081,0.0,0.932,23.206,-0.003,384.0,0.675,0.046,0.0,0.916,32.467,-0.02,452.0,0.876,0.074,0.0,0.926,19.319,-0.012,108.0,14196,0.33,0.038,0.0,0.945,61.101,-0.02,183.0,0.45,0.06,0.0,0.949,48.946,0.006,215.0,"Meronk, Adrian",0.484,0.043,0.0,0.897,40.977,-0.057,232.0,2026-07-06 14:43:23 UTC,last 24 months
2026-07-13T05:31:47+00:00,0.797,0.051,0.0,0.943,23.171,-0.025,369.0,0.686,0.045,0.0,0.943,31.759,-0.02,491.0,0.881,0.056,0.0,0.965,20.009,-0.037,142.0,15651,0.392,0.025,0.0,0.962,58.429,-0.008,158.0,0.434,0.057,0.0,0.935,46.465,-0.011,246.0,"Ventura, Kris",0.494,0.063,0.0,0.958,38.324,-0.021,190.0,2026-07-06 14:43:23 UTC,last 24 months
2026-07-13T05:31:47+00:00,0.758,0.053,0.0,0.922,23.731,-0.026,396.0,0.635,0.059,0.0,0.945,33.126,-0.021,454.0,0.829,0.094,0.0,0.906,19.328,-0.007,106.0,1435,0.34,0.024,0.0,0.945,59.926,-0.012,165.0,0.387,0.024,0.0,0.934,53.984,-0.037,211.0,"Poulter, Ian",0.544,0.055,0.0,0.931,36.567,-0.017,145.0,2026-07-06 14:43:23 UTC,last 24 months
2026-07-13T05:31:47+00:00,0.805,0.062,0.0,0.933,23.083,-0.031,224.0,0.64,0.052,0.0,0.935,32.235,-0.021,310.0,0.811,0.074,0.0,0.947,16.43,0.02,94.0,1547,0.361,0.054,0.0,0.973,57.751,0.013,111.0,0.474,0.045,0.0,0.944,43.585,0.04,177.0,"Mickelson, Phil",0.531,0.094,0.0,0.921,37.838,0.001,127.0,2026-07-06 14:43:23 UTC,last 24 months
2026-07-13T05:31:47+00:00,0.832,0.076,0.0,0.946,23.942,0.004,185.0,0.636,0.076,0.0,0.914,33.299,-0.021,315.0,0.858,0.069,0.0,0.944,16.91,0.016,72.0,6252,0.268,0.05,0.0,0.917,68.058,-0.074,120.0,0.354,0.041,0.0,0.897,49.538,-0.086,145.0,"Baddeley, Aaron",0.454,0.05,0.0,0.942,40.55,-0.024,120.0,2026-07-06 14:43:23 UTC,last 24 months
2026-07-13T05:31:47+00:00,0.785,0.085,0.0,0.919,21.065,0.021,248.0,0.645,0.058,0.0,0.948,31.215,-0.021,330.0,0.848,0.075,0.0,0.925,16.832,0.02,80.0,11049,0.33,0.039,0.0,0.953,68.253,-0.006,128.0,0.446,0.043,0.0,0.978,40.051,0.034,138.0,"Simpson, Webb",0.541,0.075,0.0,0.945,37.731,0.015,146.0,2026-07-06 14:43:23 UTC,last 24 months
2026-07-13T05:31:47+00:00,0.762,0.044,0.0,0.912,22.881,-0.035,386.0,0.66,0.053,0.0,0.938,33.544,-0.021,513.0,0.811,0.059,0.0,0.926,18.394,-0.015,136.0,14926,0.297,0.064,0.0,0.955,67.543,-0.041,266.0,0.33,0.038,0.0,0.917,51.879,-0.095,266.0,"Malnati, Peter",0.558,0.062,0.0,0.935,37.326,0.017,291.0,2026-07-06 14:43:23 UTC,last 24 months
2026-07-13T05:31:47+00:00,0.801,0.065,0.0,0.954,21.757,0.018,306.0,0.678,0.055,0.0,0.928,32.438,-0.022,456.0,0.866,0.101,0.0,0.966,15.806,0.038,119.0,6986,0.369,0.065,0.0,0.935,58.799,-0.021,108.0,0.473,0.048,0.0,0.971,47.184,0.025,210.0,"Johnson, Zach",0.497,0.093,0.0,0.893,44.156,-0.006,75.0,2026-07-06 14:43:23 UTC,last 24 months
2026-07-13T05:31:47+00:00,0.725,0.085,0.0,0.93,22.043,-0.004,142.0,0.639,0.037,0.0,0.926,29.982,-0.022,190.0,0.698,0.1,0.0,0.867,18.137,-0.059,30.0,12637,0.275,0.051,0.0,0.966,62.307,-0.025,59.0,0.383,0.098,0.0,0.939,46.118,-0.0,82.0,"Asaji, Yosuke",0.529,0.046,0.0,0.885,41.746,-0.035,87.0,2026-07-06 14:43:23 UTC,last 24 months
2026-07-13T05:31:47+00:00,0.764,0.032,0.0,0.898,25.408,-0.065,186.0,0.663,0.056,0.0,0.944,32.167,-0.022,267.0,0.857,0.051,0.0,0.949,18.328,-0.016,79.0,21880,0.278,0.1,0.0,0.95,65.558,0.03,80.0,0.458,0.014,0.0,0.986,43.839,0.009,146.0,"Cone, Trevor",0.573,0.073,0.0,0.952,35.925,0.056,124.0,2026-07-06 14:43:23 UTC,last 24 months
2026-07-13T05:31:47+00:00,0.806,0.073,0.0,0.951,20.746,0.028,617.0,0.662,0.047,0.0,0.928,32.633,-0.022,860.0,0.832,0.117,0.0,0.951,16.043,0.063,247.0,27194,0.334,0.043,0.0,0.954,67.146,-0.022,329.0,0.425,0.076,0.0,0.963,46.569,0.018,460.0,"Hall, Harry",0.561,0.074,0.0,0.957,37.777,0.017,325.0,2026-07-06 14:43:23 UTC,last 24 months
2026-07-13T05:31:47+00:00,0.773,0.059,0.0,0.928,22.848,-0.01,221.0,0.646,0.048,0.0,0.927,31.644,-0.022,314.0,0.837,0.151,0.0,0.953,16.342,0.078,86.0,29197,0.332,0.092,0.0,0.961,63.783,-0.015,76.0,0.524,0.102,0.0,0.952,37.407,0.088,147.0,"Brennan, Michael",0.554,0.078,0.0,0.938,40.572,-0.006,128.0,2026-07-06 14:43:23 UTC,last 24 months
2026-07-13T05:31:47+00:00,0.783,0.072,0.0,0.904,23.721,-0.021,345.0,0.617,0.05,0.0,0.919,31.111,-0.023,420.0,0.832,0.064,0.0,0.955,17.764,0.015,110.0,11641,0.304,0.026,0.0,0.948,68.081,-0.04,155.0,0.42,0.056,0.0,0.949,43.783,-0.0,197.0,"Kim, Anthony",0.569,0.05,0.0,0.894,38.466,-0.015,218.0,2026-07-06 14:43:23 UTC,last 24 months
2026-07-13T05:31:47+00:00,0.786,0.077,0.0,0.936,21.756,0.001,533.0,0.668,0.057,0.0,0.93,32.289,-0.024,829.0,0.843,0.102,0.0,0.959,15.587,0.055,196.0,14636,0.377,0.057,0.0,0.957,59.065,0.009,281.0,0.444,0.064,0.0,0.936,44.493,-0.002,406.0,"Spieth, Jordan",0.608,0.089,0.0,0.946,36.071,0.055,314.0,2026-07-06 14:43:23 UTC,last 24 months
2026-07-13T05:31:47+00:00,0.798,0.085,1.0,0.962,17.804,0.064,106.0,0.685,0.038,1.0,0.925,30.464,-0.024,133.0,,,,,,,,7489,,,,,,,,0.308,0.053,1.0,0.947,44.684,-0.048,57.0,"Moore, Ryan",0.586,0.065,0.0,1.0,37.789,0.067,31.0,2026-07-06 14:43:23 UTC,last 24 months
2026-07-13T05:31:47+00:00,0.794,0.06,0.0,0.926,24.123,-0.026,350.0,0.685,0.055,0.0,0.931,35.292,-0.025,361.0,0.865,0.107,0.0,0.967,15.616,0.071,121.0,6892,0.32,0.044,0.0,0.956,59.199,0.006,114.0,0.418,0.041,0.0,0.959,51.502,-0.028,196.0,"Howell III, Charles",0.61,0.043,0.0,0.941,37.516,-0.011,187.0,2026-07-06 14:43:23 UTC,last 24 months
2026-07-13T05:31:47+00:00,0.798,0.087,0.0,0.948,21.128,0.025,310.0,0.619,0.048,0.0,0.923,31.756,-0.025,415.0,0.923,0.049,0.0,0.963,17.398,0.003,81.0,8480,0.274,0.033,0.0,0.959,63.124,-0.067,121.0,0.447,0.03,0.0,0.964,44.728,0.008,168.0,"Streelman, Kevin",0.535,0.06,0.0,0.923,42.033,-0.036,117.0,2026-07-06 14:43:23 UTC,last 24 months
2026-07-13T05:31:47+00:00,0.817,0.049,1.0,0.961,22.877,0.003,102.0,0.669,0.041,1.0,0.926,33.227,-0.025,121.0,0.865,0.077,1.0,0.962,21.68,-0.036,26.0,22051,0.396,0.018,0.0,0.93,62.607,-0.031,57.0,0.441,0.028,1.0,0.931,48.585,-0.059,72.0,"Wise, Aaron",0.484,0.037,0.0,0.963,43.559,-0.048,54.0,2026-07-06 14:43:23 UTC,last 24 months
2026-07-13T05:31:47+00:00,0.73,0.099,0.0,0.897,22.204,-0.001,252.0,0.649,0.038,0.0,0.92,31.948,-0.025,313.0,0.866,0.089,0.0,0.956,18.416,0.042,45.0,29925,0.352,0.047,0.0,0.953,53.066,0.005,106.0,0.454,0.061,0.0,0.952,38.162,0.066,147.0,"Yellamaraju, Sudarshan",0.566,0.056,0.0,0.944,33.594,0.045,108.0,2026-07-06 14:43:23 UTC,last 24 months
2026-07-13T05:31:47+00:00,0.742,0.063,0.0,0.893,25.724,-0.068,383.0,0.623,0.058,0.0,0.932,33.198,-0.025,413.0,0.837,0.039,0.0,0.922,19.384,-0.023,103.0,30463,0.351,0.047,0.0,0.953,66.902,-0.012,148.0,0.475,0.075,0.0,0.943,47.151,0.005,227.0,"Surratt, Caleb",0.514,0.075,0.0,0.91,41.968,-0.025,212.0,2026-07-06 14:43:23 UTC,last 24 months
2026-07-13T05:31:47+00:00,0.772,0.093,0.0,0.941,21.738,0.019,204.0,0.614,0.04,0.0,0.916,31.608,-0.026,250.0,0.752,0.052,0.0,0.862,18.368,-0.033,58.0,13367,0.229,0.037,0.0,0.9,73.536,-0.124,80.0,0.44,0.068,0.0,0.902,48.693,-0.045,133.0,"Merritt, Troy",0.562,0.09,0.0,0.955,33.755,0.049,111.0,2026-07-06 14:43:23 UTC,last 24 months
2026-07-13T05:31:47+00:00,0.814,0.105,0.0,0.953,21.495,0.017,172.0,0.659,0.055,0.0,0.935,33.741,-0.026,275.0,0.872,0.074,0.0,0.963,19.597,-0.027,81.0,15676,0.403,0.081,0.0,0.96,60.678,0.03,99.0,0.57,0.046,0.0,0.954,42.049,0.041,130.0,"Norgaard, Niklas",0.512,0.053,0.0,0.902,43.878,-0.05,132.0,2026-07-06 14:43:23 UTC,last 24 months
2026-07-13T05:31:47+00:00,0.705,0.046,0.0,0.911,23.493,-0.035,237.0,0.649,0.043,0.0,0.938,32.075,-0.026,305.0,0.802,0.045,0.0,0.94,19.269,-0.028,67.0,27996,0.374,0.048,0.0,0.928,63.973,-0.029,125.0,0.479,0.073,0.0,0.907,46.803,-0.027,151.0,"Cummins, Quade",0.521,0.052,0.0,0.956,35.734,0.004,135.0,2026-07-06 14:43:23 UTC,last 24 months
2026-07-13T05:31:47+00:00,0.758,0.067,0.0,0.922,22.916,-0.036,179.0,0.686,0.039,0.0,0.931,32.345,-0.027,232.0,0.931,0.079,0.0,0.947,19.753,-0.03,38.0,21074,0.45,0.128,0.0,0.977,50.128,0.111,86.0,0.558,0.07,0.0,0.982,39.82,0.082,114.0,"Nakajima, Keita",0.525,0.053,0.0,0.987,39.39,-0.019,75.0,2026-07-06 14:43:23 UTC,last 24 months
2026-07-13T05:31:47+00:00,0.791,0.098,0.0,0.932,20.824,0.035,132.0,0.642,0.036,0.0,0.933,32.534,-0.028,194.0,0.788,0.083,0.0,0.917,21.419,-0.041,48.0,7899,0.28,0.085,1.0,0.915,65.119,-0.096,47.0,0.437,0.037,0.0,0.954,48.979,-0.029,108.0,"Piercy, Scott",0.566,0.135,0.0,0.986,32.538,0.095,74.0,2026-07-06 14:43:23 UTC,last 24 months
2026-07-13T05:31:47+00:00,0.798,0.085,0.0,0.945,21.419,0.036,437.0,0.653,0.055,0.0,0.94,32.993,-0.028,633.0,0.829,0.051,0.0,0.91,18.521,0.002,156.0,13470,0.313,0.047,0.0,0.957,64.134,-0.02,233.0,0.426,0.061,0.0,0.943,47.251,-0.03,280.0,"Kizzire, Patton",0.585,0.04,0.0,0.951,37.688,0.005,225.0,2026-07-06 14:43:23 UTC,last 24 months
2026-07-13T05:31:47+00:00,0.788,0.068,0.0,0.944,21.244,0.012,396.0,0.637,0.054,0.0,0.924,33.275,-0.028,552.0,0.888,0.123,0.0,0.961,16.449,0.05,155.0,17639,0.286,0.067,0.0,0.95,63.256,-0.023,120.0,0.511,0.092,0.0,0.974,38.964,0.09,306.0,"Blair, Zac",0.568,0.099,0.0,0.954,34.689,0.072,152.0,2026-07-06 14:43:23 UTC,last 24 months
2026-07-13T05:31:47+00:00,0.749,0.052,0.0,0.915,24.093,-0.036,211.0,0.654,0.039,0.0,0.926,30.834,-0.028,309.0,0.838,0.074,0.0,0.941,20.368,-0.041,68.0,18105,0.408,0.092,0.0,0.974,49.176,0.069,76.0,0.506,0.05,0.0,0.975,41.792,0.068,159.0,"Lawrence, Thriston",0.484,0.067,0.0,0.911,41.198,-0.034,90.0,2026-07-06 14:43:23 UTC,last 24 months
2026-07-13T05:31:47+00:00,0.798,0.042,0.0,0.908,24.566,-0.051,239.0,0.63,0.049,0.0,0.925,33.627,-0.028,266.0,0.858,0.036,0.0,0.964,19.858,-0.019,83.0,28473,0.328,0.066,0.0,0.925,63.263,-0.039,106.0,0.467,0.091,0.0,0.949,42.111,0.048,175.0,"Ballester, Jose Luis",0.601,0.078,0.0,0.916,40.755,0.0,154.0,2026-07-06 14:43:23 UTC,last 24 months
2026-07-13T05:31:47+00:00,0.764,0.069,0.0,0.911,24.134,-0.019,437.0,0.639,0.066,0.0,0.925,33.047,-0.029,604.0,0.782,0.032,0.0,0.887,20.316,-0.085,124.0,12909,0.383,0.057,0.0,0.959,61.581,0.014,246.0,0.434,0.049,0.0,0.915,47.111,-0.039,307.0,"Campos, Rafael",0.547,0.062,0.0,0.942,38.601,-0.007,243.0,2026-07-06 14:43:23 UTC,last 24 months
2026-07-13T05:31:47+00:00,0.77,0.088,0.0,0.917,22.623,-0.013,193.0,0.651,0.034,0.0,0.959,32.041,-0.029,293.0,0.782,0.081,0.0,0.946,19.229,-0.049,37.0,20954,0.257,0.024,0.0,0.927,70.746,-0.082,82.0,0.547,0.035,0.0,0.956,42.236,0.036,114.0,"Hirata, Kensei",0.493,0.034,0.0,0.932,39.587,-0.02,59.0,2026-07-06 14:43:23 UTC,last 24 months
2026-07-13T05:31:47+00:00,0.802,0.103,0.0,0.946,20.708,0.052,185.0,0.667,0.043,0.0,0.953,33.527,-0.029,278.0,0.797,0.063,0.0,0.905,18.25,-0.009,63.0,24956,0.316,0.066,0.0,0.947,66.282,-0.041,76.0,0.52,0.06,0.0,0.97,43.0,0.048,133.0,"Blanchet, Chandler",0.529,0.041,0.0,0.932,33.903,-0.052,73.0,2026-07-06 14:43:23 UTC,last 24 months
2026-07-13T05:31:47+00:00,0.819,0.061,0.0,0.95,22.338,0.009,360.0,0.665,0.05,0.0,0.925,33.308,-0.029,477.0,0.892,0.102,0.0,0.943,17.221,0.066,88.0,25002,0.348,0.031,0.0,0.95,62.373,-0.038,160.0,0.46,0.05,0.0,0.98,44.255,-0.004,202.0,"Wu, Dylan",0.563,0.092,0.0,0.928,39.656,0.019,153.0,2026-07-06 14:43:23 UTC,last 24 months
2026-07-13T05:31:47+00:00,0.787,0.039,1.0,0.951,24.253,-0.065,103.0,0.626,0.069,0.0,0.952,33.556,-0.029,145.0,0.853,0.026,0.0,0.974,18.731,-0.062,38.0,25771,,,,,,,,0.512,0.095,1.0,0.952,41.546,0.067,63.0,"Furr, Wilson",0.497,0.092,0.0,0.954,37.358,0.031,65.0,2026-07-06 14:43:23 UTC,last 24 months
2026-07-13T05:31:47+00:00,0.762,0.068,0.0,0.909,23.428,-0.022,474.0,0.665,0.047,0.0,0.937,32.704,-0.03,618.0,0.866,0.09,0.0,0.94,17.743,0.028,167.0,18424,0.304,0.053,0.0,0.936,70.391,-0.058,187.0,0.474,0.065,0.0,0.956,43.209,0.031,293.0,"Roy, Kevin",0.609,0.05,0.0,0.941,36.058,0.029,202.0,2026-07-06 14:43:23 UTC,last 24 months
2026-07-13T05:31:47+00:00,0.793,0.057,0.0,0.939,23.264,-0.016,228.0,0.637,0.051,0.0,0.94,33.538,-0.03,334.0,0.853,0.111,0.0,0.951,16.697,0.043,81.0,24837,0.328,0.05,0.0,0.941,65.122,-0.039,101.0,0.332,0.045,0.0,0.968,48.798,-0.037,154.0,"Goodwin, Noah",0.525,0.08,0.0,0.943,37.978,-0.002,88.0,2026-07-06 14:43:23 UTC,last 24 months
2026-07-13T05:31:47+00:00,0.776,0.058,0.0,0.933,23.785,-0.025,463.0,0.665,0.051,0.0,0.941,33.309,-0.03,691.0,0.855,0.11,0.0,0.936,16.978,0.057,173.0,25908,0.309,0.02,0.0,0.94,68.765,-0.052,298.0,0.414,0.033,0.0,0.948,49.896,-0.041,330.0,"Whaley, Vince",0.607,0.061,0.0,0.945,37.034,0.033,345.0,2026-07-06 14:43:23 UTC,last 24 months
2026-07-13T05:31:47+00:00,0.798,0.055,0.0,0.945,22.583,-0.004,110.0,0.662,0.054,1.0,0.946,33.899,-0.03,112.0,0.927,0.143,0.0,1.0,17.801,0.038,35.0,13305,,,,,,,,,,,,,,,"Chappell, Kevin",0.585,0.056,0.0,0.926,38.363,-0.021,54.0,2026-07-06 14:43:23 UTC,last 24 months
2026-07-13T05:31:47+00:00,0.797,0.044,0.0,0.951,22.872,-0.008,204.0,0.639,0.029,0.0,0.935,32.288,-0.03,275.0,0.823,0.1,0.0,0.94,17.579,-0.009,50.0,15475,0.375,0.12,0.0,0.987,52.644,0.075,75.0,0.399,0.064,0.0,0.965,46.874,0.008,141.0,"Pan, C.T.",0.748,0.111,0.0,0.963,28.976,0.119,54.0,2026-07-06 14:43:23 UTC,last 24 months
2026-07-13T05:31:47+00:00,0.831,0.08,1.0,0.966,20.713,0.013,87.0,0.669,0.048,1.0,0.929,31.989,-0.032,126.0,0.823,0.065,0.0,0.935,18.446,0.004,31.0,11441,0.329,0.077,1.0,0.949,73.21,-0.0,39.0,0.352,0.0,1.0,0.918,50.605,-0.135,61.0,"Covello, Vince",0.613,0.035,0.0,0.965,36.645,0.047,57.0,2026-07-06 14:43:23 UTC,last 24 months
2026-07-13T05:31:47+00:00,0.813,0.06,0.0,0.94,22.569,-0.002,166.0,0.679,0.061,0.0,0.909,34.868,-0.032,263.0,0.888,0.095,0.0,1.0,16.34,0.0,42.0,16160,0.281,0.048,0.0,0.968,58.145,-0.041,62.0,0.442,0.045,0.0,0.933,44.827,0.019,134.0,"Song, Younghan",0.647,0.045,0.0,0.924,36.526,0.014,66.0,2026-07-06 14:43:23 UTC,last 24 months
2026-07-13T05:31:47+00:00,0.835,0.066,0.0,0.937,20.844,0.024,348.0,0.671,0.055,0.0,0.92,33.313,-0.033,511.0,0.88,0.098,0.0,0.955,15.417,0.053,132.0,9171,0.316,0.051,0.0,0.953,59.918,-0.026,255.0,0.411,0.038,0.0,0.893,50.692,-0.067,234.0,"Villegas, Camilo",0.603,0.092,0.0,0.966,32.907,0.067,207.0,2026-07-06 14:43:23 UTC,last 24 months
2026-07-13T05:31:47+00:00,0.784,0.08,0.0,0.932,22.723,-0.002,351.0,0.639,0.042,0.0,0.937,33.321,-0.033,428.0,0.883,0.083,0.0,0.969,15.248,0.064,96.0,11826,0.326,0.058,0.0,0.968,58.464,-0.003,155.0,0.404,0.051,0.0,0.926,52.208,-0.06,215.0,"Lee, Danny",0.562,0.064,0.0,0.936,36.162,0.024,173.0,2026-07-06 14:43:23 UTC,last 24 months
2026-07-13T05:31:47+00:00,0.802,0.08,0.0,0.931,22.37,0.015,450.0,0.645,0.057,0.0,0.909,32.65,-0.033,680.0,0.836,0.082,0.0,0.971,18.435,-0.008,170.0,17550,0.305,0.072,0.0,0.962,60.205,-0.013,237.0,0.461,0.057,0.0,0.952,45.903,-0.0,331.0,"Van Rooyen, Erik",0.595,0.056,0.0,0.952,39.713,0.002,249.0,2026-07-06 14:43:23 UTC,last 24 months
2026-07-13T05:31:47+00:00,0.83,0.085,0.0,0.957,19.963,0.057,460.0,0.651,0.059,0.0,0.947,33.814,-0.034,656.0,0.877,0.092,0.0,0.971,17.172,0.026,173.0,6169,0.363,0.047,0.0,0.965,62.364,0.019,170.0,0.469,0.04,0.0,0.971,46.43,0.017,278.0,"Kuchar, Matt",0.585,0.053,0.0,0.974,35.833,0.042,190.0,2026-07-06 14:43:23 UTC,last 24 months
2026-07-13T05:31:47+00:00,0.785,0.057,1.0,0.908,22.952,-0.023,87.0,0.726,0.041,1.0,0.934,36.582,-0.034,122.0,0.865,0.077,1.0,0.962,15.711,0.025,26.0,18536,,,,,,,,0.466,0.029,1.0,0.986,48.758,-0.018,70.0,"McCormick, Ryan",0.511,0.032,0.0,0.952,39.009,0.014,62.0,2026-07-06 14:43:23 UTC,last 24 months
2026-07-13T05:31:47+00:00,0.774,0.053,1.0,0.947,23.154,-0.022,94.0,0.656,0.035,0.0,0.938,31.568,-0.034,144.0,0.694,0.048,1.0,0.905,17.289,-0.021,21.0,18635,0.313,0.064,1.0,0.894,59.338,-0.063,47.0,0.474,0.036,1.0,0.945,40.099,0.008,55.0,"Shelton, Robby",0.41,0.043,0.0,0.942,37.383,-0.067,69.0,2026-07-06 14:43:23 UTC,last 24 months
2026-07-13T05:31:47+00:00,0.787,0.06,0.0,0.957,21.073,0.007,529.0,0.651,0.05,0.0,0.933,31.632,-0.035,713.0,0.824,0.11,0.0,0.919,17.671,0.022,136.0,17723,0.376,0.043,0.0,0.952,61.552,-0.011,209.0,0.42,0.044,0.0,0.95,45.16,-0.028,318.0,"Lower, Justin",0.588,0.098,0.0,0.956,38.195,0.044,205.0,2026-07-06 14:43:23 UTC,last 24 months
2026-07-13T05:31:47+00:00,0.781,0.067,0.0,0.931,22.626,-0.014,578.0,0.623,0.06,0.0,0.926,33.602,-0.037,734.0,0.844,0.06,0.0,0.919,20.424,-0.074,149.0,19960,0.378,0.042,0.0,0.939,62.688,-0.013,263.0,0.467,0.057,0.0,0.96,47.359,0.016,405.0,"Pavon, Matthieu",0.585,0.06,0.0,0.957,39.717,0.011,235.0,2026-07-06 14:43:23 UTC,last 24 months
2026-07-13T05:31:47+00:00,0.763,0.089,0.0,0.911,23.935,-0.019,168.0,0.653,0.057,0.0,0.89,31.994,-0.037,228.0,0.806,0.081,0.0,0.919,22.864,-0.107,62.0,33755,0.284,0.033,0.0,0.935,76.868,-0.067,92.0,0.48,0.034,0.0,0.983,47.851,0.016,118.0,"La Sasso, Michael",0.508,0.045,0.0,0.911,42.038,-0.063,112.0,2026-07-06 14:43:23 UTC,last 24 months
2026-07-13T05:31:47+00:00,0.758,0.03,1.0,0.889,24.624,-0.053,99.0,0.621,0.055,0.0,0.925,33.363,-0.037,146.0,0.899,0.111,0.0,0.917,17.551,-0.023,36.0,5665,,,,,,,,0.474,0.104,1.0,0.955,44.141,0.028,67.0,"Cink, Stewart",0.549,0.044,0.0,0.956,42.228,0.035,45.0,2026-07-06 14:43:23 UTC,last 24 months
2026-07-13T05:31:47+00:00,0.748,0.043,0.0,0.891,24.937,-0.054,138.0,0.662,0.045,0.0,0.932,30.928,-0.038,222.0,0.805,0.094,0.0,0.891,19.828,-0.039,64.0,22465,0.398,0.024,0.0,0.988,56.549,-0.01,84.0,0.447,0.054,0.0,0.946,40.945,0.016,111.0,"Penge, Marco",0.627,0.089,0.0,0.938,33.569,0.033,112.0,2026-07-06 14:43:23 UTC,last 24 months
2026-07-13T05:31:47+00:00,0.846,0.053,0.0,0.954,23.151,-0.021,151.0,0.664,0.058,0.0,0.915,34.253,-0.038,189.0,0.931,0.07,0.0,1.0,17.254,0.044,43.0,25319,0.335,0.034,0.0,0.966,73.122,-0.039,58.0,0.439,0.026,0.0,0.936,48.042,-0.034,78.0,"VanDerLaan, John",0.473,0.082,0.0,0.967,48.428,-0.053,61.0,2026-07-06 14:43:23 UTC,last 24 months
2026-07-13T05:31:47+00:00,0.759,0.102,1.0,0.918,24.52,-0.034,98.0,0.628,0.054,1.0,0.899,34.964,-0.038,129.0,0.887,0.065,0.0,0.968,21.077,-0.037,31.0,7900,0.346,0.019,0.0,0.926,66.993,-0.05,54.0,0.451,0.066,1.0,0.967,44.026,-0.003,61.0,"Haas, Bill",0.661,0.056,0.0,0.958,39.669,0.033,72.0,2026-07-06 14:43:23 UTC,last 24 months
2026-07-13T05:31:47+00:00,0.784,0.065,0.0,0.922,21.137,0.002,217.0,0.642,0.035,0.0,0.875,33.305,-0.039,255.0,0.89,0.095,0.0,0.973,16.888,0.028,74.0,7452,0.334,0.047,0.0,0.942,67.6,-0.048,86.0,0.351,0.022,0.0,0.948,49.69,-0.032,135.0,"Na, Kevin",0.596,0.073,0.0,0.927,37.564,-0.005,96.0,2026-07-06 14:43:23 UTC,last 24 months
2026-07-13T05:31:47+00:00,0.831,0.07,0.0,0.939,20.506,0.011,460.0,0.686,0.049,0.0,0.92,32.627,-0.039,709.0,0.865,0.121,0.0,0.94,15.532,0.037,149.0,9771,0.375,0.048,0.0,0.96,61.237,-0.003,249.0,0.424,0.05,0.0,0.947,51.977,-0.022,359.0,"Day, Jason",0.607,0.069,0.0,0.959,35.969,0.044,217.0,2026-07-06 14:43:23 UTC,last 24 months
2026-07-13T05:31:47+00:00,0.83,0.063,0.0,0.965,21.092,0.024,255.0,0.615,0.054,0.0,0.936,34.05,-0.039,425.0,0.925,0.071,0.0,0.991,15.579,0.088,113.0,16341,0.225,0.023,0.0,0.953,68.229,-0.086,86.0,0.412,0.047,0.0,0.976,46.775,0.001,211.0,"Peterson, Paul",0.651,0.122,0.0,0.939,36.202,0.07,98.0,2026-07-06 14:43:23 UTC,last 24 months
2026-07-13T05:31:47+00:00,0.687,0.042,0.0,0.849,26.963,-0.088,119.0,0.656,0.039,0.0,0.914,32.094,-0.039,152.0,0.728,0.029,0.0,0.853,24.54,-0.208,34.0,18524,0.458,0.022,1.0,0.957,60.642,0.031,46.0,0.545,0.122,1.0,1.0,39.637,0.141,74.0,"Catlin, John",0.563,0.044,0.0,0.911,42.456,-0.034,45.0,2026-07-06 14:43:23 UTC,last 24 months
2026-07-13T05:31:47+00:00,0.76,0.067,0.0,0.918,23.354,-0.02,401.0,0.636,0.052,0.0,0.914,33.543,-0.039,596.0,0.834,0.086,0.0,0.921,19.055,-0.034,151.0,27819,0.353,0.065,0.0,0.963,57.925,0.021,216.0,0.491,0.04,0.0,0.956,46.383,-0.009,273.0,"Castillo, Ricky",0.653,0.063,0.0,0.964,33.133,0.077,222.0,2026-07-06 14:43:23 UTC,last 24 months
2026-07-13T05:31:47+00:00,0.798,0.057,1.0,0.954,23.049,-0.004,87.0,0.711,0.053,1.0,0.903,32.925,-0.04,113.0,0.793,0.0,0.0,0.938,20.893,-0.054,32.0,11117,,,,,,,,0.492,0.109,1.0,0.909,50.107,-0.01,55.0,"Noh, S.Y.",0.589,0.185,1.0,0.815,38.084,0.149,27.0,2026-07-06 14:43:23 UTC,last 24 months
2026-07-13T05:31:47+00:00,0.809,0.05,0.0,0.946,24.109,-0.019,202.0,0.645,0.012,0.0,0.946,33.581,-0.04,242.0,0.784,0.033,0.0,0.885,23.051,-0.06,61.0,30892,0.323,0.057,0.0,0.943,60.775,-0.05,87.0,0.486,0.065,0.0,0.935,44.019,0.014,123.0,"Riedel, Matthew",0.603,0.054,0.0,0.946,42.248,-0.02,92.0,2026-07-06 14:43:23 UTC,last 24 months
2026-07-13T05:31:47+00:00,0.774,0.054,0.0,0.936,23.33,-0.013,314.0,0.633,0.072,0.0,0.918,34.918,-0.041,415.0,0.864,0.115,0.0,0.969,18.396,0.023,96.0,14140,0.356,0.065,0.0,0.949,58.954,0.002,138.0,0.509,0.059,0.0,0.946,43.842,0.035,222.0,"Higgs, Harry",0.554,0.042,0.0,0.937,39.849,-0.005,190.0,2026-07-06 14:43:23 UTC,last 24 months
2026-07-13T05:31:47+00:00,0.76,0.073,0.0,0.922,22.375,-0.017,218.0,0.648,0.037,0.0,0.925,33.007,-0.041,241.0,0.78,0.032,0.0,0.855,18.787,-0.082,62.0,14967,0.281,0.022,1.0,0.957,80.037,-0.059,46.0,0.458,0.047,0.0,0.935,45.484,-0.045,107.0,"Hadley, Chesson",0.583,0.113,0.0,0.963,37.309,0.062,80.0,2026-07-06 14:43:23 UTC,last 24 months
2026-07-13T05:31:47+00:00,0.726,0.033,0.0,0.924,24.255,-0.044,184.0,0.615,0.064,0.0,0.912,32.524,-0.042,251.0,0.813,0.074,0.0,0.907,20.778,-0.07,54.0,17422,0.379,0.07,0.0,0.912,63.495,-0.051,114.0,0.472,0.062,0.0,0.938,44.689,0.024,144.0,"Del Solar, Cristobal",0.535,0.082,0.0,0.925,38.173,0.028,146.0,2026-07-06 14:43:23 UTC,last 24 months
2026-07-13T05:31:47+00:00,0.736,0.037,1.0,0.953,23.145,-0.038,107.0,0.617,0.07,1.0,0.883,30.515,-0.042,128.0,0.778,0.053,0.0,0.921,22.094,-0.123,38.0,19208,0.393,0.0,1.0,0.925,65.457,-0.011,40.0,0.445,0.058,1.0,0.957,44.839,0.018,69.0,"Endycott, Harrison",0.523,0.082,0.0,0.898,43.681,-0.009,49.0,2026-07-06 14:43:23 UTC,last 24 months
2026-07-13T05:31:47+00:00,0.768,0.074,0.0,0.938,22.04,-0.003,567.0,0.614,0.056,0.0,0.909,32.518,-0.042,744.0,0.832,0.094,0.0,0.906,18.295,-0.002,171.0,27164,0.299,0.029,0.0,0.902,65.454,-0.08,244.0,0.42,0.057,0.0,0.96,44.86,-0.016,371.0,"Phillips, Chandler",0.541,0.093,0.0,0.952,38.88,0.021,269.0,2026-07-06 14:43:23 UTC,last 24 months
2026-07-13T05:31:47+00:00,0.814,0.102,0.0,0.893,24.369,-0.012,177.0,0.629,0.059,0.0,0.917,33.654,-0.043,204.0,0.865,0.068,0.0,0.909,20.147,-0.046,44.0,18187,0.351,0.021,1.0,0.957,68.56,-0.044,47.0,0.407,0.019,0.0,0.951,51.311,-0.059,103.0,"Duncan, Tyler",0.497,0.048,0.0,0.984,42.357,-0.031,63.0,2026-07-06 14:43:23 UTC,last 24 months
2026-07-13T05:31:47+00:00,0.784,0.078,0.0,0.932,22.29,0.005,473.0,0.642,0.043,0.0,0.913,32.73,-0.043,631.0,0.849,0.109,0.0,0.906,18.763,0.005,138.0,19396,0.384,0.063,0.0,0.963,56.616,0.011,270.0,0.473,0.104,0.0,0.947,42.45,0.037,337.0,"Knapp, Jake",0.584,0.097,0.0,0.949,35.301,0.049,277.0,2026-07-06 14:43:23 UTC,last 24 months
2026-07-13T05:31:47+00:00,0.752,0.06,0.0,0.872,24.124,-0.019,133.0,0.596,0.031,0.0,0.953,34.223,-0.044,191.0,0.768,0.121,0.0,0.914,20.722,-0.01,58.0,12426,0.39,0.024,0.0,0.952,53.086,-0.015,83.0,0.444,0.061,0.0,0.98,45.457,-0.017,98.0,"Waring, Paul",0.545,0.082,0.0,0.918,35.516,-0.023,61.0,2026-07-06 14:43:23 UTC,last 24 months
2026-07-13T05:31:47+00:00,0.776,0.079,0.0,0.937,21.853,-0.001,508.0,0.659,0.047,0.0,0.916,32.698,-0.044,663.0,0.797,0.065,0.0,0.94,16.454,0.004,168.0,19872,0.345,0.076,0.0,0.927,66.284,-0.017,303.0,0.389,0.037,0.0,0.908,52.44,-0.082,325.0,"Riley, Davis",0.507,0.057,0.0,0.939,39.589,-0.007,296.0,2026-07-06 14:43:23 UTC,last 24 months
2026-07-13T05:31:47+00:00,0.794,0.083,1.0,0.908,21.434,-0.018,109.0,0.633,0.053,0.0,0.934,33.183,-0.044,151.0,0.815,0.048,0.0,0.881,18.103,0.003,42.0,24354,0.344,0.077,0.0,1.0,66.122,0.019,65.0,0.541,0.045,1.0,0.955,45.494,-0.006,66.0,"Xiong, Norman",0.624,0.062,0.0,0.953,37.197,0.044,64.0,2026-07-06 14:43:23 UTC,last 24 months
2026-07-13T05:31:47+00:00,0.775,0.028,1.0,0.868,28.991,-0.088,106.0,0.643,0.028,0.0,0.944,33.469,-0.044,179.0,0.846,0.067,0.0,0.933,19.139,-0.041,45.0,13127,0.35,0.062,0.0,1.0,57.986,0.035,64.0,0.474,0.078,0.0,0.933,49.616,-0.001,90.0,"Tway, Kevin",0.529,0.035,0.0,0.906,44.807,-0.054,85.0,2026-07-06 14:43:23 UTC,last 24 months
2026-07-13T05:31:47+00:00,0.787,0.046,0.0,0.926,24.717,-0.038,175.0,0.636,0.054,0.0,0.932,33.991,-0.046,294.0,0.838,0.066,0.0,0.921,18.182,-0.015,76.0,14007,0.382,0.042,0.0,0.938,60.104,-0.038,96.0,0.495,0.019,0.0,0.975,40.999,0.051,157.0,"Martin, Ben",0.641,0.055,0.0,0.963,36.499,0.037,109.0,2026-07-06 14:43:23 UTC,last 24 months
2026-07-13T05:31:47+00:00,0.812,0.06,0.0,0.932,22.118,-0.009,368.0,0.633,0.046,0.0,0.915,32.905,-0.046,413.0,0.882,0.099,0.0,0.965,17.488,0.036,142.0,14424,0.365,0.047,0.0,0.936,59.85,-0.001,172.0,0.449,0.078,0.0,0.931,46.569,0.017,231.0,"Burmester, Dean",0.599,0.071,0.0,0.95,36.609,0.023,241.0,2026-07-06 14:43:23 UTC,last 24 months
2026-07-13T05:31:47+00:00,0.749,0.08,0.0,0.938,23.364,-0.015,176.0,0.631,0.031,0.0,0.915,33.176,-0.046,258.0,0.89,0.129,0.0,0.957,16.362,0.067,70.0,27762,0.284,0.036,0.0,0.94,73.195,-0.099,83.0,0.401,0.053,0.0,0.973,44.538,0.002,113.0,"Velo, Kevin",0.473,0.092,0.0,0.966,37.474,0.01,87.0,2026-07-06 14:43:23 UTC,last 24 months
2026-07-13T05:31:47+00:00,0.758,0.059,0.0,0.911,23.742,-0.028,236.0,0.621,0.06,0.0,0.91,34.143,-0.047,200.0,0.772,0.132,0.0,0.912,18.425,-0.03,68.0,8605,0.324,0.068,0.0,0.955,59.367,0.004,88.0,0.476,0.054,0.0,0.946,48.718,0.003,111.0,"Jones, Matt",0.579,0.042,0.0,0.908,39.207,-0.025,120.0,2026-07-06 14:43:23 UTC,last 24 months
2026-07-13T05:31:47+00:00,0.757,0.066,0.0,0.901,24.166,-0.04,304.0,0.674,0.033,0.0,0.926,33.723,-0.047,391.0,0.861,0.112,0.0,0.939,18.342,-0.003,98.0,14373,0.428,0.035,0.0,0.956,57.933,0.005,114.0,0.412,0.043,0.0,0.933,52.802,-0.044,209.0,"Campbell, Ben",0.594,0.053,0.0,0.947,36.511,0.004,114.0,2026-07-06 14:43:23 UTC,last 24 months
2026-07-13T05:31:47+00:00,0.737,0.047,0.0,0.912,23.392,-0.021,170.0,0.621,0.035,0.0,0.912,33.168,-0.047,227.0,0.866,0.123,0.0,0.985,15.442,0.076,65.0,24562,0.26,0.0,0.0,0.944,72.396,-0.115,54.0,0.459,0.018,0.0,0.982,44.46,-0.001,112.0,"Knowles, Philip",0.524,0.028,0.0,0.901,40.208,-0.041,71.0,2026-07-06 14:43:23 UTC,last 24 months
2026-07-13T05:31:47+00:00,0.736,0.074,0.0,0.913,26.226,-0.063,309.0,0.629,0.052,0.0,0.892,33.486,-0.047,343.0,0.875,0.077,0.0,0.962,18.234,-0.017,104.0,25919,0.295,0.074,0.0,0.946,55.715,-0.002,149.0,0.483,0.06,0.0,0.94,44.897,-0.002,182.0,"Wolff, Matthew",0.525,0.058,0.0,0.923,39.389,-0.009,155.0,2026-07-06 14:43:23 UTC,last 24 months
2026-07-13T05:31:47+00:00,0.822,0.03,1.0,0.95,22.371,0.008,101.0,0.63,0.044,0.0,0.906,36.128,-0.048,159.0,0.86,0.125,0.0,0.95,17.082,0.041,40.0,25475,0.4,0.062,0.0,0.975,56.632,0.031,80.0,0.488,0.015,1.0,0.956,42.271,-0.012,68.0,"Nyholm, Pontus",0.485,0.011,0.0,0.916,41.556,-0.081,95.0,2026-07-06 14:43:23 UTC,last 24 months
2026-07-13T05:31:47+00:00,0.773,0.062,0.0,0.945,23.183,-0.012,384.0,0.61,0.049,0.0,0.92,34.023,-0.048,510.0,0.861,0.107,0.0,0.97,15.769,0.065,168.0,26850,0.329,0.05,0.0,0.959,68.129,-0.037,218.0,0.449,0.039,0.0,0.929,47.753,-0.028,255.0,"Svensson, Jesper",0.579,0.097,0.0,0.944,36.725,0.045,248.0,2026-07-06 14:43:23 UTC,last 24 months
2026-07-13T05:31:47+00:00,0.709,0.07,0.0,0.87,25.349,-0.064,115.0,0.627,0.07,0.0,0.909,35.132,-0.049,143.0,0.753,0.052,0.0,0.931,23.891,-0.145,58.0,10423,0.424,0.034,0.0,0.897,56.971,-0.009,58.0,0.435,0.0,1.0,0.947,42.854,0.007,75.0,"Brehm, Ryan",0.685,0.041,0.0,0.959,37.93,0.056,73.0,2026-07-06 14:43:23 UTC,last 24 months
2026-07-13T05:31:47+00:00,0.801,0.107,0.0,0.943,21.685,0.019,384.0,0.634,0.039,0.0,0.927,34.779,-0.049,410.0,0.744,0.04,0.0,0.87,20.963,-0.107,100.0,12669,0.315,0.046,0.0,0.927,57.967,-0.003,109.0,0.458,0.055,0.0,0.954,43.328,0.032,217.0,"Lahiri, Anirban",0.538,0.066,0.0,0.934,36.683,0.012,183.0,2026-07-06 14:43:23 UTC,last 24 months
2026-07-13T05:31:47+00:00,0.725,0.048,0.0,0.918,23.538,-0.059,647.0,0.634,0.059,0.0,0.899,33.41,-0.051,997.0,0.84,0.091,0.0,0.938,16.888,0.015,208.0,17488,0.311,0.07,0.0,0.917,59.32,-0.017,301.0,0.451,0.066,0.0,0.969,44.388,0.016,548.0,"Im, Sungjae",0.515,0.072,0.0,0.932,41.36,-0.014,251.0,2026-07-06 14:43:23 UTC,last 24 months
2026-07-13T05:31:47+00:00,0.757,0.035,0.0,0.918,23.652,-0.064,256.0,0.63,0.052,0.0,0.9,34.679,-0.051,249.0,0.864,0.052,0.0,0.958,17.358,0.011,96.0,27597,0.226,0.036,0.0,0.952,76.147,-0.082,83.0,0.422,0.047,0.0,0.938,57.374,-0.065,129.0,"Ogletree, Andy",0.552,0.083,0.0,0.933,42.284,-0.022,120.0,2026-07-06 14:43:23 UTC,last 24 months
2026-07-13T05:31:47+00:00,0.804,0.063,0.0,0.92,23.876,-0.023,300.0,0.609,0.042,0.0,0.916,31.431,-0.052,335.0,0.882,0.119,0.0,0.944,16.175,0.042,126.0,11357,0.412,0.07,0.0,0.944,53.72,0.036,214.0,0.446,0.073,0.0,0.937,48.068,0.005,191.0,"Uihlein, Peter",0.545,0.071,0.0,0.955,36.472,0.025,312.0,2026-07-06 14:43:23 UTC,last 24 months
2026-07-13T05:31:47+00:00,0.702,0.064,0.0,0.908,25.558,-0.088,250.0,0.642,0.058,0.0,0.911,34.583,-0.052,360.0,0.729,0.058,0.0,0.884,21.851,-0.093,69.0,21688,0.285,0.024,0.0,0.96,65.926,-0.054,125.0,0.397,0.051,0.0,0.962,48.217,-0.043,156.0,"Kim, S.H.",0.524,0.051,0.0,0.957,40.85,-0.023,117.0,2026-07-06 14:43:23 UTC,last 24 months
2026-07-13T05:31:47+00:00,0.747,0.065,0.0,0.913,23.753,-0.033,507.0,0.647,0.033,0.0,0.92,33.022,-0.052,702.0,0.835,0.082,0.0,0.942,17.502,0.02,208.0,21944,0.33,0.036,0.0,0.964,60.519,-0.006,279.0,0.497,0.042,0.0,0.972,46.054,0.017,356.0,"Moore, Taylor",0.545,0.05,0.0,0.938,41.225,-0.002,320.0,2026-07-06 14:43:23 UTC,last 24 months
2026-07-13T05:31:47+00:00,0.764,0.073,0.0,0.916,22.158,-0.02,191.0,0.614,0.045,0.0,0.941,32.897,-0.052,269.0,0.83,0.062,0.0,0.969,18.192,-0.008,65.0,27420,0.3,0.027,0.0,0.937,70.264,-0.082,111.0,0.427,0.07,0.0,0.937,46.354,-0.014,142.0,"Dickson, Taylor",0.531,0.021,0.0,0.958,41.181,-0.039,95.0,2026-07-06 14:43:23 UTC,last 24 months
2026-07-13T05:31:47+00:00,0.732,0.061,0.0,0.887,24.25,-0.054,115.0,0.645,0.032,0.0,0.921,35.437,-0.053,190.0,0.886,0.0,0.0,0.975,18.263,-0.012,40.0,21235,0.424,0.029,0.0,1.0,54.564,0.038,70.0,0.452,0.06,0.0,0.904,52.449,-0.059,83.0,"Albertson, Anders",0.495,0.035,0.0,0.919,43.525,-0.04,86.0,2026-07-06 14:43:23 UTC,last 24 months
2026-07-13T05:31:47+00:00,0.777,0.034,0.0,0.949,25.007,-0.048,177.0,0.652,0.034,0.0,0.897,35.756,-0.054,203.0,0.814,0.033,0.0,0.902,18.894,-0.045,61.0,11374,0.316,0.027,0.0,0.933,69.432,-0.066,75.0,0.444,0.047,0.0,0.925,49.318,-0.052,107.0,"Hahn, James",0.615,0.09,0.0,0.933,38.34,0.002,89.0,2026-07-06 14:43:23 UTC,last 24 months
2026-07-13T05:31:47+00:00,0.822,0.071,0.0,0.929,20.544,0.017,226.0,0.649,0.029,0.0,0.932,33.093,-0.054,309.0,0.838,0.095,0.0,0.905,17.856,0.013,74.0,13497,0.292,0.021,0.0,0.947,71.936,-0.089,95.0,0.402,0.035,0.0,0.915,49.56,-0.07,141.0,"Lee, K.H.",0.497,0.073,0.0,0.927,39.632,0.006,109.0,2026-07-06 14:43:23 UTC,last 24 months
2026-07-13T05:31:47+00:00,,,,,,,,0.705,0.038,1.0,0.924,33.282,-0.054,105.0,0.689,0.029,0.0,0.829,24.67,-0.143,35.0,19738,,,,,,,,,,,,,,,"Dougherty, Kevin",0.516,0.107,0.0,0.893,43.188,-0.005,56.0,2026-07-06 14:43:23 UTC,last 24 months
2026-07-13T05:31:47+00:00,0.793,0.068,0.0,0.918,23.477,-0.011,365.0,0.649,0.047,0.0,0.908,33.22,-0.055,404.0,0.832,0.083,0.0,0.952,19.564,-0.041,84.0,19866,0.283,0.061,0.0,0.883,65.005,-0.059,163.0,0.425,0.052,0.0,0.938,46.725,-0.035,211.0,"Horsfield, Sam",0.57,0.047,0.0,0.937,38.7,-0.027,191.0,2026-07-06 14:43:23 UTC,last 24 months
2026-07-13T05:31:47+00:00,0.768,0.079,0.0,0.907,24.244,-0.019,227.0,0.624,0.033,0.0,0.928,33.763,-0.055,304.0,0.827,0.041,0.0,0.959,18.281,-0.048,74.0,31212,0.392,0.093,0.0,0.932,64.288,-0.02,118.0,0.323,0.037,0.0,0.938,57.776,-0.098,161.0,"Chandler, Will",0.541,0.033,0.0,0.917,42.664,-0.033,121.0,2026-07-06 14:43:23 UTC,last 24 months
2026-07-13T05:31:47+00:00,0.801,0.043,0.0,0.946,23.632,-0.031,445.0,0.595,0.04,0.0,0.937,35.355,-0.057,653.0,0.886,0.105,0.0,0.965,16.809,0.032,143.0,19729,0.294,0.018,0.0,0.975,61.421,-0.02,163.0,0.407,0.033,0.0,0.944,50.117,-0.041,302.0,"Kanaya, Takumi",0.567,0.05,0.0,0.978,36.323,0.019,139.0,2026-07-06 14:43:23 UTC,last 24 months
2026-07-13T05:31:47+00:00,0.78,0.06,0.0,0.912,23.263,-0.015,352.0,0.636,0.039,0.0,0.905,34.014,-0.057,483.0,0.836,0.116,0.0,0.942,16.408,0.062,138.0,21995,0.422,0.076,0.0,0.953,56.372,0.038,171.0,0.468,0.064,0.0,0.945,47.378,0.011,235.0,"Springer, Hayden",0.517,0.039,0.0,0.93,41.051,-0.024,229.0,2026-07-06 14:43:23 UTC,last 24 months
2026-07-13T05:31:47+00:00,0.782,0.05,0.0,0.956,21.576,0.002,159.0,0.603,0.043,0.0,0.909,32.942,-0.057,253.0,0.769,0.052,0.0,0.897,20.933,-0.104,58.0,25263,0.295,0.045,0.0,0.932,56.275,-0.043,88.0,0.485,0.098,0.0,0.959,43.063,0.018,123.0,"Onishi, Kaito",0.545,0.075,0.0,0.935,43.386,-0.01,93.0,2026-07-06 14:43:23 UTC,last 24 months
2026-07-13T05:31:47+00:00,0.763,0.038,0.0,0.919,24.048,-0.058,186.0,0.673,0.041,0.0,0.872,33.543,-0.06,243.0,0.874,0.07,0.0,0.915,19.412,-0.039,71.0,9586,0.249,0.045,0.0,0.985,73.945,-0.025,66.0,0.428,0.041,0.0,0.959,46.152,-0.038,123.0,"Laird, Martin",0.643,0.058,0.0,0.981,34.425,0.08,104.0,2026-07-06 14:43:23 UTC,last 24 months
2026-07-13T05:31:47+00:00,0.793,0.052,0.0,0.886,23.493,-0.02,402.0,0.628,0.046,0.0,0.902,32.639,-0.061,482.0,0.844,0.099,0.0,0.942,18.299,-0.012,121.0,15856,0.346,0.071,0.0,0.976,59.531,0.023,211.0,0.414,0.041,0.0,0.934,50.295,-0.053,244.0,"Smith, Cameron",0.569,0.059,0.0,0.949,36.567,0.024,255.0,2026-07-06 14:43:23 UTC,last 24 months
2026-07-13T05:31:47+00:00,0.713,0.063,0.0,0.924,23.272,-0.031,383.0,0.613,0.041,0.0,0.895,33.71,-0.061,484.0,0.832,0.098,0.0,0.918,18.181,-0.003,122.0,17032,0.321,0.042,0.0,0.921,60.339,-0.05,216.0,0.42,0.09,0.0,0.924,46.246,-0.028,223.0,"Tosti, Alejandro",0.546,0.048,0.0,0.971,34.651,0.029,210.0,2026-07-06 14:43:23 UTC,last 24 months
2026-07-13T05:31:47+00:00,0.73,0.071,0.0,0.899,24.403,-0.041,198.0,0.591,0.028,0.0,0.927,34.459,-0.062,289.0,0.852,0.094,0.0,0.906,18.986,0.022,64.0,21412,0.371,0.068,0.0,0.926,52.864,-0.018,176.0,0.442,0.037,0.0,0.896,52.322,-0.059,135.0,"Capan III, Frankie",0.504,0.044,0.0,0.956,39.29,-0.025,181.0,2026-07-06 14:43:23 UTC,last 24 months
2026-07-13T05:31:47+00:00,0.832,0.098,1.0,0.935,23.413,0.015,92.0,0.656,0.008,1.0,0.898,33.885,-0.067,128.0,0.899,0.067,0.0,0.967,16.416,0.039,30.0,20519,0.411,0.083,1.0,0.938,51.966,0.053,48.0,0.449,0.061,1.0,0.955,40.492,0.015,66.0,"Tarren, Callum",0.565,0.083,0.0,0.964,36.576,0.055,84.0,2026-07-06 14:43:23 UTC,last 24 months
2026-07-13T05:31:47+00:00,0.741,0.061,0.0,0.909,23.892,-0.041,197.0,0.649,0.045,0.0,0.913,35.267,-0.069,287.0,0.805,0.103,0.0,0.941,17.299,0.017,68.0,12920,0.297,0.038,0.0,0.953,58.061,-0.033,106.0,0.435,0.037,0.0,0.927,47.504,-0.042,164.0,"Willett, Danny",0.524,0.08,0.0,0.96,38.443,-0.009,100.0,2026-07-06 14:43:23 UTC,last 24 months
2026-07-13T05:31:47+00:00,0.75,0.075,0.0,0.899,24.65,-0.041,199.0,0.634,0.053,0.0,0.87,35.83,-0.069,247.0,0.877,0.05,0.0,0.938,18.141,-0.038,80.0,19455,0.375,0.034,0.0,0.932,75.929,-0.035,117.0,0.433,0.073,0.0,0.951,50.769,-0.036,123.0,"Pereira, Mito",0.556,0.057,0.0,0.943,37.918,0.001,158.0,2026-07-06 14:43:23 UTC,last 24 months
2026-07-13T05:31:47+00:00,0.782,0.073,0.0,0.916,26.084,-0.04,358.0,0.608,0.055,0.0,0.901,35.766,-0.07,475.0,0.779,0.051,0.0,0.899,21.497,-0.073,99.0,7960,0.373,0.023,0.0,0.966,58.143,-0.001,174.0,0.447,0.068,0.0,0.964,46.253,-0.0,222.0,"List, Luke",0.595,0.07,0.0,0.975,39.145,0.016,200.0,2026-07-06 14:43:23 UTC,last 24 months
2026-07-13T05:31:47+00:00,0.818,0.078,0.0,0.931,21.59,0.016,116.0,0.599,0.041,0.0,0.901,33.51,-0.071,172.0,0.755,0.057,0.0,0.868,22.628,-0.141,53.0,21875,0.356,0.041,0.0,0.946,53.188,-0.001,74.0,0.425,0.094,0.0,0.958,43.565,0.006,96.0,"Widing, Tim",0.566,0.026,0.0,0.949,37.209,0.011,78.0,2026-07-06 14:43:23 UTC,last 24 months
2026-07-13T05:31:47+00:00,0.598,0.056,1.0,0.82,31.338,-0.182,89.0,0.64,0.069,1.0,0.902,37.705,-0.074,102.0,,,,,,,,16566,,,,,,,,,,,,,,,"Barjon, Paul",0.497,0.077,0.0,0.942,40.295,-0.024,52.0,2026-07-06 14:43:23 UTC,last 24 months
2026-07-13T05:31:47+00:00,0.804,0.052,0.0,0.928,23.637,-0.021,250.0,0.619,0.057,0.0,0.884,36.538,-0.076,335.0,0.914,0.106,0.0,0.988,15.864,0.04,85.0,22087,0.261,0.035,0.0,0.923,67.764,-0.085,142.0,0.505,0.043,0.0,0.951,44.293,-0.011,163.0,"Paul, Jeremy",0.617,0.075,0.0,0.973,34.785,0.077,147.0,2026-07-06 14:43:23 UTC,last 24 months
2026-07-13T05:31:47+00:00,0.712,0.059,0.0,0.935,23.711,-0.038,153.0,0.576,0.032,0.0,0.87,35.792,-0.076,247.0,0.844,0.034,0.0,0.949,19.832,-0.053,59.0,23540,0.323,0.071,0.0,0.918,68.395,-0.042,98.0,0.42,0.052,0.0,0.922,50.255,-0.054,116.0,"Andersen, Mason",0.549,0.025,0.0,0.924,38.681,-0.043,118.0,2026-07-06 14:43:23 UTC,last 24 months
2026-07-13T05:31:47+00:00,0.713,0.044,0.0,0.917,22.546,-0.035,228.0,0.592,0.062,0.0,0.906,35.921,-0.077,352.0,0.879,0.063,0.0,0.937,17.894,0.009,95.0,25442,0.317,0.054,0.0,0.957,59.19,-0.008,185.0,0.387,0.053,0.0,0.947,47.995,-0.032,170.0,"Montgomery, Taylor",0.619,0.094,0.0,0.971,32.367,0.098,171.0,2026-07-06 14:43:23 UTC,last 24 months
2026-07-13T05:31:47+00:00,0.78,0.084,0.0,0.948,24.343,-0.016,191.0,0.632,0.021,0.0,0.916,36.56,-0.08,333.0,0.835,0.077,0.0,0.954,18.659,-0.034,65.0,11328,0.248,0.042,0.0,0.937,67.524,-0.052,95.0,0.484,0.052,0.0,0.935,49.983,-0.021,153.0,"Kisner, Kevin",0.523,0.038,0.0,0.942,41.829,-0.031,104.0,2026-07-06 14:43:23 UTC,last 24 months
2026-07-13T05:31:47+00:00,0.816,0.075,0.0,0.931,24.769,-0.025,160.0,0.629,0.013,0.0,0.892,37.396,-0.084,240.0,0.895,0.049,0.0,0.951,17.243,-0.005,61.0,23502,0.273,0.022,0.0,0.935,70.942,-0.074,92.0,0.361,0.009,0.0,0.936,58.856,-0.107,109.0,"Thornberry, Braden",0.614,0.026,0.0,0.957,40.446,-0.012,116.0,2026-07-06 14:43:23 UTC,last 24 months
2026-07-13T05:31:47+00:00,0.795,0.044,0.0,0.965,21.513,0.021,113.0,0.64,0.03,0.0,0.91,36.722,-0.087,167.0,0.855,0.125,0.0,0.938,16.368,0.045,48.0,6931,0.431,0.0,0.0,0.967,60.334,0.027,60.0,0.442,0.023,0.0,0.93,52.416,-0.087,86.0,"Byrd, Jonathan",0.587,0.098,0.0,0.941,41.331,0.005,51.0,2026-07-06 14:43:23 UTC,last 24 months
2026-07-13T05:31:47+00:00,0.753,0.078,1.0,0.903,22.701,-0.066,103.0,0.573,0.06,0.0,0.866,33.172,-0.088,149.0,0.882,0.024,0.0,0.976,15.977,0.005,41.0,17266,0.183,0.018,0.0,0.93,66.01,-0.13,57.0,0.375,0.054,1.0,0.919,43.752,-0.04,74.0,"Yuan, Carl",0.531,0.085,0.0,0.898,41.549,-0.003,59.0,2026-07-06 14:43:23 UTC,last 24 months
2026-07-13T05:31:47+00:00,0.74,0.096,0.0,0.91,23.04,-0.016,178.0,0.556,0.038,0.0,0.887,35.935,-0.09,213.0,0.816,0.066,0.0,0.951,15.541,0.001,61.0,20780,0.213,0.056,0.0,0.861,77.729,-0.13,72.0,0.325,0.018,0.0,0.917,58.193,-0.097,109.0,"Kim, Minkyu",0.479,0.071,0.0,0.94,42.456,-0.047,84.0,2026-07-06 14:43:23 UTC,last 24 months
2026-07-13T05:31:47+00:00,0.821,0.067,1.0,0.943,22.697,0.0,105.0,0.672,0.028,1.0,0.888,35.929,-0.094,107.0,0.905,0.0,1.0,0.957,15.753,0.009,23.0,7532,,,,,,,,,,,,,,,"Ormsby, Wade",0.723,0.077,0.0,0.923,30.531,0.077,39.0,2026-07-06 14:43:23 UTC,last 24 months
2026-07-13T05:31:47+00:00,,,,,,,,0.581,0.08,1.0,0.91,36.827,-0.094,100.0,0.781,0.049,0.0,0.878,22.445,-0.108,41.0,15634,0.25,0.0,1.0,0.977,61.115,-0.044,43.0,,,,,,,,"Trainer, Martin",0.551,0.098,0.0,0.934,42.869,0.037,61.0,2026-07-06 14:43:23 UTC,last 24 months
2026-07-13T05:31:47+00:00,0.731,0.066,1.0,0.915,23.693,-0.049,106.0,0.613,0.043,0.0,0.857,37.21,-0.101,161.0,0.757,0.128,0.0,0.897,15.315,0.033,39.0,18579,0.535,0.119,1.0,0.929,57.403,0.088,42.0,0.373,0.0,1.0,0.959,50.159,-0.098,73.0,"Cook, Austin",0.526,0.019,0.0,0.926,45.026,-0.043,54.0,2026-07-06 14:43:23 UTC,last 24 months
2026-07-13T05:31:47+00:00,0.735,0.093,1.0,0.907,23.59,-0.034,86.0,0.578,0.057,1.0,0.867,37.76,-0.113,105.0,,,,,,,,14002,0.44,0.07,1.0,0.977,51.338,0.068,43.0,,,,,,,,"Alexander, Tyson",0.579,0.098,0.0,0.941,37.016,0.027,51.0,2026-07-06 14:43:23 UTC,last 24 months
2026-07-13T05:31:47+00:00,0.687,0.058,0.0,0.827,29.255,-0.115,139.0,0.567,0.041,0.0,0.868,39.376,-0.114,197.0,0.858,0.043,1.0,0.913,16.559,-0.023,23.0,15274,0.298,0.05,0.0,0.963,60.623,0.01,80.0,0.404,0.056,0.0,0.966,47.527,-0.01,89.0,"Tabuena, Miguel",0.531,0.118,0.0,0.941,37.192,0.017,68.0,2026-07-06 14:43:23 UTC,last 24 months
2026-07-13T05:31:47+00:00,0.77,0.044,0.0,0.928,26.379,-0.069,180.0,0.564,0.055,0.0,0.857,39.691,-0.122,237.0,0.85,0.102,0.0,0.966,15.901,0.038,88.0,30814,0.191,0.0,0.0,0.976,82.977,-0.131,83.0,0.322,0.031,0.0,0.914,54.321,-0.108,128.0,"Sargent, Gordon",0.549,0.049,0.0,0.915,45.794,-0.032,142.0,2026-07-06 14:43:23 UTC,last 24 months
2026-07-13T05:31:47+00:00,0.68,0.052,0.0,0.887,23.815,-0.061,115.0,0.544,0.049,0.0,0.89,38.091,-0.133,163.0,0.751,0.053,0.0,0.912,25.409,-0.154,57.0,24343,0.354,0.049,0.0,0.963,63.264,-0.024,82.0,0.322,0.013,1.0,0.933,59.845,-0.136,75.0,"Lamprecht, Christo",0.487,0.058,0.0,0.922,41.057,-0.042,103.0,2026-07-06 14:43:23 UTC,last 24 months
2026-07-13T05:31:47+00:00,0.702,0.066,0.0,0.893,25.032,-0.043,122.0,0.553,0.068,0.0,0.841,40.953,-0.135,176.0,0.79,0.0,0.0,0.949,20.142,-0.058,39.0,23048,0.395,0.016,0.0,0.984,63.204,0.001,62.0,0.386,0.042,1.0,0.903,47.848,-0.128,72.0,"Stanger, Jimmy",0.663,0.083,0.0,0.972,34.261,0.068,72.0,2026-07-06 14:43:23 UTC,last 24 months
2026-07-13T05:31:47+00:00,0.775,0.052,0.0,0.905,22.083,-0.027,231.0,0.536,0.035,0.0,0.838,40.262,-0.149,315.0,0.867,0.094,0.0,0.906,15.752,0.037,64.0,12425,0.288,0.018,0.0,0.973,70.687,-0.043,111.0,0.394,0.038,0.0,0.855,55.205,-0.104,131.0,"Todd, Brendon",0.5,0.101,0.0,0.911,38.471,-0.012,79.0,2026-07-06 14:43:23 UTC,last 24 months
2026-07-13T05:31:47+00:00,0.729,0.033,0.0,0.897,24.709,-0.081,242.0,0.525,0.04,0.0,0.832,40.669,-0.165,297.0,0.809,0.11,0.0,0.932,18.537,0.005,73.0,7820,0.281,0.03,0.0,0.94,66.341,-0.067,100.0,0.363,0.03,0.0,0.865,50.986,-0.108,133.0,"Palmer, Ryan",0.565,0.058,0.0,0.942,36.45,0.009,120.0,2026-07-06 14:43:23 UTC,last 24 months
2026-07-13T05:31:47+00:00,,,,,,,,,,,,,,,0.915,0.0,1.0,0.96,12.528,0.057,25.0,4163,0.248,0.0,1.0,0.951,78.522,-0.109,41.0,,,,,,,,"Donald, Luke",0.382,0.222,1.0,0.963,41.839,0.04,27.0,2026-07-06 14:43:23 UTC,last 24 months
2026-07-13T05:31:47+00:00,,,,,,,,,,,,,,,,,,,,,,7293,,,,,,,,,,,,,,,"Walker, Jimmy",0.517,0.037,1.0,0.963,32.486,-0.006,27.0,2026-07-06 14:43:23 UTC,last 24 months
2026-07-13T05:31:47+00:00,0.737,0.05,1.0,0.938,21.403,-0.045,80.0,,,,,,,,0.884,0.185,1.0,1.0,15.307,0.13,27.0,7301,,,,,,,,,,,,,,,"Dufner, Jason",0.553,0.086,0.0,0.886,46.893,-0.042,35.0,2026-07-06 14:43:23 UTC,last 24 months
2026-07-13T05:31:47+00:00,,,,,,,,,,,,,,,0.908,0.074,1.0,1.0,13.441,0.089,27.0,7955,0.322,0.038,1.0,0.942,69.804,-0.042,52.0,,,,,,,,"Watney, Nick",0.577,0.048,0.0,0.937,38.537,0.023,63.0,2026-07-06 14:43:23 UTC,last 24 months
2026-07-13T05:31:47+00:00,,,,,,,,,,,,,,,0.686,0.034,1.0,0.897,21.068,-0.068,29.0,11082,0.362,0.0,1.0,0.929,62.911,-0.062,42.0,,,,,,,,"Burgoon, Bronson",0.547,0.057,0.0,0.943,37.383,-0.008,53.0,2026-07-06 14:43:23 UTC,last 24 months
2026-07-13T05:31:47+00:00,,,,,,,,,,,,,,,,,,,,,,12169,,,,,,,,,,,,,,,"Gainey, Tommy",0.327,0.0,1.0,0.885,51.476,-0.16,26.0,2026-07-06 14:43:23 UTC,last 24 months
2026-07-13T05:31:47+00:00,,,,,,,,,,,,,,,,,,,,,,14852,,,,,,,,,,,,,,,"Streb, Robert",0.401,0.08,1.0,0.84,46.508,-0.074,25.0,2026-07-06 14:43:23 UTC,last 24 months
2026-07-13T05:31:47+00:00,,,,,,,,,,,,,,,0.859,0.043,1.0,0.957,24.834,-0.115,23.0,17068,,,,,,,,,,,,,,,"Daffue, MJ",0.57,0.125,0.0,1.0,32.465,0.105,48.0,2026-07-06 14:43:23 UTC,last 24 months
2026-07-13T05:31:47+00:00,,,,,,,,,,,,,,,,,,,,,,17386,,,,,,,,,,,,,,,"Mun, Doyeob",0.468,0.043,1.0,1.0,39.188,-0.082,23.0,2026-07-06 14:43:23 UTC,last 24 months
2026-07-13T05:31:47+00:00,,,,,,,,,,,,,,,,,,,,,,18662,,,,,,,,,,,,,,,"Schniederjans, Ollie",0.49,0.05,0.0,0.9,44.116,-0.035,40.0,2026-07-06 14:43:23 UTC,last 24 months
2026-07-13T05:31:47+00:00,,,,,,,,,,,,,,,0.841,0.048,1.0,0.857,19.646,-0.108,21.0,19232,,,,,,,,,,,,,,,"Smyth, Trav",0.528,0.065,0.0,0.891,36.576,0.02,46.0,2026-07-06 14:43:23 UTC,last 24 months
2026-07-13T05:31:47+00:00,,,,,,,,,,,,,,,,,,,,,,19635,,,,,,,,,,,,,,,"Cantero Gutierrez, Ivan",0.545,0.0,1.0,0.92,43.336,-0.067,25.0,2026-07-06 14:43:23 UTC,last 24 months
2026-07-13T05:31:47+00:00,,,,,,,,,,,,,,,,,,,,,,19899,,,,,,,,,,,,,,,"Rottluff, Max",0.542,0.143,0.0,0.952,38.223,0.077,42.0,2026-07-06 14:43:23 UTC,last 24 months
2026-07-13T05:31:47+00:00,,,,,,,,,,,,,,,,,,,,,,24127,,,,,,,,,,,,,,,"Hidalgo Portillo, Angel",0.6,0.032,0.0,0.903,38.346,-0.001,31.0,2026-07-06 14:43:23 UTC,last 24 months
2026-07-13T05:31:47+00:00,,,,,,,,,,,,,,,,,,,,,,25611,,,,,,,,,,,,,,,"Olesen, Jacob Skov",0.62,0.167,1.0,0.917,36.329,0.084,24.0,2026-07-06 14:43:23 UTC,last 24 months
2026-07-13T05:31:47+00:00,,,,,,,,,,,,,,,,,,,,,,26617,,,,,,,,,,,,,,,"Anderson, Matthew",0.597,0.0,1.0,0.962,35.033,0.076,26.0,2026-07-06 14:43:23 UTC,last 24 months
2026-07-13T05:31:47+00:00,,,,,,,,,,,,,,,,,,,,,,26947,,,,,,,,,,,,,,,"Jarvis, Casey",0.556,0.077,1.0,0.962,40.914,0.015,26.0,2026-07-06 14:43:23 UTC,last 24 months
2026-07-13T05:31:47+00:00,,,,,,,,,,,,,,,,,,,,,,27598,,,,,,,,,,,,,,,"Nicholas, James",0.552,0.095,1.0,1.0,34.739,0.083,21.0,2026-07-06 14:43:23 UTC,last 24 months
2026-07-13T05:31:47+00:00,,,,,,,,,,,,,,,,,,,,,,28016,,,,,,,,,,,,,,,"Gonzalez, Emilio",0.529,0.048,1.0,0.952,36.449,0.016,21.0,2026-07-06 14:43:23 UTC,last 24 months
2026-07-13T05:31:47+00:00,,,,,,,,,,,,,,,,,,,,,,29304,,,,,,,,,,,,,,,"Byrd, Marcus",0.502,0.048,1.0,0.952,40.152,-0.024,21.0,2026-07-06 14:43:23 UTC,last 24 months
2026-07-13T05:31:47+00:00,,,,,,,,,,,,,,,,,,,,,,30445,,,,,,,,,,,,,,,"Ayora, Angel",0.535,0.095,1.0,1.0,41.16,0.008,21.0,2026-07-06 14:43:23 UTC,last 24 months
2026-07-13T05:31:47+00:00,,,,,,,,,,,,,,,0.807,0.0,1.0,0.909,29.285,-0.238,22.0,33759,,,,,,,,,,,,,,,"Howell, Mason",0.53,0.083,1.0,0.958,43.623,-0.012,24.0,2026-07-06 14:43:23 UTC,last 24 months
2026-07-13T05:31:47+00:00,,,,,,,,,,,,,,,,,,,,,,3349,,,,,,,,,,,,,,,"Johnson, Tom",0.338,0.042,1.0,0.875,45.888,-0.131,24.0,2026-07-06 14:43:23 UTC,last 24 months
2026-07-13T05:31:47+00:00,,,,,,,,,,,,,,,0.945,0.0,1.0,0.952,15.995,-0.033,21.0,5513,,,,,,,,,,,,,,,"Weir, Mike",,,,,,,,2026-07-06 14:43:23 UTC,last 24 months
2026-07-13T05:31:47+00:00,,,,,,,,,,,,,,,0.825,0.0,1.0,0.913,22.192,-0.159,23.0,6762,,,,,,,,,,,,,,,"Perez, Pat",0.647,0.0,0.0,0.9,41.69,-0.073,30.0,2026-07-06 14:43:23 UTC,last 24 months
2026-07-13T05:31:47+00:00,,,,,,,,,,,,,,,,,,,,,,7626,,,,,,,,,,,,,,,"O'Hair, Sean",0.593,0.162,0.0,0.973,30.414,0.099,37.0,2026-07-06 14:43:23 UTC,last 24 months
2026-07-13T05:31:47+00:00,,,,,,,,,,,,,,,0.916,0.08,1.0,0.92,19.312,-0.011,25.0,7959,,,,,,,,,,,,,,,"Holmes, J.B.",0.458,0.036,1.0,0.964,38.787,-0.083,28.0,2026-07-06 14:43:23 UTC,last 24 months
2026-07-13T05:31:47+00:00,,,,,,,,,,,,,,,,,,,,,,11955,,,,,,,,,,,,,,,"Frittelli, Dylan",0.624,0.128,0.0,0.897,36.651,0.047,39.0,2026-07-06 14:43:23 UTC,last 24 months
2026-07-13T05:31:47+00:00,,,,,,,,,,,,,,,,,,,,,,12177,,,,,,,,,,,,,,,"Pavan, Andrea",0.623,0.087,1.0,0.826,38.095,-0.035,23.0,2026-07-06 14:43:23 UTC,last 24 months
2026-07-13T05:31:47+00:00,,,,,,,,,,,,,,,,,,,,,,12477,,,,,,,,,,,,,,,"McGirt, William",0.51,0.074,1.0,0.926,39.25,-0.021,27.0,2026-07-06 14:43:23 UTC,last 24 months
2026-07-13T05:31:47+00:00,,,,,,,,,,,,,,,,,,,,,,13831,,,,,,,,,,,,,,,"Knox, Russell",0.561,0.061,0.0,0.939,44.204,-0.009,33.0,2026-07-06 14:43:23 UTC,last 24 months
2026-07-13T05:31:47+00:00,,,,,,,,,,,,,,,0.876,0.182,1.0,0.955,15.338,0.13,22.0,14120,,,,,,,,,,,,,,,"Samooja, Kalle",0.548,0.146,0.0,1.0,31.377,0.105,41.0,2026-07-06 14:43:23 UTC,last 24 months
2026-07-13T05:31:47+00:00,,,,,,,,,,,,,,,,,,,,,,14706,,,,,,,,,,,,,,,"Swafford, Hudson",0.462,0.0,0.0,0.889,35.525,-0.088,36.0,2026-07-06 14:43:23 UTC,last 24 months
2026-07-13T05:31:47+00:00,,,,,,,,,,,,,,,,,,,,,,14799,,,,,,,,,,,,,,,"Barnes, Erik",0.484,0.043,0.0,0.809,45.453,-0.146,47.0,2026-07-06 14:43:23 UTC,last 24 months
2026-07-13T05:31:47+00:00,,,,,,,,,,,,,,,,,,,,,,15473,,,,,,,,,,,,,,,"Long, Adam",0.578,0.083,1.0,0.958,44.773,0.032,24.0,2026-07-06 14:43:23 UTC,last 24 months
2026-07-13T05:31:47+00:00,,,,,,,,,,,,,,,,,,,,,,15852,,,,,,,,,,,,,,,"Kraft, Kelly",0.367,0.0,0.0,0.912,46.384,-0.087,34.0,2026-07-06 14:43:23 UTC,last 24 months
2026-07-13T05:31:47+00:00,,,,,,,,,,,,,,,0.728,0.083,1.0,0.833,23.412,-0.158,24.0,16713,,,,,,,,,,,,,,,"Lindheim, Nicholas",0.455,0.088,0.0,0.941,38.912,0.014,34.0,2026-07-06 14:43:23 UTC,last 24 months
2026-07-13T05:31:47+00:00,,,,,,,,,,,,,,,,,,,,,,16896,,,,,,,,,,,,,,,"Kruyswijk, Jacques",0.628,0.091,1.0,1.0,32.015,0.12,22.0,2026-07-06 14:43:23 UTC,last 24 months
2026-07-13T05:31:47+00:00,,,,,,,,,,,,,,,,,,,,,,17081,,,,,,,,,,,,,,,"Sharma, Shubhankar",0.453,0.0,1.0,1.0,45.619,-0.05,21.0,2026-07-06 14:43:23 UTC,last 24 months
2026-07-13T05:31:47+00:00,,,,,,,,,,,,,,,,,,,,,,17357,,,,,,,,,,,,,,,"Migliozzi, Guido",0.666,0.214,1.0,1.0,29.48,0.221,28.0,2026-07-06 14:43:23 UTC,last 24 months
2026-07-13T05:31:47+00:00,0.768,0.047,1.0,0.919,23.596,-0.029,86.0,,,,,,,,0.696,0.111,1.0,0.815,21.809,-0.063,27.0,17508,,,,,,,,,,,,,,,"Gribble, Cody",0.459,0.048,0.0,0.881,45.914,-0.055,42.0,2026-07-06 14:43:23 UTC,last 24 months
2026-07-13T05:31:47+00:00,,,,,,,,,,,,,,,0.765,0.077,1.0,0.885,21.774,-0.099,26.0,19538,,,,,,,,,,,,,,,"Vincent, Kieran",0.59,0.0,0.0,0.967,43.944,-0.086,30.0,2026-07-06 14:43:23 UTC,last 24 months
2026-07-13T05:31:47+00:00,0.738,0.034,1.0,0.874,24.575,-0.081,87.0,,,,,,,,,,,,,,,19620,,,,,,,,,,,,,,,"Pereda, Raul",0.424,0.03,0.0,0.939,49.879,-0.13,33.0,2026-07-06 14:43:23 UTC,last 24 months
2026-07-13T05:31:47+00:00,,,,,,,,,,,,,,,,,,,,,,22981,,,,,,,,,,,,,,,"Matthews, Brandon",0.491,0.0,1.0,0.957,46.77,-0.033,23.0,2026-07-06 14:43:23 UTC,last 24 months
2026-07-13T05:31:47+00:00,,,,,,,,,,,,,,,,,,,,,,23599,,,,,,,,,,,,,,,"Westmoreland, Kyle",0.45,0.077,1.0,0.885,52.359,-0.022,26.0,2026-07-06 14:43:23 UTC,last 24 months
2026-07-13T05:31:47+00:00,,,,,,,,,,,,,,,,,,,,,,25318,,,,,,,,,,,,,,,"Musselman, Cooper",0.482,0.095,1.0,0.952,43.688,-0.043,21.0,2026-07-06 14:43:23 UTC,last 24 months
2026-07-13T05:31:47+00:00,,,,,,,,,,,,,,,,,,,,,,26745,,,,,,,,,,,,,,,"Chacarra, Eugenio",0.648,0.1,0.0,1.0,31.032,0.108,40.0,2026-07-06 14:43:23 UTC,last 24 months
2026-07-13T05:31:47+00:00,,,,,,,,,,,,,,,,,,,,,,26913,,,,,,,,,,,,,,,"Phillips, Trent",0.646,0.074,1.0,1.0,35.623,0.071,27.0,2026-07-06 14:43:23 UTC,last 24 months
2026-07-13T05:31:47+00:00,,,,,,,,,,,,,,,,,,,,,,27870,,,,,,,,,,,,,,,"Coody, Parker",0.506,0.103,1.0,0.966,48.605,-0.031,29.0,2026-07-06 14:43:23 UTC,last 24 months
2026-07-13T05:31:47+00:00,,,,,,,,,,,,,,,,,,,,,,31027,,,,,,,,,,,,,,,"Shattuck, Braden",0.564,0.031,0.0,0.938,38.591,-0.084,32.0,2026-07-06 14:43:23 UTC,last 24 months
2026-07-13T05:31:47+00:00,,,,,,,,,,,,,,,,,,,,,,32260,,,,,,,,,,,,,,,"McCulloch, Ashton",0.512,0.048,1.0,0.905,42.682,0.027,21.0,2026-07-06 14:43:23 UTC,last 24 months
