pulled_at,calendar_year,date,event_id,event_name,sg_categories,tour,traditional_stats
2026-07-13T05:31:47+00:00,2026,2026-07-12,9,Explore NB Open,no,pta,no
2026-07-13T05:31:47+00:00,2026,2026-07-12,518,ISCO Championship,yes,pga,yes
2026-07-13T05:31:47+00:00,2026,2026-07-12,541,Genesis Scottish Open,yes,pga,yes
2026-07-13T05:31:47+00:00,2026,2026-07-12,130,The Blue Championship,no,kft,no
2026-07-13T05:31:47+00:00,2026,2026-07-12,507,Kaulig Companies Championship,no,champ,no
2026-07-13T05:31:47+00:00,2026,2026-07-12,2026324,German Challenge powered by VcG,no,cha,no
2026-07-13T05:31:47+00:00,2026,2026-07-11,11458,Alps de Las Castillas,no,alp,no
2026-07-13T05:31:47+00:00,2026,2026-07-11,11465,Ever Glory ADT Open,no,adt,no
2026-07-13T05:31:47+00:00,2026,2026-07-10,11464,Juchi Golf Challenge Tournament,no,atvt,no
2026-07-13T05:31:47+00:00,2026,2026-07-09,11460,The Hertfordshire Classic,no,cpt,no
2026-07-13T05:31:47+00:00,2026,2026-07-09,11467,SDT-EAS 4 ABSA Invitational,no,bet,no
2026-07-13T05:31:47+00:00,2026,2026-07-07,11461,Blairgowrie Perthshire Masters presented by The R&A,no,tpt,no
2026-07-13T05:31:47+00:00,2026,2026-07-05,11447,JAPAN PLAYERS CHAMPIONSHIP by Satosyokuhin,no,jpn,no
2026-07-13T05:31:47+00:00,2026,2026-07-05,30,John Deere Classic,yes,pga,yes
2026-07-13T05:31:47+00:00,2026,2026-07-05,2026351,Le Vaudreuil Golf Challenge,no,cha,no
2026-07-13T05:31:47+00:00,2026,2026-07-05,512,U.S. Senior Open Championship,no,champ,no
2026-07-13T05:31:47+00:00,2026,2026-07-05,2026124,BMW International Open,no,euro,no
2026-07-13T05:31:47+00:00,2026,2026-07-04,11449,Fred. Olsen Alps de La Gomera,no,alp,no
2026-07-13T05:31:47+00:00,2026,2026-07-04,11450,ThreeBond TPGA Challenge Tour - Dingyue Jipin Open,no,tpga,no
2026-07-13T05:31:47+00:00,2026,2026-07-03,11453,MoreGolf Mastercard Stockholm,no,ngl,no
2026-07-13T05:31:47+00:00,2026,2026-07-03,11452,Gradi Polish Open,no,pgt,no
2026-07-13T05:31:47+00:00,2026,2026-07-03,11451,Cardrona Classic,no,tpt,no
2026-07-13T05:31:47+00:00,2026,2026-07-02,11454,BETWAY Big Easy Tour 5,no,bet,no
2026-07-13T05:31:47+00:00,2026,2026-06-28,11441,Bangkok Classic,no,adt,no
2026-07-13T05:31:47+00:00,2026,2026-06-28,19,Blue Cross and Blue Shield of Kansas Wichita Open presented by Syndeo,no,pta,no
2026-07-13T05:31:47+00:00,2026,2026-06-28,34,Travelers Championship,yes,pga,yes
2026-07-13T05:31:47+00:00,2026,2026-06-28,11442,KPGA Gunsan CC Open,no,kor,no
2026-07-13T05:31:47+00:00,2026,2026-06-28,2026323,Blot Play9,no,cha,no
2026-07-13T05:31:47+00:00,2026,2026-06-28,122,Memorial Health Championship presented by LRS,no,kft,no
2026-07-13T05:31:47+00:00,2026,2026-06-28,2026123,DS Automobiles 83° Open d’Italia,no,euro,no
2026-07-13T05:31:47+00:00,2026,2026-06-28,8,DICK'S Open,no,champ,no
2026-07-13T05:31:47+00:00,2026,2026-06-27,11433,UGolf Aravell Andorra Open,no,alp,no
2026-07-13T05:31:47+00:00,2026,2026-06-26,11436,Newmachar Classic presented by Barr Demolition,no,tpt,no
2026-07-13T05:31:47+00:00,2026,2026-06-26,11435,PGA of Sweden Championship,no,ngl,no
2026-07-13T05:31:47+00:00,2026,2026-06-26,11440,Minami Akita CC Michinoku Challenge Tournament,no,atvt,no
2026-07-13T05:31:47+00:00,2026,2026-06-26,11443,BETWAY Big Easy Tour 4,no,bet,no
2026-07-13T05:31:47+00:00,2026,2026-06-25,11434,VcG Neuhof Open,no,pgt,no
2026-07-13T05:31:47+00:00,2026,2026-06-21,26,U.S. Open,yes,pga,yes
2026-07-13T05:31:47+00:00,2026,2026-06-21,2026320,English Open supported by HotelPlanner,no,cha,no
2026-07-13T05:31:47+00:00,2026,2026-06-21,11428,KCM Golf Challenge,no,afr,no
2026-07-13T05:31:47+00:00,2026,2026-06-21,11427,Hana Bank Invitational,no,kor,no
2026-07-13T05:31:47+00:00,2026,2026-06-20,11426,DigiPlus Philippine ADT Open,no,adt,no
2026-07-13T05:31:47+00:00,2026,2026-06-19,11425,i Golf Shaper Challenge in Chikushigaoka,no,atvt,no
2026-07-13T05:31:47+00:00,2026,2026-06-19,11422,GolfPromote 25th Anniversary Open,no,ngl,no
2026-07-13T05:31:47+00:00,2026,2026-06-18,11423,Stromberg Masters,no,cpt,no
2026-07-13T05:31:47+00:00,2026,2026-06-17,11424,Portlethen Classic presented by Entier,no,tpt,no
2026-07-13T05:31:47+00:00,2026,2026-06-16,11429,SDT-EAS 3 Kabete Challenge @ Vet Lab Spots Club,no,bet,no
2026-07-13T05:31:47+00:00,2026,2026-06-16,11421,VcG Köln Open,no,pgt,no
2026-07-13T05:31:47+00:00,2026,2026-06-14,173,OccuNet Classic presented by Amarillo National Bank,no,kft,no
2026-07-13T05:31:47+00:00,2026,2026-06-14,2026319,Interwetten Open,no,cha,no
2026-07-13T05:31:47+00:00,2026,2026-06-14,608,Principal Charity Classic,no,champ,no
2026-07-13T05:31:47+00:00,2026,2026-06-14,11414,International Series Morocco presented by Visit Morocco,no,asa,no
2026-07-13T05:31:47+00:00,2026,2026-06-14,6,Inter Rapidisimo Golf Championship,no,pta,no
2026-07-13T05:31:47+00:00,2026,2026-06-14,32,RBC Canadian Open,yes,pga,yes
2026-07-13T05:31:47+00:00,2026,2026-06-14,11417,The Mopani Zambia Open,no,afr,no
2026-07-13T05:31:47+00:00,2026,2026-06-13,11410,Alps Andalucia-Roquetas de Mar,no,alp,no
2026-07-13T05:31:47+00:00,2026,2026-06-12,11409,Indoor Golf Group Göteborg Open,no,ngl,no
2026-07-13T05:31:47+00:00,2026,2026-06-12,11408,Motocaddy Championship at Bishops Stortford,no,cpt,no
2026-07-13T05:31:47+00:00,2026,2026-06-12,11407,LANDIC CHALLENGE 13,no,atvt,no
2026-07-13T05:31:47+00:00,2026,2026-06-11,11406,VcG Bodensee Open,no,pgt,no
2026-07-13T05:31:47+00:00,2026,2026-06-09,11418,SDT-EAS 2 NCBA Royal Classic,no,bet,no
2026-07-13T05:31:47+00:00,2026,2026-06-07,11396,am green IGPL Bharath Classic,no,asa,no
2026-07-13T05:31:47+00:00,2026,2026-06-07,37,BMW Charity Pro-Am Presented by TD SYNNEX,no,kft,no
2026-07-13T05:31:47+00:00,2026,2026-06-07,1,Mexico Championship presented by Scotia Wealth Management,no,pta,no
2026-07-13T05:31:47+00:00,2026,2026-06-07,11405,Open de la Mirabelle d'Or,no,alp,no
2026-07-13T05:31:47+00:00,2026,2026-06-07,62,Andalucia,yes,liv,basic
2026-07-13T05:31:47+00:00,2026,2026-06-07,23,the Memorial Tournament presented by Workday,yes,pga,yes
2026-07-13T05:31:47+00:00,2026,2026-06-07,11395,The 69th KPGA Championship with A-ONE CC,no,kor,no
2026-07-13T05:31:47+00:00,2026,2026-06-07,11394,BMW Japan Golf Tour Championship Mori Building Cup,no,jpn,no
2026-07-13T05:31:47+00:00,2026,2026-06-07,2026121,KLM Open,no,euro,no
2026-07-13T05:31:47+00:00,2026,2026-06-07,11399,Shanghai Open,no,chn,no
2026-07-13T05:31:47+00:00,2026,2026-06-07,2026316,Swiss Challenge,no,cha,no
2026-07-13T05:31:47+00:00,2026,2026-06-06,11400,ThreeBond TPGA Challenge Tour - Mizuno Open,no,tpga,no
2026-07-13T05:31:47+00:00,2026,2026-06-05,11402,CADDY COMPS CHAMPIONSHIP | GLORIA,no,cpt,no
2026-07-13T05:31:47+00:00,2026,2026-06-05,11401,Samsø Festival Pro-Am,no,ngl,no
2026-07-13T05:31:47+00:00,2026,2026-06-04,11403,Raiffeisen Pro Golf Tour St. Pölten,no,pgt,no
2026-07-13T05:31:47+00:00,2026,2026-06-04,11404,BETWAY Big Easy Tour 3,no,bet,no
2026-07-13T05:31:47+00:00,2026,2026-05-31,2026120,Austrian Alpine Open presented by Kitzbühel Tirol,no,euro,no
2026-07-13T05:31:47+00:00,2026,2026-05-31,11380,Gate Way To The Open Mizuno Open,no,jpn,no
2026-07-13T05:31:47+00:00,2026,2026-05-31,11382,am green IGPL Morocco Rising Stars,no,adt,no
2026-07-13T05:31:47+00:00,2026,2026-05-31,48,UNC Health Championship,no,kft,no
2026-07-13T05:31:47+00:00,2026,2026-05-31,21,Charles Schwab Challenge,yes,pga,yes
2026-07-13T05:31:47+00:00,2026,2026-05-31,61,Korea,yes,liv,basic
2026-07-13T05:31:47+00:00,2026,2026-05-31,2026315,Challenge de España,no,cha,no
2026-07-13T05:31:47+00:00,2026,2026-05-31,11383,Singha all Thailand Championship,no,atgt,no
2026-07-13T05:31:47+00:00,2026,2026-05-30,11388,Tour Championship,no,mex,no
2026-07-13T05:31:47+00:00,2026,2026-05-30,11373,Open de Roissy PGA France,no,alp,no
2026-07-13T05:31:47+00:00,2026,2026-05-30,11384,Chau-Shi Series GIANT Open,no,tpga,no
2026-07-13T05:31:47+00:00,2026,2026-05-29,11387,The Sedin Open by On the Tee Slovakia,no,pgt,no
2026-07-13T05:31:47+00:00,2026,2026-05-29,11381,Taiheiyo Club Challenge Tournament,no,atvt,no
2026-07-13T05:31:47+00:00,2026,2026-05-28,11376,Rapsodo Championship,no,cpt,no
2026-07-13T05:31:47+00:00,2026,2026-05-28,11385,BETWAY Big Easy Tour 2,no,bet,no
2026-07-13T05:31:47+00:00,2026,2026-05-27,11377,Southerness Classic presented by Alistair Brown International,no,tpt,no
2026-07-13T05:31:47+00:00,2026,2026-05-24,2026119,Soudal Open,no,euro,no
2026-07-13T05:31:47+00:00,2026,2026-05-24,11364,Kolon The 68th KOREA Open,no,asa,no
2026-07-13T05:31:47+00:00,2026,2026-05-24,11365,Japan PGA Championship Senko Group Cup,no,jpn,no
2026-07-13T05:31:47+00:00,2026,2026-05-24,5,KIA Open de Ecuador presentado por Diners Club,no,pta,no
2026-07-13T05:31:47+00:00,2026,2026-05-24,2026314,Danish Golf Challenge,no,cha,no
2026-07-13T05:31:47+00:00,2026,2026-05-24,11,Visit Knoxville Open,no,kft,no
2026-07-13T05:31:47+00:00,2026,2026-05-24,11368,HONGYUNLANG·Nanjing Open,no,chn,no
2026-07-13T05:31:47+00:00,2026,2026-05-24,19,THE CJ CUP Byron Nelson,yes,pga,yes
2026-07-13T05:31:47+00:00,2026,2026-05-23,11369,Lacanau Alps Open,no,alp,no
2026-07-13T05:31:47+00:00,2026,2026-05-23,11370,Cutter & Buck Fjällbacka Open,no,ngl,no
2026-07-13T05:31:47+00:00,2026,2026-05-23,624,Trophy Hassan II,no,champ,no
2026-07-13T05:31:47+00:00,2026,2026-05-22,11367,SunBet Challenge hosted by Sun Boardwalk,no,afr,no
2026-07-13T05:31:47+00:00,2026,2026-05-17,2026311,Challenge de Catalunya,no,cha,no
2026-07-13T05:31:47+00:00,2026,2026-05-17,11351,Madaëf Golfs Open,no,pgt,no
2026-07-13T05:31:47+00:00,2026,2026-05-17,11348,Singha Laguna Phuket Open,no,atgt,no
2026-07-13T05:31:47+00:00,2026,2026-05-17,33,PGA Championship,yes,pga,yes
2026-07-13T05:31:47+00:00,2026,2026-05-17,11358,Kit Kat Cash & Carry Pro-Am,no,afr,no
2026-07-13T05:31:47+00:00,2026,2026-05-17,11346,KPGA Gyeongbuk Open,no,kor,no
2026-07-13T05:31:47+00:00,2026,2026-05-17,11349,Sun Flower & TPGA Championship,no,tpga,no
2026-07-13T05:31:47+00:00,2026,2026-05-17,11350,Straits Cup Xiamen Open,no,chn,no
2026-07-13T05:31:47+00:00,2026,2026-05-17,4,Diners Club Peru Open,no,pta,no
2026-07-13T05:31:47+00:00,2026,2026-05-17,172,Colonial Life Charity Classic,no,kft,no
2026-07-13T05:31:47+00:00,2026,2026-05-17,11345,Kansai Open Golf Championship,no,jpn,no
2026-07-13T05:31:47+00:00,2026,2026-05-16,11357,Gösser Open,no,alp,no
2026-07-13T05:31:47+00:00,2026,2026-05-16,11355,Pro Golf Tour Océan,no,pgt,no
2026-07-13T05:31:47+00:00,2026,2026-05-15,11356,Montrose Links Masters,no,tpt,no
2026-07-13T05:31:47+00:00,2026,2026-05-15,11354,BETWAY Big Easy Tour 1,no,bet,no
2026-07-13T05:31:47+00:00,2026,2026-05-14,11353,Gamle Fredrikstad Open,no,ngl,no
2026-07-13T05:31:47+00:00,2026,2026-05-14,11352,Crondon Park Classic,no,cpt,no
2026-07-13T05:31:47+00:00,2026,2026-05-10,2026310,Italian Challenge Open,no,cha,no
2026-07-13T05:31:47+00:00,2026,2026-05-10,2026117,Estrella Damm Catalunya Championship,no,euro,no
2026-07-13T05:31:47+00:00,2026,2026-05-10,60,Virginia,yes,liv,basic
2026-07-13T05:31:47+00:00,2026,2026-05-10,11359,FBC ZIM Open,no,afr,no
2026-07-13T05:31:47+00:00,2026,2026-05-10,553,ONEflight Myrtle Beach Classic,yes,pga,yes
2026-07-13T05:31:47+00:00,2026,2026-05-10,11335,Taiwan Glass Taifong Open,no,asa,no
2026-07-13T05:31:47+00:00,2026,2026-05-10,480,Truist Championship,yes,pga,yes
2026-07-13T05:31:47+00:00,2026,2026-05-10,11337,KPGA Founders Cup,no,kor,no
2026-07-13T05:31:47+00:00,2026,2026-05-10,615,Insperity Invitational,no,champ,no
2026-07-13T05:31:47+00:00,2026,2026-05-09,11341,JAPAN PLAYERS CHAMPIONSHIP CHALLENGE in FUKUI,no,atvt,no
2026-07-13T05:31:47+00:00,2026,2026-05-09,11338,ADT Players Championship presented by The R&A,no,adt,no
2026-07-13T05:31:47+00:00,2026,2026-05-08,11340,Royal Unibrew Championship @ Royal Oak,no,ngl,no
2026-07-13T05:31:47+00:00,2026,2026-05-07,11339,Caddy Comps Trophy,no,cpt,no
2026-07-13T05:31:47+00:00,2026,2026-05-03,11322,The 45th GS Caltex Maekyung Open,no,asa,no
2026-07-13T05:31:47+00:00,2026,2026-05-03,556,Cadillac Championship,yes,pga,yes
2026-07-13T05:31:47+00:00,2026,2026-05-03,2026116,Turkish Airlines Open,no,euro,no
2026-07-13T05:31:47+00:00,2026,2026-05-03,558,Regions Tradition,no,champ,no
2026-07-13T05:31:47+00:00,2026,2026-05-03,11321,The Crowns,no,jpn,no
2026-07-13T05:31:47+00:00,2026,2026-05-03,11323,Singha Championship,no,atgt,no
2026-07-13T05:31:47+00:00,2026,2026-05-02,11324,Miglianico Alps Open,no,alp,no
2026-07-13T05:31:47+00:00,2026,2026-05-01,11325,Big Green Egg Blekinge Open,no,ngl,no
2026-07-13T05:31:47+00:00,2026,2026-04-30,11327,Haugschlag NÖ Open,no,pgt,no
2026-07-13T05:31:47+00:00,2026,2026-04-30,11326,Royal Dornoch Masters,no,tpt,no
2026-07-13T05:31:47+00:00,2026,2026-04-30,11329,Betway Big Easy Blu Label Unlimited Invitational 2,no,bet,no
2026-07-13T05:31:47+00:00,2026,2026-04-30,11328,Ashburnham,no,cpt,no
2026-07-13T05:31:47+00:00,2026,2026-04-26,11312,Singapore Open presented by The Business Times,no,asa,no
2026-07-13T05:31:47+00:00,2026,2026-04-26,2026115,Volvo China Open,no,euro,no
2026-07-13T05:31:47+00:00,2026,2026-04-26,3,94 Abierto del Centro Zurich presentado por Personal,no,pta,no
2026-07-13T05:31:47+00:00,2026,2026-04-26,11308,The Allegria Open,no,alp,no
2026-07-13T05:31:47+00:00,2026,2026-04-26,18,Zurich Classic of New Orleans,yes,pga,basic
2026-07-13T05:31:47+00:00,2026,2026-04-26,11311,MAEZAWA CUP,no,jpn,no
2026-07-13T05:31:47+00:00,2026,2026-04-26,11315,Woori Financial Group Championship,no,kor,no
2026-07-13T05:31:47+00:00,2026,2026-04-26,15,Mitsubishi Electric Classic,no,champ,no
2026-07-13T05:31:47+00:00,2026,2026-04-25,11317,CALIENTE.MX Open,no,mex,no
2026-07-13T05:31:47+00:00,2026,2026-04-25,11313,Singha-SAT ADT Hua Hin Championship,no,adt,no
2026-07-13T05:31:47+00:00,2026,2026-04-24,11314,DP World PGTI Players Championship,no,pgti,no
2026-07-13T05:31:47+00:00,2026,2026-04-23,11316,Betway Big Easy Blu Label Unlimited Invitational 1,no,bet,no
2026-07-13T05:31:47+00:00,2026,2026-04-21,11307,Dreamland Open,no,alp,no
2026-07-13T05:31:47+00:00,2026,2026-04-21,11318,SunDev EA 1 Thika Sports Club,no,bet,no
2026-07-13T05:31:47+00:00,2026,2026-04-19,59,Mexico City,yes,liv,basic
2026-07-13T05:31:47+00:00,2026,2026-04-19,11303,Lanting Shaoxing Open,no,chn,no
2026-07-13T05:31:47+00:00,2026,2026-04-19,11295,Sand Valley Spring Series Championship,no,ngl,no
2026-07-13T05:31:47+00:00,2026,2026-04-19,520,Senior PGA Championship,no,champ,no
2026-07-13T05:31:47+00:00,2026,2026-04-19,11302,The 21st DB Insurance Promy Open,no,kor,no
2026-07-13T05:31:47+00:00,2026,2026-04-19,12,RBC Heritage,yes,pga,yes
2026-07-13T05:31:47+00:00,2026,2026-04-19,2,71st ECP Brazil Open,no,pta,no
2026-07-13T05:31:47+00:00,2026,2026-04-19,171,Tulum Championship at PGA Riviera Maya,no,kft,no
2026-07-13T05:31:47+00:00,2026,2026-04-18,11304,Mediclinic Invitational,no,afr,no
2026-07-13T05:31:47+00:00,2026,2026-04-17,11300,NEWTUS Cup in TONE PARK GOLF,no,atvt,no
2026-07-13T05:31:47+00:00,2026,2026-04-17,11301,Boulders Classic,no,pgti,no
2026-07-13T05:31:47+00:00,2026,2026-04-16,11296,Motocaddy Masters,no,cpt,no
2026-07-13T05:31:47+00:00,2026,2026-04-14,11293,Red Sea Egyptian Classic,no,pgt,no
2026-07-13T05:31:47+00:00,2026,2026-04-13,11294,ECCO Tour Sand Valley Masters,no,ngl,no
2026-07-13T05:31:47+00:00,2026,2026-04-12,14,Masters Tournament,yes,pga,yes
2026-07-13T05:31:47+00:00,2026,2026-04-12,11291,Token Homemate Cup,no,jpn,no
2026-07-13T05:31:47+00:00,2026,2026-04-12,11292,China Sports Lottery·Chongqing Open,no,chn,no
2026-07-13T05:31:47+00:00,2026,2026-04-11,11289,Sand Valley Open,no,ngl,no
2026-07-13T05:31:47+00:00,2026,2026-04-11,11288,Villa Paradiso Alps Open,no,alp,no
2026-07-13T05:31:47+00:00,2026,2026-04-10,11290,Andhra Open Golf Championship,no,pgti,no
2026-07-13T05:31:47+00:00,2026,2026-04-09,11287,Red Sea Ain Sokhna Open,no,pgt,no
2026-07-13T05:31:47+00:00,2026,2026-04-05,11285,Singha Chiang Mai Open,no,atgt,no
2026-07-13T05:31:47+00:00,2026,2026-04-05,41,Valero Texas Open,yes,pga,yes
2026-07-13T05:31:47+00:00,2026,2026-04-05,129,LECOM Suncoast Classic,no,kft,no
2026-07-13T05:31:47+00:00,2026,2026-04-05,11284,International Series Japan,no,asa,no
2026-07-13T05:31:47+00:00,2026,2026-04-03,11283,Novil Cup,no,atvt,no
2026-07-13T05:31:47+00:00,2026,2026-03-29,11278,The National Tournament,no,anz,no
2026-07-13T05:31:47+00:00,2026,2026-03-29,573,Hoag Classic Newport Beach,no,champ,no
2026-07-13T05:31:47+00:00,2026,2026-03-29,2026113,Hero Indian Open,no,euro,no
2026-07-13T05:31:47+00:00,2026,2026-03-29,11279,The Courier Guy Playoffs : DNi Tour Championship presented by RMB,no,afr,no
2026-07-13T05:31:47+00:00,2026,2026-03-29,128,Club Car Championship at The Landings Golf & Athletic Club,no,kft,no
2026-07-13T05:31:47+00:00,2026,2026-03-29,20,Texas Children's Houston Open,yes,pga,yes
2026-07-13T05:31:47+00:00,2026,2026-03-28,11280,CHAU-SHI Series - Chang Wah Open,no,tpga,no
2026-07-13T05:31:47+00:00,2026,2026-03-22,18,Cologuard Classic,no,champ,no
2026-07-13T05:31:47+00:00,2026,2026-03-22,2026112,Hainan Classic presented by MAEXTRO,no,euro,no
2026-07-13T05:31:47+00:00,2026,2026-03-22,2026348,PGTI Open,no,cha,no
2026-07-13T05:31:47+00:00,2026,2026-03-22,58,South Africa,yes,liv,basic
2026-07-13T05:31:47+00:00,2026,2026-03-22,475,Valspar Championship,yes,pga,yes
2026-07-13T05:31:47+00:00,2026,2026-03-21,11274,VIII Copa Prissa,no,mex,no
2026-07-13T05:31:47+00:00,2026,2026-03-19,11268,Nam A Bank Vietnam Masters,no,adt,no
2026-07-13T05:31:47+00:00,2026,2026-03-19,11269,BETWAY Big Easy Tour Final,no,bet,no
2026-07-13T05:31:47+00:00,2026,2026-03-15,11263,Indorama Ventures Open Golf Championship,no,pgti,no
2026-07-13T05:31:47+00:00,2026,2026-03-15,11264,Guangdong Open,no,chn,no
2026-07-13T05:31:47+00:00,2026,2026-03-15,11,THE PLAYERS Championship,yes,pga,yes
2026-07-13T05:31:47+00:00,2026,2026-03-15,57,Singapore,yes,liv,basic
2026-07-13T05:31:47+00:00,2026,2026-03-15,11265,Heritage Classic,no,anz,no
2026-07-13T05:31:47+00:00,2026,2026-03-15,11266,The Courier Guy Playoffs : The Serengeti Playoffs,no,afr,no
2026-07-13T05:31:47+00:00,2026,2026-03-08,9,Arnold Palmer Invitational presented by Mastercard,yes,pga,yes
2026-07-13T05:31:47+00:00,2026,2026-03-08,2026111,Joburg Open,no,euro,no
2026-07-13T05:31:47+00:00,2026,2026-03-08,11254,ISPS HANDA Japan-Australasia Championship,no,anz,no
2026-07-13T05:31:47+00:00,2026,2026-03-08,59,James Hardie Invitational,no,champ,no
2026-07-13T05:31:47+00:00,2026,2026-03-08,107,Astara Chile Classic presented by Scotiabank,no,kft,no
2026-07-13T05:31:47+00:00,2026,2026-03-08,483,Puerto Rico Open,no,pga,basic
2026-07-13T05:31:47+00:00,2026,2026-03-08,56,Hong Kong,yes,liv,basic
2026-07-13T05:31:47+00:00,2026,2026-03-05,11259,INFINITUM Spring Series Final - by ECCO,no,ngl,no
2026-07-13T05:31:47+00:00,2026,2026-03-04,11258,Hilton Classic,no,mgt,no
2026-07-13T05:31:47+00:00,2026,2026-03-01,11241,New Giza Open,no,alp,no
2026-07-13T05:31:47+00:00,2026,2026-03-01,11250,105th New Zealand Open presented by Millbrook Resort,no,anz,no
2026-07-13T05:31:47+00:00,2026,2026-03-01,170,119 Visa Argentina Open presented by Macro,no,kft,no
2026-07-13T05:31:47+00:00,2026,2026-03-01,2026110,Investec South African Open Championship,no,euro,no
2026-07-13T05:31:47+00:00,2026,2026-03-01,10,Cognizant Classic in The Palm Beaches,yes,pga,yes
2026-07-13T05:31:47+00:00,2026,2026-03-01,11246,INFINITUM Championship,no,ngl,no
2026-07-13T05:31:47+00:00,2026,2026-02-28,11252,Al Houara Classic,no,mgt,no
2026-07-13T05:31:47+00:00,2026,2026-02-25,11245,INFINITUM ECCO Masters,no,ngl,no
2026-07-13T05:31:47+00:00,2026,2026-02-25,11242,Golf Mad Challenge,no,pgt,no
2026-07-13T05:31:47+00:00,2026,2026-02-24,11248,Red Sea Little Venice Open,no,alp,no
2026-07-13T05:31:47+00:00,2026,2026-02-22,2026109,Magical Kenya Open presented by absa,no,euro,no
2026-07-13T05:31:47+00:00,2026,2026-02-22,7,The Genesis Invitational,yes,pga,yes
2026-07-13T05:31:47+00:00,2026,2026-02-22,11237,The Quinovic New Zealand PGA Championship,no,anz,no
2026-07-13T05:31:47+00:00,2026,2026-02-22,2026304,Jonsson Workwear Durban Open,no,cha,no
2026-07-13T05:31:47+00:00,2026,2026-02-21,11232,Golf Mad Open,no,pgt,no
2026-07-13T05:31:47+00:00,2026,2026-02-20,11234,GolfStar Winter Series Forest,no,ngl,no
2026-07-13T05:31:47+00:00,2026,2026-02-20,11236,DP World Players Championship powered by Urbana,no,pgti,no
2026-07-13T05:31:47+00:00,2026,2026-02-19,11231,Ein Bay Open,no,alp,no
2026-07-13T05:31:47+00:00,2026,2026-02-16,11233,GolfStar Winter Series Dunes,no,ngl,no
2026-07-13T05:31:47+00:00,2026,2026-02-15,2026302,NTT DATA Pro-Am brought to you by Standard Bank,no,cha,no
2026-07-13T05:31:47+00:00,2026,2026-02-15,552,Chubb Classic,no,champ,no
2026-07-13T05:31:47+00:00,2026,2026-02-15,11223,Singha E-San Open,no,atgt,no
2026-07-13T05:31:47+00:00,2026,2026-02-15,55,Adelaide,yes,liv,basic
2026-07-13T05:31:47+00:00,2026,2026-02-15,5,AT&T Pebble Beach Pro-Am,yes,pga,yes
2026-07-13T05:31:47+00:00,2026,2026-02-14,11221,PKNS Selangor Masters,no,adt,no
2026-07-13T05:31:47+00:00,2026,2026-02-13,11222,DP World Players Championship,no,pgti,no
2026-07-13T05:31:47+00:00,2026,2026-02-08,11213,Webex Players Series Sydney hosted by Peter O'Malley,no,anz,no
2026-07-13T05:31:47+00:00,2026,2026-02-08,3,WM Phoenix Open,yes,pga,yes
2026-07-13T05:31:47+00:00,2026,2026-02-08,11211,Philippine Golf Championship presented by Philippine Sports Commission,no,asa,no
2026-07-13T05:31:47+00:00,2026,2026-02-08,104,Astara Golf Championship presented by Mastercard,no,kft,no
2026-07-13T05:31:47+00:00,2026,2026-02-08,2026301,CIRCA Cape Town Open,no,cha,no
2026-07-13T05:31:47+00:00,2026,2026-02-08,2026145,Qatar Masters,no,euro,no
2026-07-13T05:31:47+00:00,2026,2026-02-07,54,Riyadh,yes,liv,basic
2026-07-13T05:31:47+00:00,2026,2026-02-06,11212,Chhattisgarh Open Golf Championship,no,pgti,no
2026-07-13T05:31:47+00:00,2026,2026-02-05,11215,Egypt Golf Series Madinaty Golf Club,no,mgt,no
2026-07-13T05:31:47+00:00,2026,2026-02-01,11205,Webex Players Series Murray River in honour of Jarrod Lyle,no,anz,no
2026-07-13T05:31:47+00:00,2026,2026-02-01,4,Farmers Insurance Open,yes,pga,yes
2026-07-13T05:31:47+00:00,2026,2026-02-01,2026107,Bapco Energies Bahrain Championship,no,euro,no
2026-07-13T05:31:47+00:00,2026,2026-02-01,2026300,SDC Open,no,cha,no
2026-07-13T05:31:47+00:00,2026,2026-02-01,84,The Panama Championship,no,kft,no
2026-07-13T05:31:47+00:00,2026,2026-01-31,11204,Egypt Golf Series - Address Marassi Golf Resort 2,no,mgt,no
2026-07-13T05:31:47+00:00,2026,2026-01-29,11206,BETWAY Big Easy Tour Play Off,no,bet,no
2026-07-13T05:31:47+00:00,2026,2026-01-26,11203,Egypt Golf Series - Address Marassi Resort 1,no,mgt,no
2026-07-13T05:31:47+00:00,2026,2026-01-25,2026106,Hero Dubai Desert Classic,no,euro,no
2026-07-13T05:31:47+00:00,2026,2026-01-25,2,The American Express,yes,pga,yes
2026-07-13T05:31:47+00:00,2026,2026-01-25,11193,Cell C Challenge in Honour of Gary Player,no,afr,no
2026-07-13T05:31:47+00:00,2026,2026-01-25,11192,Webex Players Series Victoria hosted by Marcus Fraser,no,anz,no
2026-07-13T05:31:47+00:00,2026,2026-01-24,524,Mitsubishi Electric Championship at Hualalai,no,champ,no
2026-07-13T05:31:47+00:00,2026,2026-01-24,11196,El Salvador Open,no,mex,no
2026-07-13T05:31:47+00:00,2026,2026-01-22,11197,BETWAY Big Easy Tour 10,no,bet,no
2026-07-13T05:31:47+00:00,2026,2026-01-21,11195,Egypt Golf Series New Giza Golf Club,no,mgt,no
2026-07-13T05:31:47+00:00,2026,2026-01-21,125,The Bahamas Great Abaco Classic,no,kft,no
2026-07-13T05:31:47+00:00,2026,2026-01-21,11194,SunDev Absa Invitational Series - Karen Tour Final,no,bet,no
2026-07-13T05:31:47+00:00,2026,2026-01-18,11186,Vic Open,no,anz,no
2026-07-13T05:31:47+00:00,2026,2026-01-18,6,Sony Open in Hawaii,yes,pga,yes
2026-07-13T05:31:47+00:00,2026,2026-01-18,2026105,Dubai Invitational,no,euro,no
2026-07-13T05:31:47+00:00,2026,2026-01-16,11187,SunDev Absa Invitational Series - Thika Greens,no,bet,no
2026-07-13T05:31:47+00:00,2026,2026-01-14,124,The Bahamas Golf Classic at Atlantis Paradise Island,no,kft,no
2026-07-13T05:31:47+00:00,2026,2026-01-11,53,Promotions Event,no,liv,no
2026-07-13T05:31:47+00:00,2026,2026-01-11,11182,Webex Players Series Perth hosted by Minjee and Min Woo Lee,no,anz,no
2026-07-13T05:31:47+00:00,2025,2025-12-28,11180,Tata Open,no,pgti,no
2026-07-13T05:31:47+00:00,2025,2025-12-21,11177,China Tour Championship,no,chn,no
2026-07-13T05:31:47+00:00,2025,2025-12-21,2026104,AfrAsia Bank Mauritius Open,no,euro,no
2026-07-13T05:31:47+00:00,2025,2025-12-19,11181,The Jaguar Open,no,mex,no
2026-07-13T05:31:47+00:00,2025,2025-12-19,11175,CIDCO Open presented by Larson & Toubro,no,pgti,no
2026-07-13T05:31:47+00:00,2025,2025-12-19,11176,Tian Zheng Chang Wah TPGA Pro-Am Legacy Tournament,no,tpga,no
2026-07-13T05:31:47+00:00,2025,2025-12-14,11172,HONGYUNLANG · Straits Cup Xiamen Open,no,chn,no
2026-07-13T05:31:47+00:00,2025,2025-12-14,11173,Victorian PGA Championship,no,anz,no
2026-07-13T05:31:47+00:00,2025,2025-12-14,88,PGA TOUR Q-School presented by Korn Ferry,no,pga,basic
2026-07-13T05:31:47+00:00,2025,2025-12-14,2026103,Alfred Dunhill Championship,no,euro,no
2026-07-13T05:31:47+00:00,2025,2025-12-13,11170,Saudi Open presented by PIF,no,asa,no
2026-07-13T05:31:47+00:00,2025,2025-12-12,11171,Vishwa Samudra Open,no,pgti,no
2026-07-13T05:31:47+00:00,2025,2025-12-07,2026101,Crown Australian Open,no,euro,no
2026-07-13T05:31:47+00:00,2025,2025-12-07,2026102,Nedbank Golf Challenge in honour of Gary Player,no,euro,no
2026-07-13T05:31:47+00:00,2025,2025-12-07,11165,Shanghai Open,no,chn,no
2026-07-13T05:31:47+00:00,2025,2025-12-07,11162,Golf Nippon Series JT Cup,no,jpn,no
2026-07-13T05:31:47+00:00,2025,2025-12-07,478,Hero World Challenge,yes,pga,yes
2026-07-13T05:31:47+00:00,2025,2025-12-07,11164,53rd Thailand Open,no,atgt,no
2026-07-13T05:31:47+00:00,2025,2025-12-05,11163,Jaipur Open,no,pgti,no
2026-07-13T05:31:47+00:00,2025,2025-12-04,11166,Rolear Algarve Classic,no,mgt,no
2026-07-13T05:31:47+00:00,2025,2025-11-30,11153,Bharath Classic Gujarat,no,asa,no
2026-07-13T05:31:47+00:00,2025,2025-11-30,2026100,BMW Australian PGA Championship,no,euro,no
2026-07-13T05:31:47+00:00,2025,2025-11-30,11152,Casio World Open Golf Tournament,no,jpn,no
2026-07-13T05:31:47+00:00,2025,2025-11-30,11156,Fitch and Leedes PGA Championship,no,afr,no
2026-07-13T05:31:47+00:00,2025,2025-11-29,11154,Aramco Invitational Tournament,no,adt,no
2026-07-13T05:31:47+00:00,2025,2025-11-27,11157,PGA Aroeira Challenge,no,mgt,no
2026-07-13T05:31:47+00:00,2025,2025-11-23,11148,Vodacom Origins of Golf - Final Pezula Golf Estate,no,afr,no
2026-07-13T05:31:47+00:00,2025,2025-11-23,11147,Queensland PGA Championship,no,anz,no
2026-07-13T05:31:47+00:00,2025,2025-11-23,493,The RSM Classic,yes,pga,yes
2026-07-13T05:31:47+00:00,2025,2025-11-23,11145,26th Singha Thailand Masters,no,atgt,no
2026-07-13T05:31:47+00:00,2025,2025-11-23,11142,Dunlop Phoenix Tournament,no,jpn,no
2026-07-13T05:31:47+00:00,2025,2025-11-23,11146,HONGYUN LANG ·Chengdu Open,no,chn,no
2026-07-13T05:31:47+00:00,2025,2025-11-22,11143,PIF Saudi International powered by Softbank Investment Advisers,no,asa,no
2026-07-13T05:31:47+00:00,2025,2025-11-21,11151,VII Copa Multimedios Presentado por Bankaool,no,mex,no
2026-07-13T05:31:47+00:00,2025,2025-11-21,11144,Indian Oil Servo Masters,no,pgti,no
2026-07-13T05:31:47+00:00,2025,2025-11-16,11133,Mitsui Sumitomo VISA Taiheiyo Masters,no,jpn,no
2026-07-13T05:31:47+00:00,2025,2025-11-16,2025137,DP World Tour Championship,no,euro,no
2026-07-13T05:31:47+00:00,2025,2025-11-16,11138,Stella Artois Players Championship,no,afr,no
2026-07-13T05:31:47+00:00,2025,2025-11-16,539,Charles Schwab Cup Championship,no,champ,no
2026-07-13T05:31:47+00:00,2025,2025-11-16,528,Butterfield Bermuda Championship,no,pga,basic
2026-07-13T05:31:47+00:00,2025,2025-11-16,11135,NSW Open,no,anz,no
2026-07-13T05:31:47+00:00,2025,2025-11-16,11131,Taiwan Glass Taifong Open,no,asa,no
2026-07-13T05:31:47+00:00,2025,2025-11-14,11139,Trident Open,no,pgti,no
2026-07-13T05:31:47+00:00,2025,2025-11-13,11137,BETWAY Big Easy Tour 9,no,bet,no
2026-07-13T05:31:47+00:00,2025,2025-11-12,2025715,DP World Tour Qualifying (Final Stage),no,euro,no
2026-07-13T05:31:47+00:00,2025,2025-11-11,11136,SunDev Betika Masters @ Limuru,no,bet,no
2026-07-13T05:31:47+00:00,2025,2025-11-09,11124,Moutai Singapore Open,no,asa,no
2026-07-13T05:31:47+00:00,2025,2025-11-09,11126,KPGA TOUR Championship in JEJU,no,kor,no
2026-07-13T05:31:47+00:00,2025,2025-11-09,2025136,Abu Dhabi HSBC Championship,no,euro,no
2026-07-13T05:31:47+00:00,2025,2025-11-09,11123,ACN Championship Golf Tournament,no,jpn,no
2026-07-13T05:31:47+00:00,2025,2025-11-09,11127,Singha Classic,no,atgt,no
2026-07-13T05:31:47+00:00,2025,2025-11-09,11128,The Hyundai Open,no,afr,no
2026-07-13T05:31:47+00:00,2025,2025-11-09,457,World Wide Technology Championship,no,pga,basic
2026-07-13T05:31:47+00:00,2025,2025-11-07,11125,Egypt Golf Series - Red Sea Open,no,adt,no
2026-07-13T05:31:47+00:00,2025,2025-11-05,11130,BETWAY Big Easy Blu Label Unlimited Invitational 5,no,bet,no
2026-07-13T05:31:47+00:00,2025,2025-11-04,11129,SunDev Betika Masters @ Vetlab,no,bet,no
2026-07-13T05:31:47+00:00,2025,2025-11-02,11118,Lexus Masters,no,kor,no
2026-07-13T05:31:47+00:00,2025,2025-11-02,11117,FORTINET PLAYERS CUP,no,jpn,no
2026-07-13T05:31:47+00:00,2025,2025-11-02,2025345,Rolex Grand Final supported by The R&A,no,cha,no
2026-07-13T05:31:47+00:00,2025,2025-11-02,11114,Link Hong Kong Open,no,asa,no
2026-07-13T05:31:47+00:00,2025,2025-11-02,11116,HONGYUN LANG · WANNING OPEN,no,chn,no
2026-07-13T05:31:47+00:00,2025,2025-11-01,11113,Egyptian Open,no,adt,no
2026-07-13T05:31:47+00:00,2025,2025-10-31,11120,Poona Club Open,no,pgti,no
2026-07-13T05:31:47+00:00,2025,2025-10-30,11119,BETWAY Big Easy Tour 8,no,bet,no
2026-07-13T05:31:47+00:00,2025,2025-10-26,554,Bank of Utah Championship,yes,pga,yes
2026-07-13T05:31:47+00:00,2025,2025-10-26,11108,International Series Philippines,no,asa,no
2026-07-13T05:31:47+00:00,2025,2025-10-26,2025135,Genesis Championship,no,euro,no
2026-07-13T05:31:47+00:00,2025,2025-10-26,11110,Webex Players Series SA hosted by Greg Blewett,no,anz,no
2026-07-13T05:31:47+00:00,2025,2025-10-26,9,Simmons Bank Championship,no,champ,no
2026-07-13T05:31:47+00:00,2025,2025-10-24,11107,DELiGHTWORKS JGTO FINAL,no,atvt,no
2026-07-13T05:31:47+00:00,2025,2025-10-24,11109,SL LINK Elite Invitational,no,tpga,no
2026-07-13T05:31:47+00:00,2025,2025-10-23,11105,Clutch Tour Championship,no,cpt,no
2026-07-13T05:31:47+00:00,2025,2025-10-19,11098,ADT Players Championship presented by The R&A,no,adt,no
2026-07-13T05:31:47+00:00,2025,2025-10-19,11096,Japan Open Golf Championship,no,jpn,no
2026-07-13T05:31:47+00:00,2025,2025-10-19,11099,The Charity Classic,no,kor,no
2026-07-13T05:31:47+00:00,2025,2025-10-19,11097,SJM Macao Open,no,asa,no
2026-07-13T05:31:47+00:00,2025,2025-10-19,2025141,DP World India Championship,no,euro,no
2026-07-13T05:31:47+00:00,2025,2025-10-19,623,Dominion Energy Charity Classic,no,champ,no
2026-07-13T05:31:47+00:00,2025,2025-10-19,11101,Fortress Invitational,no,afr,no
2026-07-13T05:31:47+00:00,2025,2025-10-19,11100,Nexus Advisernet Bowra & O'Dea WA Open,no,anz,no
2026-07-13T05:31:47+00:00,2025,2025-10-19,2025339,Hangzhou Open,no,cha,no
2026-07-13T05:31:47+00:00,2025,2025-10-18,11103,Abierto Del Bajío,no,mex,no
2026-07-13T05:31:47+00:00,2025,2025-10-18,11092,Alps Tour Grand Final,no,alp,no
2026-07-13T05:31:47+00:00,2025,2025-10-17,11093,Road to Europe Final by Sparekassen Danmark,no,ngl,no
2026-07-13T05:31:47+00:00,2025,2025-10-16,11094,Mizuno Championship | Al Zorah,no,cpt,no
2026-07-13T05:31:47+00:00,2025,2025-10-15,11095,Trump International Tour Championship presented by Gym Rental Company,no,tpt,no
2026-07-13T05:31:47+00:00,2025,2025-10-15,11102,SunDev Royal Nairobi,no,bet,no
2026-07-13T05:31:47+00:00,2025,2025-10-12,11088,The CKB WA PGA Championship presented by TX Civil & Logistics,no,anz,no
2026-07-13T05:31:47+00:00,2025,2025-10-12,2025134,Open de España presented by Madrid,no,euro,no
2026-07-13T05:31:47+00:00,2025,2025-10-12,609,SAS Championship,no,champ,no
2026-07-13T05:31:47+00:00,2025,2025-10-12,45,Korn Ferry Tour Championship presented by United Leasing & Finance,no,kft,no
2026-07-13T05:31:47+00:00,2025,2025-10-12,11089,Limpopo Championship,no,afr,no
2026-07-13T05:31:47+00:00,2025,2025-10-12,2025338,Hainan Open,no,cha,no
2026-07-13T05:31:47+00:00,2025,2025-10-12,527,Baycurrent Classic,no,pga,basic
2026-07-13T05:31:47+00:00,2025,2025-10-11,11079,Parma Alps Open,no,alp,no
2026-07-13T05:31:47+00:00,2025,2025-10-10,11085,elite grips challenge,no,atvt,no
2026-07-13T05:31:47+00:00,2025,2025-10-10,11087,Bengaluru Open,no,pgti,no
2026-07-13T05:31:47+00:00,2025,2025-10-10,11086,Nam A Bank Vietnam Masters,no,adt,no
2026-07-13T05:31:47+00:00,2025,2025-10-09,11081,Destination Gotland Open,no,ngl,no
2026-07-13T05:31:47+00:00,2025,2025-10-08,11082,Duddingston Classic presented by Barr Demolition,no,tpt,no
2026-07-13T05:31:47+00:00,2025,2025-10-06,11080,Castanea Resort Championship,no,pgt,no
2026-07-13T05:31:47+00:00,2025,2025-10-05,166,Compliance Solutions Championship,no,kft,no
2026-07-13T05:31:47+00:00,2025,2025-10-05,11071,Jakarta International Championship,no,asa,no
2026-07-13T05:31:47+00:00,2025,2025-10-05,2025133,Alfred Dunhill Links Championship,no,euro,no
2026-07-13T05:31:47+00:00,2025,2025-10-05,11069,Vantelin Tokai Classic,no,jpn,no
2026-07-13T05:31:47+00:00,2025,2025-10-05,11074,BETWAY Big Easy Blu Label Unlimited Invitational 4,no,bet,no
2026-07-13T05:31:47+00:00,2025,2025-10-05,54,Sanderson Farms Championship,yes,pga,yes
2026-07-13T05:31:47+00:00,2025,2025-10-05,44,Constellation FURYK & FRIENDS,no,champ,no
2026-07-13T05:31:47+00:00,2025,2025-10-04,11073,KPGA Gyeongbuk Open,no,kor,no
2026-07-13T05:31:47+00:00,2025,2025-10-03,11075,CHAU-SHI Series Wealthy Family Open,no,tpga,no
2026-07-13T05:31:47+00:00,2025,2025-10-03,11072,Tamil Nadu Open,no,pgti,no
2026-07-13T05:31:47+00:00,2025,2025-10-03,11070,Ryo Ishikawa everyone PROJECT Challenge,no,atvt,no
2026-07-13T05:31:47+00:00,2025,2025-09-28,16,Fortinet Cup Championship,no,pta,no
2026-07-13T05:31:47+00:00,2025,2025-09-28,11056,Mercuries Taiwan Masters,no,asa,no
2026-07-13T05:31:47+00:00,2025,2025-09-28,11059,Panasonic Open Golf Championship,no,jpn,no
2026-07-13T05:31:47+00:00,2025,2025-09-28,11061,FootJoy Championship,no,ngl,no
2026-07-13T05:31:47+00:00,2025,2025-09-28,11060,Hyundai Insurance KJ Choi Invitational,no,kor,no
2026-07-13T05:31:47+00:00,2025,2025-09-28,11057,JINGPAI Wuhan Modern Land Beyond Sky Open,no,chn,no
2026-07-13T05:31:47+00:00,2025,2025-09-28,11063,Vodacom Origins of Golf - Devonvale,no,afr,no
2026-07-13T05:31:47+00:00,2025,2025-09-26,11065,Telangana Golconda Masters,no,pgti,no
2026-07-13T05:31:47+00:00,2025,2025-09-25,11058,CASTLE ROYLE MASTERS,no,cpt,no
2026-07-13T05:31:47+00:00,2025,2025-09-25,11064,Gleneagles Masters presented by Insights,no,tpt,no
2026-07-13T05:31:47+00:00,2025,2025-09-21,11045,Ruiquan Wuyishan Open,no,chn,no
2026-07-13T05:31:47+00:00,2025,2025-09-21,2025131,FedEx Open de France,no,euro,no
2026-07-13T05:31:47+00:00,2025,2025-09-21,7,Times Colonist Victoria Open presented by Andrew Sheret Limited,no,pta,no
2026-07-13T05:31:47+00:00,2025,2025-09-21,616,PURE Insurance Championship,no,champ,no
2026-07-13T05:31:47+00:00,2025,2025-09-21,11049,Golfzon OPEN,no,kor,no
2026-07-13T05:31:47+00:00,2025,2025-09-21,2025337,Italian Challenge Open,no,cha,no
2026-07-13T05:31:47+00:00,2025,2025-09-21,11047,ANA Open Golf Tournament,no,jpn,no
2026-07-13T05:31:47+00:00,2025,2025-09-21,94,Nationwide Children's Hospital Championship,no,kft,no
2026-07-13T05:31:47+00:00,2025,2025-09-21,11043,Yeangder Tournament Players Championship,no,asa,no
2026-07-13T05:31:47+00:00,2025,2025-09-19,11053,Sunbet Challenge hosted by Sun Sibaya,no,afr,no
2026-07-13T05:31:47+00:00,2025,2025-09-19,11055,Chennai Open Powered by CPCL,no,pgti,no
2026-07-13T05:31:47+00:00,2025,2025-09-18,11050,Great Northern Challenge,no,ngl,no
2026-07-13T05:31:47+00:00,2025,2025-09-18,11052,BETWAY Big Easy Tour 7,no,bet,no
2026-07-13T05:31:47+00:00,2025,2025-09-17,11054,St Andrews Classic presented by Fugro,no,tpt,no
2026-07-13T05:31:47+00:00,2025,2025-09-14,464,Procore Championship,yes,pga,yes
2026-07-13T05:31:47+00:00,2025,2025-09-14,2025336,Open de Portugal at Royal Óbidos,no,cha,no
2026-07-13T05:31:47+00:00,2025,2025-09-14,11033,Golfjoy Open,no,chn,no
2026-07-13T05:31:47+00:00,2025,2025-09-14,120,Simmons Bank Open for the Snedeker Foundation,no,kft,no
2026-07-13T05:31:47+00:00,2025,2025-09-14,8,ATB Classic,no,pta,no
2026-07-13T05:31:47+00:00,2025,2025-09-14,11041,Vodacom Origins of Golf - Gowrie Farm Lodge & Golf Course,no,afr,no
2026-07-13T05:31:47+00:00,2025,2025-09-14,2025130,BMW PGA Championship,no,euro,no
2026-07-13T05:31:47+00:00,2025,2025-09-14,23,Sanford International,no,champ,no
2026-07-13T05:31:47+00:00,2025,2025-09-14,11031,The 41st Shinhan Donghae Open,no,asa,no
2026-07-13T05:31:47+00:00,2025,2025-09-13,11038,CHAU-SHI Series - GIANT Open,no,tpga,no
2026-07-13T05:31:47+00:00,2025,2025-09-13,11029,Hauts de France-Pas de Calais Golf Open,no,alp,no
2026-07-13T05:31:47+00:00,2025,2025-09-12,11028,K-dash Second Challenge Cup in Ibaraki,no,atvt,no
2026-07-13T05:31:47+00:00,2025,2025-09-12,11036,Esbjerg Open by FREJA,no,ngl,no
2026-07-13T05:31:47+00:00,2025,2025-09-12,11030,The Indonesia Pro-Am presented by Combiphar and Nomura,no,adt,no
2026-07-13T05:31:47+00:00,2025,2025-09-11,11040,The Iron Duke Belgian Open,no,pgt,no
2026-07-13T05:31:47+00:00,2025,2025-09-11,11042,MacDonald Spey Valley Masters presented by Novellus,no,tpt,no
2026-07-13T05:31:47+00:00,2025,2025-09-07,11024,KPGA Founders Cup,no,kor,no
2026-07-13T05:31:47+00:00,2025,2025-09-07,11018,Singha Bangkok Open,no,atgt,no
2026-07-13T05:31:47+00:00,2025,2025-09-07,2025129,Amgen Irish Open,no,euro,no
2026-07-13T05:31:47+00:00,2025,2025-09-07,11023,LOPIA Fujisankei Classic,no,jpn,no
2026-07-13T05:31:47+00:00,2025,2025-09-07,2025335,GAC Rosa Challenge Tour,no,cha,no
2026-07-13T05:31:47+00:00,2025,2025-09-07,625,Stifel Charity Classic,no,champ,no
2026-07-13T05:31:47+00:00,2025,2025-09-06,11022,Amanali Classic,no,mex,no
2026-07-13T05:31:47+00:00,2025,2025-09-06,11019,Longwy Alps Open,no,alp,no
2026-07-13T05:31:47+00:00,2025,2025-09-05,11026,SunDev East Africa Swing SportsBiz Africa Championship,no,bet,no
2026-07-13T05:31:47+00:00,2025,2025-09-05,11027,SunBet Challenge hosted by Wild Coast Sun,no,afr,no
2026-07-13T05:31:47+00:00,2025,2025-08-31,2025332,Dormy Open,no,cha,no
2026-07-13T05:31:47+00:00,2025,2025-08-31,11011,Tailor-made Building Services NT PGA Championship,no,anz,no
2026-07-13T05:31:47+00:00,2025,2025-08-31,11010,Mandiri Indonesia Open,no,asa,no
2026-07-13T05:31:47+00:00,2025,2025-08-31,11013,Dong-A Membership Exchange Group OPEN,no,kor,no
2026-07-13T05:31:47+00:00,2025,2025-08-31,2025128,Omega European Masters,no,euro,no
2026-07-13T05:31:47+00:00,2025,2025-08-31,11009,Sansan KBC Augusta Golf Tournament,no,jpn,no
2026-07-13T05:31:47+00:00,2025,2025-08-31,15,CRMC Championship presented by Northern Pacific Center,no,pta,no
2026-07-13T05:31:47+00:00,2025,2025-08-31,11017,Shaanxi Open,no,chn,no
2026-07-13T05:31:47+00:00,2025,2025-08-30,11012,DUNLOP PHOENIX tournament challenge in Fukushima,no,atvt,no
2026-07-13T05:31:47+00:00,2025,2025-08-29,11014,Footjoy Finnish Swing,no,ngl,no
2026-07-13T05:31:47+00:00,2025,2025-08-29,11016,Kolar Open Powered by Zion Hills,no,pgti,no
2026-07-13T05:31:47+00:00,2025,2025-08-28,11015,Stippelberg Open,no,pgt,no
2026-07-13T05:31:47+00:00,2025,2025-08-24,52,Michigan (Team Final—Stroke Play),no,liv,no
2026-07-13T05:31:47+00:00,2025,2025-08-24,2025349,The Dutch Futures,no,cha,no
2026-07-13T05:31:47+00:00,2025,2025-08-24,22,The Ally Challenge,no,champ,no
2026-07-13T05:31:47+00:00,2025,2025-08-24,11000,ISPS HANDA Summer Golf Battle Tournamnet . Who's the Strongest,no,jpn,no
2026-07-13T05:31:47+00:00,2025,2025-08-24,60,TOUR Championship,yes,pga,yes
2026-07-13T05:31:47+00:00,2025,2025-08-24,14,Manitoba Open,no,pta,no
2026-07-13T05:31:47+00:00,2025,2025-08-24,11003,Singha-SAT MBK Championship,no,atgt,no
2026-07-13T05:31:47+00:00,2025,2025-08-24,2025127,Betfred British Masters hosted by Sir Nick Faldo,no,euro,no
2026-07-13T05:31:47+00:00,2025,2025-08-23,10996,Finnish Open,no,ngl,no
2026-07-13T05:31:47+00:00,2025,2025-08-23,11001,Ciputra Golfpreneur Tournament,no,adt,no
2026-07-13T05:31:47+00:00,2025,2025-08-22,11005,Sunbet Challenge hosted by Time Square,no,afr,no
2026-07-13T05:31:47+00:00,2025,2025-08-22,10995,Mono Gelpenberg Open,no,pgt,no
2026-07-13T05:31:47+00:00,2025,2025-08-22,11004,Trustgolf Asian Mixed 3,no,tpga,no
2026-07-13T05:31:47+00:00,2025,2025-08-22,11002,PGTI Players Championship,no,pgti,no
2026-07-13T05:31:47+00:00,2025,2025-08-20,10997,Musselburgh Masters presented by Alistair Brown International,no,tpt,no
2026-07-13T05:31:47+00:00,2025,2025-08-17,10985,ISPS HANDA Explosion in the summer. How many birdies can you make,no,jpn,no
2026-07-13T05:31:47+00:00,2025,2025-08-17,10988,Trustgolf Asian Mixed 2,no,tpga,no
2026-07-13T05:31:47+00:00,2025,2025-08-17,2025331,Vierumäki Finnish Challenge supported by Finnish Golf Union,no,cha,no
2026-07-13T05:31:47+00:00,2025,2025-08-17,10987,Singha Pattaya Open,no,atgt,no
2026-07-13T05:31:47+00:00,2025,2025-08-17,17,Rogers Charity Classic,no,champ,no
2026-07-13T05:31:47+00:00,2025,2025-08-17,27,Albertsons Boise Open presented Chevron,no,kft,no
2026-07-13T05:31:47+00:00,2025,2025-08-17,10989,PNG Open,no,anz,no
2026-07-13T05:31:47+00:00,2025,2025-08-17,28,BMW Championship,yes,pga,yes
2026-07-13T05:31:47+00:00,2025,2025-08-17,2025126,Danish Golf Championship,no,euro,no
2026-07-13T05:31:47+00:00,2025,2025-08-17,51,Indianapolis,yes,liv,basic
2026-07-13T05:31:47+00:00,2025,2025-08-17,10990,Vodacom Origins of Golf - Parys Golf & Country Estate,no,afr,no
2026-07-13T05:31:47+00:00,2025,2025-08-16,10979,Staan Open,no,pgt,no
2026-07-13T05:31:47+00:00,2025,2025-08-15,10986,Mysuru Open hosted by JWGC,no,pgti,no
2026-07-13T05:31:47+00:00,2025,2025-08-15,10980,Skåne Challenge by Folksam,no,ngl,no
2026-07-13T05:31:47+00:00,2025,2025-08-15,10981,"Mannings Heath Masters Presented By Tsl, Fortis Vision & Clarke",no,cpt,no
2026-07-13T05:31:47+00:00,2025,2025-08-14,10992,BETWAY Big Easy Tour 6,no,bet,no
2026-07-13T05:31:47+00:00,2025,2025-08-13,10982,Leven Links Classic presented by The Mackay Clinic,no,tpt,no
2026-07-13T05:31:47+00:00,2025,2025-08-11,10991,Sundev East Africa Swing Johnnie Walker Classic,no,bet,no
2026-07-13T05:31:47+00:00,2025,2025-08-10,619,Boeing Classic,no,champ,no
2026-07-13T05:31:47+00:00,2025,2025-08-10,50,Chicago,yes,liv,basic
2026-07-13T05:31:47+00:00,2025,2025-08-10,2025125,Nexo Championship,no,euro,no
2026-07-13T05:31:47+00:00,2025,2025-08-10,123,Pinnacle Bank Championship presented by Woodhouse,no,kft,no
2026-07-13T05:31:47+00:00,2025,2025-08-10,2025330,Irish Challenge,no,cha,no
2026-07-13T05:31:47+00:00,2025,2025-08-10,12,BioSteel Championship,no,pta,no
2026-07-13T05:31:47+00:00,2025,2025-08-10,27,FedEx St. Jude Championship,yes,pga,yes
2026-07-13T05:31:47+00:00,2025,2025-08-09,10971,CHAU-SHI Series Qing Lian HDF Open,no,tpga,no
2026-07-13T05:31:47+00:00,2025,2025-08-09,10976,FNB Eswatini Challenge,no,afr,no
2026-07-13T05:31:47+00:00,2025,2025-08-08,10970,COAL India Open,no,pgti,no
2026-07-13T05:31:47+00:00,2025,2025-08-08,10973,Mexico City Open,no,mex,no
2026-07-13T05:31:47+00:00,2025,2025-08-08,10969,Juchi Golf Challenge Tournament,no,atvt,no
2026-07-13T05:31:47+00:00,2025,2025-08-08,10964,Forsbacka Open,no,ngl,no
2026-07-13T05:31:47+00:00,2025,2025-08-07,10975,BETWAY Big Easy Tour 5,no,bet,no
2026-07-13T05:31:47+00:00,2025,2025-08-07,10965,Cumberwell Park,no,cpt,no
2026-07-13T05:31:47+00:00,2025,2025-08-06,10972,SunDev East Africa Swing Nyali Golf & Country Club,no,bet,no
2026-07-13T05:31:47+00:00,2025,2025-08-03,10959,Richard Mille Charity Tournament,no,jpn,no
2026-07-13T05:31:47+00:00,2025,2025-08-03,10961,CHAU-SHI Series Chasing Dream Open,no,tpga,no
2026-07-13T05:31:47+00:00,2025,2025-08-03,18,Osprey Valley Open presented by Votorantim Cimentos - CBM Aggregates,no,pta,no
2026-07-13T05:31:47+00:00,2025,2025-08-03,10960,Singha Championship,no,atgt,no
2026-07-13T05:31:47+00:00,2025,2025-08-03,26,Utah Championship presented by Zions Bank and Intermountain Health,no,kft,no
2026-07-13T05:31:47+00:00,2025,2025-08-03,2025328,Farmfoods Scottish Challenge supported by The R&A,no,cha,no
2026-07-13T05:31:47+00:00,2025,2025-08-03,13,Wyndham Championship,yes,pga,yes
2026-07-13T05:31:47+00:00,2025,2025-07-31,10955,The Motocaddy Championships,no,cpt,no
2026-07-13T05:31:47+00:00,2025,2025-07-30,10974,BETWAY Big Easy Blue Label Invitational 3,no,bet,no
2026-07-13T05:31:47+00:00,2025,2025-07-30,10954,Bonmont Pro Golf Tour,no,pgt,no
2026-07-13T05:31:47+00:00,2025,2025-07-27,614,ISPS HANDA Senior Open,no,champ,no
2026-07-13T05:31:47+00:00,2025,2025-07-27,49,United Kingdom,yes,liv,basic
2026-07-13T05:31:47+00:00,2025,2025-07-27,131,NV5 Invitational,no,kft,no
2026-07-13T05:31:47+00:00,2025,2025-07-27,10945,Biarritz Cup by CS Partners,no,alp,no
2026-07-13T05:31:47+00:00,2025,2025-07-27,525,3M Open,yes,pga,yes
2026-07-13T05:31:47+00:00,2025,2025-07-27,11,Commissionaires Ottawa Open presented by Lépine Apartments,no,pta,no
2026-07-13T05:31:47+00:00,2025,2025-07-26,10952,Trustgolf Asian Mixed,no,tpga,no
2026-07-13T05:31:47+00:00,2025,2025-07-24,10946,The Cuber Open,no,pgt,no
2026-07-13T05:31:47+00:00,2025,2025-07-24,10948,Marrakech Masters,no,cpt,no
2026-07-13T05:31:47+00:00,2025,2025-07-24,10947,Holtsmark Open,no,ngl,no
2026-07-13T05:31:47+00:00,2025,2025-07-20,2025324,German Challenge powered by VcG,no,cha,no
2026-07-13T05:31:47+00:00,2025,2025-07-20,22,Price Cutter Charity Championship presented by Hiland Dairy Foods,no,kft,no
2026-07-13T05:31:47+00:00,2025,2025-07-20,472,Barracuda Championship,no,pga,no
2026-07-13T05:31:47+00:00,2025,2025-07-20,100,The Open Championship,yes,pga,yes
2026-07-13T05:31:47+00:00,2025,2025-07-20,10943,Singha E-San Open,no,atgt,no
2026-07-13T05:31:47+00:00,2025,2025-07-19,10944,CHAU-SHI Series  Din Yue Open,no,tpga,no
2026-07-13T05:31:47+00:00,2025,2025-07-18,10941,Downfield Masters presented by Piper Sandler,no,tpt,no
2026-07-13T05:31:47+00:00,2025,2025-07-17,10940,Rabat Open,no,cpt,no
2026-07-13T05:31:47+00:00,2025,2025-07-13,48,Andalucia,yes,liv,basic
2026-07-13T05:31:47+00:00,2025,2025-07-13,541,Genesis Scottish Open,yes,pga,yes
2026-07-13T05:31:47+00:00,2025,2025-07-13,130,The Ascendant presented by Blue,no,kft,no
2026-07-13T05:31:47+00:00,2025,2025-07-13,2025323,D+D REAL Czech Challenge,no,cha,no
2026-07-13T05:31:47+00:00,2025,2025-07-13,10,Bromont Open,no,pta,no
2026-07-13T05:31:47+00:00,2025,2025-07-13,518,ISCO Championship,yes,pga,yes
2026-07-13T05:31:47+00:00,2025,2025-07-13,8,DICK'S Open,no,champ,no
2026-07-13T05:31:47+00:00,2025,2025-07-11,10932,Alps de Las Castillas,no,alp,no
2026-07-13T05:31:47+00:00,2025,2025-07-10,10934,Rapsodo Open,no,cpt,no
2026-07-13T05:31:47+00:00,2025,2025-07-10,10933,Skövde Open by Crona Software,no,ngl,no
2026-07-13T05:31:47+00:00,2025,2025-07-06,2025120,BMW International Open,no,euro,no
2026-07-13T05:31:47+00:00,2025,2025-07-06,10927,International Series Morocco,no,asa,no
2026-07-13T05:31:47+00:00,2025,2025-07-06,2025351,Interwetten Open,no,cha,no
2026-07-13T05:31:47+00:00,2025,2025-07-06,9,Explore NB Open,no,pta,no
2026-07-13T05:31:47+00:00,2025,2025-07-06,30,John Deere Classic,yes,pga,yes
2026-07-13T05:31:47+00:00,2025,2025-07-05,10922,Enklare att vara proffs by Ahlsell,no,ngl,no
2026-07-13T05:31:47+00:00,2025,2025-07-05,10928,CHAU-SHI Series Da Jia Charity Open,no,tpga,no
2026-07-13T05:31:47+00:00,2025,2025-07-05,10920,Fred Olsen Alps de La Gomera,no,alp,no
2026-07-13T05:31:47+00:00,2025,2025-07-04,10921,Gradi Polish Open by Emeralld,no,pgt,no
2026-07-13T05:31:47+00:00,2025,2025-07-04,10926,Minami Akita CC Michinoku Challenge Tournament,no,atvt,no
2026-07-13T05:31:47+00:00,2025,2025-07-04,10923,Cardrona Classic presented by Martin Gilbert,no,tpt,no
2026-07-13T05:31:47+00:00,2025,2025-06-29,10914,KPGA Gunsan CC Open,no,kor,no
2026-07-13T05:31:47+00:00,2025,2025-06-29,512,U.S. Senior Open Championship,no,champ,no
2026-07-13T05:31:47+00:00,2025,2025-06-29,10913,Morocco Rising Stars Marrakech - Al Maaden Golf Resorts,no,adt,no
2026-07-13T05:31:47+00:00,2025,2025-06-29,10912,JAPAN PLAYERS CHAMPIONSHIP by Satosyokuhin,no,jpn,no
2026-07-13T05:31:47+00:00,2025,2025-06-29,524,Rocket Classic,yes,pga,yes
2026-07-13T05:31:47+00:00,2025,2025-06-29,2025322,Le Vaudreuil Golf Challenge,no,cha,no
2026-07-13T05:31:47+00:00,2025,2025-06-29,10917,Passionate 15th National Games，Dynamic Sihui • Guangdong Open,no,chn,no
2026-07-13T05:31:47+00:00,2025,2025-06-29,10915,Singha all Thailand Championship,no,atgt,no
2026-07-13T05:31:47+00:00,2025,2025-06-29,47,Dallas,yes,liv,basic
2026-07-13T05:31:47+00:00,2025,2025-06-29,2025119,Italian Open,no,euro,no
2026-07-13T05:31:47+00:00,2025,2025-06-29,122,Memorial Health Championship presented by LRS,no,kft,no
2026-07-13T05:31:47+00:00,2025,2025-06-28,10908,PGA of Sweden Championship Landeryd,no,ngl,no
2026-07-13T05:31:47+00:00,2025,2025-06-28,10907,Aravell Golf Andorra Open by Creand,no,alp,no
2026-07-13T05:31:47+00:00,2025,2025-06-28,10916,CHAU-SHI Series - Nan Pao Open,no,tpga,no
2026-07-13T05:31:47+00:00,2025,2025-06-26,10909,Newmachar Classic presented by Boskalis,no,tpt,no
2026-07-13T05:31:47+00:00,2025,2025-06-22,23,Blue Cross and Blue Shield of Kansas Wichita Open,no,kft,no
2026-07-13T05:31:47+00:00,2025,2025-06-22,10900,Shandong Culture and Tourism Jinan Open,no,chn,no
2026-07-13T05:31:47+00:00,2025,2025-06-22,34,Travelers Championship,yes,pga,yes
2026-07-13T05:31:47+00:00,2025,2025-06-22,2025321,Blot Play9,no,cha,no
2026-07-13T05:31:47+00:00,2025,2025-06-22,10898,Morocco Rising Stars Marrakech - Samanah Golf Club,no,adt,no
2026-07-13T05:31:47+00:00,2025,2025-06-22,10899,The 68th KPGA Championship with A-ONE CC,no,kor,no
2026-07-13T05:31:47+00:00,2025,2025-06-22,507,Kaulig Companies Championship,no,champ,no
2026-07-13T05:31:47+00:00,2025,2025-06-20,10893,Søllerød Championship,no,ngl,no
2026-07-13T05:31:47+00:00,2025,2025-06-20,10894,The Q Hotels Collection Open,no,cpt,no
2026-07-13T05:31:47+00:00,2025,2025-06-20,10897,Japan Create Challenge in FukuokaRaizan,no,atvt,no
2026-07-13T05:31:47+00:00,2025,2025-06-19,10901,BETWAY Big Easy Tour 4,no,bet,no
2026-07-13T05:31:47+00:00,2025,2025-06-15,10886,Open de la Mirabelle d'Or,no,alp,no
2026-07-13T05:31:47+00:00,2025,2025-06-15,2025319,Raiffeisenbank Golf Challenge,no,cha,no
2026-07-13T05:31:47+00:00,2025,2025-06-15,26,U.S. Open,yes,pga,yes
2026-07-13T05:31:47+00:00,2025,2025-06-15,10889,Hana Bank Invitational,no,jpn,no
2026-07-13T05:31:47+00:00,2025,2025-06-13,10887,Live it Trophy,no,ngl,no
2026-07-13T05:31:47+00:00,2025,2025-06-13,10890,LANDIC CHALLENGE 12,no,atvt,no
2026-07-13T05:31:47+00:00,2025,2025-06-12,10891,BETWAY Big Easy Tour 3,no,bet,no
2026-07-13T05:31:47+00:00,2025,2025-06-11,10904,SunDev East Africa Swing Ruiru Sports Club,no,bet,no
2026-07-13T05:31:47+00:00,2025,2025-06-11,10888,Portlethen Classic presented by Entier,no,tpt,no
2026-07-13T05:31:47+00:00,2025,2025-06-08,46,Virginia,yes,liv,basic
2026-07-13T05:31:47+00:00,2025,2025-06-08,10882,Zhengzhou Yellow-River Open,no,chn,no
2026-07-13T05:31:47+00:00,2025,2025-06-08,2025316,Swiss Challenge,no,cha,no
2026-07-13T05:31:47+00:00,2025,2025-06-08,32,RBC Canadian Open,yes,pga,yes
2026-07-13T05:31:47+00:00,2025,2025-06-08,10880,Baeksong Holdings-Asiad CC Busan Open,no,kor,no
2026-07-13T05:31:47+00:00,2025,2025-06-08,10883,The Mopani Zambia Open,no,afr,no
2026-07-13T05:31:47+00:00,2025,2025-06-08,2025118,KLM Open,no,euro,no
2026-07-13T05:31:47+00:00,2025,2025-06-08,37,BMW Charity Pro-Am Presented by TD SYNNEX,no,kft,no
2026-07-13T05:31:47+00:00,2025,2025-06-08,10881,CHAU-SHI Series Mizuno Open,no,tpga,no
2026-07-13T05:31:47+00:00,2025,2025-06-08,10879,BMW Japan Golf Tour Championship Mori Building Cup,no,jpn,no
2026-07-13T05:31:47+00:00,2025,2025-06-06,10874,Alps de Andalucia-Roquetas de Mar,no,alp,no
2026-07-13T05:31:47+00:00,2025,2025-06-06,10875,Samsø Festival Classic - by United Tickets,no,ngl,no
2026-07-13T05:31:47+00:00,2025,2025-06-05,10903,SunDev East Africa Thika Greens,no,bet,no
2026-07-13T05:31:47+00:00,2025,2025-06-05,10876,The Caddy Comps Open,no,cpt,no
2026-07-13T05:31:47+00:00,2025,2025-06-01,10868,Gate Way To The Open Mizuno Open,no,jpn,no
2026-07-13T05:31:47+00:00,2025,2025-06-01,2025143,Austrian Alpine Open presented by SalzburgerLand,no,euro,no
2026-07-13T05:31:47+00:00,2025,2025-06-01,608,Principal Charity Classic,no,champ,no
2026-07-13T05:31:47+00:00,2025,2025-06-01,48,UNC Health Championship presented by STITCH,no,kft,no
2026-07-13T05:31:47+00:00,2025,2025-06-01,2025315,Challenge de Cadiz,no,cha,no
2026-07-13T05:31:47+00:00,2025,2025-06-01,23,the Memorial Tournament presented by Workday,yes,pga,yes
2026-07-13T05:31:47+00:00,2025,2025-05-31,10870,Ambassador ADT,no,adt,no
2026-07-13T05:31:47+00:00,2025,2025-05-30,10865,The Stromberg Masters,no,cpt,no
2026-07-13T05:31:47+00:00,2025,2025-05-30,10864,Smørum Open,no,ngl,no
2026-07-13T05:31:47+00:00,2025,2025-05-30,10869,Taiheiyo Club Challenge Tournament,no,atvt,no
2026-07-13T05:31:47+00:00,2025,2025-05-30,10871,Gary & Vivienne Player Challenge,no,afr,no
2026-07-13T05:31:47+00:00,2025,2025-05-25,10858,Hengdian Celebrity Pro-Am Golf Championship,no,chn,no
2026-07-13T05:31:47+00:00,2025,2025-05-25,21,Charles Schwab Challenge,yes,pga,yes
2026-07-13T05:31:47+00:00,2025,2025-05-25,10855,Japan PGA Championship,no,jpn,no
2026-07-13T05:31:47+00:00,2025,2025-05-25,2025117,Soudal Open,no,euro,no
2026-07-13T05:31:47+00:00,2025,2025-05-25,2025313,Danish Golf Challenge,no,cha,no
2026-07-13T05:31:47+00:00,2025,2025-05-25,10856,Kolon The 67th Korea Open,no,asa,no
2026-07-13T05:31:47+00:00,2025,2025-05-25,10857,Singha Laguna Phuket Open,no,adt,no
2026-07-13T05:31:47+00:00,2025,2025-05-25,6,Inter Rapidisimo Golf Championship,no,pta,no
2026-07-13T05:31:47+00:00,2025,2025-05-25,520,Senior PGA Championship,no,champ,no
2026-07-13T05:31:47+00:00,2025,2025-05-25,11,Visit Knoxville Open,no,kft,no
2026-07-13T05:31:47+00:00,2025,2025-05-24,10848,Lacanau Alps Open,no,alp,no
2026-07-13T05:31:47+00:00,2025,2025-05-22,10850,MOTOCADDY MASTERS,no,cpt,no
2026-07-13T05:31:47+00:00,2025,2025-05-22,10849,Gamle Fredrikstad Open,no,ngl,no
2026-07-13T05:31:47+00:00,2025,2025-05-22,10860,BETWAY Big Easy Tour 2,no,bet,no
2026-07-13T05:31:47+00:00,2025,2025-05-20,10851,Blairgowrie Perthshire Masters presented by Petrasco,no,tpt,no
2026-07-13T05:31:47+00:00,2025,2025-05-18,10844,Kit Kat Cash & Carry Pro-Am,no,afr,no
2026-07-13T05:31:47+00:00,2025,2025-05-18,10842,Trang An Open,no,atgt,no
2026-07-13T05:31:47+00:00,2025,2025-05-18,10843,Chongqing Open,no,chn,no
2026-07-13T05:31:47+00:00,2025,2025-05-18,558,Regions Tradition,no,champ,no
2026-07-13T05:31:47+00:00,2025,2025-05-18,33,PGA Championship,yes,pga,yes
2026-07-13T05:31:47+00:00,2025,2025-05-18,10840,Kansai Open Golf Championship,no,jpn,no
2026-07-13T05:31:47+00:00,2025,2025-05-18,100,AdventHealth Championship,no,kft,no
2026-07-13T05:31:47+00:00,2025,2025-05-18,10841,SK telecom OPEN,no,kor,no
2026-07-13T05:31:47+00:00,2025,2025-05-17,10835,Goesser Open,no,alp,no
2026-07-13T05:31:47+00:00,2025,2025-05-17,10836,Cutter & Buck Fjällbacka Open,no,ngl,no
2026-07-13T05:31:47+00:00,2025,2025-05-17,10845,TOUR CHAMPIONSHIP,no,mex,no
2026-07-13T05:31:47+00:00,2025,2025-05-16,10838,Montrose Links Masters presented by Montrose Port Authority,no,tpt,no
2026-07-13T05:31:47+00:00,2025,2025-05-15,10837,Tangier Championship,no,cpt,no
2026-07-13T05:31:47+00:00,2025,2025-05-11,10831,Sun Flower & TPGA Championship,no,tpga,no
2026-07-13T05:31:47+00:00,2025,2025-05-11,2025140,Turkish Airlines Open,no,euro,no
2026-07-13T05:31:47+00:00,2025,2025-05-11,1,Bupa Championship,no,pta,no
2026-07-13T05:31:47+00:00,2025,2025-05-11,10832,FBC ZIM Open,no,afr,no
2026-07-13T05:31:47+00:00,2025,2025-05-11,553,ONEflight Myrtle Beach Classic,yes,pga,yes
2026-07-13T05:31:47+00:00,2025,2025-05-11,480,Truist Championship,yes,pga,yes
2026-07-13T05:31:47+00:00,2025,2025-05-11,10829,International Series Japan presented by Moutai,no,asa,no
2026-07-13T05:31:47+00:00,2025,2025-05-11,2025312,Challenge de España,no,cha,no
2026-07-13T05:31:47+00:00,2025,2025-05-09,10828,JAPAN PLAYERS CHAMPIONSHIP CHALLENGE in FUKUI,no,atvt,no
2026-07-13T05:31:47+00:00,2025,2025-05-09,10822,Memorial Giorgio Bordoni presented by AON,no,alp,no
2026-07-13T05:31:47+00:00,2025,2025-05-09,10824,Bravo Tours Open @ Royal Oak,no,ngl,no
2026-07-13T05:31:47+00:00,2025,2025-05-08,10823,Raiffeisen Pro Golf Tour St. Pölten,no,pgt,no
2026-07-13T05:31:47+00:00,2025,2025-05-08,10833,BETWAY Big Easy Tour 1,no,bet,no
2026-07-13T05:31:47+00:00,2025,2025-05-04,10817,The Crowns,no,jpn,no
2026-07-13T05:31:47+00:00,2025,2025-05-04,10818,The 44th GS Caltex Maekyung Open Golf Championship,no,asa,no
2026-07-13T05:31:47+00:00,2025,2025-05-04,615,Insperity Invitational,no,champ,no
2026-07-13T05:31:47+00:00,2025,2025-05-04,45,Korea,yes,liv,basic
2026-07-13T05:31:47+00:00,2025,2025-05-04,171,Tulum Championship at PGA Riviera Maya,no,kft,no
2026-07-13T05:31:47+00:00,2025,2025-05-04,10819,Singha Chiang Mai Open,no,atgt,no
2026-07-13T05:31:47+00:00,2025,2025-05-04,4,Diners Club Peru Open,no,pta,no
2026-07-13T05:31:47+00:00,2025,2025-05-04,19,THE CJ CUP Byron Nelson,yes,pga,yes
2026-07-13T05:31:47+00:00,2025,2025-05-02,10812,Golfkusten Blekinge,no,ngl,no
2026-07-13T05:31:47+00:00,2025,2025-05-01,10811,Haugschlag NÖ Open by perfect eagle,no,pgt,no
2026-07-13T05:31:47+00:00,2025,2025-05-01,10813,Al Houara Trophy,no,cpt,no
2026-07-13T05:31:47+00:00,2025,2025-04-27,5,KIA Open,no,pta,no
2026-07-13T05:31:47+00:00,2025,2025-04-27,10810,Woori Financial Group Championship,no,kor,no
2026-07-13T05:31:47+00:00,2025,2025-04-27,15,Mitsubishi Electric Classic,no,champ,no
2026-07-13T05:31:47+00:00,2025,2025-04-27,137,Veritex Bank Championship,no,kft,no
2026-07-13T05:31:47+00:00,2025,2025-04-27,18,Zurich Classic of New Orleans,yes,pga,basic
2026-07-13T05:31:47+00:00,2025,2025-04-27,44,Mexico City,yes,liv,basic
2026-07-13T05:31:47+00:00,2025,2025-04-27,2025139,Hainan Classic,no,euro,no
2026-07-13T05:31:47+00:00,2025,2025-04-27,10805,Maezawa Cup,no,jpn,no
2026-07-13T05:31:47+00:00,2025,2025-04-26,10800,Moroccan Masters Al Houara,no,cpt,no
2026-07-13T05:31:47+00:00,2025,2025-04-26,10809,Kapil Dev - Grant Thornton Invitational,no,pgti,no
2026-07-13T05:31:47+00:00,2025,2025-04-25,10806,i Golf Shaper Challenge in Chikushigaoka,no,atvt,no
2026-07-13T05:31:47+00:00,2025,2025-04-24,10808,PGTI Players Championship,no,pgti,no
2026-07-13T05:31:47+00:00,2025,2025-04-23,10799,Sand Valley Spring Series Final,no,ngl,no
2026-07-13T05:31:47+00:00,2025,2025-04-20,2025311,Abu Dhabi Challenge,no,cha,no
2026-07-13T05:31:47+00:00,2025,2025-04-20,522,Corales Puntacana Championship,no,pga,basic
2026-07-13T05:31:47+00:00,2025,2025-04-20,12,RBC Heritage,yes,pga,yes
2026-07-13T05:31:47+00:00,2025,2025-04-20,2025115,Volvo China Open,no,euro,no
2026-07-13T05:31:47+00:00,2025,2025-04-20,10796,The 20th DB Insurance Promy Open,no,kor,no
2026-07-13T05:31:47+00:00,2025,2025-04-19,10798,ECCO Tour Sand Valley Masters,no,ngl,no
2026-07-13T05:31:47+00:00,2025,2025-04-19,129,LECOM Suncoast Classic,no,kft,no
2026-07-13T05:31:47+00:00,2025,2025-04-18,10795,Calance Open,no,pgti,no
2026-07-13T05:31:47+00:00,2025,2025-04-15,10792,Sand Valley Championship,no,ngl,no
2026-07-13T05:31:47+00:00,2025,2025-04-15,10791,Ain Bay Red Sea Open,no,pgt,no
2026-07-13T05:31:47+00:00,2025,2025-04-13,14,Masters Tournament,yes,pga,yes
2026-07-13T05:31:47+00:00,2025,2025-04-13,10786,Token Homemate Cup,no,jpn,no
2026-07-13T05:31:47+00:00,2025,2025-04-13,2025309,UAE Challenge,no,cha,no
2026-07-13T05:31:47+00:00,2025,2025-04-12,10787,Indorama Ventures Golf Championship,no,pgti,no
2026-07-13T05:31:47+00:00,2025,2025-04-12,10788,El Campanario Classic,no,mex,no
2026-07-13T05:31:47+00:00,2025,2025-04-10,10784,Little Venice Red Sea Open,no,pgt,no
2026-07-13T05:31:47+00:00,2025,2025-04-06,43,Miami,yes,liv,basic
2026-07-13T05:31:47+00:00,2025,2025-04-06,41,Valero Texas Open,yes,pga,yes
2026-07-13T05:31:47+00:00,2025,2025-04-06,10782,Singha all Thailand Memorial,no,atgt,no
2026-07-13T05:31:47+00:00,2025,2025-04-06,128,Club Car Championship at The Landings Golf & Athletic Club,no,kft,no
2026-07-13T05:31:47+00:00,2025,2025-04-06,59,James Hardie Invitational,no,champ,no
2026-07-13T05:31:47+00:00,2025,2025-04-06,2,70th ECP Brazil Open,no,pta,no
2026-07-13T05:31:47+00:00,2025,2025-04-04,10781,Adani Invitational Golf Championship,no,pgti,no
2026-07-13T05:31:47+00:00,2025,2025-04-04,10780,Novil Cup,no,atvt,no
2026-07-13T05:31:47+00:00,2025,2025-04-03,10776,The Al Mouj Challenge,no,cpt,no
2026-07-13T05:31:47+00:00,2025,2025-03-30,10771,The National Tournament,no,anz,no
2026-07-13T05:31:47+00:00,2025,2025-03-30,3,93 Abierto Telecom del Centro presentado por Zurich,no,pta,no
2026-07-13T05:31:47+00:00,2025,2025-03-30,2025113,Hero Indian Open,no,euro,no
2026-07-13T05:31:47+00:00,2025,2025-03-30,56,The Galleri Classic,no,champ,no
2026-07-13T05:31:47+00:00,2025,2025-03-30,10772,DNi Tour Championship - The Courier Guy Playoff Series,no,afr,no
2026-07-13T05:31:47+00:00,2025,2025-03-30,20,Texas Children's Houston Open,yes,pga,yes
2026-07-13T05:31:47+00:00,2025,2025-03-29,10775,CHAU-SHI Series Chang Wah Open,no,tpga,no
2026-07-13T05:31:47+00:00,2025,2025-03-27,10768,The La Vie Masters,no,cpt,no
2026-07-13T05:31:47+00:00,2025,2025-03-27,10766,La Cigale Golf Open by Alps Tour,no,alp,no
2026-07-13T05:31:47+00:00,2025,2025-03-27,10767,Zala Springs Open,no,pgt,no
2026-07-13T05:31:47+00:00,2025,2025-03-23,2025112,Porsche Singapore Classic,no,euro,no
2026-07-13T05:31:47+00:00,2025,2025-03-23,573,Hoag Classic Newport Beach,no,champ,no
2026-07-13T05:31:47+00:00,2025,2025-03-23,10763,Heritage Classic,no,anz,no
2026-07-13T05:31:47+00:00,2025,2025-03-23,2025308,Delhi Challenge,no,cha,no
2026-07-13T05:31:47+00:00,2025,2025-03-23,10761,International Series Macau presented by Wynn,no,asa,no
2026-07-13T05:31:47+00:00,2025,2025-03-23,10764,The Serengeti Playoffs,no,afr,no
2026-07-13T05:31:47+00:00,2025,2025-03-23,475,Valspar Championship,yes,pga,yes
2026-07-13T05:31:47+00:00,2025,2025-03-22,10774,VII Copa Prissa Presentada por Maestro Dobel,no,mex,no
2026-07-13T05:31:47+00:00,2025,2025-03-22,10757,Tunisian Golf Open,no,alp,no
2026-07-13T05:31:47+00:00,2025,2025-03-21,10762,Lexus Challenge,no,adt,no
2026-07-13T05:31:47+00:00,2025,2025-03-20,10759,AL AIN,no,cpt,no
2026-07-13T05:31:47+00:00,2025,2025-03-18,10758,Red Sea Egyptian Classic,no,pgt,no
2026-07-13T05:31:47+00:00,2025,2025-03-16,42,Singapore,yes,liv,basic
2026-07-13T05:31:47+00:00,2025,2025-03-16,2025307,Kolkata Challenge,no,cha,no
2026-07-13T05:31:47+00:00,2025,2025-03-16,11,THE PLAYERS Championship,yes,pga,yes
2026-07-13T05:31:47+00:00,2025,2025-03-14,10754,Betway Big Easy Tour Final,no,bet,no
2026-07-13T05:31:47+00:00,2025,2025-03-13,10752,Red Sea Ain Sokhna Open,no,pgt,no
2026-07-13T05:31:47+00:00,2025,2025-03-09,18,Cologuard Classic,no,champ,no
2026-07-13T05:31:47+00:00,2025,2025-03-09,10749,Wallace Development New Zealand PGA Championship,no,anz,no
2026-07-13T05:31:47+00:00,2025,2025-03-09,107,Astara Chile Classic presented by Scotiabank,no,kft,no
2026-07-13T05:31:47+00:00,2025,2025-03-09,483,Puerto Rico Open,no,pga,basic
2026-07-13T05:31:47+00:00,2025,2025-03-09,2025111,Joburg Open,no,euro,no
2026-07-13T05:31:47+00:00,2025,2025-03-09,9,Arnold Palmer Invitational presented by Mastercard,yes,pga,yes
2026-07-13T05:31:47+00:00,2025,2025-03-09,41,Hong Kong,yes,liv,basic
2026-07-13T05:31:47+00:00,2025,2025-03-07,10748,Ahmedabad Open Golf Championship,no,pgti,no
2026-07-13T05:31:47+00:00,2025,2025-03-05,10750,INFINITUM Spring Series Final - by ECCO,no,ngl,no
2026-07-13T05:31:47+00:00,2025,2025-03-03,10744,New Giza Open,no,alp,no
2026-07-13T05:31:47+00:00,2025,2025-03-02,10740,104th New Zealand Open presented by Sky Sport,no,anz,no
2026-07-13T05:31:47+00:00,2025,2025-03-02,2025110,Investec South African Open Championship,no,euro,no
2026-07-13T05:31:47+00:00,2025,2025-03-02,10,Cognizant Classic in The Palm Beaches,yes,pga,yes
2026-07-13T05:31:47+00:00,2025,2025-03-02,170,118 Visa Argentina Open presented by Macro,no,kft,no
2026-07-13T05:31:47+00:00,2025,2025-03-01,10742,INFINITUM Championship,no,ngl,no
2026-07-13T05:31:47+00:00,2025,2025-03-01,10736,Chapultepec Championship,no,mex,no
2026-07-13T05:31:47+00:00,2025,2025-02-28,10735,SECL Chhattisgarh Open Golf Championship,no,pgti,no
2026-07-13T05:31:47+00:00,2025,2025-02-28,10734,Lykia Links Open,no,pgt,no
2026-07-13T05:31:47+00:00,2025,2025-02-26,10733,Red Sea Little Venice Open,no,alp,no
2026-07-13T05:31:47+00:00,2025,2025-02-25,10741,INFINITUM Spanish Masters,no,ngl,no
2026-07-13T05:31:47+00:00,2025,2025-02-24,10732,Golf Mad Open,no,pgt,no
2026-07-13T05:31:47+00:00,2025,2025-02-23,540,Mexico Open at VidantaWorld,yes,pga,yes
2026-07-13T05:31:47+00:00,2025,2025-02-23,10726,Webex Players Series Sydney hosted by Peter O'Malley,no,anz,no
2026-07-13T05:31:47+00:00,2025,2025-02-23,2025109,Magical Kenya Open,no,euro,no
2026-07-13T05:31:47+00:00,2025,2025-02-22,10731,Rumanza Open Pakistan,no,adt,no
2026-07-13T05:31:47+00:00,2025,2025-02-21,10725,Glade One presents Gujarat Open Golf Championship,no,pgti,no
2026-07-13T05:31:47+00:00,2025,2025-02-21,10723,Ein Bay Open,no,alp,no
2026-07-13T05:31:47+00:00,2025,2025-02-20,10728,Betway Big Easy Tour Play Off,no,bet,no
2026-07-13T05:31:47+00:00,2025,2025-02-20,10730,GolfStar Winter Series - Forest,no,ngl,no
2026-07-13T05:31:47+00:00,2025,2025-02-16,40,Adelaide,yes,liv,basic
2026-07-13T05:31:47+00:00,2025,2025-02-16,552,Chubb Classic,no,champ,no
2026-07-13T05:31:47+00:00,2025,2025-02-16,10729,GolfStar Winter Series - Links,no,ngl,no
2026-07-13T05:31:47+00:00,2025,2025-02-16,2025305,NTT DATA Pro Am,no,cha,no
2026-07-13T05:31:47+00:00,2025,2025-02-16,7,The Genesis Invitational,yes,pga,yes
2026-07-13T05:31:47+00:00,2025,2025-02-16,10721,25th Singha Thailand Masters,no,atgt,no
2026-07-13T05:31:47+00:00,2025,2025-02-14,10720,Tata Steel PGTI Players Championship presented by The Tollygunge Club Ltd,no,pgti,no
2026-07-13T05:31:47+00:00,2025,2025-02-09,104,Astara Golf Championship presented by Mastercard,no,kft,no
2026-07-13T05:31:47+00:00,2025,2025-02-09,2025142,Commercial Bank Qatar Masters,no,euro,no
2026-07-13T05:31:47+00:00,2025,2025-02-09,3,WM Phoenix Open,yes,pga,yes
2026-07-13T05:31:47+00:00,2025,2025-02-09,10717,Vic Open,no,anz,no
2026-07-13T05:31:47+00:00,2025,2025-02-09,2025302,Cell C Cape Town Open in association with Honor,no,cha,no
2026-07-13T05:31:47+00:00,2025,2025-02-08,39,Riyadh,yes,liv,basic
2026-07-13T05:31:47+00:00,2025,2025-02-08,624,Trophy Hassan II,no,champ,no
2026-07-13T05:31:47+00:00,2025,2025-02-02,5,AT&T Pebble Beach Pro-Am,yes,pga,yes
2026-07-13T05:31:47+00:00,2025,2025-02-02,2025108,Bapco Energies Bahrain Championship,no,euro,no
2026-07-13T05:31:47+00:00,2025,2025-02-02,84,The Panama Championship,no,kft,no
2026-07-13T05:31:47+00:00,2025,2025-02-02,10711,Webex Players Series Murray River in honour of Jarrod Lyle,no,anz,no
2026-07-13T05:31:47+00:00,2025,2025-02-02,2025301,MyGolfLife Open hosted by Pecanwood Estate,no,cha,no
2026-07-13T05:31:47+00:00,2025,2025-02-02,10710,International Series India presented by DLF,no,asa,no
2026-07-13T05:31:47+00:00,2025,2025-01-26,2025300,SDC Open,no,cha,no
2026-07-13T05:31:47+00:00,2025,2025-01-26,2025107,Ras Al Khaimah Championship,no,euro,no
2026-07-13T05:31:47+00:00,2025,2025-01-26,10702,Smart Infinity Philippine Open,no,asa,no
2026-07-13T05:31:47+00:00,2025,2025-01-26,10704,Webex Players Series Victoria,no,anz,no
2026-07-13T05:31:47+00:00,2025,2025-01-25,4,Farmers Insurance Open,yes,pga,yes
2026-07-13T05:31:47+00:00,2025,2025-01-25,10703,PKNS Selangor Masters,no,adt,no
2026-07-13T05:31:47+00:00,2025,2025-01-25,10712,El Salvador Open Championship,no,mex,no
2026-07-13T05:31:47+00:00,2025,2025-01-23,10705,Betway Big Easy Tour 10,no,bet,no
2026-07-13T05:31:47+00:00,2025,2025-01-22,125,The Bahamas Great Abaco Classic,no,kft,no
2026-07-13T05:31:47+00:00,2025,2025-01-19,10696,Mediclinic Invitational,no,afr,no
2026-07-13T05:31:47+00:00,2025,2025-01-19,2,The American Express,yes,pga,yes
2026-07-13T05:31:47+00:00,2025,2025-01-19,2025106,Hero Dubai Desert Classic,no,euro,no
2026-07-13T05:31:47+00:00,2025,2025-01-18,524,Mitsubishi Electric Championship at Hualalai,no,champ,no
2026-07-13T05:31:47+00:00,2025,2025-01-16,10697,Betway Big Easy Tour 9,no,bet,no
2026-07-13T05:31:47+00:00,2025,2025-01-15,124,The Bahamas Golf Classic at Atlantis Paradise Island,no,kft,no
2026-07-13T05:31:47+00:00,2025,2025-01-12,10695,Webex Players Series Perth hosted by Min Woo and Minjee Lee Royal Fremantle Golf Club,no,anz,no
2026-07-13T05:31:47+00:00,2025,2025-01-12,6,Sony Open in Hawaii,yes,pga,yes
2026-07-13T05:31:47+00:00,2025,2025-01-05,16,The Sentry,yes,pga,yes
2026-07-13T05:31:47+00:00,2024,2024-12-22,2025104,AfrAsia Bank Mauritius Open,no,euro,no
2026-07-13T05:31:47+00:00,2024,2024-12-22,10689,Tata Steel Tour Championship,no,pgti,no
2026-07-13T05:31:47+00:00,2024,2024-12-15,2025103,Alfred Dunhill Championship,no,euro,no
2026-07-13T05:31:47+00:00,2024,2024-12-15,10684,China Tour Championship,no,chn,no
2026-07-13T05:31:47+00:00,2024,2024-12-15,88,PGA TOUR Q-School presented by Korn Ferry,no,pga,basic
2026-07-13T05:31:47+00:00,2024,2024-12-14,38,Promotions Event,no,liv,no
2026-07-13T05:31:47+00:00,2024,2024-12-14,10687,Jaguar Golf Open,no,mex,no
2026-07-13T05:31:47+00:00,2024,2024-12-13,10685,Vishwa Samudra Open presented by Kapil Dev,no,pgti,no
2026-07-13T05:31:47+00:00,2024,2024-12-08,2025102,Nedbank Golf Challenge,no,euro,no
2026-07-13T05:31:47+00:00,2024,2024-12-08,478,Hero World Challenge,yes,pga,yes
2026-07-13T05:31:47+00:00,2024,2024-12-08,10682,Victorian PGA Championship,no,anz,no
2026-07-13T05:31:47+00:00,2024,2024-12-07,10681,PIF Saudi International powered by SoftBank Investment Advisers,no,asa,no
2026-07-13T05:31:47+00:00,2024,2024-12-01,2025101,ISPS Handa Australian Open,no,euro,no
2026-07-13T05:31:47+00:00,2024,2024-12-01,10674,Chongqing Open,no,chn,no
2026-07-13T05:31:47+00:00,2024,2024-12-01,10673,Golf Nippon Series JT Cup,no,jpn,no
2026-07-13T05:31:47+00:00,2024,2024-11-30,10675,International Series Qatar,no,asa,no
2026-07-13T05:31:47+00:00,2024,2024-11-30,10676,Aramco Invitational Tournament,no,adt,no
2026-07-13T05:31:47+00:00,2024,2024-11-28,10678,Betway Big Easy Tour 8,no,bet,no
2026-07-13T05:31:47+00:00,2024,2024-11-24,2025100,BMW Australian PGA Championship,no,euro,no
2026-07-13T05:31:47+00:00,2024,2024-11-24,493,The RSM Classic,yes,pga,yes
2026-07-13T05:31:47+00:00,2024,2024-11-24,10671,PGA Championship,no,afr,no
2026-07-13T05:31:47+00:00,2024,2024-11-24,10667,LINK Hong Kong Open,no,asa,no
2026-07-13T05:31:47+00:00,2024,2024-11-24,10665,Casio World Open Golf Tournament,no,jpn,no
2026-07-13T05:31:47+00:00,2024,2024-11-24,10666,Straits Cup Xiamen Open,no,chn,no
2026-07-13T05:31:47+00:00,2024,2024-11-23,10669,IndianOil Servo Masters Golf,no,pgti,no
2026-07-13T05:31:47+00:00,2024,2024-11-23,10668,Toyota Tour Championship,no,adt,no
2026-07-13T05:31:47+00:00,2024,2024-11-21,10672,Betway Big Easy Tour 7,no,bet,no
2026-07-13T05:31:47+00:00,2024,2024-11-17,10661,52nd Thailand Open,no,atgt,no
2026-07-13T05:31:47+00:00,2024,2024-11-17,528,Butterfield Bermuda Championship,no,pga,basic
2026-07-13T05:31:47+00:00,2024,2024-11-17,10662,NSW Open,no,anz,no
2026-07-13T05:31:47+00:00,2024,2024-11-17,2024142,DP World Tour Championship,no,euro,no
2026-07-13T05:31:47+00:00,2024,2024-11-17,10663,Vodacom Origins of Golf Final Oubaai,no,afr,no
2026-07-13T05:31:47+00:00,2024,2024-11-17,10659,Taiwan Glass Taifong Open,no,asa,no
2026-07-13T05:31:47+00:00,2024,2024-11-17,10658,Dunlop Phoenix Tournament,no,jpn,no
2026-07-13T05:31:47+00:00,2024,2024-11-16,10660,Rajasthan Tourism presents Jaipur Open,no,pgti,no
2026-07-13T05:31:47+00:00,2024,2024-11-13,2024714,DP World Tour Qualifying (Final Stage),no,euro,no
2026-07-13T05:31:47+00:00,2024,2024-11-10,10650,Hengdian Celebrity Pro-Am Golf Championship,no,chn,no
2026-07-13T05:31:47+00:00,2024,2024-11-10,10654,KPGA Tour Championship,no,kor,no
2026-07-13T05:31:47+00:00,2024,2024-11-10,10649,Mitsui Sumitomo VISA Taiheiyo Masters,no,jpn,no
2026-07-13T05:31:47+00:00,2024,2024-11-10,2024141,Abu Dhabi HSBC Championship,no,euro,no
2026-07-13T05:31:47+00:00,2024,2024-11-10,539,Charles Schwab Cup Championship,no,champ,no
2026-07-13T05:31:47+00:00,2024,2024-11-10,457,World Wide Technology Championship,no,pga,basic
2026-07-13T05:31:47+00:00,2024,2024-11-10,10653,Singha Classic,no,atgt,no
2026-07-13T05:31:47+00:00,2024,2024-11-09,10652,The Poona Club Open,no,pgti,no
2026-07-13T05:31:47+00:00,2024,2024-11-09,10651,Ambassador ADT Open,no,adt,no
2026-07-13T05:31:47+00:00,2024,2024-11-07,10655,Betway Big Easy Tour 6,no,bet,no
2026-07-13T05:31:47+00:00,2024,2024-11-03,10643,Queensland PGA Championship,no,anz,no
2026-07-13T05:31:47+00:00,2024,2024-11-03,10640,Ruiquan Golf Cup Wuyishan International Open,no,chn,no
2026-07-13T05:31:47+00:00,2024,2024-11-03,10641,BNI Indonesian Masters,no,asa,no
2026-07-13T05:31:47+00:00,2024,2024-11-03,2024324,Rolex Challenge Tour Grand Final supported by the R&A,no,cha,no
2026-07-13T05:31:47+00:00,2024,2024-11-03,10642,Dong-A Membership Exchange Group OPEN,no,kor,no
2026-07-13T05:31:47+00:00,2024,2024-11-02,10645,VI Copa Multimedios,no,mex,no
2026-07-13T05:31:47+00:00,2024,2024-10-27,10636,Webex Players Series SA hosted by Greg Blewett,no,anz,no
2026-07-13T05:31:47+00:00,2024,2024-10-27,527,ZOZO CHAMPIONSHIP,yes,pga,yes
2026-07-13T05:31:47+00:00,2024,2024-10-27,2024118,Genesis Championship,no,euro,no
2026-07-13T05:31:47+00:00,2024,2024-10-27,9,Simmons Bank Championship,no,champ,no
2026-07-13T05:31:47+00:00,2024,2024-10-27,10634,International Series Thailand,no,asa,no
2026-07-13T05:31:47+00:00,2024,2024-10-26,10635,J&K Open presented by J&K Tourism,no,pgti,no
2026-07-13T05:31:47+00:00,2024,2024-10-26,10638,Bajío Open,no,mex,no
2026-07-13T05:31:47+00:00,2024,2024-10-24,10637,Betway Big Easy Tour 5,no,bet,no
2026-07-13T05:31:47+00:00,2024,2024-10-20,2024139,Estrella Damm N.A. Andalucía  Masters,no,euro,no
2026-07-13T05:31:47+00:00,2024,2024-10-20,623,Dominion Energy Charity Classic,no,champ,no
2026-07-13T05:31:47+00:00,2024,2024-10-20,10628,Haryana Open,no,pgti,no
2026-07-13T05:31:47+00:00,2024,2024-10-20,10627,Black Mountain Championship,no,asa,no
2026-07-13T05:31:47+00:00,2024,2024-10-20,10631,Fortress Invitational,no,afr,no
2026-07-13T05:31:47+00:00,2024,2024-10-20,10629,The Charity Classic,no,kor,no
2026-07-13T05:31:47+00:00,2024,2024-10-20,47,Shriners Children's Open,yes,pga,yes
2026-07-13T05:31:47+00:00,2024,2024-10-20,10630,Bowra & O'Dea Nexus Advisernet WA Open,no,anz,no
2026-07-13T05:31:47+00:00,2024,2024-10-20,2024329,Hangzhou Open,no,cha,no
2026-07-13T05:31:47+00:00,2024,2024-10-18,10623,Alps Tour Grand Final Presented by DEPOT - The Male Tools & Co,no,alp,no
2026-07-13T05:31:47+00:00,2024,2024-10-18,10626,Delight Works JGTO FINAL,no,atvt,no
2026-07-13T05:31:47+00:00,2024,2024-10-18,10624,Road to Europe Final by Royal Unibrew,no,ngl,no
2026-07-13T05:31:47+00:00,2024,2024-10-13,10617,Baeksong Holdings-Asiad CC Busan Open,no,kor,no
2026-07-13T05:31:47+00:00,2024,2024-10-13,2024328,Hainan Open,no,cha,no
2026-07-13T05:31:47+00:00,2024,2024-10-13,10618,CKB WA PGA Championship presented by TX Civil & Logistics,no,anz,no
2026-07-13T05:31:47+00:00,2024,2024-10-13,10614,Japan Open Golf Championship,no,jpn,no
2026-07-13T05:31:47+00:00,2024,2024-10-13,554,Black Desert Championship,yes,pga,yes
2026-07-13T05:31:47+00:00,2024,2024-10-13,10616,SJM Macao Open,no,asa,no
2026-07-13T05:31:47+00:00,2024,2024-10-13,10619,Vodacom Origins of Golf - Wild Coast,no,afr,no
2026-07-13T05:31:47+00:00,2024,2024-10-13,609,SAS Championship,no,champ,no
2026-07-13T05:31:47+00:00,2024,2024-10-13,2024138,FedEx Open de France,no,euro,no
2026-07-13T05:31:47+00:00,2024,2024-10-12,10611,Croara Alps Open,no,alp,no
2026-07-13T05:31:47+00:00,2024,2024-10-10,10620,Destination Gotland Open,no,ngl,no
2026-07-13T05:31:47+00:00,2024,2024-10-09,10612,Tour Championship - Trump International,no,tpt,no
2026-07-13T05:31:47+00:00,2024,2024-10-06,54,Sanderson Farms Championship,yes,pga,yes
2026-07-13T05:31:47+00:00,2024,2024-10-06,10607,Hyundai Marine & Fire Insurance KJ Choi Invitational,no,kor,no
2026-07-13T05:31:47+00:00,2024,2024-10-06,2024137,Alfred Dunhill Links Championship,no,euro,no
2026-07-13T05:31:47+00:00,2024,2024-10-06,44,Constellation FURYK & FRIENDS,no,champ,no
2026-07-13T05:31:47+00:00,2024,2024-10-06,10603,ACN Championship Golf Tournament,no,jpn,no
2026-07-13T05:31:47+00:00,2024,2024-10-06,45,Korn Ferry Tour Championship presented by United Leasing & Finance,no,kft,no
2026-07-13T05:31:47+00:00,2024,2024-10-06,10605,Mercuries Taiwan Masters,no,asa,no
2026-07-13T05:31:47+00:00,2024,2024-10-05,2024313,D+D Real Czech Challenge,no,cha,no
2026-07-13T05:31:47+00:00,2024,2024-10-05,10606,Vizag Open,no,pgti,no
2026-07-13T05:31:47+00:00,2024,2024-10-04,10608,SunBet Challenge hosted by Sun Sibaya,no,afr,no
2026-07-13T05:31:47+00:00,2024,2024-10-04,10604,Ryo Ishikawa everyone PROJECT Challenge,no,atvt,no
2026-07-13T05:31:47+00:00,2024,2024-10-02,10599,Castanea Resort Championship,no,pgt,no
2026-07-13T05:31:47+00:00,2024,2024-09-29,2024136,acciona Open de España presented by Madrid,no,euro,no
2026-07-13T05:31:47+00:00,2024,2024-09-29,2024334,Swiss Challenge,no,cha,no
2026-07-13T05:31:47+00:00,2024,2024-09-29,10594,Yeangder TPC,no,asa,no
2026-07-13T05:31:47+00:00,2024,2024-09-29,10590,Vantelin Tokai Classic,no,jpn,no
2026-07-13T05:31:47+00:00,2024,2024-09-29,10595,IGPL presents Telangana Golconda Masters powered by DSR,no,pgti,no
2026-07-13T05:31:47+00:00,2024,2024-09-29,10592,Shandong Cultural and Tourism Jinan Open,no,chn,no
2026-07-13T05:31:47+00:00,2024,2024-09-28,10593,ADT Players Championship presented by The R&A,no,adt,no
2026-07-13T05:31:47+00:00,2024,2024-09-27,10587,Titleist Championship,no,ngl,no
2026-07-13T05:31:47+00:00,2024,2024-09-27,10591,elite grips challenge,no,atvt,no
2026-07-13T05:31:47+00:00,2024,2024-09-26,10588,Royal Norwich,no,cpt,no
2026-07-13T05:31:47+00:00,2024,2024-09-26,10596,Betway Big Easy Tour 4,no,bet,no
2026-07-13T05:31:47+00:00,2024,2024-09-25,10589,Gleneagles Masters presented by Insights,no,tpt,no
2026-07-13T05:31:47+00:00,2024,2024-09-22,2024333,Italian Challenge Open,no,cha,no
2026-07-13T05:31:47+00:00,2024,2024-09-22,37,Dallas (Team Final—Stroke Play),no,liv,no
2026-07-13T05:31:47+00:00,2024,2024-09-22,10582,Panasonic Open Golf Championship,no,jpn,no
2026-07-13T05:31:47+00:00,2024,2024-09-22,2024135,BMW PGA Championship,no,euro,no
2026-07-13T05:31:47+00:00,2024,2024-09-22,10583,Vodacom Origins of Golf - Sishen,no,afr,no
2026-07-13T05:31:47+00:00,2024,2024-09-22,616,PURE Insurance Championship,no,champ,no
2026-07-13T05:31:47+00:00,2024,2024-09-22,94,Nationwide Children's Hospital Championship,no,kft,no
2026-07-13T05:31:47+00:00,2024,2024-09-19,10580,Great Northern Challenge,no,ngl,no
2026-07-13T05:31:47+00:00,2024,2024-09-18,10584,St Andrews Classic presented by Fugro,no,tpt,no
2026-07-13T05:31:47+00:00,2024,2024-09-15,464,Procore Championship,yes,pga,yes
2026-07-13T05:31:47+00:00,2024,2024-09-15,2024327,Open de Portugal at Royal Óbidos,no,cha,no
2026-07-13T05:31:47+00:00,2024,2024-09-15,23,Sanford International,no,champ,no
2026-07-13T05:31:47+00:00,2024,2024-09-15,10573,ANA Open Golf Tournament,no,jpn,no
2026-07-13T05:31:47+00:00,2024,2024-09-15,2024134,Amgen Irish Open,no,euro,no
2026-07-13T05:31:47+00:00,2024,2024-09-15,10575,Singha-SAT MBK Championship,no,atgt,no
2026-07-13T05:31:47+00:00,2024,2024-09-15,120,Simmons Bank Open for the Snedeker Foundation,no,kft,no
2026-07-13T05:31:47+00:00,2024,2024-09-15,36,Chicago,yes,liv,basic
2026-07-13T05:31:47+00:00,2024,2024-09-15,10576,Golfzon-Toray OPEN,no,kor,no
2026-07-13T05:31:47+00:00,2024,2024-09-14,10568,Hauts de France-Pas de Calais Golf Open,no,alp,no
2026-07-13T05:31:47+00:00,2024,2024-09-13,10574,The Indonesia Pro-Am presented by Combiphar & Nomura,no,adt,no
2026-07-13T05:31:47+00:00,2024,2024-09-13,10569,H2O x Danish.Golf,no,ngl,no
2026-07-13T05:31:47+00:00,2024,2024-09-12,10570,Harleyford,no,cpt,no
2026-07-13T05:31:47+00:00,2024,2024-09-08,2024133,Omega European Masters,no,euro,no
2026-07-13T05:31:47+00:00,2024,2024-09-08,10563,Singha Bangkok Open,no,atgt,no
2026-07-13T05:31:47+00:00,2024,2024-09-08,10560,40th Shinhan Donghae Open,no,asa,no
2026-07-13T05:31:47+00:00,2024,2024-09-08,2024321,Big Green Egg German Challenge powered by VcG,no,cha,no
2026-07-13T05:31:47+00:00,2024,2024-09-08,16,Fortinet Cup Championship,no,pta,no
2026-07-13T05:31:47+00:00,2024,2024-09-08,625,Ascension Charity Classic,no,champ,no
2026-07-13T05:31:47+00:00,2024,2024-09-07,10555,Longwy Alps Open,no,alp,no
2026-07-13T05:31:47+00:00,2024,2024-09-07,10565,HIDALGO - Amanali Country Club,no,mex,no
2026-07-13T05:31:47+00:00,2024,2024-09-06,10561,PGM Challenge,no,atvt,no
2026-07-13T05:31:47+00:00,2024,2024-09-05,10558,MacDonald Spey Valley Masters presented by The Mackay Clinic,no,tpt,no
2026-07-13T05:31:47+00:00,2024,2024-09-04,10557,Kedleston Park,no,cpt,no
2026-07-13T05:31:47+00:00,2024,2024-09-01,10549,Mandiri Indonesia Open,no,asa,no
2026-07-13T05:31:47+00:00,2024,2024-09-01,10547,Fujisankei Classic,no,jpn,no
2026-07-13T05:31:47+00:00,2024,2024-09-01,15,CRMC Championship presented by Gertens,no,pta,no
2026-07-13T05:31:47+00:00,2024,2024-09-01,60,TOUR Championship,yes,pga,yes
2026-07-13T05:31:47+00:00,2024,2024-09-01,2024336,Rosa Challenge Tour,no,cha,no
2026-07-13T05:31:47+00:00,2024,2024-09-01,10551,Lexus Masters,no,kor,no
2026-07-13T05:31:47+00:00,2024,2024-09-01,2024132,Betfred British Masters hosted by Sir Nick Faldo,no,euro,no
2026-07-13T05:31:47+00:00,2024,2024-08-31,10548,DUNLOP PHOENIX tournament challenge in Fukushima,no,atvt,no
2026-07-13T05:31:47+00:00,2024,2024-08-31,10550,BRG Open Golf Championship,no,adt,no
2026-07-13T05:31:47+00:00,2024,2024-08-30,10552,Gary & Vivienne Player Challenge,no,afr,no
2026-07-13T05:31:47+00:00,2024,2024-08-30,10544,Footjoy Finnish Swing by Kankaisten Golf,no,ngl,no
2026-07-13T05:31:47+00:00,2024,2024-08-29,10543,Stippelberg Open,no,pgt,no
2026-07-13T05:31:47+00:00,2024,2024-08-25,2024145,Danish Golf Championship,no,euro,no
2026-07-13T05:31:47+00:00,2024,2024-08-25,2024320,Indoor Golf Group Challenge,no,cha,no
2026-07-13T05:31:47+00:00,2024,2024-08-25,27,Albertsons Boise Open presented Chevron,no,kft,no
2026-07-13T05:31:47+00:00,2024,2024-08-25,14,CentrePort Canada Rail Park Manitoba Open,no,pta,no
2026-07-13T05:31:47+00:00,2024,2024-08-25,22,The Ally Challenge,no,champ,no
2026-07-13T05:31:47+00:00,2024,2024-08-25,28,BMW Championship,yes,pga,yes
2026-07-13T05:31:47+00:00,2024,2024-08-25,10536,Sansan KBC Augusta Golf Tournament,no,jpn,no
2026-07-13T05:31:47+00:00,2024,2024-08-24,10537,BNI Ciputra Golfpreneur Tournament,no,adt,no
2026-07-13T05:31:47+00:00,2024,2024-08-24,10530,Timberwise Finnish Open,no,ngl,no
2026-07-13T05:31:47+00:00,2024,2024-08-23,10538,Chennai Open,no,pgti,no
2026-07-13T05:31:47+00:00,2024,2024-08-23,10539,SunBet Challenge Times Square Casino,no,afr,no
2026-07-13T05:31:47+00:00,2024,2024-08-23,10529,Mono Gelpenberg Open,no,pgt,no
2026-07-13T05:31:47+00:00,2024,2024-08-22,10531,Frilford Heath - Blue,no,cpt,no
2026-07-13T05:31:47+00:00,2024,2024-08-21,10532,Leven Links Classic presented by Petrasco,no,tpt,no
2026-07-13T05:31:47+00:00,2024,2024-08-18,35,Greenbrier,yes,liv,basic
2026-07-13T05:31:47+00:00,2024,2024-08-18,27,FedEx St. Jude Championship,yes,pga,yes
2026-07-13T05:31:47+00:00,2024,2024-08-18,2024358,Vierumäki Finnish Challenge supported by Finnish Golf Union,no,cha,no
2026-07-13T05:31:47+00:00,2024,2024-08-18,10525,PNG Open,no,anz,no
2026-07-13T05:31:47+00:00,2024,2024-08-18,13,Elk Ridge Saskatchewan Open presented by Lake Country Co-Op,no,pta,no
2026-07-13T05:31:47+00:00,2024,2024-08-18,10524,Singha Pattaya Open,no,atgt,no
2026-07-13T05:31:47+00:00,2024,2024-08-18,10526,Vodacom Origins of Golf - Highland Gate Mpumalanga,no,afr,no
2026-07-13T05:31:47+00:00,2024,2024-08-18,17,Rogers Charity Classic,no,champ,no
2026-07-13T05:31:47+00:00,2024,2024-08-18,168,Magnit Championship,no,kft,no
2026-07-13T05:31:47+00:00,2024,2024-08-18,2024144,D+D REAL Czech Masters,no,euro,no
2026-07-13T05:31:47+00:00,2024,2024-08-17,10523,KGiSL Presents Coimbatore Open Powered by Prima Donna,no,pgti,no
2026-07-13T05:31:47+00:00,2024,2024-08-17,10517,Staan Open,no,pgt,no
2026-07-13T05:31:47+00:00,2024,2024-08-16,10518,Skåne Challenge by Big Green Egg,no,ngl,no
2026-07-13T05:31:47+00:00,2024,2024-08-16,10519,Mannings Heath,no,cpt,no
2026-07-13T05:31:47+00:00,2024,2024-08-11,123,Pinnacle Bank Championship presented by Woodhouse,no,kft,no
2026-07-13T05:31:47+00:00,2024,2024-08-11,13,Wyndham Championship,yes,pga,yes
2026-07-13T05:31:47+00:00,2024,2024-08-11,2024319,Farmfoods Scottish Challenge supported by the R&A,no,cha,no
2026-07-13T05:31:47+00:00,2024,2024-08-11,10512,Mysuru Open hosted by JWGC,no,pgti,no
2026-07-13T05:31:47+00:00,2024,2024-08-11,10509,Yokohama Minato Championship Fujiki Centennial,no,jpn,no
2026-07-13T05:31:47+00:00,2024,2024-08-11,619,Boeing Classic,no,champ,no
2026-07-13T05:31:47+00:00,2024,2024-08-11,10513,Singha all Thailand Memorial,no,atgt,no
2026-07-13T05:31:47+00:00,2024,2024-08-11,10510,Wuhan Modern·Land Beyond Sky Open,no,chn,no
2026-07-13T05:31:47+00:00,2024,2024-08-11,10511,International Series England,no,asa,no
2026-07-13T05:31:47+00:00,2024,2024-08-09,10540,Mexico City Open,no,mex,no
2026-07-13T05:31:47+00:00,2024,2024-08-09,10505,Forsbacka Open by Folksam,no,ngl,no
2026-07-13T05:31:47+00:00,2024,2024-08-08,10506,St Mellion,no,cpt,no
2026-07-13T05:31:47+00:00,2024,2024-08-07,10514,Betway Big Easy Tour 3,no,bet,no
2026-07-13T05:31:47+00:00,2024,2024-08-04,26,Utah Championship presented by Zions Bank,no,kft,no
2026-07-13T05:31:47+00:00,2024,2024-08-04,2024318,Irish Challenge,no,cha,no
2026-07-13T05:31:47+00:00,2024,2024-08-04,12,BioSteel Championship,no,pta,no
2026-07-13T05:31:47+00:00,2024,2024-08-04,519,Olympic Men's Golf Competition,yes,pga,yes
2026-07-13T05:31:47+00:00,2024,2024-08-03,10503,FNB Eswatini Challenge at Nkonyeni,no,afr,no
2026-07-13T05:31:47+00:00,2024,2024-08-02,10498,Esbjerg Open by FREJA,no,ngl,no
2026-07-13T05:31:47+00:00,2024,2024-08-01,10499,Redditch,no,cpt,no
2026-07-13T05:31:47+00:00,2024,2024-07-30,10500,Blairgowrie Perthshire Masters presented by Alistair Brown International,no,tpt,no
2026-07-13T05:31:47+00:00,2024,2024-07-28,131,NV5 Invitational presented by Old National Bank,no,kft,no
2026-07-13T05:31:47+00:00,2024,2024-07-28,525,3M Open,yes,pga,yes
2026-07-13T05:31:47+00:00,2024,2024-07-28,10494,Singha Chiang Mai Open,no,atgt,no
2026-07-13T05:31:47+00:00,2024,2024-07-28,11,Commissionaires Ottawa Open,no,pta,no
2026-07-13T05:31:47+00:00,2024,2024-07-28,34,United Kingdom,yes,liv,basic
2026-07-13T05:31:47+00:00,2024,2024-07-28,614,The Senior Open Championship presented by Rolex,no,champ,no
2026-07-13T05:31:47+00:00,2024,2024-07-28,2024317,Black Desert NI Open presented by Tom McKibbin,no,cha,no
2026-07-13T05:31:47+00:00,2024,2024-07-26,10489,Holtsmark Open,no,ngl,no
2026-07-13T05:31:47+00:00,2024,2024-07-26,10495,SunBet Challenge hosted by Wild Coast Sun,no,afr,no
2026-07-13T05:31:47+00:00,2024,2024-07-26,10493,Minami Akita CC Michinoku Challenge Tournament,no,atvt,no
2026-07-13T05:31:47+00:00,2024,2024-07-24,10488,Fairway Labs Open,no,pgt,no
2026-07-13T05:31:47+00:00,2024,2024-07-21,2024326,Euram Bank Open,no,cha,no
2026-07-13T05:31:47+00:00,2024,2024-07-21,472,Barracuda Championship,yes,pga,basic
2026-07-13T05:31:47+00:00,2024,2024-07-21,10,Bromont Open presented by Desjardins,no,pta,no
2026-07-13T05:31:47+00:00,2024,2024-07-21,100,The Open Championship,yes,pga,yes
2026-07-13T05:31:47+00:00,2024,2024-07-21,22,Price Cutter Charity Championship presented by Dr Pepper,no,kft,no
2026-07-13T05:31:47+00:00,2024,2024-07-19,10484,Slaley Hall,no,cpt,no
2026-07-13T05:31:47+00:00,2024,2024-07-18,10486,Betway Big Easy Tour 2,no,bet,no
2026-07-13T05:31:47+00:00,2024,2024-07-17,10485,Nairn Dunbar Classic presented by Glen Moray,no,tpt,no
2026-07-13T05:31:47+00:00,2024,2024-07-14,130,The Ascendant presented by Blue,no,kft,no
2026-07-13T05:31:47+00:00,2024,2024-07-14,518,ISCO Championship,yes,pga,yes
2026-07-13T05:31:47+00:00,2024,2024-07-14,10476,Shigeo Nagashima Invitational Sega Sammy Cup Golf Tournament,no,jpn,no
2026-07-13T05:31:47+00:00,2024,2024-07-14,541,Genesis Scottish Open,yes,pga,yes
2026-07-13T05:31:47+00:00,2024,2024-07-14,507,Kaulig Companies Championship,no,champ,no
2026-07-13T05:31:47+00:00,2024,2024-07-14,10477,KPGA Gunsan CC Open,no,kor,no
2026-07-13T05:31:47+00:00,2024,2024-07-14,9,Explore NB Open,no,pta,no
2026-07-13T05:31:47+00:00,2024,2024-07-14,33,Andalucia,yes,liv,basic
2026-07-13T05:31:47+00:00,2024,2024-07-13,10470,Alps de Las Castillas,no,alp,no
2026-07-13T05:31:47+00:00,2024,2024-07-12,10471,Göteborg Open by Capio Ögon,no,ngl,no
2026-07-13T05:31:47+00:00,2024,2024-07-12,10478,Ladybank Masters presented by Piper Sandler,no,tpt,no
2026-07-13T05:31:47+00:00,2024,2024-07-11,10472,Studley Wood,no,cpt,no
2026-07-13T05:31:47+00:00,2024,2024-07-07,10467,Japan PGA Championship,no,jpn,no
2026-07-13T05:31:47+00:00,2024,2024-07-07,10468,International Series Morocco,no,asa,no
2026-07-13T05:31:47+00:00,2024,2024-07-07,30,John Deere Classic,yes,pga,yes
2026-07-13T05:31:47+00:00,2024,2024-07-07,2024126,BMW International Open,no,euro,no
2026-07-13T05:31:47+00:00,2024,2024-07-05,10462,Alps de Andalucia,no,alp,no
2026-07-13T05:31:47+00:00,2024,2024-07-05,10463,Gradi Polish Open by Emeralld,no,pgt,no
2026-07-13T05:31:47+00:00,2024,2024-07-05,10464,OnTee Grand Prix,no,ngl,no
2026-07-13T05:31:47+00:00,2024,2024-07-04,10465,Schloss Roxburghe Masters presented by Martin Gilbert,no,tpt,no
2026-07-13T05:31:47+00:00,2024,2024-06-30,2024332,Le Vaudreuil Golf Challenge,no,cha,no
2026-07-13T05:31:47+00:00,2024,2024-06-30,524,Rocket Mortgage Classic,yes,pga,yes
2026-07-13T05:31:47+00:00,2024,2024-06-30,2024125,Italian Open presented by Regione Emilia-Romagna,no,euro,no
2026-07-13T05:31:47+00:00,2024,2024-06-30,122,Memorial Health Championship presented by LRS,no,kft,no
2026-07-13T05:31:47+00:00,2024,2024-06-30,8,ATB Classic,no,pta,no
2026-07-13T05:31:47+00:00,2024,2024-06-30,512,U.S. Senior Open Championship,no,champ,no
2026-07-13T05:31:47+00:00,2024,2024-06-30,10459,Bizplay-One the Club Open with Club 72,no,kor,no
2026-07-13T05:31:47+00:00,2024,2024-06-29,10452,Aravell Golf Andorra Open by Creand,no,alp,no
2026-07-13T05:31:47+00:00,2024,2024-06-29,10454,PGA Championship Landeryd Masters,no,ngl,no
2026-07-13T05:31:47+00:00,2024,2024-06-27,10460,Betway Big Easy Tour 1,no,bet,no
2026-07-13T05:31:47+00:00,2024,2024-06-27,10455,Newmachar Classic presented by Boskalis,no,tpt,no
2026-07-13T05:31:47+00:00,2024,2024-06-26,10453,The Cuber Open,no,pgt,no
2026-07-13T05:31:47+00:00,2024,2024-06-23,166,Compliance Solutions Championship,no,kft,no
2026-07-13T05:31:47+00:00,2024,2024-06-23,10448,Kolon The 66th Korea Open,no,asa,no
2026-07-13T05:31:47+00:00,2024,2024-06-23,32,Nashville,yes,liv,basic
2026-07-13T05:31:47+00:00,2024,2024-06-23,7,The Beachlands Victoria Open presented by Times Colonist,no,pta,no
2026-07-13T05:31:47+00:00,2024,2024-06-23,2024124,KLM Open,no,euro,no
2026-07-13T05:31:47+00:00,2024,2024-06-23,10447,JAPAN PLAYERS CHAMPIONSHIP by Satosyokuhin,no,jpn,no
2026-07-13T05:31:47+00:00,2024,2024-06-23,8,DICK'S Open,no,champ,no
2026-07-13T05:31:47+00:00,2024,2024-06-23,34,Travelers Championship,yes,pga,yes
2026-07-13T05:31:47+00:00,2024,2024-06-23,2024331,Blot Open de Bretagne,no,cha,no
2026-07-13T05:31:47+00:00,2024,2024-06-22,10449,PKNS Selangor Masters,no,adt,no
2026-07-13T05:31:47+00:00,2024,2024-06-21,10442,Danish Golf Open by Sparekassen Danmark,no,ngl,no
2026-07-13T05:31:47+00:00,2024,2024-06-20,10443,The Caversham,no,cpt,no
2026-07-13T05:31:47+00:00,2024,2024-06-16,10435,Guangdong Gaoyao Jinli Open,no,chn,no
2026-07-13T05:31:47+00:00,2024,2024-06-16,26,U.S. Open,yes,pga,yes
2026-07-13T05:31:47+00:00,2024,2024-06-16,10438,Hana Bank Invitational,no,jpn,no
2026-07-13T05:31:47+00:00,2024,2024-06-16,10439,The Mopani Zambia Open,no,afr,no
2026-07-13T05:31:47+00:00,2024,2024-06-16,23,Blue Cross and Blue Shield of Kansas Wichita Open,no,kft,no
2026-07-13T05:31:47+00:00,2024,2024-06-16,2024330,Kaskáda Golf Challenge,no,cha,no
2026-07-13T05:31:47+00:00,2024,2024-06-16,10427,Open de la Mirabelle d'Or,no,alp,no
2026-07-13T05:31:47+00:00,2024,2024-06-16,10437,Singha all Thailand Championship,no,atgt,no
2026-07-13T05:31:47+00:00,2024,2024-06-14,10436,Nam A Bank Vietnam Masters,no,adt,no
2026-07-13T05:31:47+00:00,2024,2024-06-14,10434,Landic Challenge 11,no,atvt,no
2026-07-13T05:31:47+00:00,2024,2024-06-14,10429,Greatdays Trophy,no,ngl,no
2026-07-13T05:31:47+00:00,2024,2024-06-13,10431,Cardrona Classic presented by Cala Homes,no,tpt,no
2026-07-13T05:31:47+00:00,2024,2024-06-13,10428,The Iron Duke Belgian Open,no,pgt,no
2026-07-13T05:31:47+00:00,2024,2024-06-13,10430,The Manor House,no,cpt,no
2026-07-13T05:31:47+00:00,2024,2024-06-09,2024325,Challenge de Cadiz,no,cha,no
2026-07-13T05:31:47+00:00,2024,2024-06-09,2024122,Volvo Car Scandinavian Mixed,no,euro,no
2026-07-13T05:31:47+00:00,2024,2024-06-09,31,Houston,yes,liv,basic
2026-07-13T05:31:47+00:00,2024,2024-06-09,10423,The 67th KPGA Championship with A-ONE CC,no,kor,no
2026-07-13T05:31:47+00:00,2024,2024-06-09,622,American Family Insurance Championship,no,champ,no
2026-07-13T05:31:47+00:00,2024,2024-06-09,10421,BMW Japan Golf Tour Championship Mori Building Cup,no,jpn,no
2026-07-13T05:31:47+00:00,2024,2024-06-09,37,BMW Charity Pro-Am Presented by TD SYNNEX,no,kft,no
2026-07-13T05:31:47+00:00,2024,2024-06-09,23,the Memorial Tournament presented by Workday,yes,pga,yes
2026-07-13T05:31:47+00:00,2024,2024-06-07,10422,Japan Create Challenge in FukuokaRaizan,no,atvt,no
2026-07-13T05:31:47+00:00,2024,2024-06-07,10417,Samsø Classic Pro-Am - by Samsø Festival,no,ngl,no
2026-07-13T05:31:47+00:00,2024,2024-06-07,10424,SunBet Challenge hosted by Sun City,no,afr,no
2026-07-13T05:31:47+00:00,2024,2024-06-07,10418,Bowood,no,cpt,no
2026-07-13T05:31:47+00:00,2024,2024-06-05,10416,Royal Homburger Open,no,pgt,no
2026-07-13T05:31:47+00:00,2024,2024-06-02,32,RBC Canadian Open,yes,pga,yes
2026-07-13T05:31:47+00:00,2024,2024-06-02,608,Principal Charity Classic,no,champ,no
2026-07-13T05:31:47+00:00,2024,2024-06-02,48,UNC Health Championship presented by STITCH,no,kft,no
2026-07-13T05:31:47+00:00,2024,2024-06-02,2024121,European Open,no,euro,no
2026-07-13T05:31:47+00:00,2024,2024-06-02,10409,Zhengzhou Yellow-River Open,no,chn,no
2026-07-13T05:31:47+00:00,2024,2024-05-31,10408,Taiheiyo Club Challenge Tournament,no,atvt,no
2026-07-13T05:31:47+00:00,2024,2024-05-31,10403,Alps de Roquetas de Mar,no,alp,no
2026-07-13T05:31:47+00:00,2024,2024-05-31,10404,Smørum Open,no,ngl,no
2026-07-13T05:31:47+00:00,2024,2024-05-30,10405,The Q Hotels Collection Championship at Forest Pines,no,cpt,no
2026-07-13T05:31:47+00:00,2024,2024-05-29,10413,Portlethen Classic presented by Entier,no,tpt,no
2026-07-13T05:31:47+00:00,2024,2024-05-26,10400,KB Finance Liiv Championship,no,kor,no
2026-07-13T05:31:47+00:00,2024,2024-05-26,11,Visit Knoxville Open,no,kft,no
2026-07-13T05:31:47+00:00,2024,2024-05-26,10399,Gate Way To The Open Mizuno Open,no,jpn,no
2026-07-13T05:31:47+00:00,2024,2024-05-26,21,Charles Schwab Challenge,yes,pga,yes
2026-07-13T05:31:47+00:00,2024,2024-05-26,2024120,Soudal Open,no,euro,no
2026-07-13T05:31:47+00:00,2024,2024-05-26,10401,KitKat Cash & Carry Pro-am,no,afr,no
2026-07-13T05:31:47+00:00,2024,2024-05-26,2024312,Danish Golf Challenge,no,cha,no
2026-07-13T05:31:47+00:00,2024,2024-05-26,520,KitchenAid Senior PGA Championship,no,champ,no
2026-07-13T05:31:47+00:00,2024,2024-05-25,10394,Lacanau Alps Open,no,alp,no
2026-07-13T05:31:47+00:00,2024,2024-05-23,10395,Gamle Fredrikstad Open,no,ngl,no
2026-07-13T05:31:47+00:00,2024,2024-05-23,10396,Cumberwell Park,no,cpt,no
2026-07-13T05:31:47+00:00,2024,2024-05-19,100,AdventHealth Championship,no,kft,no
2026-07-13T05:31:47+00:00,2024,2024-05-19,10390,Kansai Open Golf Championship,no,jpn,no
2026-07-13T05:31:47+00:00,2024,2024-05-19,33,PGA Championship,yes,pga,yes
2026-07-13T05:31:47+00:00,2024,2024-05-19,10391,SK telecom OPEN,no,kor,no
2026-07-13T05:31:47+00:00,2024,2024-05-19,6,Inter Rapidisimo Golf Championship,no,pta,no
2026-07-13T05:31:47+00:00,2024,2024-05-18,10386,Stora Hotellet Fjällbacka Open,no,ngl,no
2026-07-13T05:31:47+00:00,2024,2024-05-18,10385,Gosser Open,no,alp,no
2026-07-13T05:31:47+00:00,2024,2024-05-16,10411,Montrose Links Masters presented by Gym Rental Company,no,tpt,no
2026-07-13T05:31:47+00:00,2024,2024-05-16,10387,Frilford Heath - Red,no,cpt,no
2026-07-13T05:31:47+00:00,2024,2024-05-12,558,Regions Tradition,no,champ,no
2026-07-13T05:31:47+00:00,2024,2024-05-12,10381,Tour Championship,no,mex,no
2026-07-13T05:31:47+00:00,2024,2024-05-12,553,Myrtle Beach Classic,yes,pga,yes
2026-07-13T05:31:47+00:00,2024,2024-05-12,10378,Singha Laguna Phuket Open,no,adt,no
2026-07-13T05:31:47+00:00,2024,2024-05-12,10377,For The Players By The Players,no,jpn,no
2026-07-13T05:31:47+00:00,2024,2024-05-12,2024311,Challenge de España,no,cha,no
2026-07-13T05:31:47+00:00,2024,2024-05-12,480,Wells Fargo Championship,yes,pga,yes
2026-07-13T05:31:47+00:00,2024,2024-05-12,10380,FBC ZIM Open,no,afr,no
2026-07-13T05:31:47+00:00,2024,2024-05-10,10374,Memorial Giorgio Bordoni presented by AON,no,alp,no
2026-07-13T05:31:47+00:00,2024,2024-05-09,10375,Raiffeisen Pro Golf Tour St. Pölten,no,pgt,no
2026-07-13T05:31:47+00:00,2024,2024-05-08,10382,Brocket Hall,no,cpt,no
2026-07-13T05:31:47+00:00,2024,2024-05-05,30,Singapore,yes,liv,basic
2026-07-13T05:31:47+00:00,2024,2024-05-05,10371,ADT - All Thailand Partnership Trophy,no,adt,no
2026-07-13T05:31:47+00:00,2024,2024-05-05,615,Insperity Invitational,no,champ,no
2026-07-13T05:31:47+00:00,2024,2024-05-05,10368,The Crowns,no,jpn,no
2026-07-13T05:31:47+00:00,2024,2024-05-05,2024116,Volvo China Open,no,euro,no
2026-07-13T05:31:47+00:00,2024,2024-05-05,19,THE CJ CUP Byron Nelson,yes,pga,yes
2026-07-13T05:31:47+00:00,2024,2024-05-05,5,KIA Open,no,pta,no
2026-07-13T05:31:47+00:00,2024,2024-05-05,10370,The 43rd GS Caltex Maekyung Open Golf Championship,no,asa,no
2026-07-13T05:31:47+00:00,2024,2024-05-03,10365,Golfkusten Blekinge by Enkla Elbolaget,no,ngl,no
2026-07-13T05:31:47+00:00,2024,2024-05-03,10369,JAPAN PLAYERS CHAMPIONSHIP CHALLENGE in FUKUI,no,atvt,no
2026-07-13T05:31:47+00:00,2024,2024-05-02,10372,Heythrop Park,no,cpt,no
2026-07-13T05:31:47+00:00,2024,2024-04-28,29,Adelaide,yes,liv,basic
2026-07-13T05:31:47+00:00,2024,2024-04-28,15,Mitsubishi Electric Classic,no,champ,no
2026-07-13T05:31:47+00:00,2024,2024-04-28,2024117,ISPS HANDA - CHAMPIONSHIP,no,euro,no
2026-07-13T05:31:47+00:00,2024,2024-04-28,4,Diners Club Peru Open,no,pta,no
2026-07-13T05:31:47+00:00,2024,2024-04-28,2024310,UAE Challenge,no,cha,no
2026-07-13T05:31:47+00:00,2024,2024-04-28,137,Veritex Bank Championship,no,kft,no
2026-07-13T05:31:47+00:00,2024,2024-04-28,10363,Woori Financial Group Championship,no,kor,no
2026-07-13T05:31:47+00:00,2024,2024-04-27,10356,Tunisian Golf Open,no,alp,no
2026-07-13T05:31:47+00:00,2024,2024-04-26,10362,i Golf Shaper Challenge in Tsukushigaoka,no,atvt,no
2026-07-13T05:31:47+00:00,2024,2024-04-26,10357,Haugschlag NÖ Open by perfect eagle,no,pgt,no
2026-07-13T05:31:47+00:00,2024,2024-04-26,10358,Bravo Tours Open by Enjoy Resorts,no,ngl,no
2026-07-13T05:31:47+00:00,2024,2024-04-21,129,LECOM Suncoast Classic,no,kft,no
2026-07-13T05:31:47+00:00,2024,2024-04-21,522,Corales Puntacana Championship,no,pga,basic
2026-07-13T05:31:47+00:00,2024,2024-04-21,10349,Saudi Open presented by PIF,no,asa,no
2026-07-13T05:31:47+00:00,2024,2024-04-21,10351,KPGA Founders Cup with Hanmaek CC,no,kor,no
2026-07-13T05:31:47+00:00,2024,2024-04-21,12,RBC Heritage,yes,pga,yes
2026-07-13T05:31:47+00:00,2024,2024-04-21,2024309,Abu Dhabi Challenge,no,cha,no
2026-07-13T05:31:47+00:00,2024,2024-04-21,2,69th ECP Brazil Open,no,pta,no
2026-07-13T05:31:47+00:00,2024,2024-04-21,53,Invited Celebrity Classic,no,champ,no
2026-07-13T05:31:47+00:00,2024,2024-04-19,10350,Gurgaon Open powered by Amrutanjan,no,pgti,no
2026-07-13T05:31:47+00:00,2024,2024-04-18,10352,Altron Big Easy Tour FINAL,no,bet,no
2026-07-13T05:31:47+00:00,2024,2024-04-17,10345,Sand Valley Spring Series Final by ECCO,no,ngl,no
2026-07-13T05:31:47+00:00,2024,2024-04-14,14,Masters Tournament,yes,pga,yes
2026-07-13T05:31:47+00:00,2024,2024-04-14,10338,Hainan Baoting Open,no,chn,no
2026-07-13T05:31:47+00:00,2024,2024-04-14,10340,The 19th DB Insurance Promy Open,no,kor,no
2026-07-13T05:31:47+00:00,2024,2024-04-14,10343,The Tour Championship delivered by The Courier Guy,no,afr,no
2026-07-13T05:31:47+00:00,2024,2024-04-13,10339,Nissan presents Delhi-NCR Open,no,pgti,no
2026-07-13T05:31:47+00:00,2024,2024-04-13,10336,Sand Valley Championship,no,ngl,no
2026-07-13T05:31:47+00:00,2024,2024-04-11,10342,Altron Big Easy Tour Play OFF,no,bet,no
2026-07-13T05:31:47+00:00,2024,2024-04-09,10337,ECCO Tour Polish Masters,no,ngl,no
2026-07-13T05:31:47+00:00,2024,2024-04-07,128,Club Car Championship at The Landings Golf & Athletic Club,no,kft,no
2026-07-13T05:31:47+00:00,2024,2024-04-07,10333,Singha Championship,no,atgt,no
2026-07-13T05:31:47+00:00,2024,2024-04-07,41,Valero Texas Open,yes,pga,yes
2026-07-13T05:31:47+00:00,2024,2024-04-07,10332,Limpopo Championship,no,afr,no
2026-07-13T05:31:47+00:00,2024,2024-04-07,28,Miami,yes,liv,basic
2026-07-13T05:31:47+00:00,2024,2024-04-06,10331,Nissan presents Chandigarh Open 2024 hosted by Chandigarh Golf Club,no,pgti,no
2026-07-13T05:31:47+00:00,2024,2024-04-06,10334,Villa Rica Classic,no,mex,no
2026-07-13T05:31:47+00:00,2024,2024-04-05,10330,Novil Cup,no,atvt,no
2026-07-13T05:31:47+00:00,2024,2024-03-31,10327,Token Homemate Cup,no,jpn,no
2026-07-13T05:31:47+00:00,2024,2024-03-31,20,Texas Children's Houston Open,yes,pga,yes
2026-07-13T05:31:47+00:00,2024,2024-03-31,2024114,Hero Indian Open,no,euro,no
2026-07-13T05:31:47+00:00,2024,2024-03-31,56,The Galleri Classic,no,champ,no
2026-07-13T05:31:47+00:00,2024,2024-03-31,17,Totalplay Championship at Atlas Country Club,no,pta,no
2026-07-13T05:31:47+00:00,2024,2024-03-24,573,Hoag Classic,no,champ,no
2026-07-13T05:31:47+00:00,2024,2024-03-24,1,Bupa Championship at Tulum,no,pta,no
2026-07-13T05:31:47+00:00,2024,2024-03-24,2024308,Kolkata Challenge,no,cha,no
2026-07-13T05:31:47+00:00,2024,2024-03-24,10323,Stella Artois Players Championship,no,afr,no
2026-07-13T05:31:47+00:00,2024,2024-03-24,2024113,Porsche Singapore Classic,no,euro,no
2026-07-13T05:31:47+00:00,2024,2024-03-24,475,Valspar Championship,yes,pga,yes
2026-07-13T05:31:47+00:00,2024,2024-03-19,10320,NewGiza Pyramids Challenge,no,pgt,no
2026-07-13T05:31:47+00:00,2024,2024-03-17,2024307,Delhi Challenge,no,cha,no
2026-07-13T05:31:47+00:00,2024,2024-03-17,10316,The National Tournament Presented by BMW,no,anz,no
2026-07-13T05:31:47+00:00,2024,2024-03-17,10314,International Series Macau presented by Wynn,no,asa,no
2026-07-13T05:31:47+00:00,2024,2024-03-17,11,THE PLAYERS Championship,yes,pga,yes
2026-07-13T05:31:47+00:00,2024,2024-03-15,10315,Lexus Challenge,no,adt,no
2026-07-13T05:31:47+00:00,2024,2024-03-14,10311,Allegria Open,no,pgt,no
2026-07-13T05:31:47+00:00,2024,2024-03-14,10317,Altron Big Easy Tour 10,no,bet,no
2026-07-13T05:31:47+00:00,2024,2024-03-10,107,Astara Chile Classic presented by Scotiabank,no,kft,no
2026-07-13T05:31:47+00:00,2024,2024-03-10,27,Hong Kong,yes,liv,basic
2026-07-13T05:31:47+00:00,2024,2024-03-10,18,Cologuard Classic,no,champ,no
2026-07-13T05:31:47+00:00,2024,2024-03-10,2024112,Jonsson Workwear Open,no,euro,no
2026-07-13T05:31:47+00:00,2024,2024-03-10,483,Puerto Rico Open,no,pga,basic
2026-07-13T05:31:47+00:00,2024,2024-03-10,9,Arnold Palmer Invitational presented by Mastercard,yes,pga,yes
2026-07-13T05:31:47+00:00,2024,2024-03-09,10308,Glade One presents Gujarat Open Golf Championship,no,pgti,no
2026-07-13T05:31:47+00:00,2024,2024-03-09,10309,Wipa's Open,no,mex,no
2026-07-13T05:31:47+00:00,2024,2024-03-03,26,Jeddah,yes,liv,basic
2026-07-13T05:31:47+00:00,2024,2024-03-03,10,Cognizant Classic in The Palm Beaches,yes,pga,yes
2026-07-13T05:31:47+00:00,2024,2024-03-03,2024111,SDC Championship,no,euro,no
2026-07-13T05:31:47+00:00,2024,2024-03-03,10301,New Giza Open,no,alp,no
2026-07-13T05:31:47+00:00,2024,2024-03-03,10302,103rd New Zealand Open presented by Sky Sport,no,anz,no
2026-07-13T05:31:47+00:00,2024,2024-03-03,170,117 Visa Argentina Open presented by Macro,no,kft,no
2026-07-13T05:31:47+00:00,2024,2024-03-02,10300,ECCO Tour Catalunya Championship,no,ngl,no
2026-07-13T05:31:47+00:00,2024,2024-03-02,10303,E7 - Copa Prissa,no,mex,no
2026-07-13T05:31:47+00:00,2024,2024-02-27,10299,ECCO Tour Spanish Open,no,ngl,no
2026-07-13T05:31:47+00:00,2024,2024-02-27,10304,Red Sea Little Venice Open,no,alp,no
2026-07-13T05:31:47+00:00,2024,2024-02-26,10295,Golf Mad Championship,no,pgt,no
2026-07-13T05:31:47+00:00,2024,2024-02-25,2024110,Magical Kenya Open,no,euro,no
2026-07-13T05:31:47+00:00,2024,2024-02-25,540,Mexico Open at Vidanta,yes,pga,yes
2026-07-13T05:31:47+00:00,2024,2024-02-25,10294,International Series Oman,no,asa,no
2026-07-13T05:31:47+00:00,2024,2024-02-25,2024303,NMB Championship,no,cha,no
2026-07-13T05:31:47+00:00,2024,2024-02-24,624,Trophy Hassan II,no,champ,no
2026-07-13T05:31:47+00:00,2024,2024-02-24,10289,Dream Valley Group presents Vooty Masters,no,pgti,no
2026-07-13T05:31:47+00:00,2024,2024-02-22,10288,Ein Bay Open,no,alp,no
2026-07-13T05:31:47+00:00,2024,2024-02-22,10292,GolfStar Winter Series - Forest,no,ngl,no
2026-07-13T05:31:47+00:00,2024,2024-02-22,10287,Golf Mad Open,no,pgt,no
2026-07-13T05:31:47+00:00,2024,2024-02-18,2024302,Dimension Data Pro-Am,no,cha,no
2026-07-13T05:31:47+00:00,2024,2024-02-18,552,Chubb Classic,no,champ,no
2026-07-13T05:31:47+00:00,2024,2024-02-18,10284,IRS Prima Malaysian Open,no,asa,no
2026-07-13T05:31:47+00:00,2024,2024-02-18,10286,GolfStar Winter Series - Links,no,ngl,no
2026-07-13T05:31:47+00:00,2024,2024-02-18,10283,Singha E-San Open,no,atgt,no
2026-07-13T05:31:47+00:00,2024,2024-02-18,10285,"Webex Players Series Hunter Valley, Hosted by Jan Stephenson & Peter O'Malley",no,anz,no
2026-07-13T05:31:47+00:00,2024,2024-02-18,7,The Genesis Invitational,yes,pga,yes
2026-07-13T05:31:47+00:00,2024,2024-02-16,10280,Tata Steel PGTI Players Championship 2024 presented by Tollygunge Club,no,pgti,no
2026-07-13T05:31:47+00:00,2024,2024-02-11,10279,Webex Players Series Sydney Hosted by Braith Anasta,no,anz,no
2026-07-13T05:31:47+00:00,2024,2024-02-11,3,WM Phoenix Open,yes,pga,yes
2026-07-13T05:31:47+00:00,2024,2024-02-11,104,Astara Golf Championship presented by Mastercard,no,kft,no
2026-07-13T05:31:47+00:00,2024,2024-02-11,2024301,Bain's Whisky Cape Town Open,no,cha,no
2026-07-13T05:31:47+00:00,2024,2024-02-11,2024147,Commercial Bank Qatar Masters,no,euro,no
2026-07-13T05:31:47+00:00,2024,2024-02-10,25,Las Vegas,yes,liv,basic
2026-07-13T05:31:47+00:00,2024,2024-02-04,5,AT&T Pebble Beach Pro-Am,partial,pga,partial
2026-07-13T05:31:47+00:00,2024,2024-02-04,10274,Vic Open,no,anz,no
2026-07-13T05:31:47+00:00,2024,2024-02-04,2024109,Bahrain Championship presented by Bapco Energies,no,euro,no
2026-07-13T05:31:47+00:00,2024,2024-02-04,24,Mayakoba,yes,liv,basic
2026-07-13T05:31:47+00:00,2024,2024-02-04,84,The Panama Championship,no,kft,no
2026-07-13T05:31:47+00:00,2024,2024-02-04,2024300,SDC Open,no,cha,no
2026-07-13T05:31:47+00:00,2024,2024-01-30,10273,Red Sea Egyptian Classic,no,pgt,no
2026-07-13T05:31:47+00:00,2024,2024-01-28,2024108,Ras Al Khaimah Championship,no,euro,no
2026-07-13T05:31:47+00:00,2024,2024-01-28,10266,10th Boonchu Ruangkit Championship,no,atgt,no
2026-07-13T05:31:47+00:00,2024,2024-01-28,10268,Mediclinic Invitational,no,afr,no
2026-07-13T05:31:47+00:00,2024,2024-01-28,10267,Webex Players Series Hosted by Geoff Ogilvy,no,anz,no
2026-07-13T05:31:47+00:00,2024,2024-01-27,4,Farmers Insurance Open,yes,pga,yes
2026-07-13T05:31:47+00:00,2024,2024-01-25,10262,Red Sea Ain Sokhna Open,no,pgt,no
2026-07-13T05:31:47+00:00,2024,2024-01-24,125,The Bahamas Great Abaco Classic at The Abaco Club,no,kft,no
2026-07-13T05:31:47+00:00,2024,2024-01-21,10257,El Salvador Open Championship,no,mex,no
2026-07-13T05:31:47+00:00,2024,2024-01-21,2,The American Express,yes,pga,yes
2026-07-13T05:31:47+00:00,2024,2024-01-21,2024107,Hero Dubai Desert Classic,no,euro,no
2026-07-13T05:31:47+00:00,2024,2024-01-21,10261,Webex Players Series Murray River in honour of Jarrod Lyle,no,anz,no
2026-07-13T05:31:47+00:00,2024,2024-01-20,524,Mitsubishi Electric Championship at Hualalai,no,champ,no
2026-07-13T05:31:47+00:00,2024,2024-01-18,10256,Altron Big Easy Tour 9,no,bet,no
2026-07-13T05:31:47+00:00,2024,2024-01-17,124,The Bahamas Great Exuma Classic at Sandals Emerald Bay,no,kft,no
2026-07-13T05:31:47+00:00,2024,2024-01-14,6,Sony Open in Hawaii,yes,pga,yes
2026-07-13T05:31:47+00:00,2024,2024-01-14,10254,Heritage Classic,no,anz,no
2026-07-13T05:31:47+00:00,2024,2024-01-14,2024106,Dubai Invitational,no,euro,no
2026-07-13T05:31:47+00:00,2024,2024-01-11,10255,Altron Big Easy Tour 8,no,bet,no
2026-07-13T05:31:47+00:00,2024,2024-01-07,16,The Sentry,yes,pga,yes
2026-07-13T05:31:47+00:00,2023,2023-12-17,88,PGA TOUR Q-School presented by Korn Ferry,no,pga,basic
2026-07-13T05:31:47+00:00,2023,2023-12-17,10250,Saudi Open presented by Public Investment Fund,no,asa,no
2026-07-13T05:31:47+00:00,2023,2023-12-17,2024105,AfrAsia Bank Mauritius Open,no,euro,no
2026-07-13T05:31:47+00:00,2023,2023-12-16,10246,Bhawani Singh Rathore presents Jaipur Open powered by AU Small Finance Bank,no,pgti,no
2026-07-13T05:31:47+00:00,2023,2023-12-13,10248,Altron Big Easy Tour 7,no,bet,no
2026-07-13T05:31:47+00:00,2023,2023-12-10,10241,CGA Championship,no,chn,no
2026-07-13T05:31:47+00:00,2023,2023-12-10,23,Promotions Event,no,liv,no
2026-07-13T05:31:47+00:00,2023,2023-12-10,10243,51st Thailand Open,no,atgt,no
2026-07-13T05:31:47+00:00,2023,2023-12-10,2024104,Alfred Dunhill Championship,no,euro,no
2026-07-13T05:31:47+00:00,2023,2023-12-10,10245,E5 - El Jaguar Golf Open Presented by Inmobilia,no,mex,no
2026-07-13T05:31:47+00:00,2023,2023-12-10,10242,SSP Chawrasia Invitational presented by TAKE Sports,no,pgti,no
2026-07-13T05:31:47+00:00,2023,2023-12-03,10235,Golf Nippon Series JT Cup,no,jpn,no
2026-07-13T05:31:47+00:00,2023,2023-12-03,10236,Taiwan Glass Taifong Open,no,asa,no
2026-07-13T05:31:47+00:00,2023,2023-12-03,2024103,Investec South African Open Championship,no,euro,no
2026-07-13T05:31:47+00:00,2023,2023-12-03,2024102,ISPS Handa Australian Open,no,euro,no
2026-07-13T05:31:47+00:00,2023,2023-12-03,550,Hero World Challenge #2,yes,pga,yes
2026-07-13T05:31:47+00:00,2023,2023-12-02,10237,Saudi Aramco Invitational,no,adt,no
2026-07-13T05:31:47+00:00,2023,2023-12-02,10238,Kapil Dev - Grant Thornton Invitational presented by DLF,no,pgti,no
2026-07-13T05:31:47+00:00,2023,2023-11-26,2024101,Joburg Open,no,euro,no
2026-07-13T05:31:47+00:00,2023,2023-11-26,10228,Casio World Open Golf Tournament,no,jpn,no
2026-07-13T05:31:47+00:00,2023,2023-11-26,10231,24th Singha Thailand Masters,no,atgt,no
2026-07-13T05:31:47+00:00,2023,2023-11-26,2024100,Fortinet Australian PGA Championship,no,euro,no
2026-07-13T05:31:47+00:00,2023,2023-11-26,10229,Chongqing Open,no,chn,no
2026-07-13T05:31:47+00:00,2023,2023-11-25,10230,IndianOil Servo Masters Golf,no,pgti,no
2026-07-13T05:31:47+00:00,2023,2023-11-19,549,The RSM Classic #2,partial,pga,partial
2026-07-13T05:31:47+00:00,2023,2023-11-19,10226,Victorian PGA Championship,no,anz,no
2026-07-13T05:31:47+00:00,2023,2023-11-19,10223,Dunlop Phoenix Tournament,no,jpn,no
2026-07-13T05:31:47+00:00,2023,2023-11-19,10224,BNI Indonesian Masters presented by Tunas Niaga Energi,no,asa,no
2026-07-13T05:31:47+00:00,2023,2023-11-19,2023146,DP World Tour Championship,no,euro,no
2026-07-13T05:31:47+00:00,2023,2023-11-18,10225,Toyota Tour Championship,no,adt,no
2026-07-13T05:31:47+00:00,2023,2023-11-16,10227,Altron Big Easy Tour 6,no,bet,no
2026-07-13T05:31:47+00:00,2023,2023-11-15,2023713,DP World Tour Qualifying (Final Stage),no,euro,no
2026-07-13T05:31:47+00:00,2023,2023-11-12,548,Butterfield Bermuda Championship #2,no,pga,basic
2026-07-13T05:31:47+00:00,2023,2023-11-12,2023145,Nedbank Golf Challenge,no,euro,no
2026-07-13T05:31:47+00:00,2023,2023-11-12,10214,Mitsui Sumitomo VISA Taiheiyo Masters,no,jpn,no
2026-07-13T05:31:47+00:00,2023,2023-11-12,539,Charles Schwab Cup Championship,no,champ,no
2026-07-13T05:31:47+00:00,2023,2023-11-12,10217,LG SIGNATURE Players Championship,no,kor,no
2026-07-13T05:31:47+00:00,2023,2023-11-12,10215,Hong Kong Open,no,asa,no
2026-07-13T05:31:47+00:00,2023,2023-11-12,10218,Gippsland Super 6,no,anz,no
2026-07-13T05:31:47+00:00,2023,2023-11-11,10216,PKNS Selangor Masters,no,adt,no
2026-07-13T05:31:47+00:00,2023,2023-11-11,10220,V Copa Multimedios,no,mex,no
2026-07-13T05:31:47+00:00,2023,2023-11-08,10219,Altron Big Easy Tour 5,no,bet,no
2026-07-13T05:31:47+00:00,2023,2023-11-05,10203,Mynavi ABC Championship,no,jpn,no
2026-07-13T05:31:47+00:00,2023,2023-11-05,10207,Vodacom Origins of Golf Finals,no,afr,no
2026-07-13T05:31:47+00:00,2023,2023-11-05,10208,Queensland PGA Championship,no,anz,no
2026-07-13T05:31:47+00:00,2023,2023-11-05,10206,Jeev Milkha Singh Invitational presented by TAKE Sports,no,pgti,no
2026-07-13T05:31:47+00:00,2023,2023-11-05,547,World Wide Technology Championship #2,no,pga,basic
2026-07-13T05:31:47+00:00,2023,2023-11-05,10205,Golfzon-Toray OPEN,no,kor,no
2026-07-13T05:31:47+00:00,2023,2023-11-05,9,TimberTech Championship,no,champ,no
2026-07-13T05:31:47+00:00,2023,2023-11-05,2023324,Rolex Challenge Tour Grand Final supported by the R&A,no,cha,no
2026-07-13T05:31:47+00:00,2023,2023-11-05,10204,Volvo China Open,no,asa,no
2026-07-13T05:31:47+00:00,2023,2023-10-29,10198,Haryana Open presented by Wonder Cement,no,pgti,no
2026-07-13T05:31:47+00:00,2023,2023-10-29,2023150,Commercial Bank Qatar Masters,no,euro,no
2026-07-13T05:31:47+00:00,2023,2023-10-29,10200,Backsong Holdings-Asiad CC Busan Open,no,kor,no
2026-07-13T05:31:47+00:00,2023,2023-10-29,10197,Hengdian International Golf Elite Pro-Am,no,chn,no
2026-07-13T05:31:47+00:00,2023,2023-10-27,10199,SunBet Challenge hosted by Sun Sibaya,no,afr,no
2026-07-13T05:31:47+00:00,2023,2023-10-22,2023149,Estrella Damm N.A. Andalucía  Masters,no,euro,no
2026-07-13T05:31:47+00:00,2023,2023-10-22,22,Miami (Team Final—Stroke Play),no,liv,basic
2026-07-13T05:31:47+00:00,2023,2023-10-22,10193,Webex Players Series SA hosted by Greg Blewett,no,anz,no
2026-07-13T05:31:47+00:00,2023,2023-10-22,10192,Mitsubishi Electric Fa Golf Open,no,chn,no
2026-07-13T05:31:47+00:00,2023,2023-10-22,623,Dominion Energy Charity Classic,no,champ,no
2026-07-13T05:31:47+00:00,2023,2023-10-22,546,ZOZO CHAMPIONSHIP #2,no,pga,basic
2026-07-13T05:31:47+00:00,2023,2023-10-22,10194,VOG KZN,no,afr,no
2026-07-13T05:31:47+00:00,2023,2023-10-21,10195,E3 - Copa SIMSA Patrocinada por Combugas,no,mex,no
2026-07-13T05:31:47+00:00,2023,2023-10-20,10189,Road to Europe Final,no,ngl,no
2026-07-13T05:31:47+00:00,2023,2023-10-20,10188,Alps Tour Grand Final Presented by Auralis Limitless Lighting,no,alp,no
2026-07-13T05:31:47+00:00,2023,2023-10-20,10191,Delight Works JGTO FINAL,no,atvt,no
2026-07-13T05:31:47+00:00,2023,2023-10-16,2023337,Hainan Open,no,cha,no
2026-07-13T05:31:47+00:00,2023,2023-10-15,545,Shriners Children's Open #2,yes,pga,yes
2026-07-13T05:31:47+00:00,2023,2023-10-15,609,SAS Championship,no,champ,no
2026-07-13T05:31:47+00:00,2023,2023-10-15,21,Jeddah,no,liv,basic
2026-07-13T05:31:47+00:00,2023,2023-10-15,2023143,acciona Open de España presented by Madrid,no,euro,no
2026-07-13T05:31:47+00:00,2023,2023-10-14,10182,Genesis Championship,no,kor,no
2026-07-13T05:31:47+00:00,2023,2023-10-14,10178,Japan Open Golf Championship,no,jpn,no
2026-07-13T05:31:47+00:00,2023,2023-10-14,10183,CKB WA PGA Championship presented by TX Civil & Logistics,no,anz,no
2026-07-13T05:31:47+00:00,2023,2023-10-14,10180,SJM Macao Open,no,asa,no
2026-07-13T05:31:47+00:00,2023,2023-10-12,10179,The #1 Tour Final in Golf,no,ngl,no
2026-07-13T05:31:47+00:00,2023,2023-10-12,10181,The 2nd Indo Masters Golf Invitational presented by TNE,no,adt,no
2026-07-13T05:31:47+00:00,2023,2023-10-08,544,Sanderson Farms Championship #2,yes,pga,yes
2026-07-13T05:31:47+00:00,2023,2023-10-08,2023323,Hopps Open de Provence,no,cha,no
2026-07-13T05:31:47+00:00,2023,2023-10-08,44,Constellation FURYK & FRIENDS,no,champ,no
2026-07-13T05:31:47+00:00,2023,2023-10-08,2023142,Alfred Dunhill Links Championship,no,euro,no
2026-07-13T05:31:47+00:00,2023,2023-10-08,45,Korn Ferry Tour Championship presented by United Leasing & Finance,no,kft,no
2026-07-13T05:31:47+00:00,2023,2023-10-07,10167,ACN Championship Golf Tournament,no,jpn,no
2026-07-13T05:31:47+00:00,2023,2023-10-07,10169,International Series Singapore,no,asa,no
2026-07-13T05:31:47+00:00,2023,2023-10-07,10173,Hyundai Marine & Fire Insurance KJ Choi Invitational,no,kor,no
2026-07-13T05:31:47+00:00,2023,2023-10-07,10172,Singha Championship,no,atgt,no
2026-07-13T05:31:47+00:00,2023,2023-10-07,10175,Fortress Invitational,no,afr,no
2026-07-13T05:31:47+00:00,2023,2023-10-07,10174,WA Open,no,anz,no
2026-07-13T05:31:47+00:00,2023,2023-10-06,10171,J&K Open presented by J&K Tourism,no,pgti,no
2026-07-13T05:31:47+00:00,2023,2023-10-05,10168,Ryo Ishikawa everyone PROJECT Challenge,no,atvt,no
2026-07-13T05:31:47+00:00,2023,2023-10-05,10170,OB Golf Invitational Presented by Sentul Highlands Golf Club,no,adt,no
2026-07-13T05:31:47+00:00,2023,2023-10-05,10164,Castanea Resort Championship,no,pgt,no
2026-07-13T05:31:47+00:00,2023,2023-09-30,10156,Vantelin Tokai Classic,no,jpn,no
2026-07-13T05:31:47+00:00,2023,2023-09-30,10157,Mercuries Taiwan Masters,no,asa,no
2026-07-13T05:31:47+00:00,2023,2023-09-29,10161,Bollineni Panache & Telangana Tourism presents Telangana Golconda Masters,no,pgti,no
2026-07-13T05:31:47+00:00,2023,2023-09-28,10160,OB Golf Championship,no,adt,no
2026-07-13T05:31:47+00:00,2023,2023-09-28,10159,elite grips challenge,no,atvt,no
2026-07-13T05:31:47+00:00,2023,2023-09-27,10158,Destination Gotland Open,no,ngl,no
2026-07-13T05:31:47+00:00,2023,2023-09-24,616,PURE Insurance Championship,no,champ,no
2026-07-13T05:31:47+00:00,2023,2023-09-24,2023322,Swiss Challenge,no,cha,no
2026-07-13T05:31:47+00:00,2023,2023-09-24,2023140,Cazoo Open de France,no,euro,no
2026-07-13T05:31:47+00:00,2023,2023-09-24,94,Nationwide Children's Hospital Championship,no,kft,no
2026-07-13T05:31:47+00:00,2023,2023-09-24,20,Chicago,no,liv,basic
2026-07-13T05:31:47+00:00,2023,2023-09-23,10149,Panasonic Open Golf Championship,no,jpn,no
2026-07-13T05:31:47+00:00,2023,2023-09-23,10150,Yeangder TPC,no,asa,no
2026-07-13T05:31:47+00:00,2023,2023-09-23,10153,PGA Championship,no,afr,no
2026-07-13T05:31:47+00:00,2023,2023-09-23,10155,Amanali Classic,no,mex,no
2026-07-13T05:31:47+00:00,2023,2023-09-23,10151,iMBank opening,no,kor,no
2026-07-13T05:31:47+00:00,2023,2023-09-22,10154,Vizag Open,no,pgti,no
2026-07-13T05:31:47+00:00,2023,2023-09-20,10152,Great Northern Challenge,no,ngl,no
2026-07-13T05:31:47+00:00,2023,2023-09-17,120,Simmons Bank Open for the Snedeker Foundation,no,kft,no
2026-07-13T05:31:47+00:00,2023,2023-09-17,2023321,Open de Portugal at Royal Óbidos,no,cha,no
2026-07-13T05:31:47+00:00,2023,2023-09-17,23,Sanford International,no,champ,no
2026-07-13T05:31:47+00:00,2023,2023-09-17,2023139,BMW PGA Championship,no,euro,no
2026-07-13T05:31:47+00:00,2023,2023-09-17,543,Fortinet Championship #2,yes,pga,yes
2026-07-13T05:31:47+00:00,2023,2023-09-16,10143,VOG Western Cape,no,afr,no
2026-07-13T05:31:47+00:00,2023,2023-09-16,10141,ANA Open Golf Tournament,no,jpn,no
2026-07-13T05:31:47+00:00,2023,2023-09-16,10142,BIZPLAY-Electronic Times OPEN,no,kor,no
2026-07-13T05:31:47+00:00,2023,2023-09-15,10144,Hauts de France-Pas de Calais Golf Open,no,alp,no
2026-07-13T05:31:47+00:00,2023,2023-09-14,10145,TRUST Forsikring Championship,no,ngl,no
2026-07-13T05:31:47+00:00,2023,2023-09-10,2023304,Challenge de España,no,cha,no
2026-07-13T05:31:47+00:00,2023,2023-09-10,2023138,Horizon Irish Open,no,euro,no
2026-07-13T05:31:47+00:00,2023,2023-09-10,625,Ascension Charity Classic,no,champ,no
2026-07-13T05:31:47+00:00,2023,2023-09-10,10,Fortinet Cup Championship,no,can,no
2026-07-13T05:31:47+00:00,2023,2023-09-09,10135,Shinhan Donghae Open,no,asa,no
2026-07-13T05:31:47+00:00,2023,2023-09-09,10136,Singha Bangkok Open,no,atgt,no
2026-07-13T05:31:47+00:00,2023,2023-09-09,10134,Guotai Open,no,chn,no
2026-07-13T05:31:47+00:00,2023,2023-09-08,10130,Onsjö Open,no,ngl,no
2026-07-13T05:31:47+00:00,2023,2023-09-07,10133,PGM Challenge,no,atvt,no
2026-07-13T05:31:47+00:00,2023,2023-09-03,2023137,Omega European Masters,no,euro,no
2026-07-13T05:31:47+00:00,2023,2023-09-03,10122,LX Championship,no,kor,no
2026-07-13T05:31:47+00:00,2023,2023-09-03,2023320,Indoor Golf Group Challenge,no,cha,no
2026-07-13T05:31:47+00:00,2023,2023-09-03,10121,Fujisankei Classic,no,jpn,no
2026-07-13T05:31:47+00:00,2023,2023-09-03,53,CRMC Championship presented by Gertens,no,can,no
2026-07-13T05:31:47+00:00,2023,2023-09-02,10124,DUNLOP PHOENIX tournament challenge in Fukushima,no,atvt,no
2026-07-13T05:31:47+00:00,2023,2023-09-02,10123,FaberExposize Gelpenberg Open,no,pgt,no
2026-07-13T05:31:47+00:00,2023,2023-09-02,10125,BRG Open Golf Championship Da Nang,no,adt,no
2026-07-13T05:31:47+00:00,2023,2023-09-01,10127,Gary & Vivienne Player Challenge,no,afr,no
2026-07-13T05:31:47+00:00,2023,2023-09-01,10126,The Nordcenter Fream Extreme,no,ngl,no
2026-07-13T05:31:47+00:00,2023,2023-08-27,27,Albertsons Boise Open presented by Chevron,no,kft,no
2026-07-13T05:31:47+00:00,2023,2023-08-27,60,TOUR Championship,yes,pga,yes
2026-07-13T05:31:47+00:00,2023,2023-08-27,10115,KPGA Gunsan CC Open,no,kor,no
2026-07-13T05:31:47+00:00,2023,2023-08-27,6,CentrePort Canada Rail Park Manitoba Open,no,can,no
2026-07-13T05:31:47+00:00,2023,2023-08-27,2023136,D+D Real Czech Masters,no,euro,no
2026-07-13T05:31:47+00:00,2023,2023-08-27,10112,St Andrews Bay Championship,no,asa,no
2026-07-13T05:31:47+00:00,2023,2023-08-27,22,The Ally Challenge,no,champ,no
2026-07-13T05:31:47+00:00,2023,2023-08-27,10110,Sansan KBC Augusta,no,jpn,no
2026-07-13T05:31:47+00:00,2023,2023-08-27,2023319,Dormy Open,no,cha,no
2026-07-13T05:31:47+00:00,2023,2023-08-27,10105,Timberwise Finnish Open,no,ngl,no
2026-07-13T05:31:47+00:00,2023,2023-08-26,10113,BNI Ciputra Golfpreneur Tournament,no,adt,no
2026-07-13T05:31:47+00:00,2023,2023-08-26,10106,Staan Open,no,pgt,no
2026-07-13T05:31:47+00:00,2023,2023-08-25,10114,Coimbatore Open presented by KGiSL,no,pgti,no
2026-07-13T05:31:47+00:00,2023,2023-08-23,10117,Altron Big Easy Tour 4,no,bet,no
2026-07-13T05:31:47+00:00,2023,2023-08-20,17,Shaw Charity Classic,no,champ,no
2026-07-13T05:31:47+00:00,2023,2023-08-20,2023135,ISPS Handa World Invitational presented by AVIV Clinics,no,euro,no
2026-07-13T05:31:47+00:00,2023,2023-08-20,2023318,Vierumäki Finnish Challenge ,no,cha,no
2026-07-13T05:31:47+00:00,2023,2023-08-20,10097,International Series England,no,asa,no
2026-07-13T05:31:47+00:00,2023,2023-08-20,10100,Tailor-made Building Services NT PGA Championship,no,anz,no
2026-07-13T05:31:47+00:00,2023,2023-08-20,28,BMW Championship,yes,pga,yes
2026-07-13T05:31:47+00:00,2023,2023-08-20,168,Magnit Championship,no,kft,no
2026-07-13T05:31:47+00:00,2023,2023-08-19,10094,Stippelberg Open,no,pgt,no
2026-07-13T05:31:47+00:00,2023,2023-08-19,10099,India Cements Pro Championship,no,pgti,no
2026-07-13T05:31:47+00:00,2023,2023-08-18,10101,SunBet Challenge - Time Square,no,afr,no
2026-07-13T05:31:47+00:00,2023,2023-08-18,10093,Esbjerg Open by FREJA,no,ngl,no
2026-07-13T05:31:47+00:00,2023,2023-08-18,10098,The Indonesia Pro-Am presented by Combiphar & Nomura,no,adt,no
2026-07-13T05:31:47+00:00,2023,2023-08-18,10102,Club de Golf Mexico Invitational,no,mex,no
2026-07-13T05:31:47+00:00,2023,2023-08-13,123,Pinnacle Bank Championship presented by Aetna,no,kft,no
2026-07-13T05:31:47+00:00,2023,2023-08-13,27,FedEx St. Jude Championship,yes,pga,yes
2026-07-13T05:31:47+00:00,2023,2023-08-13,619,Boeing Classic,no,champ,no
2026-07-13T05:31:47+00:00,2023,2023-08-13,10090,Vodacom Origins of Golf,no,afr,no
2026-07-13T05:31:47+00:00,2023,2023-08-13,19,Bedminster,no,liv,basic
2026-07-13T05:31:47+00:00,2023,2023-08-13,10089,Singha all Thailand Championship,no,atgt,no
2026-07-13T05:31:47+00:00,2023,2023-08-13,2023317,Farmfoods Scottish Challenge supported by the R&A,no,cha,no
2026-07-13T05:31:47+00:00,2023,2023-08-06,10082,Yokohama Minato Championship ~Fujiki Centennial~,no,jpn,no
2026-07-13T05:31:47+00:00,2023,2023-08-06,46,Windsor Championship,no,can,no
2026-07-13T05:31:47+00:00,2023,2023-08-06,10083,Mandiri Indonesia Open,no,asa,no
2026-07-13T05:31:47+00:00,2023,2023-08-06,13,Wyndham Championship,yes,pga,yes
2026-07-13T05:31:47+00:00,2023,2023-08-06,2023316,British Challenge presented by Modest! Golf Management,no,cha,no
2026-07-13T05:31:47+00:00,2023,2023-08-06,26,Utah Championship presented by Zions Bank,no,kft,no
2026-07-13T05:31:47+00:00,2023,2023-08-06,18,Greenbrier,no,liv,basic
2026-07-13T05:31:47+00:00,2023,2023-08-04,10078,BWT Championship,no,ngl,no
2026-07-13T05:31:47+00:00,2023,2023-08-03,10084,Altron Big Easy Tour 3,no,bet,no
2026-07-13T05:31:47+00:00,2023,2023-07-30,10075,Japan PGA Championship,no,jpn,no
2026-07-13T05:31:47+00:00,2023,2023-07-30,48,Osprey Valley Open presented by Votorantim Cimentos CBM Aggregates,no,can,no
2026-07-13T05:31:47+00:00,2023,2023-07-30,131,NV5 Invitational presented by Old National Bank,no,kft,no
2026-07-13T05:31:47+00:00,2023,2023-07-30,525,3M Open,yes,pga,yes
2026-07-13T05:31:47+00:00,2023,2023-07-30,614,The Senior Open Presented by Rolex,no,champ,no
2026-07-13T05:31:47+00:00,2023,2023-07-30,2023315,Irish Challenge,no,cha,no
2026-07-13T05:31:47+00:00,2023,2023-07-29,10070,Abruzzo Alps Open,no,alp,no
2026-07-13T05:31:47+00:00,2023,2023-07-29,10076,FNB Eswatini Challenge @ Nkonyeni,no,afr,no
2026-07-13T05:31:47+00:00,2023,2023-07-28,10071,Miklagard Open,no,ngl,no
2026-07-13T05:31:47+00:00,2023,2023-07-27,10072,Raiffeisen Pro Golf Tour St. Pölten,no,pgt,no
2026-07-13T05:31:47+00:00,2023,2023-07-23,22,Price Cutter Charity Championship presented by Dr Pepper,no,kft,no
2026-07-13T05:31:47+00:00,2023,2023-07-23,100,The Open Championship,yes,pga,yes
2026-07-13T05:31:47+00:00,2023,2023-07-23,472,Barracuda Championship,no,pga,basic
2026-07-13T05:31:47+00:00,2023,2023-07-23,2023314,Big Green Egg German Challenge powered by VcG,no,cha,no
2026-07-13T05:31:47+00:00,2023,2023-07-23,70,Commissionaires Ottawa Open,no,can,no
2026-07-13T05:31:47+00:00,2023,2023-07-22,10065,Volvo China Open Qualifying,no,chn,no
2026-07-13T05:31:47+00:00,2023,2023-07-21,10067,SunBet Challenge - Wild Coast,no,afr,no
2026-07-13T05:31:47+00:00,2023,2023-07-19,10062,The Cuber Open,no,pgt,no
2026-07-13T05:31:47+00:00,2023,2023-07-16,44,Quebec Open powered by Videotron Business,no,can,no
2026-07-13T05:31:47+00:00,2023,2023-07-16,2023313,Euram Bank Open,no,cha,no
2026-07-13T05:31:47+00:00,2023,2023-07-16,518,Barbasol Championship,yes,pga,yes
2026-07-13T05:31:47+00:00,2023,2023-07-16,541,Genesis Scottish Open,yes,pga,yes
2026-07-13T05:31:47+00:00,2023,2023-07-16,507,Kaulig Companies Championship,no,champ,no
2026-07-13T05:31:47+00:00,2023,2023-07-16,130,The Ascendant presented by Blue,no,kft,no
2026-07-13T05:31:47+00:00,2023,2023-07-16,10058,Tres Vidas Tour Championship,no,mex,no
2026-07-13T05:31:47+00:00,2023,2023-07-16,10056,Singha Pattaya Open,no,adt,no
2026-07-13T05:31:47+00:00,2023,2023-07-15,10051,Fred Olsen Alps de La Gomera,no,alp,no
2026-07-13T05:31:47+00:00,2023,2023-07-14,10055,Minami Akita CC Michinoku Challenge Tournament,no,atvt,no
2026-07-13T05:31:47+00:00,2023,2023-07-13,10057,Altron Big Easy Tour 2,no,bet,no
2026-07-13T05:31:47+00:00,2023,2023-07-09,10046,ADT - All Thailand Partnership Trophy,no,adt,no
2026-07-13T05:31:47+00:00,2023,2023-07-09,2023130,Made in HimmerLand,no,euro,no
2026-07-13T05:31:47+00:00,2023,2023-07-09,2023312,Italian Challenge Open,no,cha,no
2026-07-13T05:31:47+00:00,2023,2023-07-09,17,London,no,liv,basic
2026-07-13T05:31:47+00:00,2023,2023-07-09,30,John Deere Classic,yes,pga,yes
2026-07-13T05:31:47+00:00,2023,2023-07-07,10044,Gradi Polish Open by Emeralld,no,pgt,no
2026-07-13T05:31:47+00:00,2023,2023-07-07,10043,Arlandastad Trophy by Cutter & Buck,no,ngl,no
2026-07-13T05:31:47+00:00,2023,2023-07-06,10047,Altron Big Easy Tour 1,no,bet,no
2026-07-13T05:31:47+00:00,2023,2023-07-02,524,Rocket Mortgage Classic,yes,pga,yes
2026-07-13T05:31:47+00:00,2023,2023-07-02,512,U.S. Senior Open,no,champ,no
2026-07-13T05:31:47+00:00,2023,2023-07-02,16,Valderrama,no,liv,basic
2026-07-13T05:31:47+00:00,2023,2023-07-02,10040,Shigeo Nagashima INVITATIONAL Sega Sammy Cup,no,jpn,no
2026-07-13T05:31:47+00:00,2023,2023-07-02,57,Bupa Tour Championship,no,sam,no
2026-07-13T05:31:47+00:00,2023,2023-07-02,2023129,Betfred British Masters,no,euro,no
2026-07-13T05:31:47+00:00,2023,2023-07-02,3,ATB Classic,no,can,no
2026-07-13T05:31:47+00:00,2023,2023-07-02,122,Memorial Health Championship presented by LRS,no,kft,no
2026-07-13T05:31:47+00:00,2023,2023-07-02,2023311,Le Vaudreuil Golf Challenge,no,cha,no
2026-07-13T05:31:47+00:00,2023,2023-07-01,10035,PGA Championship Landeryd Masters,no,ngl,no
2026-07-13T05:31:47+00:00,2023,2023-07-01,10034,Aravell Golf Open by Creand,no,alp,no
2026-07-13T05:31:47+00:00,2023,2023-06-25,8,DICK'S Sporting Goods Open,no,champ,no
2026-07-13T05:31:47+00:00,2023,2023-06-25,69,Elk Ridge Saskatchewan Open presented by Brandt,no,can,no
2026-07-13T05:31:47+00:00,2023,2023-06-25,2023310,Blot Open de Bretagne,no,cha,no
2026-07-13T05:31:47+00:00,2023,2023-06-25,10031,Kolon The 65th Korea Open Golf Championship,no,asa,no
2026-07-13T05:31:47+00:00,2023,2023-06-25,60,Jalisco Open GDL,no,sam,no
2026-07-13T05:31:47+00:00,2023,2023-06-25,34,Travelers Championship,yes,pga,yes
2026-07-13T05:31:47+00:00,2023,2023-06-25,2023128,BMW International Open,no,euro,no
2026-07-13T05:31:47+00:00,2023,2023-06-25,10030,JAPAN PLAYERS CHAMPIONSHIP by Satosyokuhin,no,jpn,no
2026-07-13T05:31:47+00:00,2023,2023-06-25,166,Compliance Solutions Championship,no,kft,no
2026-07-13T05:31:47+00:00,2023,2023-06-21,10024,Tenerife Pro Golf Open,no,alp,no
2026-07-13T05:31:47+00:00,2023,2023-06-18,10020,Hana Bank Invitational,no,jpn,no
2026-07-13T05:31:47+00:00,2023,2023-06-18,2023309,Kaskáda Golf Challenge,no,cha,no
2026-07-13T05:31:47+00:00,2023,2023-06-18,2,Royal Beach Victoria Open presented by Times Colonist,no,can,no
2026-07-13T05:31:47+00:00,2023,2023-06-18,23,Blue Cross and Blue Shield of Kansas Wichita Open,no,kft,no
2026-07-13T05:31:47+00:00,2023,2023-06-18,26,U.S. Open,yes,pga,yes
2026-07-13T05:31:47+00:00,2023,2023-06-17,10016,Alps de Andalucia,no,alp,no
2026-07-13T05:31:47+00:00,2023,2023-06-16,10017,Greatdays Trophy,no,ngl,no
2026-07-13T05:31:47+00:00,2023,2023-06-16,10021,Japan Create Challenge in FukuokaRaizan,no,atvt,no
2026-07-13T05:31:47+00:00,2023,2023-06-11,622,American Family Insurance Championship,no,champ,no
2026-07-13T05:31:47+00:00,2023,2023-06-11,10011,ASO IIZUKA Challenged Golf Tournament,no,jpn,no
2026-07-13T05:31:47+00:00,2023,2023-06-11,2023126,Volvo Car Scandinavian Mixed,no,euro,no
2026-07-13T05:31:47+00:00,2023,2023-06-11,10012,Singha Chiang Mai Open,no,atgt,no
2026-07-13T05:31:47+00:00,2023,2023-06-11,10005,IV Pro - Am Ventanas de San Miguel,no,mex,no
2026-07-13T05:31:47+00:00,2023,2023-06-11,2023308,Andalucía Challenge de Cádiz,no,cha,no
2026-07-13T05:31:47+00:00,2023,2023-06-11,32,RBC Canadian Open,yes,pga,yes
2026-07-13T05:31:47+00:00,2023,2023-06-11,10013,The 66th KPGA Championship with A-ONE CC,no,kor,no
2026-07-13T05:31:47+00:00,2023,2023-06-11,37,BMW Charity Pro-Am presented by TD SYNNEX,no,kft,no
2026-07-13T05:31:47+00:00,2023,2023-06-10,10008,Croara Alps Open,no,alp,no
2026-07-13T05:31:47+00:00,2023,2023-06-09,10003,Thomas Bjørn Samsø Classic - by Samsø Festival,no,ngl,no
2026-07-13T05:31:47+00:00,2023,2023-06-09,10004,Landic Challenge 10,no,atvt,no
2026-07-13T05:31:47+00:00,2023,2023-06-04,23,the Memorial Tournament presented by Workday,yes,pga,yes
2026-07-13T05:31:47+00:00,2023,2023-06-04,10000,BMW Japan Golf Tour Championship Mori Building Cup,no,jpn,no
2026-07-13T05:31:47+00:00,2023,2023-06-04,608,Principal Charity Classic,no,champ,no
2026-07-13T05:31:47+00:00,2023,2023-06-04,9996,Open de la Mirabelle d'Or,no,alp,no
2026-07-13T05:31:47+00:00,2023,2023-06-04,10001,Zhengzhou Open,no,chn,no
2026-07-13T05:31:47+00:00,2023,2023-06-04,48,UNC Health Championship presented by STITCH,no,kft,no
2026-07-13T05:31:47+00:00,2023,2023-06-04,59,Inter Rapidisimo Golf Championship presentado por Volvo,no,sam,no
2026-07-13T05:31:47+00:00,2023,2023-06-04,2023307,D+D Real Czech Challenge,no,cha,no
2026-07-13T05:31:47+00:00,2023,2023-06-04,2023125,Porsche European Open,no,euro,no
2026-07-13T05:31:47+00:00,2023,2023-06-02,9993,SunBet Challenge hosted by Sun City,no,afr,no
2026-07-13T05:31:47+00:00,2023,2023-06-02,9992,UNICEF Championship,no,ngl,no
2026-07-13T05:31:47+00:00,2023,2023-05-31,9991,Riedhof Open,no,pgt,no
2026-07-13T05:31:47+00:00,2023,2023-05-28,520,KitchenAid Senior PGA Championship,no,champ,no
2026-07-13T05:31:47+00:00,2023,2023-05-28,11,Colombia Classic presentado por Rocha Brothers,no,sam,no
2026-07-13T05:31:47+00:00,2023,2023-05-28,21,Charles Schwab Challenge,yes,pga,yes
2026-07-13T05:31:47+00:00,2023,2023-05-28,9986,Exciting Hangzhou West Lake Open,no,chn,no
2026-07-13T05:31:47+00:00,2023,2023-05-28,9988,KB Finance LIIV Championship,no,kor,no
2026-07-13T05:31:47+00:00,2023,2023-05-28,9987,Singha Laguna Phuket Open,no,adt,no
2026-07-13T05:31:47+00:00,2023,2023-05-28,15,DC,no,liv,basic
2026-07-13T05:31:47+00:00,2023,2023-05-28,9984,Gate Way To The Open Mizuno Open,no,jpn,no
2026-07-13T05:31:47+00:00,2023,2023-05-28,2023306,Copenhagen Challenge presented by Ejner Hessel,no,cha,no
2026-07-13T05:31:47+00:00,2023,2023-05-28,2023124,KLM Open,no,euro,no
2026-07-13T05:31:47+00:00,2023,2023-05-28,9989,KitKat Cash & Carry Pro-am,no,afr,no
2026-07-13T05:31:47+00:00,2023,2023-05-28,11,Visit Knoxville Open,no,kft,no
2026-07-13T05:31:47+00:00,2023,2023-05-26,9979,Memorial Giorgio Bordoni by AON,no,alp,no
2026-07-13T05:31:47+00:00,2023,2023-05-26,9985,Taiheiyo Club Challenge Tournament,no,atvt,no
2026-07-13T05:31:47+00:00,2023,2023-05-25,9980,Gamle Fredrikstad Open,no,ngl,no
2026-07-13T05:31:47+00:00,2023,2023-05-21,2023305,B-NL Challenge Trophy,no,cha,no
2026-07-13T05:31:47+00:00,2023,2023-05-21,9975,Zanaco Masters,no,afr,no
2026-07-13T05:31:47+00:00,2023,2023-05-21,9974,SK Telecom Open,no,kor,no
2026-07-13T05:31:47+00:00,2023,2023-05-21,100,AdventHealth Championship,no,kft,no
2026-07-13T05:31:47+00:00,2023,2023-05-21,9972,Golf Partner Pro - Am Tournament,no,jpn,no
2026-07-13T05:31:47+00:00,2023,2023-05-21,9973,Jinan Open,no,chn,no
2026-07-13T05:31:47+00:00,2023,2023-05-21,33,PGA Championship,yes,pga,yes
2026-07-13T05:31:47+00:00,2023,2023-05-20,9976,Altozano Open,no,mex,no
2026-07-13T05:31:47+00:00,2023,2023-05-18,9970,Stora Hotellet Fjällbacka Open,no,ngl,no
2026-07-13T05:31:47+00:00,2023,2023-05-14,9966,Guangdong Open,no,chn,no
2026-07-13T05:31:47+00:00,2023,2023-05-14,2023122,Soudal Open,no,euro,no
2026-07-13T05:31:47+00:00,2023,2023-05-14,558,Regions Tradition,no,champ,no
2026-07-13T05:31:47+00:00,2023,2023-05-14,14,Tulsa,no,liv,basic
2026-07-13T05:31:47+00:00,2023,2023-05-14,9967,Woori Financial Group Championship,no,kor,no
2026-07-13T05:31:47+00:00,2023,2023-05-14,19,AT&T Byron Nelson,yes,pga,yes
2026-07-13T05:31:47+00:00,2023,2023-05-13,9962,31st Goesser Open,no,alp,no
2026-07-13T05:31:47+00:00,2023,2023-05-12,9963,Skåne Challenge by Ahlsell,no,ngl,no
2026-07-13T05:31:47+00:00,2023,2023-05-12,9965,JAPAN PLAYERS CHAMPIONSHIP CHALLENGE in FUKUI,no,atvt,no
2026-07-13T05:31:47+00:00,2023,2023-05-07,15,Mitsubishi Electric Classic,no,champ,no
2026-07-13T05:31:47+00:00,2023,2023-05-07,9959,PNG Open,no,anz,no
2026-07-13T05:31:47+00:00,2023,2023-05-07,2023117,DS Automobiles Italian Open,no,euro,no
2026-07-13T05:31:47+00:00,2023,2023-05-07,22,KIA Open,no,sam,no
2026-07-13T05:31:47+00:00,2023,2023-05-07,480,Wells Fargo Championship,yes,pga,yes
2026-07-13T05:31:47+00:00,2023,2023-05-07,2023328,UAE Challenge,no,cha,no
2026-07-13T05:31:47+00:00,2023,2023-05-07,9960,FBC Zim Open,no,afr,no
2026-07-13T05:31:47+00:00,2023,2023-05-07,9958,The 42nd GS Caltex Maekyung Open Golf Championship,no,asa,no
2026-07-13T05:31:47+00:00,2023,2023-05-05,9955,Golfkusten Blekinge by Scandic Hotels,no,ngl,no
2026-07-13T05:31:47+00:00,2023,2023-04-30,134,HomeTown Lenders Championship,no,kft,no
2026-07-13T05:31:47+00:00,2023,2023-04-30,2023121,Korea Championship Presented by Genesis,no,euro,no
2026-07-13T05:31:47+00:00,2023,2023-04-30,2023327,Abu Dhabi Challenge,no,cha,no
2026-07-13T05:31:47+00:00,2023,2023-04-30,540,Mexico Open at Vidanta,yes,pga,yes
2026-07-13T05:31:47+00:00,2023,2023-04-30,615,Insperity Invitational,no,champ,no
2026-07-13T05:31:47+00:00,2023,2023-04-30,13,Singapore,no,liv,basic
2026-07-13T05:31:47+00:00,2023,2023-04-30,8,Diners Club Peru Open,no,sam,no
2026-07-13T05:31:47+00:00,2023,2023-04-30,9950,The Crowns,no,jpn,no
2026-07-13T05:31:47+00:00,2023,2023-04-28,9946,Haugschlag NÖ Open by perfect eagle,no,pgt,no
2026-07-13T05:31:47+00:00,2023,2023-04-28,9945,Bravo Tours Open by Enjoy Resorts,no,ngl,no
2026-07-13T05:31:47+00:00,2023,2023-04-27,9951,Royal Hua Hin Thailand Championship by MENA Tour,no,mgt,no
2026-07-13T05:31:47+00:00,2023,2023-04-23,53,Invited Celebrity Classic,no,champ,no
2026-07-13T05:31:47+00:00,2023,2023-04-23,2023120,ISPS HANDA - CHAMPIONSHIP,no,euro,no
2026-07-13T05:31:47+00:00,2023,2023-04-23,9939,Golfzon OPEN In Jeju,no,kor,no
2026-07-13T05:31:47+00:00,2023,2023-04-23,9940,The Tour Championship,no,afr,no
2026-07-13T05:31:47+00:00,2023,2023-04-23,9938,Singha Classic,no,atgt,no
2026-07-13T05:31:47+00:00,2023,2023-04-23,18,Zurich Classic of New Orleans,yes,pga,basic
2026-07-13T05:31:47+00:00,2023,2023-04-23,129,LECOM Suncoast Classic,no,kft,no
2026-07-13T05:31:47+00:00,2023,2023-04-23,12,Adelaide,no,liv,basic
2026-07-13T05:31:47+00:00,2023,2023-04-22,9937,Ahmedabad Open Golf Championship presented by Glade One,no,pgti,no
2026-07-13T05:31:47+00:00,2023,2023-04-22,9934,Alps de Las Castillas,no,alp,no
2026-07-13T05:31:47+00:00,2023,2023-04-21,9936,i Golf Shaper Challenge in Chikushigaoka,no,atvt,no
2026-07-13T05:31:47+00:00,2023,2023-04-20,9942,"Malaysian Swing II, The Els Club, Desaru Coast",no,mgt,no
2026-07-13T05:31:47+00:00,2023,2023-04-19,9952,Sand Valley Spring Series Final - by ECCO,no,ngl,no
2026-07-13T05:31:47+00:00,2023,2023-04-16,9925,Kansai Open Golf Championship,no,jpn,no
2026-07-13T05:31:47+00:00,2023,2023-04-16,9927,The 18th DB Insurance Promy Open,no,kor,no
2026-07-13T05:31:47+00:00,2023,2023-04-16,137,Veritex Bank Championship,no,kft,no
2026-07-13T05:31:47+00:00,2023,2023-04-16,9926,International Series Vietnam,no,asa,no
2026-07-13T05:31:47+00:00,2023,2023-04-16,9928,Stella Artois Players Championship,no,afr,no
2026-07-13T05:31:47+00:00,2023,2023-04-16,12,RBC Heritage,yes,pga,yes
2026-07-13T05:31:47+00:00,2023,2023-04-15,9930,Abierto De Aguascalientes,no,mex,no
2026-07-13T05:31:47+00:00,2023,2023-04-15,9932,Tata Steel PGTI Players Championship presented by Chandigarh Golf Club,no,pgti,no
2026-07-13T05:31:47+00:00,2023,2023-04-15,9922,GEBWELL Championship,no,ngl,no
2026-07-13T05:31:47+00:00,2023,2023-04-13,9929,"Malaysian Swing I, The Els Club, Desaru Coast",no,mgt,no
2026-07-13T05:31:47+00:00,2023,2023-04-11,9921,Sand Valley Polish Masters - by Upgame,no,ngl,no
2026-07-13T05:31:47+00:00,2023,2023-04-11,9931,EINBAY Red Sea Open,no,pgt,no
2026-07-13T05:31:47+00:00,2023,2023-04-09,14,Masters Tournament,yes,pga,yes
2026-07-13T05:31:47+00:00,2023,2023-04-07,9919,Novil Cup,no,atvt,no
2026-07-13T05:31:47+00:00,2023,2023-04-07,9920,Delhi-NCR Open,no,pgti,no
2026-07-13T05:31:47+00:00,2023,2023-04-06,9918,Little Venice Red Sea Open,no,pgt,no
2026-07-13T05:31:47+00:00,2023,2023-04-02,9915,The National Tournament Presented by BMW,no,anz,no
2026-07-13T05:31:47+00:00,2023,2023-04-02,9914,Token Homemate Cup,no,jpn,no
2026-07-13T05:31:47+00:00,2023,2023-04-02,9916,Limpopo Championship,no,afr,no
2026-07-13T05:31:47+00:00,2023,2023-04-02,167,Astara Chile Classic,no,kft,no
2026-07-13T05:31:47+00:00,2023,2023-04-02,6,JHSF Aberto do Brasil,no,sam,no
2026-07-13T05:31:47+00:00,2023,2023-04-02,11,Orlando,no,liv,basic
2026-07-13T05:31:47+00:00,2023,2023-04-02,41,Valero Texas Open,yes,pga,yes
2026-07-13T05:31:47+00:00,2023,2023-03-31,2023326,The Challenge presented by KGA,no,cha,no
2026-07-13T05:31:47+00:00,2023,2023-03-26,9905,World City Championship presented by Hong Kong Golf Club,no,asa,no
2026-07-13T05:31:47+00:00,2023,2023-03-26,61,Roberto de Vicenzo Memorial 100 Years,no,sam,no
2026-07-13T05:31:47+00:00,2023,2023-03-26,9909,Red Sea Egyptian Classic,no,pgt,no
2026-07-13T05:31:47+00:00,2023,2023-03-26,56,The Galleri Classic,no,champ,no
2026-07-13T05:31:47+00:00,2023,2023-03-26,128,Club Car Championship at The Landings Golf & Athletic Club,no,kft,no
2026-07-13T05:31:47+00:00,2023,2023-03-26,522,Corales Puntacana Championship,no,pga,basic
2026-07-13T05:31:47+00:00,2023,2023-03-26,2023325,Duncan Taylor Black Bull Challenge,no,cha,no
2026-07-13T05:31:47+00:00,2023,2023-03-26,2023119,Jonsson Workwear Open,no,euro,no
2026-07-13T05:31:47+00:00,2023,2023-03-19,10,Tucson,no,liv,basic
2026-07-13T05:31:47+00:00,2023,2023-03-19,9900,Play Today NSW Open,no,anz,no
2026-07-13T05:31:47+00:00,2023,2023-03-19,2023118,SDC Championship,no,euro,no
2026-07-13T05:31:47+00:00,2023,2023-03-19,573,Hoag Classic,no,champ,no
2026-07-13T05:31:47+00:00,2023,2023-03-19,9897,The DGC Open,no,asa,no
2026-07-13T05:31:47+00:00,2023,2023-03-19,9899,Singha all Thailand Memorial,no,atgt,no
2026-07-13T05:31:47+00:00,2023,2023-03-19,42,Termas de Rio Hondo Invitational,no,sam,no
2026-07-13T05:31:47+00:00,2023,2023-03-19,475,Valspar Championship,yes,pga,yes
2026-07-13T05:31:47+00:00,2023,2023-03-16,9901,Red Sea Ain Sokhna Classic,no,pgt,no
2026-07-13T05:31:47+00:00,2023,2023-03-12,9894,Mediclinic Invitational,no,afr,no
2026-07-13T05:31:47+00:00,2023,2023-03-12,2023114,Magical Kenya Open,no,euro,no
2026-07-13T05:31:47+00:00,2023,2023-03-12,9893,NZ PGA Championship,no,anz,no
2026-07-13T05:31:47+00:00,2023,2023-03-12,11,THE PLAYERS Championship,yes,pga,yes
2026-07-13T05:31:47+00:00,2023,2023-03-12,9892, International Series Thailand,no,asa,no
2026-07-13T05:31:47+00:00,2023,2023-03-05,18,Cologuard Classic,no,champ,no
2026-07-13T05:31:47+00:00,2023,2023-03-05,9885,102nd NZ Open Presented by Sky Sport,no,anz,no
2026-07-13T05:31:47+00:00,2023,2023-03-05,483,Puerto Rico Open,no,pga,basic
2026-07-13T05:31:47+00:00,2023,2023-03-05,9,Arnold Palmer Invitational presented by Mastercard,yes,pga,yes
2026-07-13T05:31:47+00:00,2023,2023-03-04,9887,V Copa Prissa,no,mex,no
2026-07-13T05:31:47+00:00,2023,2023-03-04,9886,Gujarat Open Golf Championship 2023 presented by Gujarat Tourism,no,pgti,no
2026-07-13T05:31:47+00:00,2023,2023-03-04,9888,Camiral Golf & Wellness Championship,no,ngl,no
2026-07-13T05:31:47+00:00,2023,2023-02-28,9889,ECCO Tour Spanish Masters,no,ngl,no
2026-07-13T05:31:47+00:00,2023,2023-02-28,9884,Red Sea Little Venice Open,no,alp,no
2026-07-13T05:31:47+00:00,2023,2023-02-26,10,The Honda Classic,yes,pga,yes
2026-07-13T05:31:47+00:00,2023,2023-02-26,9880,Singha E-San Open,no,atgt,no
2026-07-13T05:31:47+00:00,2023,2023-02-26,2023112,Hero Indian Open,no,euro,no
2026-07-13T05:31:47+00:00,2023,2023-02-26,9,Mayakoba,no,liv,no
2026-07-13T05:31:47+00:00,2023,2023-02-26,9881,"TPS Hunter Valley, Hosted by Jan Stephenson & Peter O'Malley",no,anz,no
2026-07-13T05:31:47+00:00,2023,2023-02-26,2023303,Nelson Mandela Bay Championship,no,cha,no
2026-07-13T05:31:47+00:00,2023,2023-02-23,9878, GolfStar Winter Series II,no,ngl,no
2026-07-13T05:31:47+00:00,2023,2023-02-23,9877,Ein Bay Open,no,alp,no
2026-07-13T05:31:47+00:00,2023,2023-02-19,2023302,SDC Open,no,cha,no
2026-07-13T05:31:47+00:00,2023,2023-02-19,9874,GolfStar Winter Series I,no,ngl,no
2026-07-13T05:31:47+00:00,2023,2023-02-19,9873,"TPS Sydney, Presented by Webex, Hosted by Braith Anasta",no,anz,no
2026-07-13T05:31:47+00:00,2023,2023-02-19,2023111,Thailand Classic,no,euro,no
2026-07-13T05:31:47+00:00,2023,2023-02-19,552,Chubb Classic,no,champ,no
2026-07-13T05:31:47+00:00,2023,2023-02-19,9872,International Series Qatar,no,asa,no
2026-07-13T05:31:47+00:00,2023,2023-02-19,7,The Genesis Invitational,yes,pga,yes
2026-07-13T05:31:47+00:00,2023,2023-02-12,2023110,Singapore Classic,no,euro,no
2026-07-13T05:31:47+00:00,2023,2023-02-12,9865,Vic Open,no,anz,no
2026-07-13T05:31:47+00:00,2023,2023-02-12,3,WM Phoenix Open,yes,pga,yes
2026-07-13T05:31:47+00:00,2023,2023-02-12,9863,International Series Oman,no,asa,no
2026-07-13T05:31:47+00:00,2023,2023-02-12,104,Astara Golf Championship presented by Mastercard,no,kft,no
2026-07-13T05:31:47+00:00,2023,2023-02-12,2023301,Dimension Data Pro-Am,no,cha,no
2026-07-13T05:31:47+00:00,2023,2023-02-11,9867,Tabachines Classic,no,mex,no
2026-07-13T05:31:47+00:00,2023,2023-02-11,624,Trophy Hassan II,no,champ,no
2026-07-13T05:31:47+00:00,2023,2023-02-10,9864,Tata Steel PGTI Players Championship presented by Tollygunge Club,no,pgti,no
2026-07-13T05:31:47+00:00,2023,2023-02-07,9866,Egyptian Swing 2 at Madinaty Golf Club,no,mgt,no
2026-07-13T05:31:47+00:00,2023,2023-02-05,2023300,Bain's Whisky Cape Town Open,no,cha,no
2026-07-13T05:31:47+00:00,2023,2023-02-05,9856,PIF Saudi International powered by Softbank Investment Advisers,no,asa,no
2026-07-13T05:31:47+00:00,2023,2023-02-05,2023109,Ras Al Khaimah Championship,no,euro,no
2026-07-13T05:31:47+00:00,2023,2023-02-05,9857,TPS Murray River in honour of Jarrod Lyle,no,anz,no
2026-07-13T05:31:47+00:00,2023,2023-02-05,5,AT&T Pebble Beach Pro-Am,partial,pga,partial
2026-07-13T05:31:47+00:00,2023,2023-02-05,84,The Panama Championship,no,kft,no
2026-07-13T05:31:47+00:00,2023,2023-02-02,9858,Egyptian Swing 1 at Madinaty Golf Club,no,mgt,no
2026-07-13T05:31:47+00:00,2023,2023-01-29,9848,9th Boonchu Ruangkit Championship,no,atgt,no
2026-07-13T05:31:47+00:00,2023,2023-01-29,2023108,Hero Dubai Desert Classic,no,euro,no
2026-07-13T05:31:47+00:00,2023,2023-01-29,9849,TPS Victoria Hosted by Geoff Ogilvy,no,anz,no
2026-07-13T05:31:47+00:00,2023,2023-01-29,9850,El Campanario Classic,no,mex,no
2026-07-13T05:31:47+00:00,2023,2023-01-28,4,Farmers Insurance Open,partial,pga,partial
2026-07-13T05:31:47+00:00,2023,2023-01-25,125,The Bahamas Great Abaco Classic at The Abaco Club,no,kft,no
2026-07-13T05:31:47+00:00,2023,2023-01-22,2023107,Abu Dhabi HSBC Championship,no,euro,no
2026-07-13T05:31:47+00:00,2023,2023-01-22,2,The American Express,partial,pga,partial
2026-07-13T05:31:47+00:00,2023,2023-01-21,524,Mitsubishi Electric Championship at Hualalai,no,champ,no
2026-07-13T05:31:47+00:00,2023,2023-01-18,124,The Bahamas Great Exuma Classic at Sandals Emerald Bay,no,kft,no
2026-07-13T05:31:47+00:00,2023,2023-01-15,6,Sony Open in Hawaii,yes,pga,yes
2026-07-13T05:31:47+00:00,2023,2023-01-08,16,Sentry Tournament of Champions,yes,pga,yes
2026-07-13T05:31:47+00:00,2022,2022-12-25,9839,Chongqing Open,no,chn,no
2026-07-13T05:31:47+00:00,2022,2022-12-25,9838,Taifong Open,no,adt,no
2026-07-13T05:31:47+00:00,2022,2022-12-24,9837,Tata Steel Tour Championship,no,pgti,no
2026-07-13T05:31:47+00:00,2022,2022-12-18,2023105,AfrAsia Bank Mauritius Open,no,euro,no
2026-07-13T05:31:47+00:00,2022,2022-12-18,16,Scotia Wealth Management Chile Open presented by Volvo,no,sam,no
2026-07-13T05:31:47+00:00,2022,2022-12-17,9836,SSP Chawrasia Invitational presented by TAKE,no,pgti,no
2026-07-13T05:31:47+00:00,2022,2022-12-17,9835,CGA Championship,no,chn,no
2026-07-13T05:31:47+00:00,2022,2022-12-16,9834,Aramco Invitational,no,adt,no
2026-07-13T05:31:47+00:00,2022,2022-12-11,12,Neuquen Argentina Classic,no,sam,no
2026-07-13T05:31:47+00:00,2022,2022-12-11,9828,Hainan Open,no,chn,no
2026-07-13T05:31:47+00:00,2022,2022-12-11,9830,Gippsland Super 6,no,anz,no
2026-07-13T05:31:47+00:00,2022,2022-12-11,2023104,Alfred Dunhill Championship,no,euro,no
2026-07-13T05:31:47+00:00,2022,2022-12-10,9829,PIF Saudi Open,no,adt,no
2026-07-13T05:31:47+00:00,2022,2022-12-05,9825,MENA Tour Tournament 4,no,mgt,no
2026-07-13T05:31:47+00:00,2022,2022-12-04,9817,BNI Indonesian Masters presented by Tunas Niaga Energi,no,asa,no
2026-07-13T05:31:47+00:00,2022,2022-12-04,2023102,ISPS Handa Australian Open,no,euro,no
2026-07-13T05:31:47+00:00,2022,2022-12-04,9816,Mitsubishi Electric Open,no,chn,no
2026-07-13T05:31:47+00:00,2022,2022-12-04,13,116 VISA Argentina Open presentado por Macro,no,sam,no
2026-07-13T05:31:47+00:00,2022,2022-12-04,2023103,Investec South African Open Championship,no,euro,no
2026-07-13T05:31:47+00:00,2022,2022-12-04,478,Hero World Challenge,no,pga,basic
2026-07-13T05:31:47+00:00,2022,2022-12-04,9815,Golf Nippon Series JT Cup ,no,jpn,no
2026-07-13T05:31:47+00:00,2022,2022-11-30,9820,MENA Tour Tournament 3,no,mgt,no
2026-07-13T05:31:47+00:00,2022,2022-11-27,9809,Bangabandhu Cup Golf Bangladesh Open,no,asa,no
2026-07-13T05:31:47+00:00,2022,2022-11-27,2023100,Fortinet Australian PGA Championship,no,euro,no
2026-07-13T05:31:47+00:00,2022,2022-11-27,9808,Casio World Open Golf Tournament,no,jpn,no
2026-07-13T05:31:47+00:00,2022,2022-11-27,9811,Dream Valley Group presents Vooty Masters,no,pgti,no
2026-07-13T05:31:47+00:00,2022,2022-11-27,2023101,Joburg Open,no,euro,no
2026-07-13T05:31:47+00:00,2022,2022-11-26,9810,Selangor Masters,no,adt,no
2026-07-13T05:31:47+00:00,2022,2022-11-20,9802,Dunlop Phoenix Tournament,no,jpn,no
2026-07-13T05:31:47+00:00,2022,2022-11-20,9806,QLD PGA Championship,no,anz,no
2026-07-13T05:31:47+00:00,2022,2022-11-20,493,The RSM Classic,partial,pga,partial
2026-07-13T05:31:47+00:00,2022,2022-11-20,9805,23rd Singha Thailand Masters,no,atgt,no
2026-07-13T05:31:47+00:00,2022,2022-11-20,2022143,DP World Tour Championship,no,euro,no
2026-07-13T05:31:47+00:00,2022,2022-11-19,9804, IndianOil Servo Masters Golf,no,pgti,no
2026-07-13T05:31:47+00:00,2022,2022-11-17,9807,Altron Big Easy Tour Final,no,bet,no
2026-07-13T05:31:47+00:00,2022,2022-11-13,9796,LG Signature Players Championship,no,kor,no
2026-07-13T05:31:47+00:00,2022,2022-11-13,9794,International Series Egypt,no,asa,no
2026-07-13T05:31:47+00:00,2022,2022-11-13,9793,Hengdian Championship,no,chn,no
2026-07-13T05:31:47+00:00,2022,2022-11-13,2022145,Nedbank Golf Challenge,no,euro,no
2026-07-13T05:31:47+00:00,2022,2022-11-13,9792,Mitsui Sumitomo VISA Taiheiyo Masters,no,jpn,no
2026-07-13T05:31:47+00:00,2022,2022-11-13,9797, Victorian PGA Championship,no,anz,no
2026-07-13T05:31:47+00:00,2022,2022-11-13,20,Cadence Bank Houston Open,yes,pga,yes
2026-07-13T05:31:47+00:00,2022,2022-11-13,539,Charles Schwab Cup Championship,no,champ,no
2026-07-13T05:31:47+00:00,2022,2022-11-12,9795,Ira presents Telangana Masters powered by Telangana Tourism,no,pgti,no
2026-07-13T05:31:47+00:00,2022,2022-11-06,9789,Golfzone-Toray Open,no,kor,no
2026-07-13T05:31:47+00:00,2022,2022-11-06,457,World Wide Technology Championship at Mayakoba,no,pga,basic
2026-07-13T05:31:47+00:00,2022,2022-11-06,9,TimberTech Championship,no,champ,no
2026-07-13T05:31:47+00:00,2022,2022-11-06,9787,Mynavi ABC Championship,no,jpn,no
2026-07-13T05:31:47+00:00,2022,2022-11-06,9788,PGA Championship,no,afr,no
2026-07-13T05:31:47+00:00,2022,2022-11-06,2022330,Rolex Challenge Tour Grand Final supported by The R&A,no,cha,no
2026-07-13T05:31:47+00:00,2022,2022-11-06,9786,International Series Morocco,no,asa,no
2026-07-13T05:31:47+00:00,2022,2022-10-30,9782,Heiwa PGM Championship,no,jpn,no
2026-07-13T05:31:47+00:00,2022,2022-10-30,9783,Vodacom Origins of Golf Final,no,afr,no
2026-07-13T05:31:47+00:00,2022,2022-10-30,2022156,Portugal Masters,no,euro,no
2026-07-13T05:31:47+00:00,2022,2022-10-30,528,Butterfield Bermuda Championship,no,pga,basic
2026-07-13T05:31:47+00:00,2022,2022-10-30,8,Miami (Team Final—Stroke Play),no,liv,basic
2026-07-13T05:31:47+00:00,2022,2022-10-23,521,THE CJ CUP in South Carolina,yes,pga,yes
2026-07-13T05:31:47+00:00,2022,2022-10-23,9776,Japan Open Golf Championship,no,jpn,no
2026-07-13T05:31:47+00:00,2022,2022-10-23,9778,WA Open Golf Championship,no,anz,no
2026-07-13T05:31:47+00:00,2022,2022-10-23,623,Dominion Energy Charity Classic,no,champ,no
2026-07-13T05:31:47+00:00,2022,2022-10-23,2022140,Mallorca Golf Open,no,euro,no
2026-07-13T05:31:47+00:00,2022,2022-10-22,9777,Pune Open Golf Championship,no,pgti,no
2026-07-13T05:31:47+00:00,2022,2022-10-21,9779,SunBet Challenge hosted by Sun Sibaya,no,afr,no
2026-07-13T05:31:47+00:00,2022,2022-10-21,9773,The Matchroom Tour Championship ,no,ept,no
2026-07-13T05:31:47+00:00,2022,2022-10-21,9774,Sydbank Road to Europe Final - by Møn Golfresort,no,ngl,no
2026-07-13T05:31:47+00:00,2022,2022-10-16,527,ZOZO CHAMPIONSHIP,no,pga,basic
2026-07-13T05:31:47+00:00,2022,2022-10-16,2022139,Estrella Damm N.A. Andalucía  Masters,no,euro,no
2026-07-13T05:31:47+00:00,2022,2022-10-16,2022324,English Trophy presented by Rocket Yard Sports Marketing,no,cha,no
2026-07-13T05:31:47+00:00,2022,2022-10-16,9768,Jeev Milkha Singh Invitational presented by TAKE,no,pgti,no
2026-07-13T05:31:47+00:00,2022,2022-10-16,9769,Singha Bangkok Open,no,atgt,no
2026-07-13T05:31:47+00:00,2022,2022-10-16,7,Jeddah,no,liv,basic
2026-07-13T05:31:47+00:00,2022,2022-10-16,609,SAS Championship,no,champ,no
2026-07-13T05:31:47+00:00,2022,2022-10-16,9770,CKB WA PGA Championship presented by TX Civil & Logistics,no,anz,no
2026-07-13T05:31:47+00:00,2022,2022-10-14,9767,Delight Works JGTO FINAL ,no,atvt,no
2026-07-13T05:31:47+00:00,2022,2022-10-14,9765,MoreGolf Mastercard Tour Final at PGA Sweden National,no,ngl,no
2026-07-13T05:31:47+00:00,2022,2022-10-09,44,Constellation FURYK & FRIENDS,no,champ,no
2026-07-13T05:31:47+00:00,2022,2022-10-09,2022138,acciona Open de España presented by Madrid,no,euro,no
2026-07-13T05:31:47+00:00,2022,2022-10-09,9761,Fortress Invitational,no,afr,no
2026-07-13T05:31:47+00:00,2022,2022-10-09,2022341,British Challenge presented by Modest! Golf Management ,no,cha,no
2026-07-13T05:31:47+00:00,2022,2022-10-09,47,Shriners Children's Open,yes,pga,yes
2026-07-13T05:31:47+00:00,2022,2022-10-09,9757,For The Players By The Players,no,jpn,no
2026-07-13T05:31:47+00:00,2022,2022-10-09,9760,Genesis Championship,no,kor,no
2026-07-13T05:31:47+00:00,2022,2022-10-09,6,Bangkok,no,liv,basic
2026-07-13T05:31:47+00:00,2022,2022-10-08,9754,Emilia Romagna Alps Tour Grand Final,no,alp,no
2026-07-13T05:31:47+00:00,2022,2022-10-07,9755,Race to HimmerLand by FREJA,no,ngl,no
2026-07-13T05:31:47+00:00,2022,2022-10-07,9758,Ryo Ishikawa everyone PROJECT Challenge,no,atvt,no
2026-07-13T05:31:47+00:00,2022,2022-10-07,9759,Players Championship presented by American Express hosted by Govt of Haryana & Panchkula Golf Club,no,pgti,no
2026-07-13T05:31:47+00:00,2022,2022-10-06,9762,Altron Big Easy Tour Play Off,no,bet,no
2026-07-13T05:31:47+00:00,2022,2022-10-02,9748,Mercuries Taiwan Masters,no,asa,no
2026-07-13T05:31:47+00:00,2022,2022-10-02,9750,Hyundai Insurance KJ Choi Invitational,no,kor,no
2026-07-13T05:31:47+00:00,2022,2022-10-02,54,Sanderson Farms Championship,yes,pga,yes
2026-07-13T05:31:47+00:00,2022,2022-10-02,2022327,Hopps Open de Provence,no,cha,no
2026-07-13T05:31:47+00:00,2022,2022-10-02,9745,Vantelin Tokai Classic,no,jpn,no
2026-07-13T05:31:47+00:00,2022,2022-10-02,2022137,Alfred Dunhill Links Championship,no,euro,no
2026-07-13T05:31:47+00:00,2022,2022-10-01,9751,Vodacom Origins of Golf,no,afr,no
2026-07-13T05:31:47+00:00,2022,2022-09-30,9741,Castelconturbia Alps Open,no,alp,no
2026-07-13T05:31:47+00:00,2022,2022-09-30,9749,Kapil Dev - Grant Thornton Invitational 2022 presented by DLF,no,pgti,no
2026-07-13T05:31:47+00:00,2022,2022-09-30,9746,Elite grips challenge,no,atvt,no
2026-07-13T05:31:47+00:00,2022,2022-09-29,9742,Gumbalde Open by Destination Gotland,no,ngl,no
2026-07-13T05:31:47+00:00,2022,2022-09-28,9743,Castanea Resort Championship,no,pgt,no
2026-07-13T05:31:47+00:00,2022,2022-09-25,9733,Panasonic Open Golf Championship,no,jpn,no
2026-07-13T05:31:47+00:00,2022,2022-09-25,9737,DGB Financial Group Open,no,kor,no
2026-07-13T05:31:47+00:00,2022,2022-09-25,2022136,Cazoo Open de France,no,euro,no
2026-07-13T05:31:47+00:00,2022,2022-09-25,616,PURE Insurance Championship,no,champ,no
2026-07-13T05:31:47+00:00,2022,2022-09-25,2022326,Swiss Challenge,no,cha,no
2026-07-13T05:31:47+00:00,2022,2022-09-25,9735,Yeangder TPC,no,asa,no
2026-07-13T05:31:47+00:00,2022,2022-09-23,9731,Wright-Morgan Championship,no,ept,no
2026-07-13T05:31:47+00:00,2022,2022-09-23,9734,ISPS HANDA Hero ni nare! Challenge Tournament,no,atvt,no
2026-07-13T05:31:47+00:00,2022,2022-09-23,9738,SunBet Challenge hosted by Wild Coast Sun,no,afr,no
2026-07-13T05:31:47+00:00,2022,2022-09-23,9732,Great Northern Challenge,no,ngl,no
2026-07-13T05:31:47+00:00,2022,2022-09-23,9736,Combiphar Players Championship,no,adt,no
2026-07-13T05:31:47+00:00,2022,2022-09-18,464,Fortinet Championship,yes,pga,yes
2026-07-13T05:31:47+00:00,2022,2022-09-18,9726,Bizplay-Electronic Times Open,no,kor,no
2026-07-13T05:31:47+00:00,2022,2022-09-18,2022135,DS Automobiles Italian Open,no,euro,no
2026-07-13T05:31:47+00:00,2022,2022-09-18,10,Fortinet Cup Championship,no,can,no
2026-07-13T05:31:47+00:00,2022,2022-09-18,5,Chicago,no,liv,basic
2026-07-13T05:31:47+00:00,2022,2022-09-18,9722,ANA Open Golf Tournament,no,jpn,no
2026-07-13T05:31:47+00:00,2022,2022-09-18,23,Sanford International,no,champ,no
2026-07-13T05:31:47+00:00,2022,2022-09-18,2022325,Open de Portugal at Royal Óbidos,no,cha,no
2026-07-13T05:31:47+00:00,2022,2022-09-17,9725,Rajasthan Tourism presents Jaipur Open 2022 powered by AU Small Finance Bank,no,pgti,no
2026-07-13T05:31:47+00:00,2022,2022-09-17,9727,Vodacom Origins of Golf,no,afr,no
2026-07-13T05:31:47+00:00,2022,2022-09-16,9719,TRUST Forsikring Championship,no,ngl,no
2026-07-13T05:31:47+00:00,2022,2022-09-16,9724,OB Golf Invitational presented by Jababeka,no,adt,no
2026-07-13T05:31:47+00:00,2022,2022-09-16,9723,PGM Challenge,no,atvt,no
2026-07-13T05:31:47+00:00,2022,2022-09-16,9718,The Eagle Orchid Scottish Masters,no,ept,no
2026-07-13T05:31:47+00:00,2022,2022-09-11,2022134,BMW PGA Championship,no,euro,no
2026-07-13T05:31:47+00:00,2022,2022-09-11,9713,The 38th Shinhan Donghae Open,no,asa,no
2026-07-13T05:31:47+00:00,2022,2022-09-11,625,Ascension Charity Classic,no,champ,no
2026-07-13T05:31:47+00:00,2022,2022-09-10,9714,J&K Open 2022 presented by J&K Tourism,no,pgti,no
2026-07-13T05:31:47+00:00,2022,2022-09-10,9715,Gary & Vivienne Player Challenge,no,afr,no
2026-07-13T05:31:47+00:00,2022,2022-09-09,9711,Spey Valley Golf Resort,no,ept,no
2026-07-13T05:31:47+00:00,2022,2022-09-09,9712,BMW Onsjö Open,no,ngl,no
2026-07-13T05:31:47+00:00,2022,2022-09-04,2022323,B-NL Challenge Trophy by Hulencourt,no,cha,no
2026-07-13T05:31:47+00:00,2022,2022-09-04,4,Boston,no,liv,basic
2026-07-13T05:31:47+00:00,2022,2022-09-04,45,Korn Ferry Tour Championship presented by United Leasing & Finance,no,kft,no
2026-07-13T05:31:47+00:00,2022,2022-09-04,9703,Fujisankei Classic,no,jpn,no
2026-07-13T05:31:47+00:00,2022,2022-09-04,9702,50th Thailand Open,no,atgt,no
2026-07-13T05:31:47+00:00,2022,2022-09-04,2022133,Made in HimmerLand,no,euro,no
2026-07-13T05:31:47+00:00,2022,2022-09-04,9706,LX CHAMPIONSHIP,no,kor,no
2026-07-13T05:31:47+00:00,2022,2022-09-04,39,GolfBC Championship,no,can,no
2026-07-13T05:31:47+00:00,2022,2022-09-03,9704,DUNLOP PHOENIX tournament challenge in Fukushima,no,atvt,no
2026-07-13T05:31:47+00:00,2022,2022-09-03,9708,FaberExposize Gelpenberg Open,no,pgt,no
2026-07-13T05:31:47+00:00,2022,2022-09-02,9707,Greatdays Trophy,no,ngl,no
2026-07-13T05:31:47+00:00,2022,2022-09-02,9705,BRG Open Golf Championship,no,adt,no
2026-07-13T05:31:47+00:00,2022,2022-09-01,9697,Altron Big Easy Tour 8,no,bet,no
2026-07-13T05:31:47+00:00,2022,2022-08-28,2022132,Omega European Masters,no,euro,no
2026-07-13T05:31:47+00:00,2022,2022-08-28,9686,Bodyfriend Phantom Rovo Gunsan CC Open,no,kor,no
2026-07-13T05:31:47+00:00,2022,2022-08-28,94,Nationwide Children's Hospital Championship,no,kft,no
2026-07-13T05:31:47+00:00,2022,2022-08-28,53,CRMC Championship presented by Gertens,no,can,no
2026-07-13T05:31:47+00:00,2022,2022-08-28,22,The Ally Challenge,no,champ,no
2026-07-13T05:31:47+00:00,2022,2022-08-28,60,TOUR Championship,yes,pga,yes
2026-07-13T05:31:47+00:00,2022,2022-08-28,2022322,Indoor Golf Group Challenge,no,cha,no
2026-07-13T05:31:47+00:00,2022,2022-08-28,9679,ALTEPRO Trophy 2022 by EXTEC,no,pgt,no
2026-07-13T05:31:47+00:00,2022,2022-08-28,9682,Sansan KBC Augusta,no,jpn,no
2026-07-13T05:31:47+00:00,2022,2022-08-27,9684,BNI Ciputra Golfpreneur Tournament ADT 2022,no,adt,no
2026-07-13T05:31:47+00:00,2022,2022-08-27,9685,Vodacom Origins of Golf Highland Gate,no,afr,no
2026-07-13T05:31:47+00:00,2022,2022-08-26,9678,The Northern Ireland Masters,no,ept,no
2026-07-13T05:31:47+00:00,2022,2022-08-26,9683,IMPIGER TECHNOLOGIES presents CHENNAI OPEN GOLF CHAMPIONSHIP 2022 powered by FRUITNIK ELECTRO+,no,pgti,no
2026-07-13T05:31:47+00:00,2022,2022-08-21,6,CentrePort Canada Rail Park Manitoba Open,no,can,no
2026-07-13T05:31:47+00:00,2022,2022-08-21,9668,Singha Chiang Mai Open ,no,atgt,no
2026-07-13T05:31:47+00:00,2022,2022-08-21,8,DICK'S Sporting Goods Open,no,champ,no
2026-07-13T05:31:47+00:00,2022,2022-08-21,9667,Shigeo Nagashima INVITATIONAL Sega Sammy Cup,no,jpn,no
2026-07-13T05:31:47+00:00,2022,2022-08-21,9671,Shenyang International Open,no,chn,no
2026-07-13T05:31:47+00:00,2022,2022-08-21,9669,International Series Korea,no,asa,no
2026-07-13T05:31:47+00:00,2022,2022-08-21,2022131,D+D Real Czech Masters,no,euro,no
2026-07-13T05:31:47+00:00,2022,2022-08-21,2022321,Dormy Open,no,cha,no
2026-07-13T05:31:47+00:00,2022,2022-08-21,28,BMW Championship,yes,pga,yes
2026-07-13T05:31:47+00:00,2022,2022-08-21,27,Albertsons Boise Open presented by Chevron,no,kft,no
2026-07-13T05:31:47+00:00,2022,2022-08-20,9674,TATA Steel PGTI Players Championship 2022 presented by KGISL,no,pgti,no
2026-07-13T05:31:47+00:00,2022,2022-08-20,9672,Esbjerg Open by Totalenergies,no,ngl,no
2026-07-13T05:31:47+00:00,2022,2022-08-19,9673,SunBet Challenge hosted by Time Square Casino,no,afr,no
2026-07-13T05:31:47+00:00,2022,2022-08-19,9670,The 2nd Gunung Geulis Golf Invitational supported by Nomura,no,adt,no
2026-07-13T05:31:47+00:00,2022,2022-08-14,9656,International Series Singapore,no,asa,no
2026-07-13T05:31:47+00:00,2022,2022-08-14,619,Boeing Classic,no,champ,no
2026-07-13T05:31:47+00:00,2022,2022-08-14,2022130,ISPS Handa World Invitational presented by AVIV Clinics,no,euro,no
2026-07-13T05:31:47+00:00,2022,2022-08-14,123,Pinnacle Bank Championship presented by Aetna,no,kft,no
2026-07-13T05:31:47+00:00,2022,2022-08-14,2022320,Frederikshavn Challenge - Presented by HESSEL,no,cha,no
2026-07-13T05:31:47+00:00,2022,2022-08-14,9654,The 4th Woosung Construction Open,no,kor,no
2026-07-13T05:31:47+00:00,2022,2022-08-14,27,FedEx St. Jude Championship,yes,pga,yes
2026-07-13T05:31:47+00:00,2022,2022-08-13,9658,Timberwise Finnish Open,no,ngl,no
2026-07-13T05:31:47+00:00,2022,2022-08-12,9657,The Lancer Scott Championship,no,ept,no
2026-07-13T05:31:47+00:00,2022,2022-08-10,9659,Richter+Frenzel Open 2022 ,no,pgt,no
2026-07-13T05:31:47+00:00,2022,2022-08-07,9646,Göteborg Open presented by Enkla Elbolaget,no,ngl,no
2026-07-13T05:31:47+00:00,2022,2022-08-07,44,Quebec Open,no,can,no
2026-07-13T05:31:47+00:00,2022,2022-08-07,9640,Japan PGA Championship 2022,no,jpn,no
2026-07-13T05:31:47+00:00,2022,2022-08-07,2022129,Cazoo Open supported by Gareth Bale,no,euro,no
2026-07-13T05:31:47+00:00,2022,2022-08-07,9647,Vodacom Origins of Golf,no,afr,no
2026-07-13T05:31:47+00:00,2022,2022-08-07,9645,The Dell Technologies Championship,no,ept,no
2026-07-13T05:31:47+00:00,2022,2022-08-07,2022319,Vierumäki Finnish Challenge,no,cha,no
2026-07-13T05:31:47+00:00,2022,2022-08-07,17,Shaw Charity Classic,no,champ,no
2026-07-13T05:31:47+00:00,2022,2022-08-07,13,Wyndham Championship,yes,pga,yes
2026-07-13T05:31:47+00:00,2022,2022-08-07,26,Utah Championship presented by Zions Bank,no,kft,no
2026-07-13T05:31:47+00:00,2022,2022-08-07,9642,Mandiri Indonesia Open 2022,no,asa,no
2026-07-13T05:31:47+00:00,2022,2022-07-31,54,Sotheby's International Realty Canada Ontario Open,no,can,no
2026-07-13T05:31:47+00:00,2022,2022-07-31,9637,FNB Eswatini Nkonyeni Challenge,no,afr,no
2026-07-13T05:31:47+00:00,2022,2022-07-31,3,Bedminster,no,liv,basic
2026-07-13T05:31:47+00:00,2022,2022-07-31,2022128,Hero Open,no,euro,no
2026-07-13T05:31:47+00:00,2022,2022-07-31,9636,Minami Akita Country Club Michinoku Challenge Tournament,no,atvt,no
2026-07-13T05:31:47+00:00,2022,2022-07-31,524,Rocket Mortgage Classic,yes,pga,yes
2026-07-13T05:31:47+00:00,2022,2022-07-31,9634,The Q Hotels Collection Championship,no,ept,no
2026-07-13T05:31:47+00:00,2022,2022-07-31,9633,Singha Championship 2022,no,atgt,no
2026-07-13T05:31:47+00:00,2022,2022-07-31,9635,Holtsmark Open,no,ngl,no
2026-07-13T05:31:47+00:00,2022,2022-07-31,2022318,Irish Challenge,no,cha,no
2026-07-13T05:31:47+00:00,2022,2022-07-24,9627,GLAL.UK Worcestershire Masters,no,ept,no
2026-07-13T05:31:47+00:00,2022,2022-07-24,525,3M Open,yes,pga,yes
2026-07-13T05:31:47+00:00,2022,2022-07-24,614,The Senior Open Championship presented by Rolex,no,champ,no
2026-07-13T05:31:47+00:00,2022,2022-07-24,9625,Singha Pattaya Open 2022,no,atgt,no
2026-07-13T05:31:47+00:00,2022,2022-07-24,2022317,Big Green Egg German Challenge powered by VcG,no,cha,no
2026-07-13T05:31:47+00:00,2022,2022-07-24,2022127,Cazoo Classic,no,euro,no
2026-07-13T05:31:47+00:00,2022,2022-07-24,48,Osprey Valley Open presented by Votorantim Cimentos CBM Aggregates,no,can,no
2026-07-13T05:31:47+00:00,2022,2022-07-24,9628,JAPAN PLAYERS CHAMPIONSHIP CHALLENGE in FUKUI 2022,no,atvt,no
2026-07-13T05:31:47+00:00,2022,2022-07-24,22,Price Cutter Charity Championship presented by Dr Pepper,no,kft,no
2026-07-13T05:31:47+00:00,2022,2022-07-24,9626,Roma Alps Open 2022,no,alp,no
2026-07-13T05:31:47+00:00,2022,2022-07-17,100,The Open Championship,yes,pga,yes
2026-07-13T05:31:47+00:00,2022,2022-07-17,9617,CPG Classic - England & Wales Blind Golf,no,ept,no
2026-07-13T05:31:47+00:00,2022,2022-07-17,472,Barracuda Championship,no,pga,basic
2026-07-13T05:31:47+00:00,2022,2022-07-17,122,Memorial Health Championship presented by LRS,no,kft,no
2026-07-13T05:31:47+00:00,2022,2022-07-17,2022316,Euram Bank Open,no,cha,no
2026-07-13T05:31:47+00:00,2022,2022-07-17,9616,Fred Olsen Alps de La Gomera 2022,no,alp,no
2026-07-13T05:31:47+00:00,2022,2022-07-17,9618,Weihenstephan Open 2022,no,pgt,no
2026-07-13T05:31:47+00:00,2022,2022-07-17,9619,Altron Big Easy Tour 7,no,bet,no
2026-07-13T05:31:47+00:00,2022,2022-07-10,2022315,Le Vaudreuil Golf Challenge,no,cha,no
2026-07-13T05:31:47+00:00,2022,2022-07-10,9609,Altron Big Easy Tour 6,no,bet,no
2026-07-13T05:31:47+00:00,2022,2022-07-10,9607,Alps de Las Castillas 2022,no,alp,no
2026-07-13T05:31:47+00:00,2022,2022-07-10,9606,Hangzhou International Championship,no,chn,no
2026-07-13T05:31:47+00:00,2022,2022-07-10,518,Barbasol Championship,yes,pga,yes
2026-07-13T05:31:47+00:00,2022,2022-07-10,507,Bridgestone SENIOR PLAYERS Championship,no,champ,no
2026-07-13T05:31:47+00:00,2022,2022-07-10,541,Genesis Scottish Open,yes,pga,yes
2026-07-13T05:31:47+00:00,2022,2022-07-03,9597,Hauts de France-Pas de Calais Golf Open 2022,no,alp,no
2026-07-13T05:31:47+00:00,2022,2022-07-03,2,Portland,no,liv,basic
2026-07-13T05:31:47+00:00,2022,2022-07-03,52,Prince Edward Island Open presented by IMP Solutions,no,can,no
2026-07-13T05:31:47+00:00,2022,2022-07-03,9595,Asiad CC Busan Open,no,kor,no
2026-07-13T05:31:47+00:00,2022,2022-07-03,9598,The PDC Golf Championship,no,ept,no
2026-07-13T05:31:47+00:00,2022,2022-07-03,2022122,Horizon Irish Open,no,euro,no
2026-07-13T05:31:47+00:00,2022,2022-07-03,9600,Raiffeisen Pro Golf Tour St. Pölten 2022,no,pgt,no
2026-07-13T05:31:47+00:00,2022,2022-07-03,9599,PGA Championship Landeryd Masters,no,ngl,no
2026-07-13T05:31:47+00:00,2022,2022-07-03,9601,Altron Big Easy Tour 5,no,bet,no
2026-07-13T05:31:47+00:00,2022,2022-07-03,2022314,Italian Challenge Open,no,cha,no
2026-07-13T05:31:47+00:00,2022,2022-07-03,30,John Deere Classic,yes,pga,yes
2026-07-13T05:31:47+00:00,2022,2022-07-03,130,The Ascendant presented by Blue,no,kft,no
2026-07-13T05:31:47+00:00,2022,2022-06-26,136,Live and Work in Maine Open,no,kft,no
2026-07-13T05:31:47+00:00,2022,2022-06-26,34,Travelers Championship,yes,pga,yes
2026-07-13T05:31:47+00:00,2022,2022-06-26,2022313,Blot Open de Bretagne,no,cha,no
2026-07-13T05:31:47+00:00,2022,2022-06-26,9587,UNICEF Championship,no,ngl,no
2026-07-13T05:31:47+00:00,2022,2022-06-26,9577,JAPAN PLAYERS CHAMPIONSHIP by Sato Shokuhin,no,jpn,no
2026-07-13T05:31:47+00:00,2022,2022-06-26,9589,Daisendori Cup,no,atvt,no
2026-07-13T05:31:47+00:00,2022,2022-06-26,57,Bupa Tour Championship,no,sam,no
2026-07-13T05:31:47+00:00,2022,2022-06-26,9584,Singha all Thailand Premier Championship 2022,no,atgt,no
2026-07-13T05:31:47+00:00,2022,2022-06-26,9586,The Bendac Championship,no,ept,no
2026-07-13T05:31:47+00:00,2022,2022-06-26,9585,Alps de Andalucia 2022,no,alp,no
2026-07-13T05:31:47+00:00,2022,2022-06-26,9590,Altron Big Easy Tour 4,no,bet,no
2026-07-13T05:31:47+00:00,2022,2022-06-26,2022121,BMW International Open,no,euro,no
2026-07-13T05:31:47+00:00,2022,2022-06-26,9580,Kolon The 64th Korea Open,no,kor,no
2026-07-13T05:31:47+00:00,2022,2022-06-26,512,U.S. Senior Open Championship,no,champ,no
2026-07-13T05:31:47+00:00,2022,2022-06-26,9588,Gradi Polish Open 2022,no,pgt,no
2026-07-13T05:31:47+00:00,2022,2022-06-19,9565,Hana Bank Invitational,no,kor,no
2026-07-13T05:31:47+00:00,2022,2022-06-19,3,ATB Classic presented by Volvo Edmonton,no,can,no
2026-07-13T05:31:47+00:00,2022,2022-06-19,9569,IFX Payments Championship,no,ept,no
2026-07-13T05:31:47+00:00,2022,2022-06-19,9570,Junet Open presented by Alexander Björk,no,ngl,no
2026-07-13T05:31:47+00:00,2022,2022-06-19,9567,Indo Masters Golf Invitational presented by TNE,no,adt,no
2026-07-13T05:31:47+00:00,2022,2022-06-19,9572,Altron Big Easy Tour 3,no,bet,no
2026-07-13T05:31:47+00:00,2022,2022-06-19,9568,Aravell Golf Open by Credit Andorra 2022,no,alp,no
2026-07-13T05:31:47+00:00,2022,2022-06-19,26,U.S. Open,yes,pga,basic
2026-07-13T05:31:47+00:00,2022,2022-06-19,2022312,Kaskáda Golf Challenge,no,cha,no
2026-07-13T05:31:47+00:00,2022,2022-06-19,23,Wichita Open Benefitting KU Wichita Pediatrics,no,kft,no
2026-07-13T05:31:47+00:00,2022,2022-06-19,9571,Japan Create Challenge in FukuokaRaizan,no,atvt,no
2026-07-13T05:31:47+00:00,2022,2022-06-12,9560,Thomas Bjorn Samso Classic - by Samso Festival,no,ngl,no
2026-07-13T05:31:47+00:00,2022,2022-06-12,9558,Open de la Mirabelle d'Or 2022,no,alp,no
2026-07-13T05:31:47+00:00,2022,2022-06-12,9557,65TH KPGA CHAMPIONSHIP WITH A-ONE CC,no,kor,no
2026-07-13T05:31:47+00:00,2022,2022-06-12,11,Fortox Colombia Classic,no,sam,no
2026-07-13T05:31:47+00:00,2022,2022-06-12,2022119,Volvo Car Scandinavian Mixed,no,euro,no
2026-07-13T05:31:47+00:00,2022,2022-06-12,9555,ASO IIZUKA Challenged Golf Tournament,no,jpn,no
2026-07-13T05:31:47+00:00,2022,2022-06-12,9561,OB Golf Invitational,no,adt,no
2026-07-13T05:31:47+00:00,2022,2022-06-12,9554,Altron Big Easy Tour 2 - Huddle Park Golf Club,no,bet,no
2026-07-13T05:31:47+00:00,2022,2022-06-12,32,RBC Canadian Open,yes,pga,yes
2026-07-13T05:31:47+00:00,2022,2022-06-12,2022311,Empordà Challenge,no,cha,no
2026-07-13T05:31:47+00:00,2022,2022-06-12,622,American Family Insurance Championship,no,champ,no
2026-07-13T05:31:47+00:00,2022,2022-06-12,9556,LANDIC CHALLENGE 9,no,atvt,no
2026-07-13T05:31:47+00:00,2022,2022-06-12,9553,KitKat Group PROAM,no,afr,no
2026-07-13T05:31:47+00:00,2022,2022-06-12,9559,The World Snooker & Jessie May Champs,no,ept,no
2026-07-13T05:31:47+00:00,2022,2022-06-12,37,BMW Charity Pro-Am presented by TD SYNNEX,no,kft,no
2026-07-13T05:31:47+00:00,2022,2022-06-11,1,London,no,liv,basic
2026-07-13T05:31:47+00:00,2022,2022-06-05,2,Royal Beach Victoria Open presented by Times Colonist,no,can,no
2026-07-13T05:31:47+00:00,2022,2022-06-05,9538,BMW Japan Golf Tour Championship Mori Building Cup,no,jpn,no
2026-07-13T05:31:47+00:00,2022,2022-06-05,9542,SK Telecom Open 2022,no,kor,no
2026-07-13T05:31:47+00:00,2022,2022-06-05,48,REX Hospital Open,no,kft,no
2026-07-13T05:31:47+00:00,2022,2022-06-05,2022310,D+D REAL Czech Challenge,no,cha,no
2026-07-13T05:31:47+00:00,2022,2022-06-05,9540,International Series England,no,asa,no
2026-07-13T05:31:47+00:00,2022,2022-06-05,9544,SunBet Challenge hosted by Sun City,no,afr,no
2026-07-13T05:31:47+00:00,2022,2022-06-05,608,Principal Charity Classic,no,champ,no
2026-07-13T05:31:47+00:00,2022,2022-06-05,2022118,Porsche European Open,no,euro,no
2026-07-13T05:31:47+00:00,2022,2022-06-05,59,Volvo Golf Championship by Seguros del Estado,no,sam,no
2026-07-13T05:31:47+00:00,2022,2022-06-05,23,the Memorial Tournament presented by Workday,yes,pga,yes
2026-07-13T05:31:47+00:00,2022,2022-06-05,9546,Thisted Forsikring Championship,no,ngl,no
2026-07-13T05:31:47+00:00,2022,2022-06-05,9545,The Ignis Management Championship,no,ept,no
2026-07-13T05:31:47+00:00,2022,2022-05-29,9531,Memorial Giorgio Bordoni 2022,no,alp,no
2026-07-13T05:31:47+00:00,2022,2022-05-29,9535,Taiheiyo Club Challenge Tournament,no,atvt,no
2026-07-13T05:31:47+00:00,2022,2022-05-29,9524,Gate Way To The Open Mizuno Open,no,jpn,no
2026-07-13T05:31:47+00:00,2022,2022-05-29,9528,KB FINANCE LIIV CHAMPIONSHIP,no,kor,no
2026-07-13T05:31:47+00:00,2022,2022-05-29,520,KitchenAid Senior PGA Championship,no,champ,no
2026-07-13T05:31:47+00:00,2022,2022-05-29,2022309,Farmfoods Scottish Challenge supported by The R&A,no,cha,no
2026-07-13T05:31:47+00:00,2022,2022-05-29,9526,Sishen Classic,no,afr,no
2026-07-13T05:31:47+00:00,2022,2022-05-29,9533,Moss & Rygge Open,no,ngl,no
2026-07-13T05:31:47+00:00,2022,2022-05-29,2022117,Dutch Open,no,euro,no
2026-07-13T05:31:47+00:00,2022,2022-05-29,131,NV5 Invitational presented by Old National Bank,no,kft,no
2026-07-13T05:31:47+00:00,2022,2022-05-29,9532,Cubefunder Shootout,no,ept,no
2026-07-13T05:31:47+00:00,2022,2022-05-29,21,Charles Schwab Challenge,yes,pga,yes
2026-07-13T05:31:47+00:00,2022,2022-05-29,9530,Singha Laguna Phuket Open 2022,no,atgt,no
2026-07-13T05:31:47+00:00,2022,2022-05-22,33,PGA Championship,yes,pga,yes
2026-07-13T05:31:47+00:00,2022,2022-05-22,2022307,Challenge de España ,no,cha,no
2026-07-13T05:31:47+00:00,2022,2022-05-22,9519,Blue Canyon Open,no,mgt,no
2026-07-13T05:31:47+00:00,2022,2022-05-22,9515,Golf Partner Pro-Am Tournament 2022,no,jpn,no
2026-07-13T05:31:47+00:00,2022,2022-05-22,9520,Stora Hotellet Fjällbacka Open,no,ngl,no
2026-07-13T05:31:47+00:00,2022,2022-05-22,9517,FBC Zim Open,no,afr,no
2026-07-13T05:31:47+00:00,2022,2022-05-22,100,AdventHealth Championship,no,kft,no
2026-07-13T05:31:47+00:00,2022,2022-05-15,9508,30th Goesser Open 2022,no,alp,no
2026-07-13T05:31:47+00:00,2022,2022-05-15,9511,Blue Canyon Classic,no,adt,no
2026-07-13T05:31:47+00:00,2022,2022-05-15,9509,Rewell Elisefarm Challenge,no,ngl,no
2026-07-13T05:31:47+00:00,2022,2022-05-15,9507,Woori Financial Group Championship,no,kor,no
2026-07-13T05:31:47+00:00,2022,2022-05-15,2022115,Soudal Open,no,euro,no
2026-07-13T05:31:47+00:00,2022,2022-05-15,9505,Asia Pacific Open Golf Championship Diamond Cup Golf,no,asa,no
2026-07-13T05:31:47+00:00,2022,2022-05-15,11,Visit Knoxville Open,no,kft,no
2026-07-13T05:31:47+00:00,2022,2022-05-15,9513,Lombard Insurance Classic,no,afr,no
2026-07-13T05:31:47+00:00,2022,2022-05-15,558,Regions Tradition,no,champ,no
2026-07-13T05:31:47+00:00,2022,2022-05-15,9512,Altron Big Easy Tour 1 - Blue Valley,no,bet,no
2026-07-13T05:31:47+00:00,2022,2022-05-15,9510,Laguna Phuket Cup,no,adt,no
2026-07-13T05:31:47+00:00,2022,2022-05-15,19,AT&T Byron Nelson,yes,pga,yes
2026-07-13T05:31:47+00:00,2022,2022-05-08,2022114,Betfred British Masters hosted by Danny Willett,no,euro,no
2026-07-13T05:31:47+00:00,2022,2022-05-08,15,Mitsubishi Electric Classic,no,champ,no
2026-07-13T05:31:47+00:00,2022,2022-05-08,9500,2021 Tailor-made Building Services NT PGA Championship,no,anz,no
2026-07-13T05:31:47+00:00,2022,2022-05-08,22,Quito Open,no,sam,no
2026-07-13T05:31:47+00:00,2022,2022-05-08,9502,Molinetto Alps Open 2022,no,alp,no
2026-07-13T05:31:47+00:00,2022,2022-05-08,9501,Barncancerfonden Open presented by Ahlsell,no,ngl,no
2026-07-13T05:31:47+00:00,2022,2022-05-08,9496,The 41st GS Caltex Maekyung Open,no,kor,no
2026-07-13T05:31:47+00:00,2022,2022-05-08,480,Wells Fargo Championship,yes,pga,yes
2026-07-13T05:31:47+00:00,2022,2022-05-08,9499,Laguna Phuket Challenge,no,mgt,no
2026-07-13T05:31:47+00:00,2022,2022-05-08,120,Simmons Bank Open for the Snedeker Foundation,no,kft,no
2026-07-13T05:31:47+00:00,2022,2022-05-01,540,Mexico Open at Vidanta,yes,pga,yes
2026-07-13T05:31:47+00:00,2022,2022-05-01,9488,Bravo Tours Open by Enjoy Resorts,no,ngl,no
2026-07-13T05:31:47+00:00,2022,2022-05-01,8,Diners Club Peru Open presented by Volvo,no,sam,no
2026-07-13T05:31:47+00:00,2022,2022-05-01,9492,Haugschlag NÖ Open by perfect eagle 2022,no,pgt,no
2026-07-13T05:31:47+00:00,2022,2022-05-01,9485,The Crowns,no,jpn,no
2026-07-13T05:31:47+00:00,2022,2022-05-01,615,Insperity Invitational,no,champ,no
2026-07-13T05:31:47+00:00,2022,2022-05-01,9490,2021 Nexus Advisernet WA Open,no,anz,no
2026-07-13T05:31:47+00:00,2022,2022-05-01,134,Huntsville Championship,no,kft,no
2026-07-13T05:31:47+00:00,2022,2022-05-01,9487,The Tour Championship,no,afr,no
2026-07-13T05:31:47+00:00,2022,2022-05-01,2022151,Catalunya Championship,no,euro,no
2026-07-13T05:31:47+00:00,2022,2022-05-01,9491,Singha Classic 2022,no,atgt,no
2026-07-13T05:31:47+00:00,2022,2022-04-24,9476,ISPS HANDA Championship in JAPAN,no,jpn,no
2026-07-13T05:31:47+00:00,2022,2022-04-24,9480,Prometheus School presents Delhi-NCR Open 2022,no,pgti,no
2026-07-13T05:31:47+00:00,2022,2022-04-24,6,JHSF Aberto do Brasil,no,sam,no
2026-07-13T05:31:47+00:00,2022,2022-04-24,53,ClubCorp Classic,no,champ,no
2026-07-13T05:31:47+00:00,2022,2022-04-24,9482,i Golf Shaper Challenge in Chikushigaoka,no,atvt,no
2026-07-13T05:31:47+00:00,2022,2022-04-24,2022149,ISPS Handa Championship in Spain,no,euro,no
2026-07-13T05:31:47+00:00,2022,2022-04-24,9479,2021 CKB WA PGA Championship presented by TX Civil & Logistics,no,anz,no
2026-07-13T05:31:47+00:00,2022,2022-04-24,9481,Red Sea Egyptian Classic 2022,no,pgt,no
2026-07-13T05:31:47+00:00,2022,2022-04-24,9477,Stella Artois Players Championship,no,afr,no
2026-07-13T05:31:47+00:00,2022,2022-04-17,12,RBC Heritage,yes,pga,yes
2026-07-13T05:31:47+00:00,2022,2022-04-17,9472,Abruzzo Alps Open 2022,no,alp,no
2026-07-13T05:31:47+00:00,2022,2022-04-17,9467,Kansai Open Golf Championship,no,jpn,no
2026-07-13T05:31:47+00:00,2022,2022-04-17,9470,17TH BD DAMAGE INSURANCE PROMY OPEN,no,kor,no
2026-07-13T05:31:47+00:00,2022,2022-04-17,9471,TATA Steel PGTI Players Championship 2022 presented by Chandigarh Golf Club,no,pgti,no
2026-07-13T05:31:47+00:00,2022,2022-04-17,9469,Trust Golf Asian Mixed Stableford Challenge,no,asa,no
2026-07-13T05:31:47+00:00,2022,2022-04-17,9473,Red Sea Ain Sokhna Classic 2022,no,pgt,no
2026-07-13T05:31:47+00:00,2022,2022-04-16,137,Veritex Bank Championship,no,kft,no
2026-07-13T05:31:47+00:00,2022,2022-04-10,9463,Novil Cup,no,atvt,no
2026-07-13T05:31:47+00:00,2022,2022-04-10,14,The Masters,yes,pga,yes
2026-07-13T05:31:47+00:00,2022,2022-04-10,9462,Trust Golf Asian Mixed Cup,no,asa,no
2026-07-13T05:31:47+00:00,2022,2022-04-10,9464,The National PGA Classic,no,anz,no
2026-07-13T05:31:47+00:00,2022,2022-04-10,9465,Singha all Thailand Memorial 2022,no,atgt,no
2026-07-13T05:31:47+00:00,2022,2022-04-03,2022305,Limpopo Championship,no,cha,no
2026-07-13T05:31:47+00:00,2022,2022-04-03,128,Club Car Championship at The Landings Club,no,kft,no
2026-07-13T05:31:47+00:00,2022,2022-04-03,15,90 Abierto del Centro memorial Eduardo Gato Romero ptdo por Telecom,no,sam,no
2026-07-13T05:31:47+00:00,2022,2022-04-03,41,Valero Texas Open,yes,pga,yes
2026-07-13T05:31:47+00:00,2022,2022-04-03,9456,Token Homemate Cup 2022,no,jpn,no
2026-07-13T05:31:47+00:00,2022,2022-04-03,11,Rapiscan Systems Classic,no,champ,no
2026-07-13T05:31:47+00:00,2022,2022-04-03,9459,Gurugram Challenge 2022 Tata Steel PGT-ADT hosted by Classic Golf & Country Club,no,pgti,no
2026-07-13T05:31:47+00:00,2022,2022-03-27,522,Corales Puntacana Championship,no,pga,basic
2026-07-13T05:31:47+00:00,2022,2022-03-27,9451,Allegria Open 2022,no,pgt,no
2026-07-13T05:31:47+00:00,2022,2022-03-27,9453,Winter Series Golf Nazionale,no,alp,no
2026-07-13T05:31:47+00:00,2022,2022-03-27,2022106,Commercial Bank Qatar Masters,no,euro,no
2026-07-13T05:31:47+00:00,2022,2022-03-27,2022303,SDC Open,no,cha,no
2026-07-13T05:31:47+00:00,2022,2022-03-27,9454,NewGiza Pyramids Challenge 2022,no,pgt,no
2026-07-13T05:31:47+00:00,2022,2022-03-27,9452,The DGC Open presented by Mastercard,no,asa,no
2026-07-13T05:31:47+00:00,2022,2022-03-27,42,Termas de Rio Hondo Invitational,no,sam,no
2026-07-13T05:31:47+00:00,2022,2022-03-27,135,Lake Charles Championship,no,kft,no
2026-07-13T05:31:47+00:00,2022,2022-03-20,475,Valspar Championship,yes,pga,yes
2026-07-13T05:31:47+00:00,2022,2022-03-20,9443,Winter Series Terre dei Consoli,no,alp,no
2026-07-13T05:31:47+00:00,2022,2022-03-20,36,Chitimacha Louisiana Open presented by MISTRAS,no,kft,no
2026-07-13T05:31:47+00:00,2022,2022-03-20,9440,Golf Challenge NSW Open,no,anz,no
2026-07-13T05:31:47+00:00,2022,2022-03-20,2022147,Steyn City Championship,no,euro,no
2026-07-13T05:31:47+00:00,2022,2022-03-20,9442,TATA Steel PGTI Players Championship 2022 presented by Tollygunge Club,no,pgti,no
2026-07-13T05:31:47+00:00,2022,2022-03-20,9444,Dreamland Pyramids Classic 2022,no,pgt,no
2026-07-13T05:31:47+00:00,2022,2022-03-13,9436,"TPS Hunter Valley, Hosted by Jan Stephenson & Peter O'Malley",no,anz,no
2026-07-13T05:31:47+00:00,2022,2022-03-13,2022146,MyGolfLife Open hosted by Pecanwood,no,euro,no
2026-07-13T05:31:47+00:00,2022,2022-03-13,9437,Mujib Borsho Chattogram Open 2022,no,pgti,no
2026-07-13T05:31:47+00:00,2022,2022-03-13,11,THE PLAYERS Championship,yes,pga,yes
2026-07-13T05:31:47+00:00,2022,2022-03-06,9433,PGA Catalunya Resort Championship,no,ngl,no
2026-07-13T05:31:47+00:00,2022,2022-03-06,9426,International Series Thailand,no,asa,no
2026-07-13T05:31:47+00:00,2022,2022-03-06,483,Puerto Rico Open,no,pga,basic
2026-07-13T05:31:47+00:00,2022,2022-03-06,9428,"TPS Sydney, Hosted by Braith Anasta",no,anz,no
2026-07-13T05:31:47+00:00,2022,2022-03-06,9429,Glade One Masters 2022,no,pgti,no
2026-07-13T05:31:47+00:00,2022,2022-03-06,9431,ECCO Tour Spanish Masters - by DAT,no,ngl,no
2026-07-13T05:31:47+00:00,2022,2022-03-06,9,Arnold Palmer Invitational presented by Mastercard,yes,pga,yes
2026-07-13T05:31:47+00:00,2022,2022-03-06,9430,Red Dea Little Venice Open 2022,no,alp,no
2026-07-13T05:31:47+00:00,2022,2022-03-06,9432,New Giza Open 2022,no,alp,no
2026-07-13T05:31:47+00:00,2022,2022-03-06,2022304,Mangaung Open,no,cha,no
2026-07-13T05:31:47+00:00,2022,2022-03-06,573,Hoag Classic,no,champ,no
2026-07-13T05:31:47+00:00,2022,2022-03-06,2022108,Magical Kenya Open,no,euro,no
2026-07-13T05:31:47+00:00,2022,2022-02-27,9421,GolfStar Winter Series II,no,ngl,no
2026-07-13T05:31:47+00:00,2022,2022-02-27,9417,Royal's Cup 2022,no,asa,no
2026-07-13T05:31:47+00:00,2022,2022-02-27,9422,Gujarat Open Golf Championship 2022 presented by Gujarat Tourism,no,pgti,no
2026-07-13T05:31:47+00:00,2022,2022-02-27,10,The Honda Classic,yes,pga,yes
2026-07-13T05:31:47+00:00,2022,2022-02-27,2022302,Jonsson Workwear Open,no,cha,no
2026-07-13T05:31:47+00:00,2022,2022-02-27,18,Cologuard Classic,no,champ,no
2026-07-13T05:31:47+00:00,2022,2022-02-27,9419,Ein Bay Open 2022,no,alp,no
2026-07-13T05:31:47+00:00,2022,2022-02-20,21,Estrella del Mar Open 2022,no,sam,no
2026-07-13T05:31:47+00:00,2022,2022-02-20,129,LECOM Suncoast Classic,no,kft,no
2026-07-13T05:31:47+00:00,2022,2022-02-20,9420,GolfStar Winter Series I,no,ngl,no
2026-07-13T05:31:47+00:00,2022,2022-02-20,2022301,Bain's Whisky Cape Town Open,no,cha,no
2026-07-13T05:31:47+00:00,2022,2022-02-20,9415,TPS Murray River in honour of Jarrod Lyle,no,anz,no
2026-07-13T05:31:47+00:00,2022,2022-02-20,7,The Genesis Invitational,yes,pga,yes
2026-07-13T05:31:47+00:00,2022,2022-02-20,552,Chubb Classic,no,champ,no
2026-07-13T05:31:47+00:00,2022,2022-02-13,3,WM Phoenix Open,yes,pga,yes
2026-07-13T05:31:47+00:00,2022,2022-02-13,9410,Singha E-San Open,no,atgt,no
2026-07-13T05:31:47+00:00,2022,2022-02-13,2022300,Dimension Data Pro-Am,no,cha,no
2026-07-13T05:31:47+00:00,2022,2022-02-13,9409,Vic Open,no,anz,no
2026-07-13T05:31:47+00:00,2022,2022-02-13,2022148,Ras al Khaimah Classic ,no,euro,no
2026-07-13T05:31:47+00:00,2022,2022-02-13,104,Astara Golf Championship presented by Mastercard,no,kft,no
2026-07-13T05:31:47+00:00,2022,2022-02-06,9403,TPS Victoria Hosted by Geoff Ogilvy,no,anz,no
2026-07-13T05:31:47+00:00,2022,2022-02-06,5,AT&T Pebble Beach Pro-Am,partial,pga,partial
2026-07-13T05:31:47+00:00,2022,2022-02-06,84,The Panama Championship,no,kft,no
2026-07-13T05:31:47+00:00,2022,2022-02-06,9402,PIF Saudi International powered by SoftBank Investment Advisers,no,asa,no
2026-07-13T05:31:47+00:00,2022,2022-02-06,2022105,Ras al Khaimah Championship presented by Phoenix Capital,no,euro,no
2026-07-13T05:31:47+00:00,2022,2022-01-30,9398,Vodacom Origins of Golf Final,no,afr,no
2026-07-13T05:31:47+00:00,2022,2022-01-30,9397,Boonchu Ruangkit Championship 2022,no,atgt,no
2026-07-13T05:31:47+00:00,2022,2022-01-30,2022104,Slync.io Dubai Desert Classic,no,euro,no
2026-07-13T05:31:47+00:00,2022,2022-01-29,4,Farmers Insurance Open,partial,pga,partial
2026-07-13T05:31:47+00:00,2022,2022-01-26,125,The Bahamas Great Abaco Classic at The Abaco Club,no,kft,no
2026-07-13T05:31:47+00:00,2022,2022-01-23,2,The American Express,partial,pga,partial
2026-07-13T05:31:47+00:00,2022,2022-01-23,9391,SMBC Singapore Open,no,asa,no
2026-07-13T05:31:47+00:00,2022,2022-01-23,2022103,Abu Dhabi HSBC Championship,no,euro,no
2026-07-13T05:31:47+00:00,2022,2022-01-23,9392,Queensland PGA Championship,no,anz,no
2026-07-13T05:31:47+00:00,2022,2022-01-22,524,Mitsubishi Electric Championship at Hualalai,no,champ,no
2026-07-13T05:31:47+00:00,2022,2022-01-19,124,The Bahamas Great Exuma Classic at Sandals Emerald Bay,no,kft,no
2026-07-13T05:31:47+00:00,2022,2022-01-16,6,Sony Open in Hawaii,yes,pga,yes
2026-07-13T05:31:47+00:00,2022,2022-01-16,9380,The Singapore International,no,asa,no
2026-07-13T05:31:47+00:00,2022,2022-01-16,9383,Fortinet Australian PGA Championship,no,anz,no
2026-07-13T05:31:47+00:00,2022,2022-01-09,16,Sentry Tournament of Champions,yes,pga,yes
2026-07-13T05:31:47+00:00,2021,2021-12-19,9376,Tata Steel Tour Championship,no,pgti,no
2026-07-13T05:31:47+00:00,2021,2021-12-19,9373,Gippsland Super 6,no,anz,no
2026-07-13T05:31:47+00:00,2021,2021-12-19,9375,22nd Singha Thailand Masters,no,atgt,no
2026-07-13T05:31:47+00:00,2021,2021-12-19,9374,Volvo China Open,no,chn,no
2026-07-13T05:31:47+00:00,2021,2021-12-12,16,Scotia Wealth Management Chile Open presented by Volvo,no,sam,no
2026-07-13T05:31:47+00:00,2021,2021-12-12,9371,Victorian PGA Championship,no,anz,no
2026-07-13T05:31:47+00:00,2021,2021-12-12,9372,Big Easy Tour Champs,no,bet,no
2026-07-13T05:31:47+00:00,2021,2021-12-05,13,115 VISA Argentine Open presented by Macro,no,sam,no
2026-07-13T05:31:47+00:00,2021,2021-12-05,9366,Laguna Phuket Championship 2021,no,asa,no
2026-07-13T05:31:47+00:00,2021,2021-12-05,9367,Pune Open Golf Championship 202,no,pgti,no
2026-07-13T05:31:47+00:00,2021,2021-12-05,9362,SA Open Championship,no,afr,no
2026-07-13T05:31:47+00:00,2021,2021-12-05,9365,Golf Nippon Series JT Cup,no,jpn,no
2026-07-13T05:31:47+00:00,2021,2021-12-05,478,Hero World Challenge,no,pga,no
2026-07-13T05:31:47+00:00,2021,2021-11-28,9361,ICC RCGC Open Golf Championship 2021 powered by Urbana,no,pgti,no
2026-07-13T05:31:47+00:00,2021,2021-11-28,9358,Casio World Open,no,jpn,no
2026-07-13T05:31:47+00:00,2021,2021-11-28,2022100,Joburg Open,no,euro,no
2026-07-13T05:31:47+00:00,2021,2021-11-28,9359,Blue Canyon Phuket Championship 2021,no,asa,no
2026-07-13T05:31:47+00:00,2021,2021-11-21,493,The RSM Classic,partial,pga,partial
2026-07-13T05:31:47+00:00,2021,2021-11-21,9355,Singha Chiang Mai Open 2021,no,atgt,no
2026-07-13T05:31:47+00:00,2021,2021-11-21,9354,Dunlop Phoenix,no,jpn,no
2026-07-13T05:31:47+00:00,2021,2021-11-21,9357,Big Easy Play Off 2,no,bet,no
2026-07-13T05:31:47+00:00,2021,2021-11-21,2021143,"DP WORLD TOUR CHAMPIONSHIP, DUBAI",no,euro,no
2026-07-13T05:31:47+00:00,2021,2021-11-21,9356,IndianOil Servo Masters Golf 2021,no,pgti,no
2026-07-13T05:31:47+00:00,2021,2021-11-14,9350,Big Easy Play Off 1,no,bet,no
2026-07-13T05:31:47+00:00,2021,2021-11-14,9348,Singha Classic 2021,no,atgt,no
2026-07-13T05:31:47+00:00,2021,2021-11-14,20,Hewlett Packard Enterprise Houston Open,yes,pga,yes
2026-07-13T05:31:47+00:00,2021,2021-11-14,2021157,AVIV Dubai Championship,no,euro,no
2026-07-13T05:31:47+00:00,2021,2021-11-14,47,Charles Schwab Cup Championship,no,champ,no
2026-07-13T05:31:47+00:00,2021,2021-11-14,9349,Jeev Milkha Singh Invitational 2021 presented by TAKE,no,pgti,no
2026-07-13T05:31:47+00:00,2021,2021-11-14,9347,Mitsui Sumitomo VISA Taiheiyo Masters,no,jpn,no
2026-07-13T05:31:47+00:00,2021,2021-11-07,9340,LG SIGNATURE Players Championship,no,kor,no
2026-07-13T05:31:47+00:00,2021,2021-11-07,9342,Singha E-San Open 2021,no,atgt,no
2026-07-13T05:31:47+00:00,2021,2021-11-07,50,TimberTech Championship,no,champ,no
2026-07-13T05:31:47+00:00,2021,2021-11-07,9341,Hengdian Championship,no,chn,no
2026-07-13T05:31:47+00:00,2021,2021-11-07,9337,Mynavi ABC Championship,no,jpn,no
2026-07-13T05:31:47+00:00,2021,2021-11-07,2021156,Portugal Masters,no,euro,no
2026-07-13T05:31:47+00:00,2021,2021-11-07,457,World Wide Technology Championship at Mayakoba,no,pga,basic
2026-07-13T05:31:47+00:00,2021,2021-11-07,2021324,Rolex Challenge Tour Grand Final supported by The R&A,no,cha,no
2026-07-13T05:31:47+00:00,2021,2021-11-07,9343,Big Easy Road to #18 Modderfontein Golf Club,no,bet,no
2026-07-13T05:31:47+00:00,2021,2021-11-07,9338,PGA Championship,no,afr,no
2026-07-13T05:31:47+00:00,2021,2021-10-31,9332,ISPS HANDA Gatsu-n to tobase Tour tournament,no,jpn,no
2026-07-13T05:31:47+00:00,2021,2021-10-31,9334,Big Easy Road to #17 Pecanwood Country Club,no,bet,no
2026-07-13T05:31:47+00:00,2021,2021-10-31,9333,Thailand Open 2021,no,atgt,no
2026-07-13T05:31:47+00:00,2021,2021-10-31,528,Butterfield Bermuda Championship,no,pga,basic
2026-07-13T05:31:47+00:00,2021,2021-10-24,9326,Hana Bank Invitational,no,kor,no
2026-07-13T05:31:47+00:00,2021,2021-10-24,9330,Delight Works JGTO FINAL,no,atvt,no
2026-07-13T05:31:47+00:00,2021,2021-10-24,2021155,Mallorca Golf Open,no,euro,no
2026-07-13T05:31:47+00:00,2021,2021-10-24,46,Dominion Energy Charity Classic,no,champ,no
2026-07-13T05:31:47+00:00,2021,2021-10-24,9329,Road to Europe Tour Final,no,ngl,no
2026-07-13T05:31:47+00:00,2021,2021-10-24,9327,Singha Pattaya Open 2021,no,atgt,no
2026-07-13T05:31:47+00:00,2021,2021-10-24,9324,Blair Atholl Championship delivered by The Courier Guy,no,afr,no
2026-07-13T05:31:47+00:00,2021,2021-10-24,527,ZOZO CHAMPIONSHIP,no,pga,no
2026-07-13T05:31:47+00:00,2021,2021-10-24,9328,The Matchroom Tour Championship,no,ept,no
2026-07-13T05:31:47+00:00,2021,2021-10-22,2021337,Challenge Costa Brava,no,cha,no
2026-07-13T05:31:47+00:00,2021,2021-10-17,9318,MoreGolf Mastercard Tour Final at PGA Sweden National,no,ngl,no
2026-07-13T05:31:47+00:00,2021,2021-10-17,2021137,Estrella Damm N.A. Andalucía Masters,no,euro,no
2026-07-13T05:31:47+00:00,2021,2021-10-17,45,SAS Championship,no,champ,no
2026-07-13T05:31:47+00:00,2021,2021-10-17,9320,Emilia-Romagna Alps Tour Grand Final,no,alp,no
2026-07-13T05:31:47+00:00,2021,2021-10-17,2021336,Empordà Challenge,no,cha,no
2026-07-13T05:31:47+00:00,2021,2021-10-17,9319,Jaipur Open,no,pgti,no
2026-07-13T05:31:47+00:00,2021,2021-10-17,521,THE CJ CUP @ SUMMIT,yes,pga,yes
2026-07-13T05:31:47+00:00,2021,2021-10-17,9316,Japan Open Golf Championship,no,jpn,no
2026-07-13T05:31:47+00:00,2021,2021-10-10,9309,Castanea Resort Championship,no,pgt,no
2026-07-13T05:31:47+00:00,2021,2021-10-10,9305,Ryo Ishikawa everyone PROJECT Challenge,no,atvt,no
2026-07-13T05:31:47+00:00,2021,2021-10-10,9307,Golf Nazionale Alps Open,no,alp,no
2026-07-13T05:31:47+00:00,2021,2021-10-10,9304,Bridgestone Open,no,jpn,no
2026-07-13T05:31:47+00:00,2021,2021-10-10,9312,Genesis Championship,no,kor,no
2026-07-13T05:31:47+00:00,2021,2021-10-10,47,Shriners Children's Open,yes,pga,yes
2026-07-13T05:31:47+00:00,2021,2021-10-10,44,Constellation FURYK & FRIENDS,no,champ,no
2026-07-13T05:31:47+00:00,2021,2021-10-10,2021136,ACCIONA Open de España,no,euro,no
2026-07-13T05:31:47+00:00,2021,2021-10-10,9310,Singha Laguna Phuket Open,no,atgt,no
2026-07-13T05:31:47+00:00,2021,2021-10-10,9308,Race to HimmerLand by FREJA,no,ngl,no
2026-07-13T05:31:47+00:00,2021,2021-10-10,9311,TATA Steel PGTI MP Cup 2021 presented by Delhi Golf Club supported by Just In Time Sports Foundation,no,pgti,no
2026-07-13T05:31:47+00:00,2021,2021-10-03,54,Sanderson Farms Championship,yes,pga,yes
2026-07-13T05:31:47+00:00,2021,2021-10-03,9297,Visby Open by Destination Gotland,no,ngl,no
2026-07-13T05:31:47+00:00,2021,2021-10-03,9299,Vodacom Origins of Golf - Humewood,no,afr,no
2026-07-13T05:31:47+00:00,2021,2021-10-03,9298,TI Challenge in Tojonomori,no,atvt,no
2026-07-13T05:31:47+00:00,2021,2021-10-03,2021135,Alfred Dunhill Links Championship,no,euro,no
2026-07-13T05:31:47+00:00,2021,2021-10-03,2021321,Swiss Challenge,no,cha,no
2026-07-13T05:31:47+00:00,2021,2021-10-03,9300,Big Easy Road to #16 Services,no,bet,no
2026-07-13T05:31:47+00:00,2021,2021-10-03,9296,Hyundai Insurance KJ Choi Invitational,no,kor,no
2026-07-13T05:31:47+00:00,2021,2021-10-03,9294,Vantelin Tokai Classic,no,jpn,no
2026-07-13T05:31:47+00:00,2021,2021-09-26,9283,Panasonic Open,no,jpn,no
2026-07-13T05:31:47+00:00,2021,2021-09-26,2021320,Open de Portugal at Royal Óbidos,no,cha,no
2026-07-13T05:31:47+00:00,2021,2021-09-26,9285,ISPS HANDA Hero ni nare! Challenge Tournament,no,atvt,no
2026-07-13T05:31:47+00:00,2021,2021-09-26,9289,Big Easy Road to #15 Riviera on Vaal,no,bet,no
2026-07-13T05:31:47+00:00,2021,2021-09-26,9288,Singha all Thailand Championship 2021,no,atgt,no
2026-07-13T05:31:47+00:00,2021,2021-09-26,43,PURE Insurance Championship,no,champ,no
2026-07-13T05:31:47+00:00,2021,2021-09-19,9273,2021 DGB Financial Group Irvine Open,no,kor,no
2026-07-13T05:31:47+00:00,2021,2021-09-19,9276,Great Northern Challenge,no,ngl,no
2026-07-13T05:31:47+00:00,2021,2021-09-19,9271,ANA Open,no,jpn,no
2026-07-13T05:31:47+00:00,2021,2021-09-19,9277,PGM Challenge,no,atvt,no
2026-07-13T05:31:47+00:00,2021,2021-09-19,9275,Castletown Golf Links,no,ept,no
2026-07-13T05:31:47+00:00,2021,2021-09-19,9274,J&K Open 2021 presented by J&K Tourism,no,pgti,no
2026-07-13T05:31:47+00:00,2021,2021-09-19,2021327,Hopps Open de Provence,no,cha,no
2026-07-13T05:31:47+00:00,2021,2021-09-19,9278,Vodacom Origins of Golf - Mt Edgecombe,no,afr,no
2026-07-13T05:31:47+00:00,2021,2021-09-19,464,Fortinet Championship,yes,pga,yes
2026-07-13T05:31:47+00:00,2021,2021-09-19,2021133,Dutch Open,no,euro,no
2026-07-13T05:31:47+00:00,2021,2021-09-12,9264,Sunshine Tour Invitational,no,afr,no
2026-07-13T05:31:47+00:00,2021,2021-09-12,625,Ascension Charity Classic,no,champ,no
2026-07-13T05:31:47+00:00,2021,2021-09-12,9265,The 37th Shinhan Donghae Open,no,kor,no
2026-07-13T05:31:47+00:00,2021,2021-09-12,9267,TRUST Forsikring Championship,no,ngl,no
2026-07-13T05:31:47+00:00,2021,2021-09-12,2021132,BMW PGA CHAMPIONSHIP,no,euro,no
2026-07-13T05:31:47+00:00,2021,2021-09-12,9269,TATA Steel PGTI Players Championship 2021 presented by Govt. of Haryana & Panchkula Golf Club,no,pgti,no
2026-07-13T05:31:47+00:00,2021,2021-09-12,2021319,Big Green Egg German Challenge powered by VcG,no,cha,no
2026-07-13T05:31:47+00:00,2021,2021-09-12,9266,Alps de Andalucia,no,alp,no
2026-07-13T05:31:47+00:00,2021,2021-09-12,9268,The Motocaddy Masters,no,ept,no
2026-07-13T05:31:47+00:00,2021,2021-09-10,64,Forme Tour Championship,no,can,no
2026-07-13T05:31:47+00:00,2021,2021-09-05,2021318,British Challenge Presented by Modest! Golf Management,no,cha,no
2026-07-13T05:31:47+00:00,2021,2021-09-05,9256,Timberwise Finnish Open,no,ngl,no
2026-07-13T05:31:47+00:00,2021,2021-09-05,154,Korn Ferry Tour Championship presented by United Leasing & Finance,no,kft,no
2026-07-13T05:31:47+00:00,2021,2021-09-05,9258,Big Easy Road to #14 ERPM Golf Club,no,bet,no
2026-07-13T05:31:47+00:00,2021,2021-09-05,9254,Golconda Masters Telangana Open 2021 presented by Vooty & Haldi,no,pgti,no
2026-07-13T05:31:47+00:00,2021,2021-09-05,9257,FaberExposize Gelpenberg Open 2021,no,pgt,no
2026-07-13T05:31:47+00:00,2021,2021-09-05,9250,Fujisankei Classic,no,jpn,no
2026-07-13T05:31:47+00:00,2021,2021-09-05,60,TOUR Championship,yes,pga,yes
2026-07-13T05:31:47+00:00,2021,2021-09-05,9255,The Studley Wood Championship,no,ept,no
2026-07-13T05:31:47+00:00,2021,2021-09-05,2021131,DS Automobiles Italian Open,no,euro,no
2026-07-13T05:31:47+00:00,2021,2021-09-05,9252,BIZPLAY-Electronic Times OPEN,no,kor,no
2026-07-13T05:31:47+00:00,2021,2021-09-04,68,Rolling Green Championship,no,can,no
2026-07-13T05:31:47+00:00,2021,2021-08-29,153,Nationwide Children's Hospital Championship,no,kft,no
2026-07-13T05:31:47+00:00,2021,2021-08-29,9245,Vodacom Origins of Golf - Sishen,no,afr,no
2026-07-13T05:31:47+00:00,2021,2021-08-29,41,The Ally Challenge,no,champ,no
2026-07-13T05:31:47+00:00,2021,2021-08-29,9243,Thisted Forsikring Championship,no,ngl,no
2026-07-13T05:31:47+00:00,2021,2021-08-29,28,BMW Championship,yes,pga,yes
2026-07-13T05:31:47+00:00,2021,2021-08-29,2021130,Omega European Masters,no,euro,no
2026-07-13T05:31:47+00:00,2021,2021-08-29,2021317,B-NL Challenge Trophy,no,cha,no
2026-07-13T05:31:47+00:00,2021,2021-08-29,9246,Big Easy Road to # 13 Centurion Country Club,no,bet,no
2026-07-13T05:31:47+00:00,2021,2021-08-29,9244,ALTEPRO Trophy 2021,no,pgt,no
2026-07-13T05:31:47+00:00,2021,2021-08-29,9240,Sansan KBC Augusta,no,jpn,no
2026-07-13T05:31:47+00:00,2021,2021-08-22,9227,NI Masters hosted by Jonathan Caldwell,no,ept,no
2026-07-13T05:31:47+00:00,2021,2021-08-22,9228,PGA Championship Landeryd Masters,no,ngl,no
2026-07-13T05:31:47+00:00,2021,2021-08-22,619,Boeing Classic,no,champ,no
2026-07-13T05:31:47+00:00,2021,2021-08-22,9236,Bråviken Open,no,ngl,no
2026-07-13T05:31:47+00:00,2021,2021-08-22,9234,SunBet Challenge hosted by Time Square Casino,no,afr,no
2026-07-13T05:31:47+00:00,2021,2021-08-22,9233,Shigeo Nagashima Invitational Sega Sammy Cup,no,jpn,no
2026-07-13T05:31:47+00:00,2021,2021-08-22,2021129,D+D Real Czech Masters,no,euro,no
2026-07-13T05:31:47+00:00,2021,2021-08-22,27,THE NORTHERN TRUST,yes,pga,yes
2026-07-13T05:31:47+00:00,2021,2021-08-22,9226,Gosser Open,no,alp,no
2026-07-13T05:31:47+00:00,2021,2021-08-22,152,Albertsons Boise Open presented by Chevron,no,kft,no
2026-07-13T05:31:47+00:00,2021,2021-08-22,9229,Starnberg Open 2021,no,pgt,no
2026-07-13T05:31:47+00:00,2021,2021-08-21,63,Forme Open at TPC River's Bend,no,can,no
2026-07-13T05:31:47+00:00,2021,2021-08-20,2021330,Sydbank Esbjerg Challenge,no,cha,no
2026-07-13T05:31:47+00:00,2021,2021-08-15,17,Shaw Charity Classic,no,champ,no
2026-07-13T05:31:47+00:00,2021,2021-08-15,9219,The 64th KPGA Championship with A-ONE CC,no,kor,no
2026-07-13T05:31:47+00:00,2021,2021-08-15,2021128,Cazoo Classic,no,euro,no
2026-07-13T05:31:47+00:00,2021,2021-08-15,13,Wyndham Championship,yes,pga,yes
2026-07-13T05:31:47+00:00,2021,2021-08-15,9221,Wolf Open,no,pgt,no
2026-07-13T05:31:47+00:00,2021,2021-08-15,151,Pinnacle Bank Championship presented by Aetna,no,kft,no
2026-07-13T05:31:47+00:00,2021,2021-08-15,9220,The Cubefunder Championship,no,ept,no
2026-07-13T05:31:47+00:00,2021,2021-08-14,2021315,Made in Esbjerg Challenge – Presented by FREJA & Total,no,cha,no
2026-07-13T05:31:47+00:00,2021,2021-08-13,67,The Fuzzy Zoeller Classic at Covered Bridge Golf Club,no,can,no
2026-07-13T05:31:47+00:00,2021,2021-08-08,2021126,Hero Open,no,euro,no
2026-07-13T05:31:47+00:00,2021,2021-08-08,472,Barracuda Championship,no,pga,no
2026-07-13T05:31:47+00:00,2021,2021-08-08,2021314,Vierumäki Finnish Challenge,no,cha,no
2026-07-13T05:31:47+00:00,2021,2021-08-08,476,World Golf Championships-FedEx St. Jude Invitational,yes,pga,yes
2026-07-13T05:31:47+00:00,2021,2021-08-08,150,Utah Championship presented by Zions Bank,no,kft,no
2026-07-13T05:31:47+00:00,2021,2021-08-08,9211,Vodacom Origins of Golf - De Zalze,no,afr,no
2026-07-13T05:31:47+00:00,2021,2021-08-08,9208,Nokia Masters,no,ept,no
2026-07-13T05:31:47+00:00,2021,2021-08-08,9209,Frederikshavn Championship - Presented by Sydbank,no,ngl,no
2026-07-13T05:31:47+00:00,2021,2021-08-01,519,Olympic Men's Golf Competition,yes,pga,basic
2026-07-13T05:31:47+00:00,2021,2021-08-01,9203,Minami Akita CC Michinoku Challenge,no,atvt,no
2026-07-13T05:31:47+00:00,2021,2021-08-01,9200,PDC Championship,no,ept,no
2026-07-13T05:31:47+00:00,2021,2021-08-01,2021124,ISPS HANDA World Invitational presented by Modest! Golf Management,no,euro,no
2026-07-13T05:31:47+00:00,2021,2021-08-01,9201,Göteborg Open presented by Enkla Elbolaget,no,ngl,no
2026-07-13T05:31:47+00:00,2021,2021-07-31,66,Birck Boilermaker Classic,no,can,no
2026-07-13T05:31:47+00:00,2021,2021-07-25,2021123,Cazoo Open supported by Gareth Bale,no,euro,no
2026-07-13T05:31:47+00:00,2021,2021-07-25,57,Bupa Championship presented by Volvo,no,sam,no
2026-07-13T05:31:47+00:00,2021,2021-07-25,525,3M Open,yes,pga,yes
2026-07-13T05:31:47+00:00,2021,2021-07-25,9195,Orida Championship,no,ept,no
2026-07-13T05:31:47+00:00,2021,2021-07-25,2021313,Italian Challenge,no,cha,no
2026-07-13T05:31:47+00:00,2021,2021-07-25,9196,Raiffeisen Pro Golf Tour St. Pölten,no,pgt,no
2026-07-13T05:31:47+00:00,2021,2021-07-25,149,Price Cutter Charity Championship presented by Dr Pepper,no,kft,no
2026-07-13T05:31:47+00:00,2021,2021-07-25,9197,AUDI Finnish PGA Golf Tour Championship,no,ngl,no
2026-07-13T05:31:47+00:00,2021,2021-07-23,62,Bolingbrook Golf Club Invitational,no,can,no
2026-07-13T05:31:47+00:00,2021,2021-07-18,8192,THE WRIGHT-MORGAN CHAMPIONSHIP,no,ept,no
2026-07-13T05:31:47+00:00,2021,2021-07-18,8191,Roma Alps Open,no,alp,no
2026-07-13T05:31:47+00:00,2021,2021-07-18,2021312,Euram Bank Open,no,cha,no
2026-07-13T05:31:47+00:00,2021,2021-07-18,518,Barbasol Championship,yes,pga,yes
2026-07-13T05:31:47+00:00,2021,2021-07-18,100,The Open Championship,no,pga,no
2026-07-13T05:31:47+00:00,2021,2021-07-18,148,Memorial Health Championship presented by LRS,no,kft,no
2026-07-13T05:31:47+00:00,2021,2021-07-11,8183,Live it Katrineholm Open hosted by Robert Karlsson,no,ngl,no
2026-07-13T05:31:47+00:00,2021,2021-07-11,8186,Woosung Construction Aramir CC Busan-Gyeongnam Open,no,kor,no
2026-07-13T05:31:47+00:00,2021,2021-07-11,2021121,abrdn Scottish Open,no,euro,no
2026-07-13T05:31:47+00:00,2021,2021-07-11,2021311,Le Vaudreuil Golf Challenge,no,cha,no
2026-07-13T05:31:47+00:00,2021,2021-07-11,8182,Alps de Las Castillas,no,alp,no
2026-07-13T05:31:47+00:00,2021,2021-07-11,147,TPC Colorado Championship at Heron Lakes,no,kft,no
2026-07-13T05:31:47+00:00,2021,2021-07-11,30,John Deere Classic,yes,pga,yes
2026-07-13T05:31:47+00:00,2021,2021-07-11,512,U.S. Senior Open Championship,no,champ,no
2026-07-13T05:31:47+00:00,2021,2021-07-11,8185,JAPAN PLAYERS CHAMPIONSHIP CHALLENGE,no,atvt,no
2026-07-13T05:31:47+00:00,2021,2021-07-04,2021120,Dubai Duty Free Irish Open,no,euro,no
2026-07-13T05:31:47+00:00,2021,2021-07-04,8175,Gradi Polish Open by Emeralld 2021,no,pgt,no
2026-07-13T05:31:47+00:00,2021,2021-07-04,8174,Junet Open presented by Alexander Björk,no,ngl,no
2026-07-13T05:31:47+00:00,2021,2021-07-04,8177,GLAL.UK Worcestershire Masters Hosted by The Vale,no,ept,no
2026-07-13T05:31:47+00:00,2021,2021-07-04,8,DICK'S Sporting Goods Open,no,champ,no
2026-07-13T05:31:47+00:00,2021,2021-07-04,2021310,Kaskáda Golf Challenge,no,cha,no
2026-07-13T05:31:47+00:00,2021,2021-07-04,524,Rocket Mortgage Classic,yes,pga,yes
2026-07-13T05:31:47+00:00,2021,2021-07-04,8171,Japan PGA Championship,no,jpn,no
2026-07-13T05:31:47+00:00,2021,2021-07-03,61,Auburn University Club Invitational,no,can,no
2026-07-13T05:31:47+00:00,2021,2021-06-27,34,Travelers Championship,yes,pga,yes
2026-07-13T05:31:47+00:00,2021,2021-06-27,8162,Daisendori Cup,no,atvt,no
2026-07-13T05:31:47+00:00,2021,2021-06-27,8161,Dunlop SRIXON Fukushima Open,no,jpn,no
2026-07-13T05:31:47+00:00,2021,2021-06-27,8165,The Eagle Orchid Scottish Masters,no,ept,no
2026-07-13T05:31:47+00:00,2021,2021-06-27,39,Bridgestone SENIOR PLAYERS Championship,no,champ,no
2026-07-13T05:31:47+00:00,2021,2021-06-27,2021119,BMW International Open,no,euro,no
2026-07-13T05:31:47+00:00,2021,2021-06-27,2021309,Open de Bretagne,no,cha,no
2026-07-13T05:31:47+00:00,2021,2021-06-27,136,Live and Work in Maine Open,no,kft,no
2026-07-13T05:31:47+00:00,2021,2021-06-27,22,Banco del Pacifico Open,no,sam,no
2026-07-13T05:31:47+00:00,2021,2021-06-27,8163,Kolon the 63rd Korea Open,no,kor,no
2026-07-13T05:31:47+00:00,2021,2021-06-27,8164,Halmstad Challenge by Padelpitch,no,ngl,no
2026-07-13T05:31:47+00:00,2021,2021-06-26,65,L&J Golf Championship at Jennings Mill Country Club,no,can,no
2026-07-13T05:31:47+00:00,2021,2021-06-20,8150,The Cumberwell Park Championship,no,ept,no
2026-07-13T05:31:47+00:00,2021,2021-06-20,146,Wichita Open Benefitting KU Wichita Pediatrics,no,kft,no
2026-07-13T05:31:47+00:00,2021,2021-06-20,535,U.S. Open #2,yes,pga,yes
2026-07-13T05:31:47+00:00,2021,2021-06-20,8151,Japan Create Challenge in FukuokaRaizan,no,atvt,no
2026-07-13T05:31:47+00:00,2021,2021-06-20,11,Holcim Colombia Classic presented by Volvo,no,sam,no
2026-07-13T05:31:47+00:00,2021,2021-06-20,8154,Samsø Pro-Am Classic - by Samsø Festival,no,ngl,no
2026-07-13T05:31:47+00:00,2021,2021-06-20,8149,Memorial Giorgio Bordoni by AON,no,alp,no
2026-07-13T05:31:47+00:00,2021,2021-06-20,8148,Xian Classic,no,chn,no
2026-07-13T05:31:47+00:00,2021,2021-06-18,2021304,Challenge de España ,no,cha,no
2026-07-13T05:31:47+00:00,2021,2021-06-13,622,American Family Insurance Championship,no,champ,no
2026-07-13T05:31:47+00:00,2021,2021-06-13,37,BMW Charity Pro-Am presented by SYNNEX Corporation,no,kft,no
2026-07-13T05:31:47+00:00,2021,2021-06-13,56,The Club at Weston Hills Open,no,sam,no
2026-07-13T05:31:47+00:00,2021,2021-06-13,8143,Landic Challenge 8,no,atvt,no
2026-07-13T05:31:47+00:00,2021,2021-06-13,8139,Wuhan Classic,no,chn,no
2026-07-13T05:31:47+00:00,2021,2021-06-13,8140,Open International de la Mirabelle d'Or,no,alp,no
2026-07-13T05:31:47+00:00,2021,2021-06-13,8137,SK telecom OPEN 2021,no,kor,no
2026-07-13T05:31:47+00:00,2021,2021-06-13,2021307,Challenge de Cadiz,no,cha,no
2026-07-13T05:31:47+00:00,2021,2021-06-13,8141,The Jessie May World Snooker Golf Champs,no,ept,no
2026-07-13T05:31:47+00:00,2021,2021-06-13,538,Palmetto Championship at Congaree,yes,pga,yes
2026-07-13T05:31:47+00:00,2021,2021-06-13,8142,Jyske Bank Championship,no,ngl,no
2026-07-13T05:31:47+00:00,2021,2021-06-13,2021117,Scandinavian Mixed Hosted by Henrik & Annika,no,euro,no
2026-07-13T05:31:47+00:00,2021,2021-06-06,608,Principal Charity Classic,no,champ,no
2026-07-13T05:31:47+00:00,2021,2021-06-06,2021116,Porsche European Open,no,euro,no
2026-07-13T05:31:47+00:00,2021,2021-06-06,8128,Dreamland Pyramids Classic 2021,no,pgt,no
2026-07-13T05:31:47+00:00,2021,2021-06-06,8123,JGTC Mori Building Cup Shishido Hills,no,jpn,no
2026-07-13T05:31:47+00:00,2021,2021-06-06,48,REX Hospital Open,no,kft,no
2026-07-13T05:31:47+00:00,2021,2021-06-06,8127,Stockholm Trophy presented by Greatdays,no,ngl,no
2026-07-13T05:31:47+00:00,2021,2021-06-06,8129,SunBet Challenge hosted by Sun City,no,afr,no
2026-07-13T05:31:47+00:00,2021,2021-06-06,23,the Memorial Tournament presented by Nationwide,yes,pga,yes
2026-07-13T05:31:47+00:00,2021,2021-06-06,2021306,D+D REAL Czech Challenge,no,cha,no
2026-07-13T05:31:47+00:00,2021,2021-06-06,8130,Big Easy Road to # 12 - Modderfontein Golf Club,no,bet,no
2026-07-13T05:31:47+00:00,2021,2021-06-06,8126,Lanhai Classic,no,chn,no
2026-07-13T05:31:47+00:00,2021,2021-05-30,2021305,Irish Challenge,no,cha,no
2026-07-13T05:31:47+00:00,2021,2021-05-30,8118,NewGiza Pyramids Challenge 2021,no,pgt,no
2026-07-13T05:31:47+00:00,2021,2021-05-30,2021115,Made in HimmerLand presented by FREJA,no,euro,no
2026-07-13T05:31:47+00:00,2021,2021-05-30,21,Charles Schwab Challenge,yes,pga,yes
2026-07-13T05:31:47+00:00,2021,2021-05-30,8116,Zhengzhou Classic,no,chn,no
2026-07-13T05:31:47+00:00,2021,2021-05-30,8117,THE IFX CHAMPIONSHIP,no,ept,no
2026-07-13T05:31:47+00:00,2021,2021-05-30,8119,KB Finance Liiv Championship,no,kor,no
2026-07-13T05:31:47+00:00,2021,2021-05-30,8114,Big Easy Road To #11 Pecanwood,no,bet,no
2026-07-13T05:31:47+00:00,2021,2021-05-30,520,KitchenAid Senior PGA Championship,no,champ,no
2026-07-13T05:31:47+00:00,2021,2021-05-30,8113,Taiheiyo Club Challenge Tournament,no,atvt,no
2026-07-13T05:31:47+00:00,2021,2021-05-30,145,Evans Scholars Invitational presented by First Midwest Bank,no,kft,no
2026-07-13T05:31:47+00:00,2021,2021-05-30,8112,Gate Way To The Open Mizuno Open,no,jpn,no
2026-07-13T05:31:47+00:00,2021,2021-05-30,8115,Red Sea Little Venice Open,no,alp,no
2026-07-13T05:31:47+00:00,2021,2021-05-23,8105,TanumStrand Fjällbacka Open,no,ngl,no
2026-07-13T05:31:47+00:00,2021,2021-05-23,8104,Ein Bay Open,no,alp,no
2026-07-13T05:31:47+00:00,2021,2021-05-23,100,AdventHealth Championship,no,kft,no
2026-07-13T05:31:47+00:00,2021,2021-05-23,33,PGA Championship,yes,pga,yes
2026-07-13T05:31:47+00:00,2021,2021-05-23,8107,Golf Partner Pro-Am Tournament,no,jpn,no
2026-07-13T05:31:47+00:00,2021,2021-05-22,2021329,Dormy Open,no,cha,no
2026-07-13T05:31:47+00:00,2021,2021-05-16,8100,Asia Pacific Diamond Cup Golf,no,jpn,no
2026-07-13T05:31:47+00:00,2021,2021-05-16,19,AT&T Byron Nelson,yes,pga,yes
2026-07-13T05:31:47+00:00,2021,2021-05-16,2021328,Range Servant Challenge by Hinton Golf,no,cha,no
2026-07-13T05:31:47+00:00,2021,2021-05-16,8097,Made in HimmerLand by Enjoy Resorts,no,ngl,no
2026-07-13T05:31:47+00:00,2021,2021-05-16,8101,Nanshan Open,no,chn,no
2026-07-13T05:31:47+00:00,2021,2021-05-16,15,Mitsubishi Electric Classic,no,champ,no
2026-07-13T05:31:47+00:00,2021,2021-05-16,11,Visit Knoxville Open,no,kft,no
2026-07-13T05:31:47+00:00,2021,2021-05-15,2021113,Betfred British Masters hosted by Danny Willett,no,euro,no
2026-07-13T05:31:47+00:00,2021,2021-05-09,480,Wells Fargo Championship,yes,pga,yes
2026-07-13T05:31:47+00:00,2021,2021-05-09,558,Regions Tradition,no,champ,no
2026-07-13T05:31:47+00:00,2021,2021-05-09,8090,Lindbytvätten Grand Opening,no,ngl,no
2026-07-13T05:31:47+00:00,2021,2021-05-09,8093,JAPAN PLAYERS CHAMPIONSHIP by Sato Shokuhin,no,jpn,no
2026-07-13T05:31:47+00:00,2021,2021-05-09,8094,The 40th GS Caltex Maekyung Open,no,kor,no
2026-07-13T05:31:47+00:00,2021,2021-05-09,2021153,Canary Islands Championship,no,euro,no
2026-07-13T05:31:47+00:00,2021,2021-05-09,2021300,Dimension Data Pro-Am,no,cha,no
2026-07-13T05:31:47+00:00,2021,2021-05-09,120,Simmons Bank Open for the Snedeker Foundation,no,kft,no
2026-07-13T05:31:47+00:00,2021,2021-05-02,8087,KPGA Gunsan CC Open,no,kor,no
2026-07-13T05:31:47+00:00,2021,2021-05-02,8082,Haugschlag NÖ Open by perfect eagle 2021,no,pgt,no
2026-07-13T05:31:47+00:00,2021,2021-05-02,8085,The Crowns,no,jpn,no
2026-07-13T05:31:47+00:00,2021,2021-05-02,8086,Boao Classic,no,chn,no
2026-07-13T05:31:47+00:00,2021,2021-05-02,2021301,Bain's Whisky Cape Town Open,no,cha,no
2026-07-13T05:31:47+00:00,2021,2021-05-02,615,Insperity Invitational,no,champ,no
2026-07-13T05:31:47+00:00,2021,2021-05-02,2021109,Tenerife Open,no,euro,no
2026-07-13T05:31:47+00:00,2021,2021-05-02,134,Huntsville Championship,no,kft,no
2026-07-13T05:31:47+00:00,2021,2021-05-02,8081,Antognolla Alps Open,no,alp,no
2026-07-13T05:31:47+00:00,2021,2021-05-02,475,Valspar Championship,yes,pga,yes
2026-07-13T05:31:47+00:00,2021,2021-04-25,8073,Red Sea Ain Sokhna Classic 2021,no,pgt,no
2026-07-13T05:31:47+00:00,2021,2021-04-25,8078,Big Easy Road to # 10 - Wingate Park Country Club,no,bet,no
2026-07-13T05:31:47+00:00,2021,2021-04-25,8076,Kansai Open Golf Championship,no,jpn,no
2026-07-13T05:31:47+00:00,2021,2021-04-25,8072,PGA Catalunya Resort Championship,no,ngl,no
2026-07-13T05:31:47+00:00,2021,2021-04-25,137,Veritex Bank Championship,no,kft,no
2026-07-13T05:31:47+00:00,2021,2021-04-25,8071,Abruzzo Alps Open,no,alp,no
2026-07-13T05:31:47+00:00,2021,2021-04-25,2021302,Limpopo Championship,no,cha,no
2026-07-13T05:31:47+00:00,2021,2021-04-25,8077,Sanya Classic,no,chn,no
2026-07-13T05:31:47+00:00,2021,2021-04-25,2021110,Gran Canaria Lopesan Open,no,euro,no
2026-07-13T05:31:47+00:00,2021,2021-04-18,8066,Token Homemate Cup,no,jpn,no
2026-07-13T05:31:47+00:00,2021,2021-04-18,8067,i Golf Shaper Challenge in Chikushigaoka,no,atvt,no
2026-07-13T05:31:47+00:00,2021,2021-04-18,165,MGM Resorts Championship at Paiute,no,kft,no
2026-07-13T05:31:47+00:00,2021,2021-04-18,12,RBC Heritage,yes,pga,yes
2026-07-13T05:31:47+00:00,2021,2021-04-18,8063,Red Sea Egyptian Classic 2021,no,pgt,no
2026-07-13T05:31:47+00:00,2021,2021-04-18,2021152,Austrian Golf Open,no,euro,no
2026-07-13T05:31:47+00:00,2021,2021-04-18,38,Chubb Classic,no,champ,no
2026-07-13T05:31:47+00:00,2021,2021-04-18,8062,ECCO Spanish Masters,no,ngl,no
2026-07-13T05:31:47+00:00,2021,2021-04-18,8068,The 16th DB Insurance Promy Open,no,kor,no
2026-07-13T05:31:47+00:00,2021,2021-04-11,536,The Masters #2,yes,pga,yes
2026-07-13T05:31:47+00:00,2021,2021-04-04,8058,MIRA Live the Soul Open,no,alp,no
2026-07-13T05:31:47+00:00,2021,2021-04-04,41,Valero Texas Open,yes,pga,yes
2026-07-13T05:31:47+00:00,2021,2021-04-04,8059,Big Easy Road to # 9 ERPM Golf Club,no,bet,no
2026-07-13T05:31:47+00:00,2021,2021-04-04,164,Emerald Coast Classic at Sandestin,no,kft,no
2026-07-13T05:31:47+00:00,2021,2021-03-28,8050,Big Easy Road to #8 Pollak Park Golf Club,no,bet,no
2026-07-13T05:31:47+00:00,2021,2021-03-28,8053,Golf Challenge NSW Open Concord Golf Club,no,anz,no
2026-07-13T05:31:47+00:00,2021,2021-03-28,8052,MIRA Golf Experience Acaya Open,no,alp,no
2026-07-13T05:31:47+00:00,2021,2021-03-28,534,Corales Puntacana Resort & Club Championship #2,no,pga,no
2026-07-13T05:31:47+00:00,2021,2021-03-28,144,Club Car Championship at The Landings Club,no,kft,no
2026-07-13T05:31:47+00:00,2021,2021-03-28,14,61 Abierto Mexicano de Golf,no,sam,no
2026-07-13T05:31:47+00:00,2021,2021-03-28,8051,Serengeti Pro-Am Invitational,no,afr,no
2026-07-13T05:31:47+00:00,2021,2021-03-26,2021148,Kenya Savannah Classic,no,euro,no
2026-07-13T05:31:47+00:00,2021,2021-03-21,8042,Prometheus School presents Delhi-NCR Open 2021,no,pgti,no
2026-07-13T05:31:47+00:00,2021,2021-03-21,8043,Gauteng Championship presented by BETWAY,no,afr,no
2026-07-13T05:31:47+00:00,2021,2021-03-21,10,The Honda Classic,yes,pga,yes
2026-07-13T05:31:47+00:00,2021,2021-03-21,2021106,Magical Kenya Open,no,euro,no
2026-07-13T05:31:47+00:00,2021,2021-03-21,36,Chitimacha Louisiana Open presented by MISTRAS,no,kft,no
2026-07-13T05:31:47+00:00,2021,2021-03-14,11,THE PLAYERS Championship,yes,pga,yes
2026-07-13T05:31:47+00:00,2021,2021-03-14,2021105,Commercial Bank Qatar Masters,no,euro,no
2026-07-13T05:31:47+00:00,2021,2021-03-14,8041,2021 Isuzu Queensland Open Pelican Waters Golf Club,no,anz,no
2026-07-13T05:31:47+00:00,2021,2021-03-14,8039,Players Championship hosted at Dainfern Golf Estate,no,afr,no
2026-07-13T05:31:47+00:00,2021,2021-03-07,9,Arnold Palmer Invitational presented by Mastercard,yes,pga,yes
2026-07-13T05:31:47+00:00,2021,2021-03-07,8035,Kit Kat Group PROAM,no,afr,no
2026-07-13T05:31:47+00:00,2021,2021-03-07,8034,"TPS Sydney, Hosted by Braith Anasta",no,anz,no
2026-07-13T05:31:47+00:00,2021,2021-03-07,8037,Big Easy Road To #7 Krugersdrp,no,bet,no
2026-07-13T05:31:47+00:00,2021,2021-03-07,8036,Boonchu Ruangkit Championship,no,atgt,no
2026-07-13T05:31:47+00:00,2021,2021-02-28,8032,Glade One Masters 2021,no,pgti,no
2026-07-13T05:31:47+00:00,2021,2021-02-28,483,Puerto Rico Open,no,pga,basic
2026-07-13T05:31:47+00:00,2021,2021-02-28,473,World Golf Championships-Workday Championship at The Concession,yes,pga,yes
2026-07-13T05:31:47+00:00,2021,2021-02-28,8030,Big Easy Road to # 6 - Centurion Country Club,no,bet,no
2026-07-13T05:31:47+00:00,2021,2021-02-28,37,Cologuard Classic,no,champ,no
2026-07-13T05:31:47+00:00,2021,2021-02-21,8028,Gujarat Open Golf Championship 2021 presented by Gujarat Tourism,no,pgti,no
2026-07-13T05:31:47+00:00,2021,2021-02-21,143,LECOM Suncoast Classic,no,kft,no
2026-07-13T05:31:47+00:00,2021,2021-02-21,7,The Genesis Invitational,yes,pga,yes
2026-07-13T05:31:47+00:00,2021,2021-02-14,5,AT&T Pebble Beach Pro-Am,partial,pga,partial
2026-07-13T05:31:47+00:00,2021,2021-02-14,8025,Moonah Links PGA Classic,no,anz,no
2026-07-13T05:31:47+00:00,2021,2021-02-07,8023,Victorian PGA Championship Moonah Links Resort,no,anz,no
2026-07-13T05:31:47+00:00,2021,2021-02-07,3,Waste Management Phoenix Open,yes,pga,yes
2026-07-13T05:31:47+00:00,2021,2021-02-07,2021103,Saudi International powered by SoftBank Investment Advisers,no,euro,no
2026-07-13T05:31:47+00:00,2021,2021-01-31,2021102,Omega Dubai Desert Classic,no,euro,no
2026-07-13T05:31:47+00:00,2021,2021-01-31,4,Farmers Insurance Open,partial,pga,partial
2026-07-13T05:31:47+00:00,2021,2021-01-31,8020,"TPS Victoria, Hosted by Geoff Ogilvy",no,anz,no
2026-07-13T05:31:47+00:00,2021,2021-01-31,8017,Big Easy Road To #5 Copperleaf,no,bet,no
2026-07-13T05:31:47+00:00,2021,2021-01-24,2,The American Express,partial,pga,partial
2026-07-13T05:31:47+00:00,2021,2021-01-24,2021101,Abu Dhabi HSBC Championship,no,euro,no
2026-07-13T05:31:47+00:00,2021,2021-01-23,36,Mitsubishi Electric Championship at Hualalai,no,champ,no
2026-07-13T05:31:47+00:00,2021,2021-01-17,6,Sony Open in Hawaii,yes,pga,yes
2026-07-13T05:31:47+00:00,2021,2021-01-10,16,Sentry Tournament of Champions,yes,pga,yes
2026-07-13T05:31:47+00:00,2020,2020-12-20,8006,Tata Steel Tour Championship,no,pgti,no
2026-07-13T05:31:47+00:00,2020,2020-12-20,9,Puerto Plata Open,no,sam,no
2026-07-13T05:31:47+00:00,2020,2020-12-13,8004,Volvo China Open,no,chn,no
2026-07-13T05:31:47+00:00,2020,2020-12-13,2020098,"DP World Tour Championship, Dubai",no,euro,no
2026-07-13T05:31:47+00:00,2020,2020-12-13,52,Shell Open,no,sam,no
2026-07-13T05:31:47+00:00,2020,2020-12-06,8001,Jeev Milkha Singh Invitational 2020 presented by TAKE,no,pgti,no
2026-07-13T05:31:47+00:00,2020,2020-12-06,457,Mayakoba Golf Classic presented by UNIFIN,no,pga,basic
2026-07-13T05:31:47+00:00,2020,2020-12-06,8000,Big Easy Road to # 4 - Centurion,no,bet,no
2026-07-13T05:31:47+00:00,2020,2020-12-06,2020105,South African Open,no,euro,no
2026-07-13T05:31:47+00:00,2020,2020-12-06,7999,Golf Nippon Series JT Cup,no,jpn,no
2026-07-13T05:31:47+00:00,2020,2020-12-05,2020106,Golf in Dubai Championship presented by DP World,no,euro,no
2026-07-13T05:31:47+00:00,2020,2020-11-29,2020104,Alfred Dunhill Championship,no,euro,no
2026-07-13T05:31:47+00:00,2020,2020-11-29,7995,Big Easy Road To #3 Reading,no,bet,no
2026-07-13T05:31:47+00:00,2020,2020-11-22,493,The RSM Classic,partial,pga,partial
2026-07-13T05:31:47+00:00,2020,2020-11-22,7991,Dunlop Phoenix,no,jpn,no
2026-07-13T05:31:47+00:00,2020,2020-11-22,2020762,Challenge Tour Grand Final,no,cha,no
2026-07-13T05:31:47+00:00,2020,2020-11-22,2020103,Joburg Open,no,euro,no
2026-07-13T05:31:47+00:00,2020,2020-11-20,51,LOCALiQ Series Championship,no,sam,no
2026-07-13T05:31:47+00:00,2020,2020-11-15,7985,Tata Steel PGTI Players Championship 2020 presented by Chandigarh Golf Club,no,pgti,no
2026-07-13T05:31:47+00:00,2020,2020-11-15,7984,Mitsui Sumitomo VISA Taiheiyo Masters,no,jpn,no
2026-07-13T05:31:47+00:00,2020,2020-11-15,14,The Masters,no,pga,no
2026-07-13T05:31:47+00:00,2020,2020-11-14,2020302,Challenge de Cadiz,no,cha,no
2026-07-13T05:31:47+00:00,2020,2020-11-08,2020301,Andalucía Challenge de España,no,cha,no
2026-07-13T05:31:47+00:00,2020,2020-11-08,539,Charles Schwab Cup Championship,no,champ,no
2026-07-13T05:31:47+00:00,2020,2020-11-08,7979,Hangzhou International Championship,no,chn,no
2026-07-13T05:31:47+00:00,2020,2020-11-08,7981,Tata Steel PGTI Players Championship 2020 presented by Panchkula Golf Club,no,pgti,no
2026-07-13T05:31:47+00:00,2020,2020-11-08,7978,Time Square Casino Challenge,no,afr,no
2026-07-13T05:31:47+00:00,2020,2020-11-08,20,Vivint Houston Open,yes,pga,yes
2026-07-13T05:31:47+00:00,2020,2020-11-08,2020101,Aphrodite Hills Cyprus Showdown,no,euro,no
2026-07-13T05:31:47+00:00,2020,2020-11-08,7980,LG Signature Players Championship,no,kor,no
2026-07-13T05:31:47+00:00,2020,2020-11-01,528,Bermuda Championship,no,pga,basic
2026-07-13T05:31:47+00:00,2020,2020-11-01,2020100,Cyprus Open,no,euro,no
2026-07-13T05:31:47+00:00,2020,2020-11-01,7973,Italy Alps Open,no,alp,no
2026-07-13T05:31:47+00:00,2020,2020-11-01,9,TimberTech Championship,no,champ,no
2026-07-13T05:31:47+00:00,2020,2020-11-01,7972,Big Easy Road to # 2 - State Mines,no,bet,no
2026-07-13T05:31:47+00:00,2020,2020-10-25,527,ZOZO CHAMPIONSHIP @ SHERWOOD,yes,pga,yes
2026-07-13T05:31:47+00:00,2020,2020-10-25,7963,Delight Works Challenge,no,atvt,no
2026-07-13T05:31:47+00:00,2020,2020-10-25,7965,Sun Wild Coast Sun Challenge,no,afr,no
2026-07-13T05:31:47+00:00,2020,2020-10-25,7964,Tailor-made Building Services NT PGA Championship,no,anz,no
2026-07-13T05:31:47+00:00,2020,2020-10-25,7967,Big Easy Road To #1 - Services,no,bet,no
2026-07-13T05:31:47+00:00,2020,2020-10-25,2020086,Italian Open,no,euro,no
2026-07-13T05:31:47+00:00,2020,2020-10-25,7968,BIZPLAY-Electronic Times OPEN with TAMEUS CC,no,kor,no
2026-07-13T05:31:47+00:00,2020,2020-10-18,623,Dominion Energy Charity Classic,no,champ,no
2026-07-13T05:31:47+00:00,2020,2020-10-18,7958,Nexus Risk WA Open,no,anz,no
2026-07-13T05:31:47+00:00,2020,2020-10-18,7959,Singha Laguna Phuket Open,no,atgt,no
2026-07-13T05:31:47+00:00,2020,2020-10-18,2020102,Scottish Championship,no,euro,no
2026-07-13T05:31:47+00:00,2020,2020-10-18,521,THE CJ CUP @ SHADOW CREEK,yes,pga,yes
2026-07-13T05:31:47+00:00,2020,2020-10-18,7957,Japan Open Golf Championship,no,jpn,no
2026-07-13T05:31:47+00:00,2020,2020-10-11,7947,TX Civil & Logistics WA PGA Championship,no,anz,no
2026-07-13T05:31:47+00:00,2020,2020-10-11,7946,Ryo Ishikawa everyone PROJECT,no,atvt,no
2026-07-13T05:31:47+00:00,2020,2020-10-11,47,Shriners Hospitals for Children Open,yes,pga,yes
2026-07-13T05:31:47+00:00,2020,2020-10-11,7948,Lindbytvätten Tour Final by Ekerum Resort,no,ngl,no
2026-07-13T05:31:47+00:00,2020,2020-10-11,142,Orange County National Championship presented by Knight 39,no,kft,no
2026-07-13T05:31:47+00:00,2020,2020-10-11,609,SAS Championship,no,champ,no
2026-07-13T05:31:47+00:00,2020,2020-10-11,2020078,BMW PGA Championship,no,euro,no
2026-07-13T05:31:47+00:00,2020,2020-10-11,7949,Genesis Championship,no,kor,no
2026-07-13T05:31:47+00:00,2020,2020-10-09,50,Classic at The Club at Weston Hills,no,sam,no
2026-07-13T05:31:47+00:00,2020,2020-10-04,128,Savannah Golf Championship,no,kft,no
2026-07-13T05:31:47+00:00,2020,2020-10-04,54,Sanderson Farms Championship,yes,pga,yes
2026-07-13T05:31:47+00:00,2020,2020-10-04,2020726,Italian Challenge,no,cha,no
2026-07-13T05:31:47+00:00,2020,2020-10-04,7937,Alps de Las Castillas,no,alp,no
2026-07-13T05:31:47+00:00,2020,2020-10-04,7935,TI Challenge,no,atvt,no
2026-07-13T05:31:47+00:00,2020,2020-10-04,7938,Race to Himmerland by FREJA,no,ngl,no
2026-07-13T05:31:47+00:00,2020,2020-10-04,7936,Vodacom Championship Reloaded,no,afr,no
2026-07-13T05:31:47+00:00,2020,2020-10-04,7939,Castanea Resort Championship,no,pgt,no
2026-07-13T05:31:47+00:00,2020,2020-10-04,2020060,Aberdeen Standard Investments Scottish Open,no,euro,no
2026-07-13T05:31:47+00:00,2020,2020-10-02,49,The Challenge at Harbor Hills,no,sam,no
2026-07-13T05:31:47+00:00,2020,2020-09-27,7925,Vodacom Championship Unlocked,no,afr,no
2026-07-13T05:31:47+00:00,2020,2020-09-27,2020046,Dubai Duty Free Irish Open,no,euro,no
2026-07-13T05:31:47+00:00,2020,2020-09-27,7927,Visby Open by Destination Gotland,no,ngl,no
2026-07-13T05:31:47+00:00,2020,2020-09-27,7928,Hyundai Insurance KJ Choi Invitational,no,kor,no
2026-07-13T05:31:47+00:00,2020,2020-09-27,7926,Alps de Andalucia,no,alp,no
2026-07-13T05:31:47+00:00,2020,2020-09-27,23,Wichita Open Supporting Wichita's Youth,no,kft,no
2026-07-13T05:31:47+00:00,2020,2020-09-27,522,Corales Puntacana Resort & Club Championship,no,pga,basic
2026-07-13T05:31:47+00:00,2020,2020-09-25,48,Jacksonville Championship,no,sam,no
2026-07-13T05:31:47+00:00,2020,2020-09-20,7919,21st Singha Thailand Masters,no,atgt,no
2026-07-13T05:31:47+00:00,2020,2020-09-20,7918,Ledreborg Palace Golf Masters,no,ngl,no
2026-07-13T05:31:47+00:00,2020,2020-09-20,7917,Toscana Alps Open,no,alp,no
2026-07-13T05:31:47+00:00,2020,2020-09-20,2020750,Open de Portugal at Royal Óbidos,no,euro,no
2026-07-13T05:31:47+00:00,2020,2020-09-20,26,U.S. Open,yes,pga,yes
2026-07-13T05:31:47+00:00,2020,2020-09-20,616,PURE Insurance Championship,no,champ,no
2026-07-13T05:31:47+00:00,2020,2020-09-20,7916,PGM Challenge II,no,atvt,no
2026-07-13T05:31:47+00:00,2020,2020-09-13,2020090,Portugal Masters,no,euro,no
2026-07-13T05:31:47+00:00,2020,2020-09-13,464,Safeway Open,yes,pga,yes
2026-07-13T05:31:47+00:00,2020,2020-09-13,7905,Open de la Mirabelle d'Or,no,alp,no
2026-07-13T05:31:47+00:00,2020,2020-09-13,131,Evans Scholars Invitational,no,kft,no
2026-07-13T05:31:47+00:00,2020,2020-09-13,7906,Haugschlag NÖ Open by perfect eagle,no,pgt,no
2026-07-13T05:31:47+00:00,2020,2020-09-13,7907,The 36th Shinhan Donghae Open,no,kor,no
2026-07-13T05:31:47+00:00,2020,2020-09-13,23,Sanford International,no,champ,no
2026-07-13T05:31:47+00:00,2020,2020-09-11,58,Canada Life Series Championship at TPC Toronto,no,can,no
2026-07-13T05:31:47+00:00,2020,2020-09-07,60,TOUR Championship,yes,pga,yes
2026-07-13T05:31:47+00:00,2020,2020-09-06,7895,Fujisankei Classic,no,jpn,no
2026-07-13T05:31:47+00:00,2020,2020-09-06,7901,Titleist Championship,no,afr,no
2026-07-13T05:31:47+00:00,2020,2020-09-06,122,Lincoln Land Championship presented by LRS,no,kft,no
2026-07-13T05:31:47+00:00,2020,2020-09-06,2020300,Northern Ireland Open supported by The R&A,no,cha,no
2026-07-13T05:31:47+00:00,2020,2020-09-06,7897,TanumStrand Fjällbacka Open,no,ngl,no
2026-07-13T05:31:47+00:00,2020,2020-09-06,7898,Schladming Dachstein Open 2020 powered by EURAM BANK,no,pgt,no
2026-07-13T05:31:47+00:00,2020,2020-09-06,7896,Cervino Alps Open,no,alp,no
2026-07-13T05:31:47+00:00,2020,2020-09-06,2020038,Estrella Damm N.A. Andalucia Masters ,no,euro,no
2026-07-13T05:31:47+00:00,2020,2020-09-04,57,Canada Life Series at TPC Toronto: Heathlands Course,no,can,no
2026-07-13T05:31:47+00:00,2020,2020-09-03,47,The Invitational at Auburn University Club,no,sam,no
2026-07-13T05:31:47+00:00,2020,2020-08-30,7886,ALTEPRO Trophy by EXTEC,no,pgt,no
2026-07-13T05:31:47+00:00,2020,2020-08-30,7884,The African Bank Sunshine Tour Championship,no,afr,no
2026-07-13T05:31:47+00:00,2020,2020-08-30,7887,HAZZYS Golf KPGA Open with Ildong Lakes Golf Club,no,kor,no
2026-07-13T05:31:47+00:00,2020,2020-08-30,7885,V Sport Golf Challenge at PGA Sweden National,no,ngl,no
2026-07-13T05:31:47+00:00,2020,2020-08-30,28,BMW Championship,yes,pga,yes
2026-07-13T05:31:47+00:00,2020,2020-08-30,45,Korn Ferry Tour Championship presented by United Leasing & Finance,no,kft,no
2026-07-13T05:31:47+00:00,2020,2020-08-30,2020011,ISPS HANDA UK Championship,no,euro,no
2026-07-13T05:31:47+00:00,2020,2020-08-28,46,The Classic at Callaway Gardens,no,sam,no
2026-07-13T05:31:47+00:00,2020,2020-08-26,25,Charles Schwab Series at Ozarks National,no,champ,no
2026-07-13T05:31:47+00:00,2020,2020-08-23,94,Nationwide Children's Hospital Championship,no,kft,no
2026-07-13T05:31:47+00:00,2020,2020-08-23,7877,Starnberg Open,no,pgt,no
2026-07-13T05:31:47+00:00,2020,2020-08-23,7888,The 39th GS Caltex Maekyung Open Golf Championship,no,kor,no
2026-07-13T05:31:47+00:00,2020,2020-08-23,7878,Esbjerg Open Presented by Total,no,ngl,no
2026-07-13T05:31:47+00:00,2020,2020-08-23,2020009,ISPS HANDA Wales Open,no,euro,no
2026-07-13T05:31:47+00:00,2020,2020-08-23,27,THE NORTHERN TRUST,yes,pga,yes
2026-07-13T05:31:47+00:00,2020,2020-08-23,7876,Betway Championship,no,afr,no
2026-07-13T05:31:47+00:00,2020,2020-08-21,24,Charles Schwab Series at Bass Pro Shops Big Cedar Lodge,no,champ,no
2026-07-13T05:31:47+00:00,2020,2020-08-19,56,Canada Life Series at Bear Mountain: Valley Course,no,can,no
2026-07-13T05:31:47+00:00,2020,2020-08-16,507,Bridgestone SENIOR PLAYERS Championship,no,champ,no
2026-07-13T05:31:47+00:00,2020,2020-08-16,7870,Landeryd Masters by LiveCaddie,no,ngl,no
2026-07-13T05:31:47+00:00,2020,2020-08-16,13,Wyndham Championship,yes,pga,yes
2026-07-13T05:31:47+00:00,2020,2020-08-16,2020007,Celtic Classic,no,euro,no
2026-07-13T05:31:47+00:00,2020,2020-08-16,27,Albertsons Boise Open presented by Kraft Nabisco,no,kft,no
2026-07-13T05:31:47+00:00,2020,2020-08-16,7871,Singha Pattaya Open,no,atgt,no
2026-07-13T05:31:47+00:00,2020,2020-08-16,7869,Gosser Open,no,alp,no
2026-07-13T05:31:47+00:00,2020,2020-08-13,45,The Championship at Echelon Golf Club,no,sam,no
2026-07-13T05:31:47+00:00,2020,2020-08-12,55,Canada Life Series at Bear Mountain: Mountain Course,no,can,no
2026-07-13T05:31:47+00:00,2020,2020-08-09,33,PGA Championship,yes,pga,yes
2026-07-13T05:31:47+00:00,2020,2020-08-09,111,WinCo Foods Portland Open presented by KraftHeinz,no,kft,no
2026-07-13T05:31:47+00:00,2020,2020-08-09,2020005,English Championship,no,euro,no
2026-07-13T05:31:47+00:00,2020,2020-08-09,7860,Raiffeisen Pro Golf Tour St. Polten,no,pgt,no
2026-07-13T05:31:47+00:00,2020,2020-08-09,7861,63rd KPGA Championship with A-ONE CC,no,kor,no
2026-07-13T05:31:47+00:00,2020,2020-08-07,44,Alpharetta Classic,no,sam,no
2026-07-13T05:31:47+00:00,2020,2020-08-02,476,World Golf Championships-FedEx St. Jude Invitational,yes,pga,yes
2026-07-13T05:31:47+00:00,2020,2020-08-02,7850,PGA Championship Braviken Open,no,ngl,no
2026-07-13T05:31:47+00:00,2020,2020-08-02,123,Pinnacle Bank Championship presented by Aetna,no,kft,no
2026-07-13T05:31:47+00:00,2020,2020-08-02,22,The Ally Challenge,no,champ,no
2026-07-13T05:31:47+00:00,2020,2020-08-02,7848,Gradi Polish Open by Emeralld,no,pgt,no
2026-07-13T05:31:47+00:00,2020,2020-08-02,2020004,Hero Open,no,euro,no
2026-07-13T05:31:47+00:00,2020,2020-08-02,472,Barracuda Championship,no,pga,basic
2026-07-13T05:31:47+00:00,2020,2020-07-26,7843,Stockholm Trophy by Folksam,no,ngl,no
2026-07-13T05:31:47+00:00,2020,2020-07-26,525,3M Open,yes,pga,yes
2026-07-13T05:31:47+00:00,2020,2020-07-26,22,Price Cutter Charity Championship presented by Dr Pepper,no,kft,no
2026-07-13T05:31:47+00:00,2020,2020-07-25,2020066,Betfred British Masters hosted by Lee Westwood,no,euro,no
2026-07-13T05:31:47+00:00,2020,2020-07-19,23,the Memorial Tournament presented by Nationwide,yes,pga,yes
2026-07-13T05:31:47+00:00,2020,2020-07-19,7838,Barseback Resort Masters,no,ngl,no
2026-07-13T05:31:47+00:00,2020,2020-07-18,141,TPC San Antonio Championship at the Oaks,no,kft,no
2026-07-13T05:31:47+00:00,2020,2020-07-18,2020732,Euram Bank Open,no,euro,no
2026-07-13T05:31:47+00:00,2020,2020-07-12,140,TPC San Antonio Challenge at the Canyons,no,kft,no
2026-07-13T05:31:47+00:00,2020,2020-07-12,533,Workday Charity Open,yes,pga,yes
2026-07-13T05:31:47+00:00,2020,2020-07-12,7833,KPGA Gunsan CC Open,no,kor,no
2026-07-13T05:31:47+00:00,2020,2020-07-12,7832,Thongchai Jaidee Foundation,no,atgt,no
2026-07-13T05:31:47+00:00,2020,2020-07-12,2020731,Austrian Open,no,euro,no
2026-07-13T05:31:47+00:00,2020,2020-07-05,524,Rocket Mortgage Classic,yes,pga,yes
2026-07-13T05:31:47+00:00,2020,2020-07-05,7828,Katrineholm Open hosted by Robert Karlsson,no,ngl,no
2026-07-13T05:31:47+00:00,2020,2020-07-05,7827,Woosung Construction Aramir CC Busan Gyeongnam Open,no,kor,no
2026-07-13T05:31:47+00:00,2020,2020-07-04,130,TPC Colorado Championship at Heron Lakes,no,kft,no
2026-07-13T05:31:47+00:00,2020,2020-06-28,26,Utah Championship presented by Zions Bank,no,kft,no
2026-07-13T05:31:47+00:00,2020,2020-06-28,34,Travelers Championship,yes,pga,yes
2026-07-13T05:31:47+00:00,2020,2020-06-21,12,RBC Heritage,yes,pga,yes
2026-07-13T05:31:47+00:00,2020,2020-06-20,139,The King & Bear Classic at World Golf Village,no,kft,no
2026-07-13T05:31:47+00:00,2020,2020-06-14,21,Charles Schwab Challenge,yes,pga,yes
2026-07-13T05:31:47+00:00,2020,2020-06-14,138,Korn Ferry Challenge at TPC Sawgrass,no,kft,no
2026-07-13T05:31:47+00:00,2020,2020-05-21,0,Maridoe Samaritan Fund Invitational 2.0,no,other,no
2026-07-13T05:31:47+00:00,2020,2020-03-15,11,THE PLAYERS Championship,yes,pga,basic
2026-07-13T05:31:47+00:00,2020,2020-03-15,7818,Bengal Open Golf Championship,no,pgti,no
2026-07-13T05:31:47+00:00,2020,2020-03-15,7816,PGA Catalunya Resort Championship,no,ngl,no
2026-07-13T05:31:47+00:00,2020,2020-03-15,7817,Open Bahia Golf Beach,no,pgt,no
2026-07-13T05:31:47+00:00,2020,2020-03-08,7812,Open Royal Golf Anfa Mohammedia,no,pgt,no
2026-07-13T05:31:47+00:00,2020,2020-03-08,7814,Spanish Masters - Powered by DAT,no,ngl,no
2026-07-13T05:31:47+00:00,2020,2020-03-08,21,Estrella del Mar Open,no,sam,no
2026-07-13T05:31:47+00:00,2020,2020-03-08,9,Arnold Palmer Invitational presented by Mastercard,yes,pga,yes
2026-07-13T05:31:47+00:00,2020,2020-03-08,2020022,Commercial Bank Qatar Masters,no,euro,no
2026-07-13T05:31:47+00:00,2020,2020-03-08,573,Hoag Classic,no,champ,no
2026-07-13T05:31:47+00:00,2020,2020-03-08,7810,Bandar Malaysia Open,no,asa,no
2026-07-13T05:31:47+00:00,2020,2020-03-08,7813,Journey to Jordan 2 - Ayla,no,mgt,no
2026-07-13T05:31:47+00:00,2020,2020-03-01,7805,Lumine Lakes Open,no,ngl,no
2026-07-13T05:31:47+00:00,2020,2020-03-01,95,El Bosque Mexico Championship by INNOVA,no,kft,no
2026-07-13T05:31:47+00:00,2020,2020-03-01,2020020,Oman Open,no,euro,no
2026-07-13T05:31:47+00:00,2020,2020-03-01,7803,Red Sea Little Venice Open,no,alp,no
2026-07-13T05:31:47+00:00,2020,2020-03-01,18,Cologuard Classic,no,champ,no
2026-07-13T05:31:47+00:00,2020,2020-03-01,10,The Honda Classic,yes,pga,yes
2026-07-13T05:31:47+00:00,2020,2020-03-01,7806,Royal Golf Club Bahrain Open,no,mgt,no
2026-07-13T05:31:47+00:00,2020,2020-03-01,7804,Lumine Hills Open,no,ngl,no
2026-07-13T05:31:47+00:00,2020,2020-03-01,7801,New Zealand Open presented by Sky Sport,no,asa,no
2026-07-13T05:31:47+00:00,2020,2020-02-23,7796,Ein Bay Open,no,alp,no
2026-07-13T05:31:47+00:00,2020,2020-02-23,483,Puerto Rico Open,no,pga,basic
2026-07-13T05:31:47+00:00,2020,2020-02-23,7793,Isuzu Queensland Open,no,anz,no
2026-07-13T05:31:47+00:00,2020,2020-02-23,7798,The Ghala Open,no,mgt,no
2026-07-13T05:31:47+00:00,2020,2020-02-23,7797,Open Casa Green Golf,no,pgt,no
2026-07-13T05:31:47+00:00,2020,2020-02-23,7795,Tour Championship,no,afr,no
2026-07-13T05:31:47+00:00,2020,2020-02-23,473,World Golf Championships-Mexico Championship,yes,pga,yes
2026-07-13T05:31:47+00:00,2020,2020-02-16,7,The Genesis Invitational,yes,pga,yes
2026-07-13T05:31:47+00:00,2020,2020-02-16,129,LECOM Suncoast Classic,no,kft,no
2026-07-13T05:31:47+00:00,2020,2020-02-16,7788,Coca-Cola QLD PGA Championship,no,anz,no
2026-07-13T05:31:47+00:00,2020,2020-02-16,7791,Tata Steel PGTI Players Championship presented by Eagleton - The Golf Resort,no,pgti,no
2026-07-13T05:31:47+00:00,2020,2020-02-16,552,Chubb Classic,no,champ,no
2026-07-13T05:31:47+00:00,2020,2020-02-16,2020710,Dimension Data Pro-Am,no,cha,no
2026-07-13T05:31:47+00:00,2020,2020-02-16,7789,Open Palmeraie Country Club,no,pgt,no
2026-07-13T05:31:47+00:00,2020,2020-02-16,7790,NEWGIZA Open,no,mgt,no
2026-07-13T05:31:47+00:00,2020,2020-02-09,7783,Journey to Jordan 1 - Ayla,no,mgt,no
2026-07-13T05:31:47+00:00,2020,2020-02-09,5,AT&T Pebble Beach Pro-Am,partial,pga,partial
2026-07-13T05:31:47+00:00,2020,2020-02-09,2020014,ISPS Handa Vic Open,no,euro,no
2026-07-13T05:31:47+00:00,2020,2020-02-09,7782,Singha E-San Open,no,atgt,no
2026-07-13T05:31:47+00:00,2020,2020-02-09,104,Country Club de Bogota Championship,no,kft,no
2026-07-13T05:31:47+00:00,2020,2020-02-09,7784,Golconda Masters Golf Championship 2020 powered by Telangana Tourism,no,pgti,no
2026-07-13T05:31:47+00:00,2020,2020-02-09,2020708,RAM Cape Town Open,no,cha,no
2026-07-13T05:31:47+00:00,2020,2020-02-02,84,Panama Championship,no,kft,no
2026-07-13T05:31:47+00:00,2020,2020-02-02,3,Waste Management Phoenix Open,yes,pga,yes
2026-07-13T05:31:47+00:00,2020,2020-02-02,2020706,Limpopo Championship,no,cha,no
2026-07-13T05:31:47+00:00,2020,2020-02-02,2020012,Saudi International powered by SoftBank Investment Advisors,no,euro,no
2026-07-13T05:31:47+00:00,2020,2020-02-01,624,Morocco Champions,no,champ,no
2026-07-13T05:31:47+00:00,2020,2020-01-26,4,Farmers Insurance Open,partial,pga,partial
2026-07-13T05:31:47+00:00,2020,2020-01-26,7771,Red Sea Ain Sokhna Classic,no,pgt,no
2026-07-13T05:31:47+00:00,2020,2020-01-26,2020010,Omega Dubai Desert Classic,no,euro,no
2026-07-13T05:31:47+00:00,2020,2020-01-26,7772,Boonchu Ruangkit Championship,no,atgt,no
2026-07-13T05:31:47+00:00,2020,2020-01-22,125,The Bahamas Great Abaco Classic at Baha Mar,no,kft,no
2026-07-13T05:31:47+00:00,2020,2020-01-19,7767,Eye of Africa PGA Championship,no,afr,no
2026-07-13T05:31:47+00:00,2020,2020-01-19,2020008,Abu Dhabi HSBC Championship presented by EGA,no,euro,no
2026-07-13T05:31:47+00:00,2020,2020-01-19,7768,Red Sea Egyptian Classic,no,pgt,no
2026-07-13T05:31:47+00:00,2020,2020-01-19,2,The American Express,partial,pga,partial
2026-07-13T05:31:47+00:00,2020,2020-01-19,7766,SMBC Singapore Open,no,jpn,no
2026-07-13T05:31:47+00:00,2020,2020-01-18,524,Mitsubishi Electric Championship at Hualalai,no,champ,no
2026-07-13T05:31:47+00:00,2020,2020-01-15,124,The Bahamas Great Exuma Classic at Sandals Emerald Bay,no,kft,no
2026-07-13T05:31:47+00:00,2020,2020-01-12,2020006,South African Open hosted by the City of Johannesburg,no,euro,no
2026-07-13T05:31:47+00:00,2020,2020-01-12,7761,Hong Kong Open,no,asa,no
2026-07-13T05:31:47+00:00,2020,2020-01-12,6,Sony Open in Hawaii,yes,pga,yes
2026-07-13T05:31:47+00:00,2020,2020-01-05,16,Sentry Tournament of Champions,yes,pga,yes
2026-07-13T05:31:47+00:00,2019,2019-12-22,2020003,Australian PGA Championship,no,euro,no
2026-07-13T05:31:47+00:00,2019,2019-12-08,2020002,AFRASIA BANK Mauritius Open,no,euro,no
2026-07-13T05:31:47+00:00,2019,2019-12-07,478,Hero World Challenge,no,pga,basic
2026-07-13T05:31:47+00:00,2019,2019-12-01,2020001,Alfred Dunhill Championship,no,euro,no
2026-07-13T05:31:47+00:00,2019,2019-11-24,493,The RSM Classic,partial,pga,partial
2026-07-13T05:31:47+00:00,2019,2019-11-24,2019095,"DP World Tour Championship, Dubai",no,euro,no
2026-07-13T05:31:47+00:00,2019,2019-11-17,457,Mayakoba Golf Classic,no,pga,basic
2026-07-13T05:31:47+00:00,2019,2019-11-17,2019094,Nedbank Golf Challenge hosted by Gary Player,no,euro,no
2026-07-13T05:31:47+00:00,2019,2019-11-10,2019093,Turkish Airlines Open,no,euro,no
2026-07-13T05:31:47+00:00,2019,2019-11-03,528,Bermuda Championship,no,pga,basic
2026-07-13T05:31:47+00:00,2019,2019-11-03,489,World Golf Championships-HSBC Champions,no,pga,basic
2026-07-13T05:31:47+00:00,2019,2019-10-27,2019090,Portugal Masters,no,euro,no
2026-07-13T05:31:47+00:00,2019,2019-10-27,527,ZOZO CHAMPIONSHIP,no,pga,basic
2026-07-13T05:31:47+00:00,2019,2019-10-20,521,THE CJ CUP @ NINE BRIDGES,no,pga,basic
2026-07-13T05:31:47+00:00,2019,2019-10-20,2019088,Amundi Open de France,no,euro,no
2026-07-13T05:31:47+00:00,2019,2019-10-13,2019086,Italian Open,no,euro,no
2026-07-13T05:31:47+00:00,2019,2019-10-13,20,Houston Open,yes,pga,yes
2026-07-13T05:31:47+00:00,2019,2019-10-06,2019084,Mutuactivos Open de España,no,euro,no
2026-07-13T05:31:47+00:00,2019,2019-10-06,47,Shriners Hospitals for Children Open,yes,pga,yes
2026-07-13T05:31:47+00:00,2019,2019-09-29,464,Safeway Open,yes,pga,yes
2026-07-13T05:31:47+00:00,2019,2019-09-29,2019082,Alfred Dunhill Links Championship,no,euro,no
2026-07-13T05:31:47+00:00,2019,2019-09-22,2019080,BMW PGA Championship,no,euro,no
2026-07-13T05:31:47+00:00,2019,2019-09-22,54,Sanderson Farms Championship,yes,pga,yes
2026-07-13T05:31:47+00:00,2019,2019-09-15,2019078,KLM Open,no,euro,no
2026-07-13T05:31:47+00:00,2019,2019-09-15,490,A Military Tribute at The Greenbrier,yes,pga,yes
2026-07-13T05:31:47+00:00,2019,2019-09-08,2019076,Porsche European Open,no,euro,no
2026-07-13T05:31:47+00:00,2019,2019-09-02,45,Korn Ferry Tour Championship presented by United Leasing & Finance,no,kft,no
2026-07-13T05:31:47+00:00,2019,2019-09-01,2019074,Omega European Masters,no,euro,no
2026-07-13T05:31:47+00:00,2019,2019-08-25,2019072,Scandinavian Invitation,no,euro,no
2026-07-13T05:31:47+00:00,2019,2019-08-25,60,TOUR Championship,yes,pga,yes
2026-07-13T05:31:47+00:00,2019,2019-08-25,27,Albertsons Boise Open presented by Kraft Nabisco,no,kft,no
2026-07-13T05:31:47+00:00,2019,2019-08-18,2019070,D+D Real Czech Masters,no,euro,no
2026-07-13T05:31:47+00:00,2019,2019-08-18,28,BMW Championship,yes,pga,yes
2026-07-13T05:31:47+00:00,2019,2019-08-18,94,Nationwide Children's Hospital Championship,no,kft,no
2026-07-13T05:31:47+00:00,2019,2019-08-11,27,THE NORTHERN TRUST,yes,pga,yes
2026-07-13T05:31:47+00:00,2019,2019-08-11,111,WinCo Foods Portland Open presented by KraftHeinz,no,kft,no
2026-07-13T05:31:47+00:00,2019,2019-08-04,99,Ellie Mae Classic at TPC Stonebrae,no,kft,no
2026-07-13T05:31:47+00:00,2019,2019-08-04,13,Wyndham Championship,yes,pga,yes
2026-07-13T05:31:47+00:00,2019,2019-07-28,22,Price Cutter Charity Championship presented by Dr Pepper,no,kft,no
2026-07-13T05:31:47+00:00,2019,2019-07-28,472,Barracuda Championship,yes,pga,basic
2026-07-13T05:31:47+00:00,2019,2019-07-28,476,World Golf Championships-FedEx St. Jude Invitational,yes,pga,yes
2026-07-13T05:31:47+00:00,2019,2019-07-21,123,Pinnacle Bank Championship presented by Chevrolet,no,kft,no
2026-07-13T05:31:47+00:00,2019,2019-07-21,100,The Open Championship,no,pga,basic
2026-07-13T05:31:47+00:00,2019,2019-07-21,518,Barbasol Championship,yes,pga,yes
2026-07-13T05:31:47+00:00,2019,2019-07-14,30,John Deere Classic,yes,pga,yes
2026-07-13T05:31:47+00:00,2019,2019-07-14,2019060,Aberdeen Standard Investments Scottish Open,no,euro,no
2026-07-13T05:31:47+00:00,2019,2019-07-14,130,TPC Colorado Championship at Heron Lakes,no,kft,no
2026-07-13T05:31:47+00:00,2019,2019-07-07,525,3M Open,yes,pga,yes
2026-07-13T05:31:47+00:00,2019,2019-07-07,118,LECOM Health Challenge,no,kft,no
2026-07-13T05:31:47+00:00,2019,2019-07-07,2019058,Dubai Duty Free Irish Open,no,euro,no
2026-07-13T05:31:47+00:00,2019,2019-06-30,2019056,Estrella Damm N.A. Andalucía Masters hosted by the Sergio Garcia Foundation,no,euro,no
2026-07-13T05:31:47+00:00,2019,2019-06-30,524,Rocket Mortgage Classic,yes,pga,yes
2026-07-13T05:31:47+00:00,2019,2019-06-30,26,Utah Championship presented by Zions Bank,no,kft,no
2026-07-13T05:31:47+00:00,2019,2019-06-23,23,Wichita Open Supporting Wichita's Youth,no,kft,no
2026-07-13T05:31:47+00:00,2019,2019-06-23,34,Travelers Championship,yes,pga,yes
2026-07-13T05:31:47+00:00,2019,2019-06-23,2019054,BMW International Open,no,euro,no
2026-07-13T05:31:47+00:00,2019,2019-06-16,26,U.S. Open,yes,pga,yes
2026-07-13T05:31:47+00:00,2019,2019-06-16,122,Lincoln Land Championship presented by LRS,no,kft,no
2026-07-13T05:31:47+00:00,2019,2019-06-09,37,BMW Charity Pro-Am presented by SYNNEX Corporation,no,kft,no
2026-07-13T05:31:47+00:00,2019,2019-06-09,32,RBC Canadian Open,yes,pga,yes
2026-07-13T05:31:47+00:00,2019,2019-06-02,48,REX Hospital Open,no,kft,no
2026-07-13T05:31:47+00:00,2019,2019-06-02,2019048,Belgian Knockout,no,euro,no
2026-07-13T05:31:47+00:00,2019,2019-06-02,23,the Memorial Tournament presented by Nationwide,yes,pga,yes
2026-07-13T05:31:47+00:00,2019,2019-05-26,2019046,Made in Denmark presented by FREJA,no,euro,no
2026-07-13T05:31:47+00:00,2019,2019-05-26,131,Evans Scholars Invitational,no,kft,no
2026-07-13T05:31:47+00:00,2019,2019-05-26,21,Charles Schwab Challenge,yes,pga,yes
2026-07-13T05:31:47+00:00,2019,2019-05-19,33,PGA Championship,yes,pga,yes
2026-07-13T05:31:47+00:00,2019,2019-05-19,11,Knoxville Open,no,kft,no
2026-07-13T05:31:47+00:00,2019,2019-05-12,19,AT&T Byron Nelson,yes,pga,yes
2026-07-13T05:31:47+00:00,2019,2019-05-12,100,KC Golf Classic,no,kft,no
2026-07-13T05:31:47+00:00,2019,2019-05-12,2019042,Betfred British Masters,no,euro,no
2026-07-13T05:31:47+00:00,2019,2019-05-05,120,Nashville Golf Open Benefitting the Snedeker Foundation,no,kft,no
2026-07-13T05:31:47+00:00,2019,2019-05-05,480,Wells Fargo Championship,yes,pga,yes
2026-07-13T05:31:47+00:00,2019,2019-05-05,2019040,Volvo China Open,no,euro,no
2026-07-13T05:31:47+00:00,2019,2019-04-28,2019038,Trophee Hassan II,no,euro,no
2026-07-13T05:31:47+00:00,2019,2019-04-28,132,Dormie Network Classic at Briggs Ranch,no,kft,no
2026-07-13T05:31:47+00:00,2019,2019-04-21,12,RBC Heritage,yes,pga,yes
2026-07-13T05:31:47+00:00,2019,2019-04-21,133,Robert Trent Jones Golf Trail Championship,no,kft,no
2026-07-13T05:31:47+00:00,2019,2019-04-14,14,The Masters,no,pga,no
2026-07-13T05:31:47+00:00,2019,2019-04-07,41,Valero Texas Open,yes,pga,yes
2026-07-13T05:31:47+00:00,2019,2019-03-31,128,Savannah Golf Championship,no,kft,no
2026-07-13T05:31:47+00:00,2019,2019-03-31,522,Corales Puntacana Resort & Club Championship,no,pga,basic
2026-07-13T05:31:47+00:00,2019,2019-03-31,2019031,Hero Indian Open,no,euro,no
2026-07-13T05:31:47+00:00,2019,2019-03-24,36,Chitimacha Louisiana Open presented by MISTRAS,no,kft,no
2026-07-13T05:31:47+00:00,2019,2019-03-24,2019028,Maybank Championship,no,euro,no
2026-07-13T05:31:47+00:00,2019,2019-03-24,475,Valspar Championship,yes,pga,yes
2026-07-13T05:31:47+00:00,2019,2019-03-17,2019026,Magical Kenya Open presented by Absa,no,euro,no
2026-07-13T05:31:47+00:00,2019,2019-03-17,11,THE PLAYERS Championship,yes,pga,yes
2026-07-13T05:31:47+00:00,2019,2019-03-10,9,Arnold Palmer Invitational presented by Mastercard,yes,pga,yes
2026-07-13T05:31:47+00:00,2019,2019-03-10,2019024,Commercial Bank Qatar Masters,no,euro,no
2026-07-13T05:31:47+00:00,2019,2019-03-03,10,The Honda Classic,yes,pga,yes
2026-07-13T05:31:47+00:00,2019,2019-03-03,2019022,Oman Open,no,euro,no
2026-07-13T05:31:47+00:00,2019,2019-02-24,473,World Golf Championships-Mexico Championship,yes,pga,yes
2026-07-13T05:31:47+00:00,2019,2019-02-24,483,Puerto Rico Open,no,pga,basic
2026-07-13T05:31:47+00:00,2019,2019-02-17,129,LECOM Suncoast Classic,no,kft,no
2026-07-13T05:31:47+00:00,2019,2019-02-17,2019018,ISPS Handa World Super 6 Perth,no,euro,no
2026-07-13T05:31:47+00:00,2019,2019-02-17,7,Genesis Open,yes,pga,yes
2026-07-13T05:31:47+00:00,2019,2019-02-10,84,Panama Championship,no,kft,no
2026-07-13T05:31:47+00:00,2019,2019-02-10,2019016,ISPS Handa Vic Open,no,euro,no
2026-07-13T05:31:47+00:00,2019,2019-02-10,5,AT&T Pebble Beach Pro-Am,partial,pga,partial
2026-07-13T05:31:47+00:00,2019,2019-02-03,104,Country Club de Bogota Championship,no,kft,no
2026-07-13T05:31:47+00:00,2019,2019-02-03,3,Waste Management Phoenix Open,yes,pga,yes
2026-07-13T05:31:47+00:00,2019,2019-02-03,2019014,Saudi International powered by SBIA,no,euro,no
2026-07-13T05:31:47+00:00,2019,2019-01-27,4,Farmers Insurance Open,partial,pga,partial
2026-07-13T05:31:47+00:00,2019,2019-01-27,2019012,Omega Dubai Desert Classic,no,euro,no
2026-07-13T05:31:47+00:00,2019,2019-01-23,125,The Bahamas Great Abaco Classic at The Abaco Club,no,kft,no
2026-07-13T05:31:47+00:00,2019,2019-01-20,2,Desert Classic,partial,pga,partial
2026-07-13T05:31:47+00:00,2019,2019-01-19,2019010,Abu Dhabi HSBC Championship presented by EGA,no,euro,no
2026-07-13T05:31:47+00:00,2019,2019-01-16,124,The Bahamas Great Exuma Classic at Sandals Emerald Bay,no,kft,no
2026-07-13T05:31:47+00:00,2019,2019-01-13,6,Sony Open in Hawaii,yes,pga,yes
2026-07-13T05:31:47+00:00,2019,2019-01-06,16,Sentry Tournament of Champions,yes,pga,yes
2026-07-13T05:31:47+00:00,2018,2018-12-16,2019006,Alfred Dunhill Championship,no,euro,no
2026-07-13T05:31:47+00:00,2018,2018-12-09,2019004,South African Open hosted by the City of Johannesburg,no,euro,no
2026-07-13T05:31:47+00:00,2018,2018-12-02,2019002,Australian PGA Championship,no,euro,no
2026-07-13T05:31:47+00:00,2018,2018-12-02,478,Hero World Challenge,no,pga,basic
2026-07-13T05:31:47+00:00,2018,2018-12-02,2019003,Afrasia Bank Mauritius Open at Anahita,no,euro,no
2026-07-13T05:31:47+00:00,2018,2018-11-25,2019000,Honma Hong Kong Open presented by Amundi,no,euro,no
2026-07-13T05:31:47+00:00,2018,2018-11-18,2018090,"DP World Tour Championship, Dubai",no,euro,no
2026-07-13T05:31:47+00:00,2018,2018-11-18,493,The RSM Classic,partial,pga,partial
2026-07-13T05:31:47+00:00,2018,2018-11-11,457,Mayakoba Golf Classic,no,pga,basic
2026-07-13T05:31:47+00:00,2018,2018-11-11,2018089,Nedbank Golf Challenge hosted by Gary Player,no,euro,no
2026-07-13T05:31:47+00:00,2018,2018-11-04,2018088,Turkish Airlines Open,no,euro,no
2026-07-13T05:31:47+00:00,2018,2018-11-04,47,Shriners Hospitals for Children Open,yes,pga,yes
2026-07-13T05:31:47+00:00,2018,2018-10-28,489,World Golf Championships-HSBC Champions,no,pga,basic
2026-07-13T05:31:47+00:00,2018,2018-10-28,54,Sanderson Farms Championship,yes,pga,yes
2026-07-13T05:31:47+00:00,2018,2018-10-21,521,THE CJ CUP @ NINE BRIDGES,no,pga,basic
2026-07-13T05:31:47+00:00,2018,2018-10-21,2018084,Andalucia Valderrama Masters hosted by the Sergio Garcia Foundation,no,euro,no
2026-07-13T05:31:47+00:00,2018,2018-10-14,2018082,Sky Sports British Masters,no,euro,no
2026-07-13T05:31:47+00:00,2018,2018-10-14,494,CIMB Classic,no,pga,basic
2026-07-13T05:31:47+00:00,2018,2018-10-07,464,Safeway Open,yes,pga,yes
2026-07-13T05:31:47+00:00,2018,2018-10-07,2018080,Alfred Dunhill Links Championship,no,euro,no
2026-07-13T05:31:47+00:00,2018,2018-09-23,2018078,Portugal Masters,no,euro,no
2026-07-13T05:31:47+00:00,2018,2018-09-23,60,TOUR Championship,yes,pga,yes
2026-07-13T05:31:47+00:00,2018,2018-09-20,45,Web.com Tour Championship,no,kft,no
2026-07-13T05:31:47+00:00,2018,2018-09-16,2018076,KLM Open,no,euro,no
2026-07-13T05:31:47+00:00,2018,2018-09-13,27,Albertsons Boise Open presented by Kraft Nabisco,no,kft,no
2026-07-13T05:31:47+00:00,2018,2018-09-09,28,BMW Championship,yes,pga,yes
2026-07-13T05:31:47+00:00,2018,2018-09-09,2018074,Omega European Masters,no,euro,no
2026-07-13T05:31:47+00:00,2018,2018-09-03,505,Dell Technologies Championship,yes,pga,yes
2026-07-13T05:31:47+00:00,2018,2018-09-02,2018072,Made In Denmark,no,euro,no
2026-07-13T05:31:47+00:00,2018,2018-08-30,119,DAP Championship presented by NewBrick,no,kft,no
2026-07-13T05:31:47+00:00,2018,2018-08-26,27,THE NORTHERN TRUST,yes,pga,yes
2026-07-13T05:31:47+00:00,2018,2018-08-26,2018070,D+D Real Czech Masters,no,euro,no
2026-07-13T05:31:47+00:00,2018,2018-08-23,94,Nationwide Children's Hospital Championship,no,kft,no
2026-07-13T05:31:47+00:00,2018,2018-08-19,13,Wyndham Championship,yes,pga,yes
2026-07-13T05:31:47+00:00,2018,2018-08-19,2018068,Nordea Masters,no,euro,no
2026-07-13T05:31:47+00:00,2018,2018-08-16,111,WinCo Foods Portland Open presented by Kraft-Heinz,no,kft,no
2026-07-13T05:31:47+00:00,2018,2018-08-12,33,PGA Championship,yes,pga,yes
2026-07-13T05:31:47+00:00,2018,2018-08-09,99,Ellie Mae Classic at TPC Stonebrae,no,kft,no
2026-07-13T05:31:47+00:00,2018,2018-08-05,476,World Golf Championships-Bridgestone Invitational,yes,pga,yes
2026-07-13T05:31:47+00:00,2018,2018-08-05,2018065,Fiji International presented by Fiji Airways,no,euro,no
2026-07-13T05:31:47+00:00,2018,2018-08-02,100,KC Golf Classic,no,kft,no
2026-07-13T05:31:47+00:00,2018,2018-07-29,2018062,Porsche European Open,no,euro,no
2026-07-13T05:31:47+00:00,2018,2018-07-29,32,RBC Canadian Open,yes,pga,yes
2026-07-13T05:31:47+00:00,2018,2018-07-26,22,Price Cutter Charity Championship presented by Dr Pepper,no,kft,no
2026-07-13T05:31:47+00:00,2018,2018-07-22,518,Barbasol Championship,yes,pga,yes
2026-07-13T05:31:47+00:00,2018,2018-07-22,100,The Open Championship,no,pga,no
2026-07-13T05:31:47+00:00,2018,2018-07-19,123,Pinnacle Bank Championship presented by Heartland Chevy Dealers,no,kft,no
2026-07-13T05:31:47+00:00,2018,2018-07-15,26,Utah Championship presented by Zions Bank,no,kft,no
2026-07-13T05:31:47+00:00,2018,2018-07-15,2018058,Aberdeen Standard Investments Scottish Open,no,euro,no
2026-07-13T05:31:47+00:00,2018,2018-07-15,30,John Deere Classic,yes,pga,yes
2026-07-13T05:31:47+00:00,2018,2018-07-08,118,LECOM Health Challenge,no,kft,no
2026-07-13T05:31:47+00:00,2018,2018-07-08,2018056,Dubai Duty Free Irish Open hosted by the Rory Foundation,no,euro,no
2026-07-13T05:31:47+00:00,2018,2018-07-08,490,A Military Tribute at The Greenbrier,yes,pga,yes
2026-07-13T05:31:47+00:00,2018,2018-07-01,471,Quicken Loans National,yes,pga,yes
2026-07-13T05:31:47+00:00,2018,2018-07-01,2018054,HNA Open de France,no,euro,no
2026-07-13T05:31:47+00:00,2018,2018-07-01,122,Lincoln Land Championship presented by LRS,no,kft,no
2026-07-13T05:31:47+00:00,2018,2018-06-24,2018052,BMW International Open,no,euro,no
2026-07-13T05:31:47+00:00,2018,2018-06-24,23,Wichita Open Supporting Wichita's Youth,no,kft,no
2026-07-13T05:31:47+00:00,2018,2018-06-24,34,Travelers Championship,yes,pga,yes
2026-07-13T05:31:47+00:00,2018,2018-06-17,26,U.S. Open,yes,pga,yes
2026-07-13T05:31:47+00:00,2018,2018-06-10,2018048,Shot Clock Masters,no,euro,no
2026-07-13T05:31:47+00:00,2018,2018-06-10,112,Rust-Oleum Championship,no,kft,no
2026-07-13T05:31:47+00:00,2018,2018-06-10,25,FedEx St. Jude Classic,yes,pga,yes
2026-07-13T05:31:47+00:00,2018,2018-06-03,23,the Memorial Tournament presented by Nationwide,yes,pga,yes
2026-07-13T05:31:47+00:00,2018,2018-06-03,48,Rex Hospital Open,no,kft,no
2026-07-13T05:31:47+00:00,2018,2018-06-03,2018046,Italian Open,no,euro,no
2026-07-13T05:31:47+00:00,2018,2018-05-27,21,Fort Worth Invitational,yes,pga,yes
2026-07-13T05:31:47+00:00,2018,2018-05-27,2018044,BMW PGA Championship,no,euro,no
2026-07-13T05:31:47+00:00,2018,2018-05-27,120,Nashville Golf Open Benefitting the Snedeker Foundation,no,kft,no
2026-07-13T05:31:47+00:00,2018,2018-05-20,19,AT&T Byron Nelson,yes,pga,yes
2026-07-13T05:31:47+00:00,2018,2018-05-20,37,BMW Charity Pro-Am presented by SYNNEX Corporation,no,kft,no
2026-07-13T05:31:47+00:00,2018,2018-05-20,2018042,Belgian Knockout,no,euro,no
2026-07-13T05:31:47+00:00,2018,2018-05-13,11,Knoxville Open,no,kft,no
2026-07-13T05:31:47+00:00,2018,2018-05-13,2018040,Rocco Forte Sicilian Open,no,euro,no
2026-07-13T05:31:47+00:00,2018,2018-05-13,11,THE PLAYERS Championship,yes,pga,yes
2026-07-13T05:31:47+00:00,2018,2018-05-06,480,Wells Fargo Championship,yes,pga,yes
2026-07-13T05:31:47+00:00,2018,2018-04-29,2018036,Volvo China Open,no,euro,no
2026-07-13T05:31:47+00:00,2018,2018-04-29,106,United Leasing & Finance Championship,no,kft,no
2026-07-13T05:31:47+00:00,2018,2018-04-22,41,Valero Texas Open,yes,pga,yes
2026-07-13T05:31:47+00:00,2018,2018-04-22,2018034,Trophee Hassan II,no,euro,no
2026-07-13T05:31:47+00:00,2018,2018-04-22,127,North Mississippi Classic,no,kft,no
2026-07-13T05:31:47+00:00,2018,2018-04-15,2018032,Open de España,no,euro,no
2026-07-13T05:31:47+00:00,2018,2018-04-15,12,RBC Heritage,yes,pga,yes
2026-07-13T05:31:47+00:00,2018,2018-04-08,14,Masters Tournament,no,pga,no
2026-07-13T05:31:47+00:00,2018,2018-04-01,128,Savannah Golf Championship,no,kft,no
2026-07-13T05:31:47+00:00,2018,2018-04-01,20,Houston Open,yes,pga,yes
2026-07-13T05:31:47+00:00,2018,2018-03-25,36,Chitimacha Louisiana Open presented by NACHER,no,kft,no
2026-07-13T05:31:47+00:00,2018,2018-03-25,522,Corales Puntacana Resort & Club Championship,no,pga,basic
2026-07-13T05:31:47+00:00,2018,2018-03-18,9,Arnold Palmer Invitational presented by Mastercard,yes,pga,yes
2026-07-13T05:31:47+00:00,2018,2018-03-11,2018022,Hero Indian Open,no,euro,no
2026-07-13T05:31:47+00:00,2018,2018-03-11,475,Valspar Championship,yes,pga,yes
2026-07-13T05:31:47+00:00,2018,2018-03-11,95,El Bosque Mexico Championship by Innova,no,kft,no
2026-07-13T05:31:47+00:00,2018,2018-03-04,473,World Golf Championships-Mexico Championship,yes,pga,yes
2026-07-13T05:31:47+00:00,2018,2018-03-04,2018021,Tshwane Open,no,euro,no
2026-07-13T05:31:47+00:00,2018,2018-02-25,10,The Honda Classic,yes,pga,yes
2026-07-13T05:31:47+00:00,2018,2018-02-25,2018018,Commercial Bank Qatar Masters,no,euro,no
2026-07-13T05:31:47+00:00,2018,2018-02-18,2018016,NBO Oman Open,no,euro,no
2026-07-13T05:31:47+00:00,2018,2018-02-18,7,Genesis Open,yes,pga,yes
2026-07-13T05:31:47+00:00,2018,2018-02-11,5,AT&T Pebble Beach Pro-Am,partial,pga,partial
2026-07-13T05:31:47+00:00,2018,2018-02-11,104,Club Colombia Championship,no,kft,no
2026-07-13T05:31:47+00:00,2018,2018-02-04,84,Panama Championship,no,kft,no
2026-07-13T05:31:47+00:00,2018,2018-02-04,2018012,Maybank Championship,no,euro,no
2026-07-13T05:31:47+00:00,2018,2018-02-04,3,Waste Management Phoenix Open,yes,pga,yes
2026-07-13T05:31:47+00:00,2018,2018-01-28,4,Farmers Insurance Open,partial,pga,partial
2026-07-13T05:31:47+00:00,2018,2018-01-28,2018010,Omega Dubai Desert Classic,no,euro,no
2026-07-13T05:31:47+00:00,2018,2018-01-24,125,The Bahamas Great Abaco Classic at The Abaco Club,no,kft,no
2026-07-13T05:31:47+00:00,2018,2018-01-21,2018008,Abu Dhabi HSBC Championship presented by EGA,no,euro,no
2026-07-13T05:31:47+00:00,2018,2018-01-21,2,CareerBuilder Challenge,partial,pga,partial
2026-07-13T05:31:47+00:00,2018,2018-01-16,124,The Bahamas Great Exuma Classic at Sandals Emerald Bay,no,kft,no
2026-07-13T05:31:47+00:00,2018,2018-01-14,6,Sony Open in Hawaii,yes,pga,yes
2026-07-13T05:31:47+00:00,2018,2018-01-14,2018004,BMW SA Open hosted by the City of Ekurhuleni,no,euro,no
2026-07-13T05:31:47+00:00,2018,2018-01-07,16,Sentry Tournament of Champions,yes,pga,yes
2026-07-13T05:31:47+00:00,2017,2017-12-10,2017098,Joburg Open,no,euro,no
2026-07-13T05:31:47+00:00,2017,2017-12-03,2017096,Australian PGA Championship,no,euro,no
2026-07-13T05:31:47+00:00,2017,2017-12-03,2017097,AfrAsia Bank Mauritius Open,no,euro,no
2026-07-13T05:31:47+00:00,2017,2017-12-03,478,Hero World Challenge,no,pga,basic
2026-07-13T05:31:47+00:00,2017,2017-11-26,2017095,UBS Hong Kong Open,no,euro,no
2026-07-13T05:31:47+00:00,2017,2017-11-19,2017094,"DP World Tour Championship, Dubai",no,euro,no
2026-07-13T05:31:47+00:00,2017,2017-11-19,493,The RSM Classic,partial,pga,partial
2026-07-13T05:31:47+00:00,2017,2017-11-12,2017092,Nedbank Golf Challenge hosted by Gary Player,no,euro,no
2026-07-13T05:31:47+00:00,2017,2017-11-12,457,OHL Classic at Mayakoba,no,pga,basic
2026-07-13T05:31:47+00:00,2017,2017-11-05,47,Shriners Hospitals for Children Open,yes,pga,yes
2026-07-13T05:31:47+00:00,2017,2017-11-05,2017090,Turkish Airlines Open,no,euro,no
2026-07-13T05:31:47+00:00,2017,2017-10-29,54,Sanderson Farms Championship,yes,pga,yes
2026-07-13T05:31:47+00:00,2017,2017-10-29,489,World Golf Championships-HSBC Champions,no,pga,basic
2026-07-13T05:31:47+00:00,2017,2017-10-22,2017086,Andalucia Valderrama Masters hosted by the Sergio Garcia Foundation,no,euro,no
2026-07-13T05:31:47+00:00,2017,2017-10-22,521,THE CJ CUP @ NINE BRIDGES,no,pga,basic
2026-07-13T05:31:47+00:00,2017,2017-10-15,2017084,Italian Open,no,euro,no
2026-07-13T05:31:47+00:00,2017,2017-10-15,494,CIMB Classic,no,pga,basic
2026-07-13T05:31:47+00:00,2017,2017-10-08,464,Safeway Open,yes,pga,yes
2026-07-13T05:31:47+00:00,2017,2017-10-08,2017082,Alfred Dunhill Links Championship,no,euro,no
2026-07-13T05:31:47+00:00,2017,2017-10-01,45,Web.com Tour Championship,no,kft,no
2026-07-13T05:31:47+00:00,2017,2017-10-01,2017080,British Masters supported by Sky Sports,no,euro,no
2026-07-13T05:31:47+00:00,2017,2017-09-24,60,TOUR Championship,yes,pga,yes
2026-07-13T05:31:47+00:00,2017,2017-09-24,119,DAP Championship,no,kft,no
2026-07-13T05:31:47+00:00,2017,2017-09-24,2017078,Portugal Masters,no,euro,no
2026-07-13T05:31:47+00:00,2017,2017-09-17,27,Albertsons Boise Open presented by Kraft Nabisco,no,kft,no
2026-07-13T05:31:47+00:00,2017,2017-09-17,28,BMW Championship,yes,pga,yes
2026-07-13T05:31:47+00:00,2017,2017-09-17,2017076,KLM Open,no,euro,no
2026-07-13T05:31:47+00:00,2017,2017-09-10,2017074,Omega European Masters,no,euro,no
2026-07-13T05:31:47+00:00,2017,2017-09-04,505,Dell Technologies Championship,yes,pga,yes
2026-07-13T05:31:47+00:00,2017,2017-09-03,94,Nationwide Children's Hospital Championship,no,kft,no
2026-07-13T05:31:47+00:00,2017,2017-09-03,2017072,D+D REAL Czech Masters,no,euro,no
2026-07-13T05:31:47+00:00,2017,2017-08-27,2017070,Made In Denmark,no,euro,no
2026-07-13T05:31:47+00:00,2017,2017-08-27,27,THE NORTHERN TRUST,yes,pga,yes
2026-07-13T05:31:47+00:00,2017,2017-08-27,111,WinCo Foods Portland Open presented by Kraft-Heinz,no,kft,no
2026-07-13T05:31:47+00:00,2017,2017-08-20,11,News Sentinel Open presented by Pilot,no,kft,no
2026-07-13T05:31:47+00:00,2017,2017-08-20,13,Wyndham Championship,yes,pga,yes
2026-07-13T05:31:47+00:00,2017,2017-08-20,2017068,Fiji International,no,euro,no
2026-07-13T05:31:47+00:00,2017,2017-08-13,22,Price Cutter Charity Championship presented by Dr Pepper,no,kft,no
2026-07-13T05:31:47+00:00,2017,2017-08-13,33,PGA Championship,yes,pga,yes
2026-07-13T05:31:47+00:00,2017,2017-08-06,476,World Golf Championships-Bridgestone Invitational,yes,pga,yes
2026-07-13T05:31:47+00:00,2017,2017-08-06,99,Ellie Mae Classic at TPC Stonebrae,no,kft,no
2026-07-13T05:31:47+00:00,2017,2017-07-30,100,Digital Ally Open,no,kft,no
2026-07-13T05:31:47+00:00,2017,2017-07-30,32,RBC Canadian Open,yes,pga,yes
2026-07-13T05:31:47+00:00,2017,2017-07-30,2017060,Porsche European Open,no,euro,no
2026-07-13T05:31:47+00:00,2017,2017-07-23,518,Barbasol Championship,yes,pga,yes
2026-07-13T05:31:47+00:00,2017,2017-07-23,123,Pinnacle Bank Championship presented by Heartland Chevy Dealers,no,kft,no
2026-07-13T05:31:47+00:00,2017,2017-07-23,100,The Open Championship,no,pga,no
2026-07-13T05:31:47+00:00,2017,2017-07-16,2017056,Aberdeen Asset Management Scottish Open,no,euro,no
2026-07-13T05:31:47+00:00,2017,2017-07-16,30,John Deere Classic,yes,pga,yes
2026-07-13T05:31:47+00:00,2017,2017-07-16,26,Utah Championship presented by Zions Bank,no,kft,no
2026-07-13T05:31:47+00:00,2017,2017-07-09,118,LECOM Health Challenge,no,kft,no
2026-07-13T05:31:47+00:00,2017,2017-07-09,490,The Greenbrier Classic,yes,pga,yes
2026-07-13T05:31:47+00:00,2017,2017-07-09,2017054,Dubai Duty Free Irish Open hosted by the Rory Foundation,no,euro,no
2026-07-13T05:31:47+00:00,2017,2017-07-02,2017052,HNA Open de France,no,euro,no
2026-07-13T05:31:47+00:00,2017,2017-07-02,120,Nashville Golf Open Benefitting the Snedeker Foundation,no,kft,no
2026-07-13T05:31:47+00:00,2017,2017-07-02,471,Quicken Loans National,yes,pga,yes
2026-07-13T05:31:47+00:00,2017,2017-06-25,34,Travelers Championship,yes,pga,yes
2026-07-13T05:31:47+00:00,2017,2017-06-25,122,Lincoln Land Charity Championship,no,kft,no
2026-07-13T05:31:47+00:00,2017,2017-06-25,2017050,BMW International Open,no,euro,no
2026-07-13T05:31:47+00:00,2017,2017-06-18,23,Air Capital Classic Supporting Wichita's Youth,no,kft,no
2026-07-13T05:31:47+00:00,2017,2017-06-18,26,U.S. Open,yes,pga,yes
2026-07-13T05:31:47+00:00,2017,2017-06-11,25,FedEx St. Jude Classic,yes,pga,yes
2026-07-13T05:31:47+00:00,2017,2017-06-11,112,Rust-Oleum Championship,no,kft,no
2026-07-13T05:31:47+00:00,2017,2017-06-11,2017046,LYONESS OPEN powered by ORGANIC+,no,euro,no
2026-07-13T05:31:47+00:00,2017,2017-06-04,23,the Memorial Tournament presented by Nationwide,yes,pga,yes
2026-07-13T05:31:47+00:00,2017,2017-06-04,2017044,Nordea Masters,no,euro,no
2026-07-13T05:31:47+00:00,2017,2017-06-04,48,Rex Hospital Open,no,kft,no
2026-07-13T05:31:47+00:00,2017,2017-05-28,2017042,BMW PGA Championship,no,euro,no
2026-07-13T05:31:47+00:00,2017,2017-05-28,21,DEAN & DELUCA Invitational,yes,pga,yes
2026-07-13T05:31:47+00:00,2017,2017-05-21,19,AT&T Byron Nelson,yes,pga,yes
2026-07-13T05:31:47+00:00,2017,2017-05-21,37,BMW Charity Pro-Am presented by SYNNEX Corporation,no,kft,no
2026-07-13T05:31:47+00:00,2017,2017-05-21,2017040,"Rocco Forte Open - Verdura, Sicily",no,euro,no
2026-07-13T05:31:47+00:00,2017,2017-05-14,2017038,Open de Portugal at Morgado Golf Resort,no,euro,no
2026-07-13T05:31:47+00:00,2017,2017-05-14,11,THE PLAYERS Championship,yes,pga,yes
2026-07-13T05:31:47+00:00,2017,2017-05-07,480,Wells Fargo Championship,yes,pga,yes
2026-07-13T05:31:47+00:00,2017,2017-05-07,117,Corales Puntacana Resort and Club Championship,no,kft,no
2026-07-13T05:31:47+00:00,2017,2017-04-30,2017034,Volvo China Open,no,euro,no
2026-07-13T05:31:47+00:00,2017,2017-04-30,95,El Bosque Mexico Championship by Innova,no,kft,no
2026-07-13T05:31:47+00:00,2017,2017-04-23,2017032,Shenzhen International,no,euro,no
2026-07-13T05:31:47+00:00,2017,2017-04-23,41,Valero Texas Open,yes,pga,yes
2026-07-13T05:31:47+00:00,2017,2017-04-23,106,United Leasing & Finance Championship,no,kft,no
2026-07-13T05:31:47+00:00,2017,2017-04-16,2017030,Trophee Hassan II,no,euro,no
2026-07-13T05:31:47+00:00,2017,2017-04-16,12,RBC Heritage,yes,pga,yes
2026-07-13T05:31:47+00:00,2017,2017-04-09,14,Masters Tournament,no,pga,no
2026-07-13T05:31:47+00:00,2017,2017-04-02,20,Shell Houston Open,yes,pga,yes
2026-07-13T05:31:47+00:00,2017,2017-03-26,36,Chitimacha Louisiana Open presented by NACHER,no,kft,no
2026-07-13T05:31:47+00:00,2017,2017-03-26,483,Puerto Rico Open,no,pga,basic
2026-07-13T05:31:47+00:00,2017,2017-03-19,9,Arnold Palmer Invitational presented by Mastercard,yes,pga,yes
2026-07-13T05:31:47+00:00,2017,2017-03-12,2017020,Hero Indian Open,no,euro,no
2026-07-13T05:31:47+00:00,2017,2017-03-12,475,Valspar Championship,yes,pga,yes
2026-07-13T05:31:47+00:00,2017,2017-03-05,473,World Golf Championships-Mexico Championship,yes,pga,yes
2026-07-13T05:31:47+00:00,2017,2017-03-05,2017018,Tshwane Open,no,euro,no
2026-07-13T05:31:47+00:00,2017,2017-02-26,2017014,Joburg Open,no,euro,no
2026-07-13T05:31:47+00:00,2017,2017-02-26,10,The Honda Classic,yes,pga,yes
2026-07-13T05:31:47+00:00,2017,2017-02-19,7,Genesis Open,yes,pga,yes
2026-07-13T05:31:47+00:00,2017,2017-02-19,84,Panama Claro Championship,no,kft,no
2026-07-13T05:31:47+00:00,2017,2017-02-12,2017010,Maybank Championship,no,euro,no
2026-07-13T05:31:47+00:00,2017,2017-02-12,104,Club Colombia Championship by Servientrega,no,kft,no
2026-07-13T05:31:47+00:00,2017,2017-02-12,5,AT&T Pebble Beach Pro-Am,partial,pga,partial
2026-07-13T05:31:47+00:00,2017,2017-02-05,3,Waste Management Phoenix Open,yes,pga,yes
2026-07-13T05:31:47+00:00,2017,2017-02-05,2017008,Omega Dubai Desert Classic,no,euro,no
2026-07-13T05:31:47+00:00,2017,2017-01-29,2017006,Commercial Bank Qatar Masters,no,euro,no
2026-07-13T05:31:47+00:00,2017,2017-01-29,4,Farmers Insurance Open,partial,pga,partial
2026-07-13T05:31:47+00:00,2017,2017-01-25,125,The Bahamas Great Abaco Classic at The Abaco Club,no,kft,no
2026-07-13T05:31:47+00:00,2017,2017-01-22,2,CareerBuilder Challenge,partial,pga,partial
2026-07-13T05:31:47+00:00,2017,2017-01-22,2017004,Abu Dhabi HSBC Championship,no,euro,no
2026-07-13T05:31:47+00:00,2017,2017-01-15,6,Sony Open in Hawaii,yes,pga,yes
2026-07-13T05:31:47+00:00,2017,2017-01-15,2017002,BMW SA Open hosted by City of Ekurhuleni,no,euro,no
2026-07-13T05:31:47+00:00,2017,2017-01-11,124,The Bahamas Great Exuma Classic at Sandals Emerald Bay,no,kft,no
2026-07-13T05:31:47+00:00,2017,2017-01-08,16,SBS Tournament of Champions,yes,pga,yes
2026-07-13T05:31:47+00:00,2016,2016-12-04,478,Hero World Challenge,no,pga,no
2026-07-13T05:31:47+00:00,2016,2016-11-20,493,The RSM Classic,partial,pga,partial
2026-07-13T05:31:47+00:00,2016,2016-11-13,457,OHL Classic at Mayakoba,no,pga,basic
2026-07-13T05:31:47+00:00,2016,2016-11-06,47,Shriners Hospitals for Children Open,yes,pga,yes
2026-07-13T05:31:47+00:00,2016,2016-10-30,54,Sanderson Farms Championship,yes,pga,yes
2026-07-13T05:31:47+00:00,2016,2016-10-30,489,World Golf Championships-HSBC Champions,no,pga,basic
2026-07-13T05:31:47+00:00,2016,2016-10-23,494,CIMB Classic,no,pga,basic
2026-07-13T05:31:47+00:00,2016,2016-10-16,464,Safeway Open,yes,pga,yes
2026-07-13T05:31:47+00:00,2016,2016-09-25,60,TOUR Championship,yes,pga,yes
2026-07-13T05:31:47+00:00,2016,2016-09-11,28,BMW Championship,yes,pga,yes
2026-07-13T05:31:47+00:00,2016,2016-09-05,505,Deutsche Bank Championship,yes,pga,yes
2026-07-13T05:31:47+00:00,2016,2016-08-28,27,The Barclays,yes,pga,yes
2026-07-13T05:31:47+00:00,2016,2016-08-21,13,Wyndham Championship,yes,pga,yes
2026-07-13T05:31:47+00:00,2016,2016-08-14,30,John Deere Classic,yes,pga,yes
2026-07-13T05:31:47+00:00,2016,2016-08-07,34,Travelers Championship,yes,pga,yes
2026-07-13T05:31:47+00:00,2016,2016-07-31,33,PGA Championship,yes,pga,yes
2026-07-13T05:31:47+00:00,2016,2016-07-24,32,RBC Canadian Open,yes,pga,yes
2026-07-13T05:31:47+00:00,2016,2016-07-17,518,Barbasol Championship,yes,pga,yes
2026-07-13T05:31:47+00:00,2016,2016-07-17,100,The Open Championship,no,pga,no
2026-07-13T05:31:47+00:00,2016,2016-07-03,476,World Golf Championships-Bridgestone Invitational,yes,pga,yes
2026-07-13T05:31:47+00:00,2016,2016-06-26,471,Quicken Loans National,yes,pga,yes
2026-07-13T05:31:47+00:00,2016,2016-06-19,26,U.S. Open,no,pga,no
2026-07-13T05:31:47+00:00,2016,2016-06-12,25,FedEx St. Jude Classic,yes,pga,yes
2026-07-13T05:31:47+00:00,2016,2016-06-05,23,the Memorial Tournament presented by Nationwide,yes,pga,yes
2026-07-13T05:31:47+00:00,2016,2016-05-29,21,DEAN & DELUCA Invitational,yes,pga,yes
2026-07-13T05:31:47+00:00,2016,2016-05-22,19,AT&T Byron Nelson,yes,pga,yes
2026-07-13T05:31:47+00:00,2016,2016-05-15,11,THE PLAYERS Championship,yes,pga,yes
2026-07-13T05:31:47+00:00,2016,2016-05-08,480,Wells Fargo Championship,yes,pga,yes
2026-07-13T05:31:47+00:00,2016,2016-04-24,41,Valero Texas Open,yes,pga,yes
2026-07-13T05:31:47+00:00,2016,2016-04-17,12,RBC Heritage,yes,pga,yes
2026-07-13T05:31:47+00:00,2016,2016-04-10,14,Masters Tournament,no,pga,no
2026-07-13T05:31:47+00:00,2016,2016-04-03,20,Shell Houston Open,yes,pga,yes
2026-07-13T05:31:47+00:00,2016,2016-03-27,483,Puerto Rico Open at Coco Beach,no,pga,basic
2026-07-13T05:31:47+00:00,2016,2016-03-20,9,Arnold Palmer Invitational presented by MasterCard,yes,pga,yes
2026-07-13T05:31:47+00:00,2016,2016-03-13,475,Valspar Championship,yes,pga,yes
2026-07-13T05:31:47+00:00,2016,2016-03-06,473,World Golf Championships-Cadillac Championship,yes,pga,yes
2026-07-13T05:31:47+00:00,2016,2016-02-28,10,The Honda Classic,yes,pga,yes
2026-07-13T05:31:47+00:00,2016,2016-02-21,7,Northern Trust Open,yes,pga,yes
2026-07-13T05:31:47+00:00,2016,2016-02-14,5,AT&T Pebble Beach Pro-Am,partial,pga,partial
2026-07-13T05:31:47+00:00,2016,2016-02-07,3,Waste Management Phoenix Open,yes,pga,yes
2026-07-13T05:31:47+00:00,2016,2016-01-31,4,Farmers Insurance Open,partial,pga,partial
2026-07-13T05:31:47+00:00,2016,2016-01-24,2,CareerBuilder Challenge in partnership with the Clinton Foundation,partial,pga,partial
2026-07-13T05:31:47+00:00,2016,2016-01-17,6,Sony Open in Hawaii,yes,pga,yes
2026-07-13T05:31:47+00:00,2016,2016-01-10,16,Hyundai Tournament of Champions,yes,pga,yes
2026-07-13T05:31:47+00:00,2015,2015-12-06,478,Hero World Challenge,no,pga,no
2026-07-13T05:31:47+00:00,2015,2015-11-22,493,The RSM Classic,partial,pga,partial
2026-07-13T05:31:47+00:00,2015,2015-11-15,457,OHL Classic at Mayakoba,no,pga,basic
2026-07-13T05:31:47+00:00,2015,2015-11-08,489,World Golf Championships-HSBC Champions,no,pga,basic
2026-07-13T05:31:47+00:00,2015,2015-11-08,54,Sanderson Farms Championship,yes,pga,yes
2026-07-13T05:31:47+00:00,2015,2015-11-01,494,CIMB Classic,no,pga,basic
2026-07-13T05:31:47+00:00,2015,2015-10-25,47,Shriners Hospitals for Children Open,yes,pga,yes
2026-07-13T05:31:47+00:00,2015,2015-10-18,464,Frys.com Open,yes,pga,yes
2026-07-13T05:31:47+00:00,2015,2015-09-27,60,TOUR Championship by Coca-Cola,yes,pga,yes
2026-07-13T05:31:47+00:00,2015,2015-09-20,28,BMW Championship,yes,pga,yes
2026-07-13T05:31:47+00:00,2015,2015-09-07,505,Deutsche Bank Championship,yes,pga,yes
2026-07-13T05:31:47+00:00,2015,2015-08-30,27,The Barclays,yes,pga,yes
2026-07-13T05:31:47+00:00,2015,2015-08-23,13,Wyndham Championship,yes,pga,yes
2026-07-13T05:31:47+00:00,2015,2015-08-16,33,PGA Championship,yes,pga,yes
2026-07-13T05:31:47+00:00,2015,2015-08-09,476,World Golf Championships-Bridgestone Invitational,yes,pga,yes
2026-07-13T05:31:47+00:00,2015,2015-08-02,471,Quicken Loans National,yes,pga,yes
2026-07-13T05:31:47+00:00,2015,2015-07-26,32,RBC Canadian Open,yes,pga,yes
2026-07-13T05:31:47+00:00,2015,2015-07-19,518,Barbasol Championship,yes,pga,yes
2026-07-13T05:31:47+00:00,2015,2015-07-19,100,The Open Championship,no,pga,no
2026-07-13T05:31:47+00:00,2015,2015-07-12,30,John Deere Classic,yes,pga,yes
2026-07-13T05:31:47+00:00,2015,2015-07-05,490,The Greenbrier Classic,yes,pga,yes
2026-07-13T05:31:47+00:00,2015,2015-06-28,34,Travelers Championship,yes,pga,yes
2026-07-13T05:31:47+00:00,2015,2015-06-21,26,U.S. Open,no,pga,no
2026-07-13T05:31:47+00:00,2015,2015-06-14,25,FedEx St. Jude Classic,yes,pga,yes
2026-07-13T05:31:47+00:00,2015,2015-06-07,23,the Memorial Tournament presented by Nationwide,yes,pga,yes
2026-07-13T05:31:47+00:00,2015,2015-05-31,19,AT&T Byron Nelson,partial,pga,basic
2026-07-13T05:31:47+00:00,2015,2015-05-24,21,Crowne Plaza Invitational at  Colonial,yes,pga,yes
2026-07-13T05:31:47+00:00,2015,2015-05-17,480,Wells Fargo Championship,yes,pga,yes
2026-07-13T05:31:47+00:00,2015,2015-05-10,11,THE PLAYERS Championship,yes,pga,yes
2026-07-13T05:31:47+00:00,2015,2015-04-19,12,RBC Heritage,yes,pga,yes
2026-07-13T05:31:47+00:00,2015,2015-04-12,14,Masters Tournament,no,pga,no
2026-07-13T05:31:47+00:00,2015,2015-04-05,20,Shell Houston Open,yes,pga,yes
2026-07-13T05:31:47+00:00,2015,2015-03-29,41,Valero Texas Open,yes,pga,yes
2026-07-13T05:31:47+00:00,2015,2015-03-22,9,Arnold Palmer Invitational presented by MasterCard,yes,pga,yes
2026-07-13T05:31:47+00:00,2015,2015-03-15,475,Valspar Championship,yes,pga,yes
2026-07-13T05:31:47+00:00,2015,2015-03-08,483,Puerto Rico Open,no,pga,basic
2026-07-13T05:31:47+00:00,2015,2015-03-08,473,World Golf Championships-Cadillac Championship,yes,pga,yes
2026-07-13T05:31:47+00:00,2015,2015-03-01,10,The Honda Classic,yes,pga,yes
2026-07-13T05:31:47+00:00,2015,2015-02-22,7,Northern Trust Open,yes,pga,yes
2026-07-13T05:31:47+00:00,2015,2015-02-15,5,AT&T Pebble Beach National Pro-Am,partial,pga,partial
2026-07-13T05:31:47+00:00,2015,2015-02-08,4,Farmers Insurance Open,partial,pga,partial
2026-07-13T05:31:47+00:00,2015,2015-02-01,3,Waste Management Phoenix Open,yes,pga,yes
2026-07-13T05:31:47+00:00,2015,2015-01-25,2,Humana Challenge in partnership with the Clinton Foundation,partial,pga,partial
2026-07-13T05:31:47+00:00,2015,2015-01-18,6,Sony Open in Hawaii,yes,pga,yes
2026-07-13T05:31:47+00:00,2015,2015-01-12,16,Hyundai Tournament of Champions,yes,pga,yes
2026-07-13T05:31:47+00:00,2014,2014-12-07,478,Hero World Challenge,no,pga,no
2026-07-13T05:31:47+00:00,2014,2014-11-16,457,OHL Classic at Mayakoba,no,pga,basic
2026-07-13T05:31:47+00:00,2014,2014-11-09,489,World Golf Championships-HSBC Champions,no,pga,basic
2026-07-13T05:31:47+00:00,2014,2014-11-09,54,Sanderson Farms Championship,yes,pga,yes
2026-07-13T05:31:47+00:00,2014,2014-11-02,494,CIMB Classic,no,pga,basic
2026-07-13T05:31:47+00:00,2014,2014-10-26,493,The McGladrey Classic,yes,pga,yes
2026-07-13T05:31:47+00:00,2014,2014-10-19,47,Shriners Hospitals for Children Open,yes,pga,yes
2026-07-13T05:31:47+00:00,2014,2014-10-12,464,Frys.com Open,yes,pga,yes
2026-07-13T05:31:47+00:00,2014,2014-09-14,60,TOUR Championship by Coca-Cola,yes,pga,basic
2026-07-13T05:31:47+00:00,2014,2014-09-07,28,BMW Championship,yes,pga,basic
2026-07-13T05:31:47+00:00,2014,2014-09-01,505,Deutsche Bank Championship,yes,pga,basic
2026-07-13T05:31:47+00:00,2014,2014-08-24,27,The Barclays,yes,pga,basic
2026-07-13T05:31:47+00:00,2014,2014-08-17,13,Wyndham Championship,yes,pga,basic
2026-07-13T05:31:47+00:00,2014,2014-08-10,33,PGA Championship,yes,pga,basic
2026-07-13T05:31:47+00:00,2014,2014-08-03,476,World Golf Championships-Bridgestone Invitational,yes,pga,basic
2026-07-13T05:31:47+00:00,2014,2014-07-27,32,RBC Canadian Open,yes,pga,basic
2026-07-13T05:31:47+00:00,2014,2014-07-20,100,The Open Championship,no,pga,no
2026-07-13T05:31:47+00:00,2014,2014-07-13,30,John Deere Classic,yes,pga,basic
2026-07-13T05:31:47+00:00,2014,2014-07-06,490,The Greenbrier Classic,yes,pga,basic
2026-07-13T05:31:47+00:00,2014,2014-06-29,471,Quicken Loans National,yes,pga,basic
2026-07-13T05:31:47+00:00,2014,2014-06-22,34,Travelers Championship,yes,pga,basic
2026-07-13T05:31:47+00:00,2014,2014-06-15,26,U.S. Open,no,pga,no
2026-07-13T05:31:47+00:00,2014,2014-06-08,25,FedEx St. Jude Classic,yes,pga,basic
2026-07-13T05:31:47+00:00,2014,2014-06-01,23,the Memorial Tournament presented by Nationwide Insurance,yes,pga,basic
2026-07-13T05:31:47+00:00,2014,2014-05-25,21,Crowne Plaza Invitational at Colonial,yes,pga,basic
2026-07-13T05:31:47+00:00,2014,2014-05-18,19,HP Byron Nelson Championship,yes,pga,basic
2026-07-13T05:31:47+00:00,2014,2014-05-11,11,THE PLAYERS Championship,yes,pga,basic
2026-07-13T05:31:47+00:00,2014,2014-05-04,480,Wells Fargo Championship,yes,pga,basic
2026-07-13T05:31:47+00:00,2014,2014-04-20,12,RBC Heritage,yes,pga,basic
2026-07-13T05:31:47+00:00,2014,2014-04-13,14,Masters Tournament,no,pga,no
2026-07-13T05:31:47+00:00,2014,2014-04-06,20,Shell Houston Open,yes,pga,basic
2026-07-13T05:31:47+00:00,2014,2014-03-30,41,Valero Texas Open,yes,pga,basic
2026-07-13T05:31:47+00:00,2014,2014-03-23,9,Arnold Palmer Invitational presented by MasterCard,yes,pga,basic
2026-07-13T05:31:47+00:00,2014,2014-03-16,475,Valspar Championship,yes,pga,basic
2026-07-13T05:31:47+00:00,2014,2014-03-09,473,World Golf Championships-Cadillac Championship,yes,pga,basic
2026-07-13T05:31:47+00:00,2014,2014-03-09,483,Puerto Rico Open presented by seepuertorico.com,no,pga,no
2026-07-13T05:31:47+00:00,2014,2014-03-02,10,The Honda Classic,yes,pga,basic
2026-07-13T05:31:47+00:00,2014,2014-02-16,7,Northern Trust Open,yes,pga,basic
2026-07-13T05:31:47+00:00,2014,2014-02-09,5,AT&T Pebble Beach National Pro-Am,partial,pga,basic
2026-07-13T05:31:47+00:00,2014,2014-02-02,3,Waste Management Phoenix Open,yes,pga,basic
2026-07-13T05:31:47+00:00,2014,2014-01-26,4,Farmers Insurance Open,partial,pga,basic
2026-07-13T05:31:47+00:00,2014,2014-01-19,2,Humana Challenge in partnership with the Clinton Foundation,partial,pga,basic
2026-07-13T05:31:47+00:00,2014,2014-01-12,6,Sony Open in Hawaii,yes,pga,basic
2026-07-13T05:31:47+00:00,2014,2014-01-06,16,Hyundai Tournament of Champions,yes,pga,basic
2026-07-13T05:31:47+00:00,2013,2013-12-08,478,World Challenge presented by Northwestern Mutual,no,pga,no
2026-07-13T05:31:47+00:00,2013,2013-11-17,457,OHL Classic at Mayakoba,no,pga,no
2026-07-13T05:31:47+00:00,2013,2013-11-10,493,The McGladrey Classic,yes,pga,basic
2026-07-13T05:31:47+00:00,2013,2013-11-03,489,World Golf Championships-HSBC Champions,no,pga,no
2026-07-13T05:31:47+00:00,2013,2013-10-27,494,CIMB Classic,no,pga,no
2026-07-13T05:31:47+00:00,2013,2013-10-20,47,Shriners Hospitals for Children Open,yes,pga,basic
2026-07-13T05:31:47+00:00,2013,2013-10-13,464,Frys.com Open,yes,pga,basic
2026-07-13T05:31:47+00:00,2013,2013-09-22,60,TOUR Championship by Coca-Cola,yes,pga,basic
2026-07-13T05:31:47+00:00,2013,2013-09-15,28,BMW Championship,yes,pga,basic
2026-07-13T05:31:47+00:00,2013,2013-09-02,505,Deutsche Bank Championship,yes,pga,basic
2026-07-13T05:31:47+00:00,2013,2013-08-25,27,The Barclays,yes,pga,basic
2026-07-13T05:31:47+00:00,2013,2013-08-18,13,Wyndham Championship,yes,pga,basic
2026-07-13T05:31:47+00:00,2013,2013-08-11,33,PGA Championship,no,pga,no
2026-07-13T05:31:47+00:00,2013,2013-08-04,476,World Golf Championships-Bridgestone Invitational,yes,pga,basic
2026-07-13T05:31:47+00:00,2013,2013-07-28,32,RBC Canadian Open,yes,pga,basic
2026-07-13T05:31:47+00:00,2013,2013-07-21,100,The Open Championship,no,pga,no
2026-07-13T05:31:47+00:00,2013,2013-07-21,54,Sanderson Farms Championship,yes,pga,basic
2026-07-13T05:31:47+00:00,2013,2013-07-14,30,John Deere Classic,yes,pga,basic
2026-07-13T05:31:47+00:00,2013,2013-07-07,490,The Greenbrier Classic,yes,pga,basic
2026-07-13T05:31:47+00:00,2013,2013-06-30,471,AT&T National,yes,pga,basic
2026-07-13T05:31:47+00:00,2013,2013-06-23,34,Travelers Championship,yes,pga,basic
2026-07-13T05:31:47+00:00,2013,2013-06-16,26,U.S. Open,no,pga,no
2026-07-13T05:31:47+00:00,2013,2013-06-09,25,FedEx St. Jude Classic,yes,pga,basic
2026-07-13T05:31:47+00:00,2013,2013-06-02,23,the Memorial Tournament presented by Nationwide Insurance,yes,pga,basic
2026-07-13T05:31:47+00:00,2013,2013-05-26,21,Crowne Plaza Invitational at Colonial,yes,pga,basic
2026-07-13T05:31:47+00:00,2013,2013-05-19,19,HP Byron Nelson Championship,yes,pga,basic
2026-07-13T05:31:47+00:00,2013,2013-05-12,11,THE PLAYERS Championship,yes,pga,basic
2026-07-13T05:31:47+00:00,2013,2013-05-05,480,Wells Fargo Championship,yes,pga,basic
2026-07-13T05:31:47+00:00,2013,2013-04-21,12,RBC Heritage,yes,pga,basic
2026-07-13T05:31:47+00:00,2013,2013-04-14,14,Masters Tournament,no,pga,no
2026-07-13T05:31:47+00:00,2013,2013-04-07,41,Valero Texas Open,yes,pga,basic
2026-07-13T05:31:47+00:00,2013,2013-03-31,20,Shell Houston Open,yes,pga,basic
2026-07-13T05:31:47+00:00,2013,2013-03-24,9,Arnold Palmer Invitational presented by MasterCard,yes,pga,basic
2026-07-13T05:31:47+00:00,2013,2013-03-17,475,Tampa Bay Championship presented by EverBank,yes,pga,basic
2026-07-13T05:31:47+00:00,2013,2013-03-10,473,World Golf Championships-Cadillac Championship,yes,pga,basic
2026-07-13T05:31:47+00:00,2013,2013-03-10,483,Puerto Rico Open presented by seepuertorico.com,no,pga,no
2026-07-13T05:31:47+00:00,2013,2013-03-03,10,The Honda Classic,yes,pga,basic
2026-07-13T05:31:47+00:00,2013,2013-02-17,7,Northern Trust Open,yes,pga,basic
2026-07-13T05:31:47+00:00,2013,2013-02-10,5,AT&T Pebble Beach National Pro-Am,partial,pga,basic
2026-07-13T05:31:47+00:00,2013,2013-02-03,3,Waste Management Phoenix Open,yes,pga,basic
2026-07-13T05:31:47+00:00,2013,2013-01-27,4,Farmers Insurance Open,partial,pga,basic
2026-07-13T05:31:47+00:00,2013,2013-01-20,2,Humana Challenge in partnership with the Clinton Foundation,partial,pga,basic
2026-07-13T05:31:47+00:00,2013,2013-01-13,6,Sony Open in Hawaii,yes,pga,basic
2026-07-13T05:31:47+00:00,2013,2013-01-07,16,Hyundai Tournament of Champions,yes,pga,basic
2026-07-13T05:31:47+00:00,2012,2012-12-02,478,World Challenge presented by Northwestern Mutual,no,pga,no
2026-07-13T05:31:47+00:00,2012,2012-10-21,493,The McGladrey Classic,yes,pga,basic
2026-07-13T05:31:47+00:00,2012,2012-10-14,464,Frys.com Open,yes,pga,basic
2026-07-13T05:31:47+00:00,2012,2012-10-07,47,Justin Timberlake Shriners Hospitals for Children Open,yes,pga,basic
2026-07-13T05:31:47+00:00,2012,2012-09-23,60,TOUR Championship by Coca-Cola,yes,pga,basic
2026-07-13T05:31:47+00:00,2012,2012-09-09,28,BMW Championship,yes,pga,basic
2026-07-13T05:31:47+00:00,2012,2012-09-03,505,Deutsche Bank Championship,yes,pga,basic
2026-07-13T05:31:47+00:00,2012,2012-08-26,27,The Barclays,yes,pga,basic
2026-07-13T05:31:47+00:00,2012,2012-08-19,13,Wyndham Championship,yes,pga,basic
2026-07-13T05:31:47+00:00,2012,2012-08-12,33,PGA Championship,no,pga,no
2026-07-13T05:31:47+00:00,2012,2012-08-05,476,World Golf Championships-Bridgestone Invitational,yes,pga,basic
2026-07-13T05:31:47+00:00,2012,2012-07-29,32,RBC Canadian Open,yes,pga,basic
2026-07-13T05:31:47+00:00,2012,2012-07-22,100,The Open Championship,no,pga,no
2026-07-13T05:31:47+00:00,2012,2012-07-22,54,True South Classic,yes,pga,basic
2026-07-13T05:31:47+00:00,2012,2012-07-15,30,John Deere Classic,yes,pga,basic
2026-07-13T05:31:47+00:00,2012,2012-07-08,490,The Greenbrier Classic,yes,pga,basic
2026-07-13T05:31:47+00:00,2012,2012-07-01,471,AT&T National,partial,pga,basic
2026-07-13T05:31:47+00:00,2012,2012-06-24,34,Travelers Championship,yes,pga,basic
2026-07-13T05:31:47+00:00,2012,2012-06-17,26,U.S. Open,no,pga,no
2026-07-13T05:31:47+00:00,2012,2012-06-10,25,FedEx St. Jude Classic,yes,pga,basic
2026-07-13T05:31:47+00:00,2012,2012-06-03,23,the Memorial Tournament presented by Nationwide Insurance,yes,pga,basic
2026-07-13T05:31:47+00:00,2012,2012-05-27,21,Crowne Plaza Invitational at Colonial,yes,pga,basic
2026-07-13T05:31:47+00:00,2012,2012-05-20,19,HP Byron Nelson Championship,yes,pga,basic
2026-07-13T05:31:47+00:00,2012,2012-05-13,11,THE PLAYERS Championship,yes,pga,basic
2026-07-13T05:31:47+00:00,2012,2012-05-06,480,Wells Fargo Championship,yes,pga,basic
2026-07-13T05:31:47+00:00,2012,2012-04-22,41,Valero Texas Open,yes,pga,basic
2026-07-13T05:31:47+00:00,2012,2012-04-15,12,RBC Heritage,yes,pga,basic
2026-07-13T05:31:47+00:00,2012,2012-04-08,14,Masters Tournament,no,pga,no
2026-07-13T05:31:47+00:00,2012,2012-04-01,20,Shell Houston Open,yes,pga,basic
2026-07-13T05:31:47+00:00,2012,2012-03-25,9,Arnold Palmer Invitational presented by MasterCard,yes,pga,basic
2026-07-13T05:31:47+00:00,2012,2012-03-18,475,Transitions Championship,yes,pga,basic
2026-07-13T05:31:47+00:00,2012,2012-03-11,483,Puerto Rico Open presented by seepuertorico.com,no,pga,no
2026-07-13T05:31:47+00:00,2012,2012-03-11,473,World Golf Championships-Cadillac Championship,yes,pga,basic
2026-07-13T05:31:47+00:00,2012,2012-03-04,10,The Honda Classic,yes,pga,basic
2026-07-13T05:31:47+00:00,2012,2012-02-26,457,Mayakoba Golf Classic,no,pga,no
2026-07-13T05:31:47+00:00,2012,2012-02-19,7,Northern Trust Open,yes,pga,basic
2026-07-13T05:31:47+00:00,2012,2012-02-12,5,AT&T Pebble Beach National Pro-Am,partial,pga,basic
2026-07-13T05:31:47+00:00,2012,2012-02-05,3,Waste Management Phoenix Open,yes,pga,basic
2026-07-13T05:31:47+00:00,2012,2012-01-29,4,Farmers Insurance Open,partial,pga,basic
2026-07-13T05:31:47+00:00,2012,2012-01-22,2,Humana Challenge in partnership with the Clinton Foundation,partial,pga,basic
2026-07-13T05:31:47+00:00,2012,2012-01-15,6,Sony Open in Hawaii,yes,pga,basic
2026-07-13T05:31:47+00:00,2012,2012-01-09,16,Hyundai Tournament of Champions,yes,pga,basic
2026-07-13T05:31:47+00:00,2011,2011-12-04,478,Chevron World Challenge,no,pga,no
2026-07-13T05:31:47+00:00,2011,2011-10-16,493,The McGladrey Classic,yes,pga,basic
2026-07-13T05:31:47+00:00,2011,2011-10-09,464,Frys.com Open,yes,pga,basic
2026-07-13T05:31:47+00:00,2011,2011-10-02,47,Justin Timberlake Shriners Hospitals for Children Open,yes,pga,basic
2026-07-13T05:31:47+00:00,2011,2011-09-25,60,TOUR Championship by Coca-Cola,yes,pga,basic
2026-07-13T05:31:47+00:00,2011,2011-09-18,28,BMW Championship,yes,pga,basic
2026-07-13T05:31:47+00:00,2011,2011-09-05,505,Deutsche Bank Championship,yes,pga,basic
2026-07-13T05:31:47+00:00,2011,2011-08-28,27,The Barclays,yes,pga,basic
2026-07-13T05:31:47+00:00,2011,2011-08-21,13,Wyndham Championship,yes,pga,basic
2026-07-13T05:31:47+00:00,2011,2011-08-14,33,PGA Championship,no,pga,no
2026-07-13T05:31:47+00:00,2011,2011-08-07,476,World Golf Championships-Bridgestone Invitational,yes,pga,basic
2026-07-13T05:31:47+00:00,2011,2011-07-31,490,The Greenbrier Classic,yes,pga,basic
2026-07-13T05:31:47+00:00,2011,2011-07-24,32,RBC Canadian Open,yes,pga,basic
2026-07-13T05:31:47+00:00,2011,2011-07-17,100,The Open Championship,no,pga,no
2026-07-13T05:31:47+00:00,2011,2011-07-17,54,Viking Classic,yes,pga,basic
2026-07-13T05:31:47+00:00,2011,2011-07-10,30,John Deere Classic,yes,pga,basic
2026-07-13T05:31:47+00:00,2011,2011-07-03,471,AT&T National,yes,pga,basic
2026-07-13T05:31:47+00:00,2011,2011-06-26,34,Travelers Championship,yes,pga,basic
2026-07-13T05:31:47+00:00,2011,2011-06-19,26,U.S. Open,no,pga,no
2026-07-13T05:31:47+00:00,2011,2011-06-12,25,FedEx St. Jude Classic,yes,pga,basic
2026-07-13T05:31:47+00:00,2011,2011-06-05,23,the Memorial Tournament presented by Nationwide Insurance,yes,pga,basic
2026-07-13T05:31:47+00:00,2011,2011-05-29,19,HP Byron Nelson Championship,yes,pga,basic
2026-07-13T05:31:47+00:00,2011,2011-05-22,21,Crowne Plaza Invitational at Colonial,yes,pga,basic
2026-07-13T05:31:47+00:00,2011,2011-05-15,11,THE PLAYERS Championship,yes,pga,basic
2026-07-13T05:31:47+00:00,2011,2011-05-08,480,Wells Fargo Championship,yes,pga,basic
2026-07-13T05:31:47+00:00,2011,2011-04-24,12,The Heritage,yes,pga,basic
2026-07-13T05:31:47+00:00,2011,2011-04-17,41,Valero Texas Open,yes,pga,basic
2026-07-13T05:31:47+00:00,2011,2011-04-10,14,Masters Tournament,no,pga,no
2026-07-13T05:31:47+00:00,2011,2011-04-03,20,Shell Houston Open,yes,pga,basic
2026-07-13T05:31:47+00:00,2011,2011-03-27,9,Arnold Palmer Invitational presented by MasterCard,yes,pga,basic
2026-07-13T05:31:47+00:00,2011,2011-03-20,475,Transitions Championship,yes,pga,basic
2026-07-13T05:31:47+00:00,2011,2011-03-13,473,World Golf Championships-Cadillac Championship,yes,pga,basic
2026-07-13T05:31:47+00:00,2011,2011-03-13,483,Puerto Rico Open presented by seepuertorico.com,no,pga,no
2026-07-13T05:31:47+00:00,2011,2011-03-06,10,The Honda Classic,yes,pga,basic
2026-07-13T05:31:47+00:00,2011,2011-02-27,457,Mayakoba Golf Classic at Riviera Maya-Cancun,no,pga,no
2026-07-13T05:31:47+00:00,2011,2011-02-20,7,Northern Trust Open,yes,pga,basic
2026-07-13T05:31:47+00:00,2011,2011-02-13,5,AT&T Pebble Beach National Pro-Am,partial,pga,basic
2026-07-13T05:31:47+00:00,2011,2011-02-06,3,Waste Management Phoenix Open,yes,pga,basic
2026-07-13T05:31:47+00:00,2011,2011-01-30,4,Farmers Insurance Open,partial,pga,basic
2026-07-13T05:31:47+00:00,2011,2011-01-23,2,Bob Hope Classic,partial,pga,basic
2026-07-13T05:31:47+00:00,2011,2011-01-16,6,Sony Open in Hawaii,yes,pga,basic
2026-07-13T05:31:47+00:00,2011,2011-01-09,16,Hyundai Tournament of Champions,yes,pga,basic
2026-07-13T05:31:47+00:00,2010,2010-12-05,478,Chevron World Challenge,no,pga,no
2026-07-13T05:31:47+00:00,2010,2010-10-24,47,Justin Timberlake Shriners Hospitals for Children Open,yes,pga,basic
2026-07-13T05:31:47+00:00,2010,2010-10-17,464,Frys.com Open,yes,pga,basic
2026-07-13T05:31:47+00:00,2010,2010-10-10,493,The McGladrey Classic,yes,pga,basic
2026-07-13T05:31:47+00:00,2010,2010-10-03,54,Viking Classic,yes,pga,basic
2026-07-13T05:31:47+00:00,2010,2010-09-26,60,THE TOUR Championship presented by Coca-Cola,yes,pga,basic
2026-07-13T05:31:47+00:00,2010,2010-09-12,28,BMW Championship,yes,pga,basic
2026-07-13T05:31:47+00:00,2010,2010-09-06,505,Deutsche Bank Championship,yes,pga,basic
2026-07-13T05:31:47+00:00,2010,2010-08-29,27,The Barclays,yes,pga,basic
2026-07-13T05:31:47+00:00,2010,2010-08-22,13,Wyndham Championship,yes,pga,basic
2026-07-13T05:31:47+00:00,2010,2010-08-15,33,PGA Championship,no,pga,no
2026-07-13T05:31:47+00:00,2010,2010-08-08,476,World Golf Championships-Bridgestone Invitational,yes,pga,basic
2026-07-13T05:31:47+00:00,2010,2010-08-01,490,The Greenbrier Classic,yes,pga,basic
2026-07-13T05:31:47+00:00,2010,2010-07-25,32,RBC Canadian Open,yes,pga,basic
2026-07-13T05:31:47+00:00,2010,2010-07-18,100,The Open Championship,no,pga,no
2026-07-13T05:31:47+00:00,2010,2010-07-11,30,John Deere Classic,yes,pga,basic
2026-07-13T05:31:47+00:00,2010,2010-07-04,471,AT&T National,yes,pga,basic
2026-07-13T05:31:47+00:00,2010,2010-06-27,34,Travelers Championship,yes,pga,basic
2026-07-13T05:31:47+00:00,2010,2010-06-20,26,U.S. Open Championship,no,pga,no
2026-07-13T05:31:47+00:00,2010,2010-06-13,25,St. Jude Classic presented by Smith & Nephew,yes,pga,basic
2026-07-13T05:31:47+00:00,2010,2010-06-06,23,the Memorial Tournament presented by Nationwide Insurance,yes,pga,basic
2026-07-13T05:31:47+00:00,2010,2010-05-30,21,Crowne Plaza Invitational at Colonial,yes,pga,basic
2026-07-13T05:31:47+00:00,2010,2010-05-23,19,HP Byron Nelson Championship,yes,pga,basic
2026-07-13T05:31:47+00:00,2010,2010-05-16,41,Valero Texas Open,yes,pga,basic
2026-07-13T05:31:47+00:00,2010,2010-05-09,11,THE PLAYERS Championship,yes,pga,basic
2026-07-13T05:31:47+00:00,2010,2010-05-02,480,Quail Hollow Championship,yes,pga,basic
2026-07-13T05:31:47+00:00,2010,2010-04-18,12,Verizon Heritage,yes,pga,basic
2026-07-13T05:31:47+00:00,2010,2010-04-11,14,Masters Tournament,no,pga,no
2026-07-13T05:31:47+00:00,2010,2010-04-04,20,Shell Houston Open,yes,pga,basic
2026-07-13T05:31:47+00:00,2010,2010-03-28,9,Arnold Palmer Invitational presented by MasterCard,yes,pga,basic
2026-07-13T05:31:47+00:00,2010,2010-03-21,475,Transitions Championship,yes,pga,basic
2026-07-13T05:31:47+00:00,2010,2010-03-14,483,Puerto Rico Open presented by Banco Popular,no,pga,no
2026-07-13T05:31:47+00:00,2010,2010-03-14,473,World Golf Championships-CA Championship,yes,pga,basic
2026-07-13T05:31:47+00:00,2010,2010-03-07,10,The Honda Classic,yes,pga,basic
2026-07-13T05:31:47+00:00,2010,2010-02-28,3,Waste Management Phoenix Open,yes,pga,basic
2026-07-13T05:31:47+00:00,2010,2010-02-21,457,Mayakoba Golf Classic at Riviera Maya-Cancun,no,pga,no
2026-07-13T05:31:47+00:00,2010,2010-02-14,5,AT&T Pebble Beach National Pro-Am,partial,pga,basic
2026-07-13T05:31:47+00:00,2010,2010-02-07,7,Northern Trust Open,yes,pga,basic
2026-07-13T05:31:47+00:00,2010,2010-01-31,4,Farmers Insurance Open,partial,pga,basic
2026-07-13T05:31:47+00:00,2010,2010-01-24,2,Bob Hope Classic,partial,pga,basic
2026-07-13T05:31:47+00:00,2010,2010-01-17,6,Sony Open in Hawaii,yes,pga,basic
2026-07-13T05:31:47+00:00,2010,2010-01-10,16,SBS Championship,yes,pga,basic
2026-07-13T05:31:47+00:00,2009,2009-12-06,478,Chevron World Challenge,no,pga,no
2026-07-13T05:31:47+00:00,2009,2009-10-25,464,Frys.com Open,yes,pga,basic
2026-07-13T05:31:47+00:00,2009,2009-10-18,47,Justin Timberlake Shriners Hospitals for Children Open,yes,pga,basic
2026-07-13T05:31:47+00:00,2009,2009-09-27,60,THE TOUR Championship presented by Coca-Cola,yes,pga,basic
2026-07-13T05:31:47+00:00,2009,2009-09-13,28,BMW Championship,yes,pga,basic
2026-07-13T05:31:47+00:00,2009,2009-09-07,505,Deutsche Bank Championship,yes,pga,basic
2026-07-13T05:31:47+00:00,2009,2009-08-30,27,The Barclays,yes,pga,basic
2026-07-13T05:31:47+00:00,2009,2009-08-23,13,Wyndham Championship,yes,pga,basic
2026-07-13T05:31:47+00:00,2009,2009-08-16,33,PGA Championship,no,pga,no
2026-07-13T05:31:47+00:00,2009,2009-08-09,476,World Golf Championships-Bridgestone Invitational,yes,pga,basic
2026-07-13T05:31:47+00:00,2009,2009-07-26,32,RBC Canadian Open,yes,pga,basic
2026-07-13T05:31:47+00:00,2009,2009-07-19,100,The Open Championship,no,pga,no
2026-07-13T05:31:47+00:00,2009,2009-07-12,30,John Deere Classic,yes,pga,basic
2026-07-13T05:31:47+00:00,2009,2009-07-05,471,AT&T National,yes,pga,basic
2026-07-13T05:31:47+00:00,2009,2009-06-28,34,Travelers Championship,yes,pga,basic
2026-07-13T05:31:47+00:00,2009,2009-06-21,26,U.S. Open Championship,no,pga,no
2026-07-13T05:31:47+00:00,2009,2009-06-14,25,St. Jude Classic presented by FedEx,yes,pga,basic
2026-07-13T05:31:47+00:00,2009,2009-06-07,23,the Memorial Tournament,yes,pga,basic
2026-07-13T05:31:47+00:00,2009,2009-05-31,21,Crowne Plaza Invitational at Colonial,yes,pga,basic
2026-07-13T05:31:47+00:00,2009,2009-05-24,19,HP Byron Nelson Championship,yes,pga,basic
2026-07-13T05:31:47+00:00,2009,2009-05-17,41,Valero Texas Open,yes,pga,basic
2026-07-13T05:31:47+00:00,2009,2009-05-10,11,THE PLAYERS Championship,yes,pga,basic
2026-07-13T05:31:47+00:00,2009,2009-05-03,480,Quail Hollow Championship,yes,pga,basic
2026-07-13T05:31:47+00:00,2009,2009-04-19,12,Verizon Heritage,yes,pga,basic
2026-07-13T05:31:47+00:00,2009,2009-04-12,14,Masters Tournament,no,pga,no
2026-07-13T05:31:47+00:00,2009,2009-04-05,20,Shell Houston Open,yes,pga,basic
2026-07-13T05:31:47+00:00,2009,2009-03-29,9,Arnold Palmer Invitational presented by MasterCard,yes,pga,basic
2026-07-13T05:31:47+00:00,2009,2009-03-22,475,Transitions Championship,yes,pga,basic
2026-07-13T05:31:47+00:00,2009,2009-03-15,483,Puerto Rico Open presented by Banco Popular,no,pga,no
2026-07-13T05:31:47+00:00,2009,2009-03-15,473,World Golf Championships-CA Championship,yes,pga,basic
2026-07-13T05:31:47+00:00,2009,2009-03-08,10,The Honda Classic,yes,pga,basic
2026-07-13T05:31:47+00:00,2009,2009-03-01,457,Mayakoba Golf Classic at Riviera Maya-Cancun,no,pga,no
2026-07-13T05:31:47+00:00,2009,2009-02-22,7,Northern Trust Open,yes,pga,basic
2026-07-13T05:31:47+00:00,2009,2009-02-15,5,AT&T Pebble Beach National Pro-Am,partial,pga,basic
2026-07-13T05:31:47+00:00,2009,2009-02-08,4,Buick Invitational,partial,pga,basic
2026-07-13T05:31:47+00:00,2009,2009-02-01,3,FBR Open,yes,pga,basic
2026-07-13T05:31:47+00:00,2009,2009-01-25,2,The 50th Bob Hope Classic hosted by Arnold Palmer,partial,pga,basic
2026-07-13T05:31:47+00:00,2009,2009-01-18,6,Sony Open in Hawaii,yes,pga,basic
2026-07-13T05:31:47+00:00,2009,2009-01-11,16,Mercedes-Benz Championship,yes,pga,basic
2026-07-13T05:31:47+00:00,2008,2008-12-21,478,Chevron World Challenge presented by Bank of America,no,pga,no
2026-07-13T05:31:47+00:00,2008,2008-10-26,464,Frys.com Open,yes,pga,basic
2026-07-13T05:31:47+00:00,2008,2008-10-19,47,Justin Timberlake Shriners Hospitals for Children Open,yes,pga,basic
2026-07-13T05:31:47+00:00,2008,2008-10-12,41,Valero Texas Open,yes,pga,basic
2026-07-13T05:31:47+00:00,2008,2008-09-28,60,THE TOUR Championship presented by Coca-Cola,yes,pga,basic
2026-07-13T05:31:47+00:00,2008,2008-09-21,54,Viking Classic,yes,pga,basic
2026-07-13T05:31:47+00:00,2008,2008-09-07,28,BMW Championship,yes,pga,basic
2026-07-13T05:31:47+00:00,2008,2008-09-01,505,Deutsche Bank Championship,yes,pga,basic
2026-07-13T05:31:47+00:00,2008,2008-08-24,27,The Barclays,yes,pga,basic
2026-07-13T05:31:47+00:00,2008,2008-08-17,13,Wyndham Championship,yes,pga,basic
2026-07-13T05:31:47+00:00,2008,2008-08-10,33,PGA Championship,no,pga,no
2026-07-13T05:31:47+00:00,2008,2008-08-03,476,World Golf Championships-Bridgestone Invitational,yes,pga,basic
2026-07-13T05:31:47+00:00,2008,2008-07-27,32,RBC Canadian Open,yes,pga,basic
2026-07-13T05:31:47+00:00,2008,2008-07-20,100,The Open Championship,no,pga,no
2026-07-13T05:31:47+00:00,2008,2008-07-13,30,John Deere Classic,yes,pga,basic
2026-07-13T05:31:47+00:00,2008,2008-07-06,471,AT&T National,yes,pga,basic
2026-07-13T05:31:47+00:00,2008,2008-06-22,34,Travelers Championship,yes,pga,basic
2026-07-13T05:31:47+00:00,2008,2008-06-15,26,U.S. Open Championship,no,pga,no
2026-07-13T05:31:47+00:00,2008,2008-06-08,25,Stanford St. Jude Championship,yes,pga,basic
2026-07-13T05:31:47+00:00,2008,2008-06-01,23,the Memorial Tournament presented by Morgan Stanley,yes,pga,basic
2026-07-13T05:31:47+00:00,2008,2008-05-25,21,Crowne Plaza Invitational at Colonial,yes,pga,basic
2026-07-13T05:31:47+00:00,2008,2008-05-11,11,THE PLAYERS Championship,yes,pga,basic
2026-07-13T05:31:47+00:00,2008,2008-05-04,480,Wachovia Championship,yes,pga,basic
2026-07-13T05:31:47+00:00,2008,2008-04-27,19,EDS Byron Nelson Championship,yes,pga,basic
2026-07-13T05:31:47+00:00,2008,2008-04-20,12,Verizon Heritage,yes,pga,basic
2026-07-13T05:31:47+00:00,2008,2008-04-13,14,Masters Tournament,no,pga,no
2026-07-13T05:31:47+00:00,2008,2008-04-06,20,Shell Houston Open,yes,pga,basic
2026-07-13T05:31:47+00:00,2008,2008-03-23,483,Puerto Rico Open presented by Banco Popular,no,pga,no
2026-07-13T05:31:47+00:00,2008,2008-03-23,473,World Golf Championships-CA Championship,yes,pga,basic
2026-07-13T05:31:47+00:00,2008,2008-03-16,9,Arnold Palmer Invitational presented by MasterCard,yes,pga,basic
2026-07-13T05:31:47+00:00,2008,2008-03-09,475,PODS Championship,yes,pga,basic
2026-07-13T05:31:47+00:00,2008,2008-03-02,10,The Honda Classic,yes,pga,basic
2026-07-13T05:31:47+00:00,2008,2008-02-24,457,Mayakoba Golf Classic at Riviera Maya-Cancun,no,pga,no
2026-07-13T05:31:47+00:00,2008,2008-02-17,7,Northern Trust Open,yes,pga,basic
2026-07-13T05:31:47+00:00,2008,2008-02-10,5,AT&T Pebble Beach National Pro-Am,partial,pga,basic
2026-07-13T05:31:47+00:00,2008,2008-02-03,3,FBR Open,yes,pga,basic
2026-07-13T05:31:47+00:00,2008,2008-01-27,4,Buick Invitational,partial,pga,basic
2026-07-13T05:31:47+00:00,2008,2008-01-20,2,Bob Hope Chrysler Classic,partial,pga,basic
2026-07-13T05:31:47+00:00,2008,2008-01-13,6,Sony Open in Hawaii,yes,pga,basic
2026-07-13T05:31:47+00:00,2008,2008-01-06,16,Mercedes-Benz Championship,yes,pga,basic
2026-07-13T05:31:47+00:00,2007,2007-12-16,478,Target World Challenge,no,pga,no
2026-07-13T05:31:47+00:00,2007,2007-10-21,464,Fry's Electronics Open,yes,pga,basic
2026-07-13T05:31:47+00:00,2007,2007-10-14,47,Frys.com Open benefiting Shriners Hospitals for Children,partial,pga,basic
2026-07-13T05:31:47+00:00,2007,2007-10-07,41,Valero Texas Open,yes,pga,basic
2026-07-13T05:31:47+00:00,2007,2007-09-30,54,Viking Classic,yes,pga,basic
2026-07-13T05:31:47+00:00,2007,2007-09-16,60,THE TOUR Championship presented by Coca-Cola,yes,pga,basic
2026-07-13T05:31:47+00:00,2007,2007-09-09,28,BMW Championship,yes,pga,basic
2026-07-13T05:31:47+00:00,2007,2007-09-03,505,Deutsche Bank Championship,yes,pga,basic
2026-07-13T05:31:47+00:00,2007,2007-08-26,27,The Barclays,yes,pga,basic
2026-07-13T05:31:47+00:00,2007,2007-08-19,13,Wyndham Championship,yes,pga,basic
2026-07-13T05:31:47+00:00,2007,2007-08-12,33,PGA Championship,no,pga,no
2026-07-13T05:31:47+00:00,2007,2007-08-05,476,World Golf Championships-Bridgestone Invitational,yes,pga,basic
2026-07-13T05:31:47+00:00,2007,2007-07-29,32,Canadian Open presented by Franklin Templeton Investments,yes,pga,basic
2026-07-13T05:31:47+00:00,2007,2007-07-22,100,The Open Championship,no,pga,no
2026-07-13T05:31:47+00:00,2007,2007-07-15,30,John Deere Classic,yes,pga,basic
2026-07-13T05:31:47+00:00,2007,2007-07-08,471,AT&T National,yes,pga,basic
2026-07-13T05:31:47+00:00,2007,2007-06-24,34,Travelers Championship,yes,pga,basic
2026-07-13T05:31:47+00:00,2007,2007-06-17,26,U.S. Open Championship,no,pga,no
2026-07-13T05:31:47+00:00,2007,2007-06-10,25,Stanford St. Jude Championship,yes,pga,basic
2026-07-13T05:31:47+00:00,2007,2007-06-03,23,the Memorial Tournament presented by Morgan Stanley,yes,pga,basic
2026-07-13T05:31:47+00:00,2007,2007-05-27,21,Crowne Plaza Invitational at Colonial,no,pga,no
2026-07-13T05:31:47+00:00,2007,2007-05-13,11,THE PLAYERS Championship,yes,pga,basic
2026-07-13T05:31:47+00:00,2007,2007-05-06,480,Wachovia Championship,yes,pga,basic
2026-07-13T05:31:47+00:00,2007,2007-04-29,19,EDS Byron Nelson Championship,partial,pga,basic
2026-07-13T05:31:47+00:00,2007,2007-04-15,12,Verizon Heritage,yes,pga,basic
2026-07-13T05:31:47+00:00,2007,2007-04-08,14,Masters Tournament,no,pga,no
2026-07-13T05:31:47+00:00,2007,2007-04-01,20,Shell Houston Open,yes,pga,basic
2026-07-13T05:31:47+00:00,2007,2007-03-25,473,World Golf Championships-CA Championship,yes,pga,basic
2026-07-13T05:31:47+00:00,2007,2007-03-18,9,Arnold Palmer Invitational presented by MasterCard,yes,pga,basic
2026-07-13T05:31:47+00:00,2007,2007-03-11,475,PODS Championship,yes,pga,basic
2026-07-13T05:31:47+00:00,2007,2007-03-04,10,The Honda Classic,yes,pga,basic
2026-07-13T05:31:47+00:00,2007,2007-02-25,457,Mayakoba Golf Classic at Riviera Maya-Cancun,no,pga,no
2026-07-13T05:31:47+00:00,2007,2007-02-18,7,Nissan Open,yes,pga,basic
2026-07-13T05:31:47+00:00,2007,2007-02-11,5,AT&T Pebble Beach National Pro-Am,partial,pga,basic
2026-07-13T05:31:47+00:00,2007,2007-02-04,3,FBR Open,yes,pga,basic
2026-07-13T05:31:47+00:00,2007,2007-01-28,4,Buick Invitational,partial,pga,basic
2026-07-13T05:31:47+00:00,2007,2007-01-21,2,Bob Hope Chrysler Classic,partial,pga,basic
2026-07-13T05:31:47+00:00,2007,2007-01-14,6,Sony Open in Hawaii,yes,pga,basic
2026-07-13T05:31:47+00:00,2007,2007-01-07,16,Mercedes-Benz Championship,yes,pga,basic
2026-07-13T05:31:47+00:00,2006,2006-12-17,478,Target World Challenge presented by Countrywide,no,pga,no
2026-07-13T05:31:47+00:00,2006,2006-11-05,60,THE TOUR Championship presented by Coca-Cola,yes,pga,basic
2026-07-13T05:31:47+00:00,2006,2006-10-29,475,Chrysler Championship,yes,pga,basic
2026-07-13T05:31:47+00:00,2006,2006-10-15,47,Frys.com Open,partial,pga,basic
2026-07-13T05:31:47+00:00,2006,2006-10-08,13,Chrysler Classic of Greensboro,yes,pga,basic
2026-07-13T05:31:47+00:00,2006,2006-10-01,473,World Golf Championships-American Express Championship,yes,pga,basic
2026-07-13T05:31:47+00:00,2006,2006-10-01,54,Southern Farm Bureau Classic,yes,pga,basic
2026-07-13T05:31:47+00:00,2006,2006-09-24,41,Valero Texas Open,yes,pga,basic
2026-07-13T05:31:47+00:00,2006,2006-09-10,32,Canadian Open,yes,pga,basic
2026-07-13T05:31:47+00:00,2006,2006-09-04,505,Deutsche Bank Championship,yes,pga,basic
2026-07-13T05:31:47+00:00,2006,2006-08-27,476,World Golf Championships-Bridgestone Invitational,yes,pga,basic
2026-07-13T05:31:47+00:00,2006,2006-08-20,33,PGA Championship,no,pga,no
2026-07-13T05:31:47+00:00,2006,2006-07-23,100,The Open Championship,no,pga,no
2026-07-13T05:31:47+00:00,2006,2006-07-16,30,John Deere Classic,yes,pga,basic
2026-07-13T05:31:47+00:00,2006,2006-07-09,28,Cialis Western Open,yes,pga,basic
2026-07-13T05:31:47+00:00,2006,2006-07-02,34,Buick Championship,yes,pga,basic
2026-07-13T05:31:47+00:00,2006,2006-06-18,26,U.S. Open Championship,no,pga,no
2026-07-13T05:31:47+00:00,2006,2006-06-11,27,Barclays Classic,yes,pga,basic
2026-07-13T05:31:47+00:00,2006,2006-06-04,23,the Memorial Tournament,yes,pga,basic
2026-07-13T05:31:47+00:00,2006,2006-05-28,25,FedEx St. Jude Classic,yes,pga,basic
2026-07-13T05:31:47+00:00,2006,2006-05-21,21,Bank of America Colonial,yes,pga,basic
2026-07-13T05:31:47+00:00,2006,2006-05-14,19,EDS Byron Nelson Championship,partial,pga,basic
2026-07-13T05:31:47+00:00,2006,2006-05-07,480,Wachovia Championship,yes,pga,basic
2026-07-13T05:31:47+00:00,2006,2006-04-23,20,Shell Houston Open,yes,pga,basic
2026-07-13T05:31:47+00:00,2006,2006-04-16,12,Verizon Heritage,yes,pga,basic
2026-07-13T05:31:47+00:00,2006,2006-04-09,14,Masters Tournament,no,pga,no
2026-07-13T05:31:47+00:00,2006,2006-03-26,11,THE PLAYERS Championship,yes,pga,basic
2026-07-13T05:31:47+00:00,2006,2006-03-19,9,Bay Hill Invitational Presented by MasterCard,yes,pga,basic
2026-07-13T05:31:47+00:00,2006,2006-03-12,10,The Honda Classic,yes,pga,basic
2026-07-13T05:31:47+00:00,2006,2006-02-19,7,Nissan Open,yes,pga,basic
2026-07-13T05:31:47+00:00,2006,2006-02-12,5,AT&T Pebble Beach National Pro-Am,partial,pga,basic
2026-07-13T05:31:47+00:00,2006,2006-02-05,3,FBR Open,yes,pga,basic
2026-07-13T05:31:47+00:00,2006,2006-01-29,4,Buick Invitational,partial,pga,basic
2026-07-13T05:31:47+00:00,2006,2006-01-22,2,Bob Hope Chrysler Classic,partial,pga,basic
2026-07-13T05:31:47+00:00,2006,2006-01-15,6,Sony Open in Hawaii,yes,pga,basic
2026-07-13T05:31:47+00:00,2006,2006-01-08,16,Mercedes Championships,yes,pga,basic
2026-07-13T05:31:47+00:00,2005,2005-12-11,478,Target World Challenge presented by Countrywide,no,pga,no
2026-07-13T05:31:47+00:00,2005,2005-11-06,60,THE TOUR Championship presented by Coca-Cola,yes,pga,basic
2026-07-13T05:31:47+00:00,2005,2005-11-06,54,Southern Farm Bureau Classic,yes,pga,basic
2026-07-13T05:31:47+00:00,2005,2005-10-30,475,Chrysler Championship,yes,pga,basic
2026-07-13T05:31:47+00:00,2005,2005-10-16,47,Michelin Championship at Las Vegas,partial,pga,basic
2026-07-13T05:31:47+00:00,2005,2005-10-09,473,World Golf Championships-American Express Championship,yes,pga,basic
2026-07-13T05:31:47+00:00,2005,2005-10-02,13,Chrysler Classic of Greensboro,yes,pga,basic
2026-07-13T05:31:47+00:00,2005,2005-09-25,41,Valero Texas Open,yes,pga,basic
2026-07-13T05:31:47+00:00,2005,2005-09-11,32,Bell Canadian Open,yes,pga,basic
2026-07-13T05:31:47+00:00,2005,2005-09-05,505,Deutsche Bank Championship,yes,pga,basic
2026-07-13T05:31:47+00:00,2005,2005-08-28,34,Buick Championship,yes,pga,basic
2026-07-13T05:31:47+00:00,2005,2005-08-21,476,World Golf Championships-NEC Invitational,yes,pga,basic
2026-07-13T05:31:47+00:00,2005,2005-08-14,33,PGA Championship,no,pga,no
2026-07-13T05:31:47+00:00,2005,2005-07-17,100,The Open Championship,no,pga,no
2026-07-13T05:31:47+00:00,2005,2005-07-10,30,John Deere Classic,yes,pga,basic
2026-07-13T05:31:47+00:00,2005,2005-07-03,28,Cialis Western Open,yes,pga,basic
2026-07-13T05:31:47+00:00,2005,2005-06-26,27,Barclays Classic,yes,pga,basic
2026-07-13T05:31:47+00:00,2005,2005-06-19,26,U.S. Open Championship,no,pga,no
2026-07-13T05:31:47+00:00,2005,2005-06-05,23,the Memorial Tournament,yes,pga,basic
2026-07-13T05:31:47+00:00,2005,2005-05-29,25,FedEx St. Jude Classic,yes,pga,basic
2026-07-13T05:31:47+00:00,2005,2005-05-22,21,Bank of America Colonial,yes,pga,basic
2026-07-13T05:31:47+00:00,2005,2005-05-15,19,EDS Byron Nelson Championship,partial,pga,basic
2026-07-13T05:31:47+00:00,2005,2005-05-08,480,Wachovia Championship,yes,pga,basic
2026-07-13T05:31:47+00:00,2005,2005-04-24,20,Shell Houston Open,yes,pga,basic
2026-07-13T05:31:47+00:00,2005,2005-04-17,12,MCI Heritage,yes,pga,basic
2026-07-13T05:31:47+00:00,2005,2005-04-10,14,Masters Tournament,no,pga,no
2026-07-13T05:31:47+00:00,2005,2005-03-27,11,THE PLAYERS Championship,yes,pga,basic
2026-07-13T05:31:47+00:00,2005,2005-03-20,9,Bay Hill Invitational Presented by MasterCard,yes,pga,basic
2026-07-13T05:31:47+00:00,2005,2005-03-13,10,The Honda Classic,no,pga,no
2026-07-13T05:31:47+00:00,2005,2005-02-20,7,Nissan Open,yes,pga,basic
2026-07-13T05:31:47+00:00,2005,2005-02-13,5,AT&T Pebble Beach National Pro-Am,partial,pga,basic
2026-07-13T05:31:47+00:00,2005,2005-02-06,3,FBR Open,yes,pga,basic
2026-07-13T05:31:47+00:00,2005,2005-01-30,2,Bob Hope Chrysler Classic,partial,pga,basic
2026-07-13T05:31:47+00:00,2005,2005-01-23,4,Buick Invitational,partial,pga,basic
2026-07-13T05:31:47+00:00,2005,2005-01-16,6,Sony Open in Hawaii,yes,pga,basic
2026-07-13T05:31:47+00:00,2005,2005-01-09,16,Mercedes Championships,yes,pga,basic
2026-07-13T05:31:47+00:00,2004,2004-12-12,478,Target World Challenge,no,pga,no
2026-07-13T05:31:47+00:00,2004,2004-11-07,60,THE TOUR Championship presented by Coca-Cola,yes,pga,basic
2026-07-13T05:31:47+00:00,2004,2004-10-31,475,Chrysler Championship,yes,pga,basic
2026-07-13T05:31:47+00:00,2004,2004-10-17,13,Chrysler Classic of Greensboro,no,pga,no
2026-07-13T05:31:47+00:00,2004,2004-10-10,47,Michelin Championship at Las Vegas,partial,pga,basic
2026-07-13T05:31:47+00:00,2004,2004-10-03,54,Southern Farm Bureau Classic,yes,pga,basic
2026-07-13T05:31:47+00:00,2004,2004-10-03,473,World Golf Championships-American Express Championship,yes,pga,basic
2026-07-13T05:31:47+00:00,2004,2004-09-19,41,Valero Texas Open,yes,pga,basic
2026-07-13T05:31:47+00:00,2004,2004-09-12,32,Bell Canadian Open,yes,pga,basic
2026-07-13T05:31:47+00:00,2004,2004-09-06,505,Deutsche Bank Championship,yes,pga,basic
2026-07-13T05:31:47+00:00,2004,2004-08-29,34,Buick Championship,yes,pga,basic
2026-07-13T05:31:47+00:00,2004,2004-08-22,476,World Golf Championships-NEC Invitational,yes,pga,basic
2026-07-13T05:31:47+00:00,2004,2004-08-15,33,PGA Championship,no,pga,no
2026-07-13T05:31:47+00:00,2004,2004-07-18,100,The Open Championship,no,pga,no
2026-07-13T05:31:47+00:00,2004,2004-07-11,30,John Deere Classic,yes,pga,basic
2026-07-13T05:31:47+00:00,2004,2004-07-04,28,Cialis Western Open,yes,pga,basic
2026-07-13T05:31:47+00:00,2004,2004-06-20,26,U.S. Open Championship,no,pga,no
2026-07-13T05:31:47+00:00,2004,2004-06-13,27,Buick Classic,yes,pga,basic
2026-07-13T05:31:47+00:00,2004,2004-06-06,23,the Memorial Tournament,yes,pga,basic
2026-07-13T05:31:47+00:00,2004,2004-05-30,25,FedEx St. Jude Classic,yes,pga,basic
2026-07-13T05:31:47+00:00,2004,2004-05-23,21,Bank of America Colonial,yes,pga,basic
2026-07-13T05:31:47+00:00,2004,2004-05-16,19,EDS Byron Nelson Championship,partial,pga,basic
2026-07-13T05:31:47+00:00,2004,2004-05-09,480,Wachovia Championship,yes,pga,basic
2026-07-13T05:31:47+00:00,2004,2004-04-25,20,Shell Houston Open,yes,pga,basic
2026-07-13T05:31:47+00:00,2004,2004-04-18,12,MCI Heritage,yes,pga,basic
2026-07-13T05:31:47+00:00,2004,2004-04-11,14,Masters Tournament,no,pga,no
2026-07-13T05:31:47+00:00,2004,2004-03-28,11,THE PLAYERS Championship,yes,pga,basic
2026-07-13T05:31:47+00:00,2004,2004-03-21,9,Bay Hill Invitational Presented by MasterCard,yes,pga,basic
2026-07-13T05:31:47+00:00,2004,2004-03-14,10,The Honda Classic,no,pga,no
2026-07-13T05:31:47+00:00,2004,2004-02-22,7,Nissan Open,yes,pga,basic
2026-07-13T05:31:47+00:00,2004,2004-02-15,4,Buick Invitational,partial,pga,basic
2026-07-13T05:31:47+00:00,2004,2004-02-08,5,AT&T Pebble Beach National Pro-Am,partial,pga,basic
2026-07-13T05:31:47+00:00,2004,2004-02-01,3,FBR Open,yes,pga,basic
2026-07-13T05:31:47+00:00,2004,2004-01-25,2,Bob Hope Chrysler Classic,partial,pga,basic
2026-07-13T05:31:47+00:00,2004,2004-01-18,6,Sony Open in Hawaii,yes,pga,basic
2026-07-13T05:31:47+00:00,2004,2004-01-11,16,Mercedes Championships,no,pga,no
2026-07-13T05:31:47+00:00,2003,2003-08-17,33,PGA Championship,no,pga,no
2026-07-13T05:31:47+00:00,2003,2003-07-20,100,The Open Championship,no,pga,no
2026-07-13T05:31:47+00:00,2003,2003-06-15,26,U.S. Open Championship,no,pga,no
2026-07-13T05:31:47+00:00,2003,2003-04-13,14,Masters Tournament,no,pga,no
2026-07-13T05:31:47+00:00,2003,2003-03-30,11,THE PLAYERS Championship,no,pga,no
2026-07-13T05:31:47+00:00,2002,2002-08-18,33,PGA Championship,no,pga,no
2026-07-13T05:31:47+00:00,2002,2002-07-21,100,British Open Championship,no,pga,no
2026-07-13T05:31:47+00:00,2002,2002-06-16,26,U.S. Open Championship,no,pga,no
2026-07-13T05:31:47+00:00,2002,2002-04-14,14,Masters Tournament,no,pga,no
2026-07-13T05:31:47+00:00,2002,2002-03-24,11,THE PLAYERS Championship,no,pga,no
2026-07-13T05:31:47+00:00,2001,2001-08-19,33,PGA Championship,no,pga,no
2026-07-13T05:31:47+00:00,2001,2001-07-22,100,British Open Championship,no,pga,no
2026-07-13T05:31:47+00:00,2001,2001-06-17,26,U.S. Open Championship,no,pga,no
2026-07-13T05:31:47+00:00,2001,2001-04-08,14,Masters Tournament,no,pga,no
2026-07-13T05:31:47+00:00,2001,2001-03-25,11,THE PLAYERS Championship,no,pga,no
2026-07-13T05:31:47+00:00,2000,2000-08-20,33,PGA Championship,no,pga,no
2026-07-13T05:31:47+00:00,2000,2000-07-23,100,British Open Championship,no,pga,no
2026-07-13T05:31:47+00:00,2000,2000-06-18,26,U.S. Open Championship,no,pga,no
2026-07-13T05:31:47+00:00,2000,2000-04-09,14,Masters Tournament,no,pga,no
2026-07-13T05:31:47+00:00,2000,2000-03-26,11,THE PLAYERS Championship,no,pga,no
2026-07-13T05:31:47+00:00,1999,1999-08-15,33,PGA Championship,no,pga,no
2026-07-13T05:31:47+00:00,1999,1999-07-18,100,British Open Championship,no,pga,no
2026-07-13T05:31:47+00:00,1999,1999-06-20,26,U.S. Open Championship,no,pga,no
2026-07-13T05:31:47+00:00,1999,1999-04-11,14,Masters Tournament,no,pga,no
2026-07-13T05:31:47+00:00,1999,1999-03-28,11,THE PLAYERS Championship,no,pga,no
2026-07-13T05:31:47+00:00,1998,1998-08-16,33,PGA Championship,no,pga,no
2026-07-13T05:31:47+00:00,1998,1998-07-19,100,British Open Championship,no,pga,no
2026-07-13T05:31:47+00:00,1998,1998-06-21,26,U.S. Open Championship,no,pga,no
2026-07-13T05:31:47+00:00,1998,1998-04-12,14,Masters Tournament,no,pga,no
2026-07-13T05:31:47+00:00,1998,1998-03-29,11,THE PLAYERS Championship,no,pga,no
2026-07-13T05:31:47+00:00,1997,1997-08-17,33,PGA Championship,no,pga,no
2026-07-13T05:31:47+00:00,1997,1997-07-20,100,British Open Championship,no,pga,no
2026-07-13T05:31:47+00:00,1997,1997-06-15,26,U.S. Open Championship,no,pga,no
2026-07-13T05:31:47+00:00,1997,1997-04-13,14,Masters Tournament,no,pga,no
2026-07-13T05:31:47+00:00,1997,1997-03-30,11,THE PLAYERS Championship,no,pga,no
2026-07-13T05:31:47+00:00,1996,1996-08-11,33,PGA Championship,no,pga,no
2026-07-13T05:31:47+00:00,1996,1996-07-21,100,British Open Championship,no,pga,no
2026-07-13T05:31:47+00:00,1996,1996-06-16,26,U.S. Open Championship,no,pga,no
2026-07-13T05:31:47+00:00,1996,1996-04-14,14,Masters Tournament,no,pga,no
2026-07-13T05:31:47+00:00,1996,1996-03-31,11,THE PLAYERS Championship,no,pga,no
2026-07-13T05:31:47+00:00,1995,1995-08-13,33,PGA Championship,no,pga,no
2026-07-13T05:31:47+00:00,1995,1995-07-23,100,British Open Championship,no,pga,no
2026-07-13T05:31:47+00:00,1995,1995-06-18,26,U.S. Open Championship,no,pga,no
2026-07-13T05:31:47+00:00,1995,1995-04-09,14,Masters Tournament,no,pga,no
2026-07-13T05:31:47+00:00,1995,1995-03-26,11,THE PLAYERS Championship,no,pga,no
2026-07-13T05:31:47+00:00,1994,1994-08-14,33,PGA Championship,no,pga,no
2026-07-13T05:31:47+00:00,1994,1994-07-17,100,Open Championship,no,pga,no
2026-07-13T05:31:47+00:00,1994,1994-06-19,26,U.S. Open Championship,no,pga,no
2026-07-13T05:31:47+00:00,1994,1994-04-10,14,Masters Tournament,no,pga,no
2026-07-13T05:31:47+00:00,1994,1994-03-27,11,THE PLAYERS Championship,no,pga,no
2026-07-13T05:31:47+00:00,1993,1993-08-15,33,PGA Championship,no,pga,no
2026-07-13T05:31:47+00:00,1993,1993-07-18,100,Open Championship,no,pga,no
2026-07-13T05:31:47+00:00,1993,1993-06-20,26,U.S. Open Championship,no,pga,no
2026-07-13T05:31:47+00:00,1993,1993-04-11,14,Masters Tournament,no,pga,no
2026-07-13T05:31:47+00:00,1993,1993-03-28,11,THE PLAYERS Championship,no,pga,no
2026-07-13T05:31:47+00:00,1992,1992-08-16,33,PGA Championship,no,pga,no
2026-07-13T05:31:47+00:00,1992,1992-07-19,100,Open Championship,no,pga,no
2026-07-13T05:31:47+00:00,1992,1992-06-21,26,U.S. Open Championship,no,pga,no
2026-07-13T05:31:47+00:00,1992,1992-04-12,14,Masters Tournament,no,pga,no
2026-07-13T05:31:47+00:00,1992,1992-03-29,11,THE PLAYERS Championship,no,pga,no
2026-07-13T05:31:47+00:00,1991,1991-08-11,33,PGA Championship,no,pga,no
2026-07-13T05:31:47+00:00,1991,1991-07-21,100,Open Championship,no,pga,no
2026-07-13T05:31:47+00:00,1991,1991-06-16,26,U.S. Open Championship,no,pga,no
2026-07-13T05:31:47+00:00,1991,1991-04-14,14,Masters Tournament,no,pga,no
2026-07-13T05:31:47+00:00,1991,1991-03-31,11,THE PLAYERS Championship,no,pga,no
2026-07-13T05:31:47+00:00,1990,1990-08-12,33,PGA Championship,no,pga,no
2026-07-13T05:31:47+00:00,1990,1990-07-22,100,Open Championship,no,pga,no
2026-07-13T05:31:47+00:00,1990,1990-06-17,26,U.S. Open,no,pga,no
2026-07-13T05:31:47+00:00,1990,1990-04-08,14,Masters Tournament,no,pga,no
2026-07-13T05:31:47+00:00,1990,1990-03-18,11,THE PLAYERS Championship,no,pga,no
2026-07-13T05:31:47+00:00,1989,1989-08-13,33,PGA Championship,no,pga,no
2026-07-13T05:31:47+00:00,1989,1989-07-23,100,Open Championship,no,pga,no
2026-07-13T05:31:47+00:00,1989,1989-06-18,26,U.S. Open Championship,no,pga,no
2026-07-13T05:31:47+00:00,1989,1989-04-09,14,Masters Tournament,no,pga,no
2026-07-13T05:31:47+00:00,1989,1989-03-19,11,THE PLAYERS Championship,no,pga,no
2026-07-13T05:31:47+00:00,1988,1988-08-14,33,PGA Championship,no,pga,no
2026-07-13T05:31:47+00:00,1988,1988-07-17,100,Open Championship,no,pga,no
2026-07-13T05:31:47+00:00,1988,1988-06-19,26,U.S. Open,no,pga,no
2026-07-13T05:31:47+00:00,1988,1988-04-10,14,Masters Tournament,no,pga,no
2026-07-13T05:31:47+00:00,1988,1988-03-27,11,THE PLAYERS Championship,no,pga,no
2026-07-13T05:31:47+00:00,1987,1987-08-09,33,PGA Championship,no,pga,no
2026-07-13T05:31:47+00:00,1987,1987-07-19,100,Open Championship,no,pga,no
2026-07-13T05:31:47+00:00,1987,1987-06-19,26,U.S. Open,no,pga,no
2026-07-13T05:31:47+00:00,1987,1987-04-12,14,Masters Tournament,no,pga,no
2026-07-13T05:31:47+00:00,1987,1987-03-29,11,Tournament Players Championship,no,pga,no
2026-07-13T05:31:47+00:00,1986,1986-08-10,33,PGA Championship,no,pga,no
2026-07-13T05:31:47+00:00,1986,1986-07-20,100,Open Championship,no,pga,no
2026-07-13T05:31:47+00:00,1986,1986-06-15,26,U.S. Open,no,pga,no
2026-07-13T05:31:47+00:00,1986,1986-04-13,14,Masters Tournament,no,pga,no
2026-07-13T05:31:47+00:00,1986,1986-03-30,11,Tournament Players Championship,no,pga,no
2026-07-13T05:31:47+00:00,1985,1985-08-11,33,PGA Championship,no,pga,no
2026-07-13T05:31:47+00:00,1985,1985-07-21,100,Open Championship,no,pga,no
2026-07-13T05:31:47+00:00,1985,1985-06-16,26,U.S. Open,no,pga,no
2026-07-13T05:31:47+00:00,1985,1985-04-14,14,Masters Tournament,no,pga,no
2026-07-13T05:31:47+00:00,1985,1985-03-31,11,Tournament Players Championship,no,pga,no
2026-07-13T05:31:47+00:00,1984,1984-08-19,33,PGA Championship,no,pga,no
2026-07-13T05:31:47+00:00,1984,1984-07-22,100,Open Championship,no,pga,no
2026-07-13T05:31:47+00:00,1984,1984-06-17,26,U.S. Open Championship,no,pga,no
2026-07-13T05:31:47+00:00,1984,1984-04-15,14,Masters Tournament,no,pga,no
2026-07-13T05:31:47+00:00,1984,1984-04-01,11,Tournament Players Championship,no,pga,no
2026-07-13T05:31:47+00:00,1983,1983-08-07,33,PGA Championship,no,pga,no
2026-07-13T05:31:47+00:00,1983,1983-07-17,100,Open Championship,no,pga,no
2026-07-13T05:31:47+00:00,1983,1983-06-16,26,U.S. Open Championship,no,pga,no
2026-07-13T05:31:47+00:00,1983,1983-04-11,14,Masters Tournament,no,pga,no
2026-07-13T05:31:47+00:00,1983,1983-03-27,11,Tournament Players Championship,no,pga,no
