amateur,country,country_code,dg_id,player_name,updated_at
0,United States,USA,32153,"Abbate, Ryan",2026-08-19T10:16:28+00:00
0,England,ENG,14794,"Abbott, Jamie",2026-08-19T10:16:28+00:00
0,United States,USA,22451,"Abella, Joseph",2026-08-19T10:16:28+00:00
0,United States,USA,24952,"Abercrombie, Blake",2026-08-19T10:16:28+00:00
0,Sweden,SWE,23950,"Aberg, Ludvig",2026-08-19T10:16:28+00:00
1,Egypt,EGY,8863,"Abou El Ela, Issa",2026-08-19T10:16:28+00:00
0,Portugal,POR,24555,"Abreu, Alexandre",2026-08-19T10:16:28+00:00
0,Turkey,TUR,21644,"Acikalin, Leon",2026-08-19T10:16:28+00:00
0,United States,USA,27455,"Ackerman, Derek",2026-08-19T10:16:28+00:00
0,Scotland,SCO,34024,"Adam, Cameron",2026-08-19T10:16:28+00:00
0,United States,USA,7612,"Adamonis, Brad",2026-08-19T10:16:28+00:00
0,United States,USA,34884,"Adams, Collin",2026-08-19T10:16:28+00:00
0,United States,USA,34444,"Adams, Matthew",2026-08-19T10:16:28+00:00
0,United States,USA,35576,"Adler, Patrick",2026-08-19T10:16:28+00:00
0,United States,USA,30736,"Adrounie, Tom",2026-08-19T10:16:28+00:00
0,South Africa,RSA,24573,"Africa, Keelan",2026-08-19T10:16:28+00:00
0,Denmark,DEN,24655,"Agerschou, Jacob Worm",2026-08-19T10:16:28+00:00
0,Sweden,SWE,20400,"Agren, Jonathan",2026-08-19T10:16:28+00:00
0,Colombia,COL,25686,"Aguado, Camilo",2026-08-19T10:16:28+00:00
0,Chile,CHI,8135,"Aguilar, Felipe",2026-08-19T10:16:28+00:00
0,Spain,ESP,19557,"Aguilar, Mario Galiano",2026-08-19T10:16:28+00:00
0,India,IND,22897,"Ahlawat, Veer",2026-08-19T10:16:28+00:00
0,South Africa,RSA,11852,"Ahlers, Jaco",2026-08-19T10:16:28+00:00
0,Finland,FIN,11897,"Ahokas, Antti",2026-08-19T10:16:28+00:00
0,South Africa,RSA,7679,"Aiken, Thomas",2026-08-19T10:16:28+00:00
1,United States,USA,30618,"Akana, Blaze",2026-08-19T10:16:28+00:00
0,Sweden,SWE,11530,"Akesson, Bjorn",2026-08-19T10:16:28+00:00
1,United States,USA,32652,"Akina, Kihei",2026-08-19T10:16:28+00:00
0,Uganda,UGA,8749,"Akope, Deo",2026-08-19T10:16:28+00:00
0,Japan,JPN,15726,"Akutsu, Mikiya",2026-08-19T10:16:28+00:00
1,Qatar,QAT,17056,"Al Kaabi, Saleh",2026-08-19T10:16:28+00:00
0,Saudi Arabia,KSA,23074,"Al Kurdi, Shergo",2026-08-19T10:16:28+00:00
0,Saudi Arabia,KSA,11985,"Al Mulla, Othman",2026-08-19T10:16:28+00:00
0,United Arab Emirates,UAE,14407,"Al Musharrekh, Ahmed",2026-08-19T10:16:28+00:00
0,United Arab Emirates,UAE,22704,"Al Musharrekh, Hassin",2026-08-19T10:16:28+00:00
1,Oman,OMA,18024,"Al Rumhy, Azzan",2026-08-19T10:16:28+00:00
0,Saudi Arabia,KSA,22606,"Al Sharif, Saud",2026-08-19T10:16:28+00:00
0,Bahrain,BRN,30586,"Al Zayed, Ahmed",2026-08-19T10:16:28+00:00
0,Qatar,QAT,15960,"Al-Shahrani, Ali",2026-08-19T10:16:28+00:00
0,United States,USA,29601,"Albano, Jr., Anthony",2026-08-19T10:16:28+00:00
0,Germany,GER,25305,"Albers, Anton",2026-08-19T10:16:28+00:00
0,South Africa,RSA,24341,"Albertse, Louis",2026-08-19T10:16:28+00:00
0,United States,USA,21235,"Albertson, Anders",2026-08-19T10:16:28+00:00
0,Netherlands,NED,16496,"Albertus, Max",2026-08-19T10:16:28+00:00
0,United States,USA,11677,"Aldridge, Tyler",2026-08-19T10:16:28+00:00
0,United States,USA,14002,"Alexander, Tyson",2026-08-19T10:16:28+00:00
0,United States,USA,29152,"Alford, Ryan",2026-08-19T10:16:28+00:00
0,Bahrain,BRN,30582,"Alkaabi, Khalifa",2026-08-19T10:16:28+00:00
0,New Zealand,NZL,4871,"Alker, Steven",2026-08-19T10:16:28+00:00
1,Bahrain,BRN,26093,"Alkowari, Ali",2026-08-19T10:16:28+00:00
1,Qatar,QAT,24543,"Alkuwari, Jaham",2026-08-19T10:16:28+00:00
0,England,ENG,18778,"Allan, James",2026-08-19T10:16:28+00:00
0,Australia,AUS,5697,"Allan, Stephen",2026-08-19T10:16:28+00:00
0,Australia,AUS,4949,"Allenby, Robert",2026-08-19T10:16:28+00:00
0,United States,USA,27560,"Alligood, Andrew",2026-08-19T10:16:28+00:00
0,Chile,CHI,12547,"Alvarado, Benjamin",2026-08-19T10:16:28+00:00
0,Colombia,COL,19461,"Alvarez, Felipe",2026-08-19T10:16:28+00:00
0,France,FRA,28592,"Amat, Bastien",2026-08-19T10:16:28+00:00
0,unknown,unknown,10058297,"Amin, Paresh",2026-08-19T10:16:28+00:00
0,United States,USA,34763,"Amlung, Clay",2026-08-19T10:16:28+00:00
0,Zimbabwe,ZIM,18286,"Amm, David",2026-08-19T10:16:28+00:00
0,Korea - Republic of,KOR,14459,"An, Byeong Hun",2026-08-19T10:16:28+00:00
1,India,IND,32006,"Anand, Vinamra",2026-08-19T10:16:28+00:00
0,Mexico,MEX,18238,"Ancer, Abraham",2026-08-19T10:16:28+00:00
0,Denmark,DEN,20158,"Andersen, Jeppe Kristian",2026-08-19T10:16:28+00:00
0,United States,USA,23540,"Andersen, Mason",2026-08-19T10:16:28+00:00
0,United States,USA,29828,"Anderson, Cole",2026-08-19T10:16:28+00:00
0,United States,USA,12131,"Anderson, Mark",2026-08-19T10:16:28+00:00
0,Canada,CAN,26617,"Anderson, Matthew",2026-08-19T10:16:28+00:00
0,United States,USA,28355,"Anderson, Samuel",2026-08-19T10:16:28+00:00
0,United States,USA,708,"Andrade, Billy",2026-08-19T10:16:28+00:00
0,United States,USA,35059,"Andrews, Tegan",2026-08-19T10:16:28+00:00
0,Singapore,SIN,29123,"Ang, Ryan",2026-08-19T10:16:28+00:00
0,Spain,ESP,19634,"Angles, Pep",2026-08-19T10:16:28+00:00
0,United States,USA,19029,"Anguiano, Mark",2026-08-19T10:16:28+00:00
0,United States,USA,31382,"Angus, Nate",2026-08-19T10:16:28+00:00
0,New Zealand,NZL,24328,"Anstiss, James",2026-08-19T10:16:28+00:00
0,Australia,AUS,22815,"Antcliff, Maverick",2026-08-19T10:16:28+00:00
0,Netherlands,NED,27144,"Antonisse, Dario",2026-08-19T10:16:28+00:00
0,Russian Federation,RUS,30514,"Antropenko, Elisey",2026-08-19T10:16:28+00:00
0,Thailand,THA,12321,"Aphibarnrat, Kiradech",2026-08-19T10:16:28+00:00
0,United States,USA,16213,"Arendell, Connor",2026-08-19T10:16:28+00:00
0,Colombia,COL,15246,"Arizabaleta, Alvaro Tote",2026-08-19T10:16:28+00:00
0,Germany,GER,20356,"Arkenau, Hinrich",2026-08-19T10:16:28+00:00
0,United States,USA,26907,"Arman, Nick",2026-08-19T10:16:28+00:00
0,England,ENG,17813,"Armitage, Marcus",2026-08-19T10:16:28+00:00
0,United States,USA,8469,"Armour, Ryan",2026-08-19T10:16:28+00:00
0,United States,USA,24906,"Armstrong, Dawson",2026-08-19T10:16:28+00:00
0,Australia,AUS,19201,"Armstrong, Josh",2026-08-19T10:16:28+00:00
0,United States,USA,13815,"Arnaud, Michael",2026-08-19T10:16:28+00:00
0,Spain,ESP,23236,"Arnaus, Adri",2026-08-19T10:16:28+00:00
1,Iceland,ISL,29401,"Arni Sveinsson, Gunnlaugur",2026-08-19T10:16:28+00:00
0,Australia,AUS,10861,"Arnold, Jamie",2026-08-19T10:16:28+00:00
0,Australia,AUS,11810,"Arnold, Scott",2026-08-19T10:16:28+00:00
0,Argentina,ARG,25843,"Arozena, Juan",2026-08-19T10:16:28+00:00
0,South Africa,RSA,31766,"Arthur, Astin",2026-08-19T10:16:28+00:00
0,Japan,JPN,12637,"Asaji, Yosuke",2026-08-19T10:16:28+00:00
0,Wales,WAL,28636,"Ashfield, James",2026-08-19T10:16:28+00:00
1,Turkey,TUR,26277,"Aslan, Tarik",2026-08-19T10:16:28+00:00
0,Austria,AUT,10539,"Astl, Leonhard",2026-08-19T10:16:28+00:00
0,Kenya,KEN,28128,"Asuza, Edwin Inana",2026-08-19T10:16:28+00:00
0,United States,USA,19360,"Atkins, Matt",2026-08-19T10:16:28+00:00
0,Saudi Arabia,KSA,15221,"Attieh, Khaled",2026-08-19T10:16:28+00:00
0,India,IND,5701,"Atwal, Arjun",2026-08-19T10:16:28+00:00
1,France,FRA,28455,"Auch Roy, Noa",2026-08-19T10:16:28+00:00
0,United States,USA,26211,"Augenstein, John",2026-08-19T10:16:28+00:00
0,United States,USA,34028,"Aurilia, Chaz",2026-08-19T10:16:28+00:00
0,United States,USA,27681,"Auterson, Mike",2026-08-19T10:16:28+00:00
0,United States,USA,31585,"Avant, Thomas",2026-08-19T10:16:28+00:00
0,United States,USA,33358,"Avrit, Owen",2026-08-19T10:16:28+00:00
0,Denmark,DEN,19637,"Axelsen, John",2026-08-19T10:16:28+00:00
0,United States,USA,8024,"Axley, Eric",2026-08-19T10:16:28+00:00
0,United States,USA,18700,"Aylwin, Kevin",2026-08-19T10:16:28+00:00
0,Spain,ESP,30445,"Ayora, Angel",2026-08-19T10:16:28+00:00
0,United States,USA,35071,"Azallion, Daniel",2026-08-19T10:16:28+00:00
0,India,IND,27449,"Azhar, Mohd",2026-08-19T10:16:28+00:00
0,Slovakia,SVK,31341,"Babic, Matej",2026-08-19T10:16:28+00:00
1,Czech Republic,CZE,28737,"Baca, Matej",2026-08-19T10:16:28+00:00
0,United States,USA,33949,"Bacha, Carson",2026-08-19T10:16:28+00:00
0,Germany,GER,23016,"Bachem, Nick",2026-08-19T10:16:28+00:00
0,Australia,AUS,6252,"Baddeley, Aaron",2026-08-19T10:16:28+00:00
0,United States,USA,28637,"Bae, Eric",2026-08-19T10:16:28+00:00
0,Korea - Republic of,KOR,10081,"Bae, Sangmoon",2026-08-19T10:16:28+00:00
0,Korea - Republic of,KOR,25628,"Bae, Yongjun",2026-08-19T10:16:28+00:00
0,Denmark,DEN,19642,"Baek, Peter Launer",2026-08-19T10:16:28+00:00
0,United States,USA,12745,"Baek, Todd",2026-08-19T10:16:28+00:00
0,China,CHN,17346,"Bai, Bobby",2026-08-19T10:16:28+00:00
0,United States,USA,24987,"Bailey, Brooklin",2026-08-19T10:16:28+00:00
0,England,ENG,28615,"Bairstow, Sam",2026-08-19T10:16:28+00:00
0,India,IND,16013,"Baisoya, Honey",2026-08-19T10:16:28+00:00
0,India,IND,23823,"Baisoya, Sachin",2026-08-19T10:16:28+00:00
0,United States,USA,13971,"Baker, Chris",2026-08-19T10:16:28+00:00
1,England,ENG,30036053,"Baker, Eliot",2026-08-19T10:16:28+00:00
1,Kenya,KEN,28137,"Balala, Adel",2026-08-19T10:16:28+00:00
0,United States,USA,24483,"Balcar, Michael",2026-08-19T10:16:28+00:00
0,United States,USA,11569,"Baldwin, Mark",2026-08-19T10:16:28+00:00
0,England,ENG,13344,"Baldwin, Matthew",2026-08-19T10:16:28+00:00
0,United States,USA,14872,"Balin, Daniel",2026-08-19T10:16:28+00:00
0,Spain,ESP,28473,"Ballester, Jose Luis",2026-08-19T10:16:28+00:00
0,Spain,ESP,17325,"Ballesteros, Javier",2026-08-19T10:16:28+00:00
0,United States,USA,28320,"Ballo, Pete",2026-08-19T10:16:28+00:00
0,Austria,AUT,17586,"Baltl, Timon",2026-08-19T10:16:28+00:00
0,United States,USA,25076,"Ban, Shintaro",2026-08-19T10:16:28+00:00
1,United States,USA,35309,"Banerjee, Ronin",2026-08-19T10:16:28+00:00
0,United States,USA,31149,"Banke, Christian",2026-08-19T10:16:28+00:00
0,United States,USA,34157,"Banz, Hayden",2026-08-19T10:16:28+00:00
0,United States,USA,21993,"Barbaree, Philip",2026-08-19T10:16:28+00:00
0,United States,USA,15608,"Barber, Blayne",2026-08-19T10:16:28+00:00
0,Australia,AUS,24300,"Barbieri, Nathan",2026-08-19T10:16:28+00:00
0,Peru,PER,16849,"Barco, Luis Fernando",2026-08-19T10:16:28+00:00
0,Spain,ESP,32732,"Barcos Garbayo, Javier",2026-08-19T10:16:28+00:00
0,United States,USA,21422,"Bard, Derek",2026-08-19T10:16:28+00:00
0,Czech Republic,CZE,17519,"Bares, Jakub",2026-08-19T10:16:28+00:00
1,Tunisia,TUN,21563,"Barhoumi, Elyes",2026-08-19T10:16:28+00:00
0,France,FRA,16566,"Barjon, Paul",2026-08-19T10:16:28+00:00
0,South Africa,RSA,23951,"Barker, Kyle",2026-08-19T10:16:28+00:00
0,Australia,AUS,30448,"Barker, Lachlan",2026-08-19T10:16:28+00:00
0,South Africa,RSA,33140,"Barnard, Charl",2026-08-19T10:16:28+00:00
0,United States,USA,14799,"Barnes, Erik",2026-08-19T10:16:28+00:00
0,United States,USA,6846,"Barnes, Ricky",2026-08-19T10:16:28+00:00
0,Australia,AUS,19068,"Barron, Haydn",2026-08-19T10:16:28+00:00
0,England,ENG,28620,"Barrow, Callan",2026-08-19T10:16:28+00:00
0,United States,USA,25033,"Bass, Thomas",2026-08-19T10:16:28+00:00
0,South Africa,RSA,11953,"Basson, Christiaan",2026-08-19T10:16:28+00:00
0,South Africa,RSA,19419,"Basson, Dwayne",2026-08-19T10:16:28+00:00
0,South Africa,RSA,27062,"Basson, Xander",2026-08-19T10:16:28+00:00
0,New Zealand,NZL,16921,"Bateman, Harry",2026-08-19T10:16:28+00:00
0,Canada,CAN,15499,"Bateman, Wil",2026-08-19T10:16:28+00:00
0,Netherlands,NED,29545,"Batens, Thijmen",2026-08-19T10:16:28+00:00
0,United States,USA,19846,"Bauchou, Zach",2026-08-19T10:16:28+00:00
0,Germany,GER,26799,"Baumgartner, Jonas",2026-08-19T10:16:28+00:00
0,Argentina,ARG,17025,"Bauni, Santiago",2026-08-19T10:16:28+00:00
0,Australia,AUS,21152,"Bautista, Austin",2026-08-19T10:16:28+00:00
0,England,ENG,26979,"Bawden, Bradley",2026-08-19T10:16:28+00:00
0,United States,USA,26117,"Bayley, Derek",2026-08-19T10:16:28+00:00
0,Australia,AUS,25852,"Bayliss, William",2026-08-19T10:16:28+00:00
0,United States,USA,23853,"Beach, Alex",2026-08-19T10:16:28+00:00
0,Australia,AUS,9905,"Beck, Darren",2026-08-19T10:16:28+00:00
1,United States,USA,22025,"Beck, Evan",2026-08-19T10:16:28+00:00
0,Australia,AUS,17908,"Becker, Braden",2026-08-19T10:16:28+00:00
0,Brazil,BRA,17275,"Becker, Rafael",2026-08-19T10:16:28+00:00
0,United States,USA,29765,"Beckler, Andrew",2026-08-19T10:16:28+00:00
0,United States,USA,3869,"Beckman, Cameron",2026-08-19T10:16:28+00:00
0,India,IND,25416,"Bedi, Aadil",2026-08-19T10:16:28+00:00
0,United States,USA,6301,"Beem, Rich",2026-08-19T10:16:28+00:00
0,Armenia,ARM,25626,"Bekirian, Jean",2026-08-19T10:16:28+00:00
0,South Africa,RSA,12819,"Bekker, Oliver",2026-08-19T10:16:28+00:00
0,United States,USA,13118,"Beljan, Charlie",2026-08-19T10:16:28+00:00
1,United States,USA,32331,"Bell, Parker",2026-08-19T10:16:28+00:00
0,Czech Republic,CZE,23210,"Benak, David",2026-08-19T10:16:28+00:00
0,Mexico,MEX,20972,"Benitez, Isidro",2026-08-19T10:16:28+00:00
0,Mexico,MEX,24488,"Benitez, Juan Carlos",2026-08-19T10:16:28+00:00
1,South Africa,RSA,30332,"Bennett, Daniel",2026-08-19T10:16:28+00:00
0,United States,USA,28136,"Bennett, Grant",2026-08-19T10:16:28+00:00
0,United States,USA,28158,"Bennett, Sam",2026-08-19T10:16:28+00:00
0,United States,USA,9434,"Bensel, Jr., Frank",2026-08-19T10:16:28+00:00
0,Canada,CAN,9457,"Benson, Yohann",2026-08-19T10:16:28+00:00
1,Belgium,BEL,32384,"Bentein, Liam",2026-08-19T10:16:28+00:00
0,France,FRA,14970,"Berardo, Clement",2026-08-19T10:16:28+00:00
0,United States,USA,19863,"Berberian, Jr., Rich",2026-08-19T10:16:28+00:00
0,United States,USA,17617,"Berg, Derek",2026-08-19T10:16:28+00:00
1,Sweden,SWE,29200,"Berg, Neo",2026-08-19T10:16:28+00:00
0,Italy,ITA,15266,"Bergamaschi, Filippo",2026-08-19T10:16:28+00:00
0,United States,USA,4970,"Berganio Jr, David",2026-08-19T10:16:28+00:00
1,Slovakia,SVK,31521,"Bergendi, René",2026-08-19T10:16:28+00:00
0,United States,USA,17606,"Berger, Daniel",2026-08-19T10:16:28+00:00
0,United States,USA,25077,"Bergeron, Jacob",2026-08-19T10:16:28+00:00
0,United States,USA,13119,"Bergstol, Brian",2026-08-19T10:16:28+00:00
0,Sweden,SWE,23620,"Bergstrom, Albin",2026-08-19T10:16:28+00:00
0,United States,USA,16809,"Beringer, Eric",2026-08-19T10:16:28+00:00
0,Spain,ESP,18419,"Berna Manzanares, Daniel",2026-08-19T10:16:28+00:00
0,United States,USA,31887,"Berry, Brandon",2026-08-19T10:16:28+00:00
0,England,ENG,31520,"Berry, Joshua",2026-08-19T10:16:28+00:00
1,United States,USA,34966,"Bertagnole, Carson",2026-08-19T10:16:28+00:00
0,Italy,ITA,13013,"Bertasio, Nino",2026-08-19T10:16:28+00:00
0,Norway,NOR,12488,"Bertheussen, Elias",2026-08-19T10:16:28+00:00
0,United States,USA,26101,"Bertsch, Justin",2026-08-19T10:16:28+00:00
0,United States,USA,5605,"Bertsch, Shane",2026-08-19T10:16:28+00:00
0,Belgium,BEL,26562,"Besard, Matthis",2026-08-19T10:16:28+00:00
0,Portugal,POR,19456,"Bessa, Tomas",2026-08-19T10:16:28+00:00
0,Netherlands,NED,9413,"Besseling, Wil",2026-08-19T10:16:28+00:00
1,Bermuda,BER,31779,"Betschart, Oliver",2026-08-19T10:16:28+00:00
0,United States,USA,7835,"Bettencourt, Matt",2026-08-19T10:16:28+00:00
0,United States,USA,32185,"Bevell, Josh",2026-08-19T10:16:28+00:00
0,United States,USA,26512,"Beverly, Aaron",2026-08-19T10:16:28+00:00
0,South Africa,RSA,18103,"Bezuidenhout, Christiaan",2026-08-19T10:16:28+00:00
0,South Africa,RSA,22909,"Bezuidenhout, Theunis",2026-08-19T10:16:28+00:00
0,United States,USA,26096,"Bhatia, Akshay",2026-08-19T10:16:28+00:00
0,India,IND,29312,"Bhattacharya, Shaurya",2026-08-19T10:16:28+00:00
0,India,IND,10766,"Bhullar, Gaganjeet",2026-08-19T10:16:28+00:00
0,United States,USA,26283,"Bibbs, Taylor",2026-08-19T10:16:28+00:00
0,Argentina,ARG,16776,"Bide, Francisco",2026-08-19T10:16:28+00:00
0,United States,USA,32516,"Bienz, Nick",2026-08-19T10:16:28+00:00
1,Italy,ITA,32472,"Binaghi, Giovanni",2026-08-19T10:16:28+00:00
0,United States,USA,18435,"Binfield, Wade",2026-08-19T10:16:28+00:00
0,United States,USA,29496,"Bingaman, Brandon",2026-08-19T10:16:28+00:00
0,India,IND,30674,"Binu, Shaurya",2026-08-19T10:16:28+00:00
0,Brazil,BRA,25614,"Biondi, Fred",2026-08-19T10:16:28+00:00
0,India,IND,29208,"Bishnoi, Sunhit",2026-08-19T10:16:28+00:00
0,New Zealand,NZL,24329,"Bittle, Kit",2026-08-19T10:16:28+00:00
0,United States,USA,35065,"Biwer, Justin",2026-08-19T10:16:28+00:00
0,Denmark,DEN,11619,"Bjerregaard, Lucas",2026-08-19T10:16:28+00:00
0,Sweden,SWE,14775,"Bjork, Alexander",2026-08-19T10:16:28+00:00
0,Denmark,DEN,23440,"Bjorlow, Victor",2026-08-19T10:16:28+00:00
0,Denmark,DEN,5725,"Bjorn, Thomas",2026-08-19T10:16:28+00:00
0,Iceland,ISL,22991,"Bjornsson, Andri",2026-08-19T10:16:28+00:00
0,South Africa,RSA,13681,"Blaauw, Jacques",2026-08-19T10:16:28+00:00
0,South Africa,RSA,26197,"Blaauw, Reinhardt",2026-08-19T10:16:28+00:00
0,United States,USA,22353,"Black, Otto",2026-08-19T10:16:28+00:00
0,Canada,CAN,22262,"Blair, Michael",2026-08-19T10:16:28+00:00
0,United States,USA,17639,"Blair, Zac",2026-08-19T10:16:28+00:00
0,United States,USA,612,"Blake, Jay Don",2026-08-19T10:16:28+00:00
0,United States,USA,13104,"Blakefield, Mark",2026-08-19T10:16:28+00:00
0,United States,USA,24956,"Blanchet, Chandler",2026-08-19T10:16:28+00:00
0,Australia,AUS,10829,"Bland, Adam",2026-08-19T10:16:28+00:00
0,England,ENG,6516,"Bland, Richard",2026-08-19T10:16:28+00:00
0,United States,USA,7185,"Blanks, Kris",2026-08-19T10:16:28+00:00
0,United States,USA,9643,"Blaum, Ryan",2026-08-19T10:16:28+00:00
0,Austria,AUT,24911,"Bleier, Christoph",2026-08-19T10:16:28+00:00
0,United States,USA,21876,"Blick, Cody",2026-08-19T10:16:28+00:00
0,United States,USA,26186,"Bling, Devon",2026-08-19T10:16:28+00:00
0,Sweden,SWE,8182,"Blixt, Jonas",2026-08-19T10:16:28+00:00
0,Australia,AUS,11838,"Blizard, Rohan",2026-08-19T10:16:28+00:00
0,United States,USA,12333,"Block, Michael",2026-08-19T10:16:28+00:00
0,Sweden,SWE,23784,"Blomme, Adam",2026-08-19T10:16:28+00:00
0,Sweden,SWE,20167,"Blomstrand, Christofer",2026-08-19T10:16:28+00:00
0,England,ENG,26594,"Bloor, George",2026-08-19T10:16:28+00:00
0,Australia,AUS,7704,"Blyth, Adam",2026-08-19T10:16:28+00:00
1,Austria,AUT,26456,"Boandl, Lukas",2026-08-19T10:16:28+00:00
0,United States,USA,29199,"Board, Dillon",2026-08-19T10:16:28+00:00
0,United States,USA,32680,"Bogdanoff, Steve",2026-08-19T10:16:28+00:00
0,United States,USA,6462,"Bohn, Jason",2026-08-19T10:16:28+00:00
0,England,ENG,25195,"Bolton, Jake",2026-08-19T10:16:28+00:00
0,Spain,ESP,29948,"Boneta, Albert",2026-08-19T10:16:28+00:00
0,South Africa,RSA,25175,"Boon, Caylum",2026-08-19T10:16:28+00:00
0,Thailand,THA,16424,"Boonma, Danthai",2026-08-19T10:16:28+00:00
0,Wales,WAL,17809,"Boote, David",2026-08-19T10:16:28+00:00
0,Australia,AUS,25389,"Booth, Grant",2026-08-19T10:16:28+00:00
0,Netherlands,NED,20765,"Bootsma, Philip",2026-08-19T10:16:28+00:00
0,United States,USA,12978,"Borchert, Matthew",2026-08-19T10:16:28+00:00
0,Spain,ESP,13112,"Borda, David",2026-08-19T10:16:28+00:00
0,Thailand,THA,27261,"Boriboonsub, Denwit David",2026-08-19T10:16:28+00:00
0,United States,USA,16810,"Borja, Piri",2026-08-19T10:16:28+00:00
0,United States,USA,4650,"Boros, Guy",2026-08-19T10:16:28+00:00
0,South Africa,RSA,23313,"Boshoff, Paul",2026-08-19T10:16:28+00:00
0,South Africa,RSA,29473,"Boshoff, William Louis",2026-08-19T10:16:28+00:00
0,South Africa,RSA,32473,"Botha, Barend",2026-08-19T10:16:28+00:00
0,France,FRA,18240,"Bouniol, Cyril",2026-08-19T10:16:28+00:00
0,France,FRA,7932,"Bourdy, Gregory",2026-08-19T10:16:28+00:00
0,Italy,ITA,24077,"Bovari, Pietro",2026-08-19T10:16:28+00:00
0,Australia,AUS,7053,"Bowditch, Steven",2026-08-19T10:16:28+00:00
0,United States,USA,23454,"Bowser, Evan",2026-08-19T10:16:28+00:00
0,England,ENG,12795,"Boyd, Gary",2026-08-19T10:16:28+00:00
0,United States,USA,17564,"Bozzelli, Dominic",2026-08-19T10:16:28+00:00
0,United States,USA,33067,"Brack, Dylan",2026-08-19T10:16:28+00:00
0,United States,USA,32520,"Bradbeer, Peter",2026-08-19T10:16:28+00:00
0,England,ENG,29971,"Bradbury, Dan",2026-08-19T10:16:28+00:00
0,United States,USA,13872,"Bradley, Keegan",2026-08-19T10:16:28+00:00
0,South Africa,RSA,22874,"Bradley, Sean",2026-08-19T10:16:28+00:00
0,United States,USA,11600,"Bradshaw, David",2026-08-19T10:16:28+00:00
0,Australia,AUS,24159,"Brady, Adam",2026-08-19T10:16:28+00:00
0,Germany,GER,22969,"Braeunig, Christian",2026-08-19T10:16:28+00:00
0,United States,USA,31270,"Braley, Matthew",2026-08-19T10:16:28+00:00
0,United States,USA,23455,"Brame Jr., Grady",2026-08-19T10:16:28+00:00
0,United States,USA,14698,"Bramlett, Joseph",2026-08-19T10:16:28+00:00
0,Australia,AUS,15160,"Brandt-Richards, Dale",2026-08-19T10:16:28+00:00
0,Australia,AUS,5624,"Bransdon, David",2026-08-19T10:16:28+00:00
0,Australia,AUS,8390,"Brazel, Sam",2026-08-19T10:16:28+00:00
0,Ireland,IRL,23400,"Brazil, Robert",2026-08-19T10:16:28+00:00
0,United States,USA,28569,"Breault, Beau",2026-08-19T10:16:28+00:00
0,South Africa,RSA,28409,"Breen, Adam",2026-08-19T10:16:28+00:00
0,United States,USA,10423,"Brehm, Ryan",2026-08-19T10:16:28+00:00
0,South Africa,RSA,10811,"Bremner, Merrick",2026-08-19T10:16:28+00:00
1,United States,USA,32677,"Brenchley, Max",2026-08-19T10:16:28+00:00
0,United States,USA,29197,"Brennan, Michael",2026-08-19T10:16:28+00:00
0,Australia,AUS,24367,"Brereton, Darcy",2026-08-19T10:16:28+00:00
1,Morocco,MAR,26080,"Bresnu, Adam",2026-08-19T10:16:28+00:00
0,Denmark,DEN,25394,"Bressum, Kristian Hjorth",2026-08-19T10:16:28+00:00
0,United States,USA,29433,"Bridgeman, Jacob",2026-08-19T10:16:28+00:00
0,Austria,AUT,6391,"Brier, Markus",2026-08-19T10:16:28+00:00
0,United States,USA,28536,"Brightwell, Jonathan",2026-08-19T10:16:28+00:00
0,Denmark,DEN,23244,"Bring, Christoffer",2026-08-19T10:16:28+00:00
0,Czech Republic,CZE,23817,"Brixi, Gordan",2026-08-19T10:16:28+00:00
0,England,ENG,27983,"Broadhurst, Sam",2026-08-19T10:16:28+00:00
0,Sweden,SWE,15603,"Broberg, Kristoffer",2026-08-19T10:16:28+00:00
0,United States,USA,14003,"Brock, Josh",2026-08-19T10:16:28+00:00
0,United States,USA,32332,"Broin, Gunnar",2026-08-19T10:16:28+00:00
0,England,ENG,23160,"Brooks, Joe",2026-08-19T10:16:28+00:00
0,South Africa,RSA,30210,"Broomhead, Jonothan",2026-08-19T10:16:28+00:00
0,England,ENG,29947,"Brown, Barclay",2026-08-19T10:16:28+00:00
0,United States,USA,32152,"Brown, Blades",2026-08-19T10:16:28+00:00
0,England,ENG,20766,"Brown, Dan",2026-08-19T10:16:28+00:00
0,United States,USA,30806,"Brown, Evan",2026-08-19T10:16:28+00:00
0,Denmark,DEN,22168,"Brown, Hamish",2026-08-19T10:16:28+00:00
0,New Zealand,NZL,22715,"Brown, Luke",2026-08-19T10:16:28+00:00
0,South Africa,RSA,24608,"Brown, Luke",2026-08-19T10:16:28+00:00
0,United States,USA,11330,"Brown, Scott",2026-08-19T10:16:28+00:00
0,England,ENG,15771,"Brown, Steven",2026-08-19T10:16:28+00:00
0,United States,USA,17642,"Brown, Zahkai",2026-08-19T10:16:28+00:00
0,United States,USA,16488,"Browne Jr, Olin",2026-08-19T10:16:28+00:00
0,United States,USA,2130,"Browne, Olin",2026-08-19T10:16:28+00:00
0,South Africa,RSA,11976,"Bruiners, Heinrich",2026-08-19T10:16:28+00:00
0,United States,USA,33951,"Brumlow, Buck",2026-08-19T10:16:28+00:00
0,France,FRA,16363,"Brun, Julien",2026-08-19T10:16:28+00:00
0,United States,USA,21502,"Brunner, Brad",2026-08-19T10:16:28+00:00
1,Switzerland,SUI,30460,"Brunner, Noah",2026-08-19T10:16:28+00:00
0,Australia,AUS,27485,"Bruyeres, William",2026-08-19T10:16:28+00:00
0,United States,USA,23054,"Bryan, George",2026-08-19T10:16:28+00:00
0,United States,USA,21236,"Bryan, Wesley",2026-08-19T10:16:28+00:00
0,United States,USA,32550,"Bryant, Davis",2026-08-19T10:16:28+00:00
0,Australia,AUS,27379,"Buchanan, Jack",2026-08-19T10:16:28+00:00
1,South Africa,RSA,31844,"Buchanan, Jack",2026-08-19T10:16:28+00:00
0,United States,USA,32333,"Buchanan, Jackson",2026-08-19T10:16:28+00:00
0,Italy,ITA,25184,"Buchi, Davide",2026-08-19T10:16:28+00:00
0,United States,USA,25363,"Buckley, Hayden",2026-08-19T10:16:28+00:00
0,Spain,ESP,26886,"Buendia, Alfonso",2026-08-19T10:16:28+00:00
0,Australia,AUS,19204,"Bugdalski, Jackson",2026-08-19T10:16:28+00:00
0,United States,USA,29713,"Buhl, William",2026-08-19T10:16:28+00:00
0,Belgium,BEL,21209,"Buijs, Lars",2026-08-19T10:16:28+00:00
0,United States,USA,15715,"Bulle, Kent",2026-08-19T10:16:28+00:00
0,England,ENG,20431,"Bullen, Michael",2026-08-19T10:16:28+00:00
0,Thailand,THA,16425,"Buranatanyarat, Itthipat",2026-08-19T10:16:28+00:00
0,United States,USA,31365,"Burgess, Connor",2026-08-19T10:16:28+00:00
0,United States,USA,11082,"Burgoon, Bronson",2026-08-19T10:16:28+00:00
0,South Africa,RSA,26199,"Burke, Christiaan",2026-08-19T10:16:28+00:00
0,South Africa,RSA,14424,"Burmester, Dean",2026-08-19T10:16:28+00:00
0,South Africa,RSA,31351,"Burnand, Jordan",2026-08-19T10:16:28+00:00
0,United States,USA,31161,"Burnett, Ryan",2026-08-19T10:16:28+00:00
0,United States,USA,32467,"Burnette, Beck",2026-08-19T10:16:28+00:00
0,United States,USA,19483,"Burns, Sam",2026-08-19T10:16:28+00:00
0,United States,USA,26513,"Burry, Zachary",2026-08-19T10:16:28+00:00
0,United States,USA,16320,"Burton, Jeffrey",2026-08-19T10:16:28+00:00
0,Chile,CHI,19248,"Bustos, Carlos",2026-08-19T10:16:28+00:00
0,United States,USA,32462,"Butler, John Marshall",2026-08-19T10:16:28+00:00
0,United States,USA,15395,"Buttacavoli, Michael",2026-08-19T10:16:28+00:00
0,England,ENG,26642,"Byers, Harvey",2026-08-19T10:16:28+00:00
1,United States,USA,33516,"Byrd, Jackson",2026-08-19T10:16:28+00:00
0,United States,USA,6931,"Byrd, Jonathan",2026-08-19T10:16:28+00:00
0,United States,USA,29304,"Byrd, Marcus",2026-08-19T10:16:28+00:00
0,Korea - Republic of,KOR,13916,"Byun, Jinjae",2026-08-19T10:16:28+00:00
1,United States,USA,34840,"Cabello, Anson",2026-08-19T10:16:28+00:00
0,United States,USA,23132,"Cabra, Zach",2026-08-19T10:16:28+00:00
0,Spain,ESP,7457,"Cabrera Bello, Rafa",2026-08-19T10:16:28+00:00
0,Argentina,ARG,5717,"Cabrera, Angel",2026-08-19T10:16:28+00:00
0,Colombia,COL,25920,"Cabrera, Joaquin",2026-08-19T10:16:28+00:00
0,Czech Republic,CZE,19851,"Cafourek, Jan",2026-08-19T10:16:28+00:00
0,United States,USA,31030,"Cahill, Matt",2026-08-19T10:16:28+00:00
0,United States,USA,28641,"Cairns, Ethan",2026-08-19T10:16:28+00:00
0,Zimbabwe,ZIM,10634,"Cairns, Ryan",2026-08-19T10:16:28+00:00
0,United States,USA,30,"Calcavecchia, Mark",2026-08-19T10:16:28+00:00
0,Chile,CHI,22607,"Calderon, Matias",2026-08-19T10:16:28+00:00
0,Northern Ireland,NIR,13682,"Caldwell, Jonathan",2026-08-19T10:16:28+00:00
0,United States,USA,27867,"Caldwell, Zach",2026-08-19T10:16:28+00:00
0,United States,USA,29766,"Calkins, Brady",2026-08-19T10:16:28+00:00
0,Canada,CAN,30005,"Callens, Peyton",2026-08-19T10:16:28+00:00
0,Spain,ESP,29934,"Calles Roman, Javier",2026-08-19T10:16:28+00:00
1,Puerto Rico,PUR,16042,"Calvesbert, Robi",2026-08-19T10:16:28+00:00
0,Portugal,POR,30333,"Camelo Ferreira, Hugo",2026-08-19T10:16:28+00:00
0,Scotland,SCO,14093,"Cameron, Ross",2026-08-19T10:16:28+00:00
1,Northern Ireland,NIR,18903,"Campbell Jnr, Colm",2026-08-19T10:16:28+00:00
0,Australia,AUS,18959,"Campbell, Andrew",2026-08-19T10:16:28+00:00
0,New Zealand,NZL,14373,"Campbell, Ben",2026-08-19T10:16:28+00:00
0,Australia,AUS,27486,"Campbell, Ben A",2026-08-19T10:16:28+00:00
0,United States,USA,18628,"Campbell, Brian",2026-08-19T10:16:28+00:00
0,United States,USA,6248,"Campbell, Chad",2026-08-19T10:16:28+00:00
0,United States,USA,23541,"Campbell, Matthew",2026-08-19T10:16:28+00:00
0,New Zealand,NZL,4984,"Campbell, Michael",2026-08-19T10:16:28+00:00
0,Australia,AUS,29184,"Campbell, Phoenix",2026-08-19T10:16:28+00:00
0,Scotland,SCO,21908,"Campbell, Ryan",2026-08-19T10:16:28+00:00
0,New Zealand,NZL,18359,"Campbell, Thomas",2026-08-19T10:16:28+00:00
0,Spain,ESP,14016,"Campillo, Jorge",2026-08-19T10:16:28+00:00
0,Puerto Rico,PUR,12909,"Campos, Rafael",2026-08-19T10:16:28+00:00
0,Spain,ESP,11509,"Canizares, Alejandro",2026-08-19T10:16:28+00:00
0,England,ENG,15222,"Cannon, Christopher",2026-08-19T10:16:28+00:00
0,United States,USA,22919,"Cannon, Will",2026-08-19T10:16:28+00:00
0,Italy,ITA,4124,"Canonica, Emanuele",2026-08-19T10:16:28+00:00
0,England,ENG,14795,"Canter, Laurie",2026-08-19T10:16:28+00:00
0,Spain,ESP,19635,"Cantero Gutierrez, Ivan",2026-08-19T10:16:28+00:00
0,United States,USA,15466,"Cantlay, Patrick",2026-08-19T10:16:28+00:00
0,United States,USA,30730,"Cantwell, Tim",2026-08-19T10:16:28+00:00
0,China,CHN,19777,"Cao, Senshou",2026-08-19T10:16:28+00:00
0,China,CHN,15067,"Cao, Yi",2026-08-19T10:16:28+00:00
0,United States,USA,21412,"Capan III, Frankie",2026-08-19T10:16:28+00:00
0,Denmark,DEN,14776,"Cappelen, Sebastian",2026-08-19T10:16:28+00:00
0,Argentina,ARG,8570,"Carballo, Miguel Angel",2026-08-19T10:16:28+00:00
0,United States,USA,29163,"Card III, Jay",2026-08-19T10:16:28+00:00
0,Ireland,IRL,20668,"Carey, David",2026-08-19T10:16:28+00:00
0,United States,USA,9874,"Carll, Kevin",2026-08-19T10:16:28+00:00
0,United States,USA,25563,"Carlson, Brian",2026-08-19T10:16:28+00:00
0,United States,USA,32679,"Carlson, Nick",2026-08-19T10:16:28+00:00
0,United States,USA,28527,"Carlton, Hoke",2026-08-19T10:16:28+00:00
0,Mexico,MEX,26119,"Carmona, Mario",2026-08-19T10:16:28+00:00
0,United States,USA,1798,"Caron, Jason",2026-08-19T10:16:28+00:00
0,Netherlands,NED,14983,"Caron, Rowin",2026-08-19T10:16:28+00:00
0,United States,USA,30732,"Carr, Ben",2026-08-19T10:16:28+00:00
0,Mexico,MEX,29579,"Carrera, Luis",2026-08-19T10:16:28+00:00
0,Mexico,MEX,20973,"Carrete, Eduardo",2026-08-19T10:16:28+00:00
1,Australia,AUS,30783,"Carruthers, Coby",2026-08-19T10:16:28+00:00
0,Australia,AUS,30447,"Carter, Jak",2026-08-19T10:16:28+00:00
1,Australia,AUS,33107,"Cascio, Samuel",2026-08-19T10:16:28+00:00
0,England,ENG,7108,"Casey, Paul",2026-08-19T10:16:28+00:00
0,United States,USA,33366,"Cassidy, Nic",2026-08-19T10:16:28+00:00
0,Italy,ITA,16547,"Castagnara, Giulio",2026-08-19T10:16:28+00:00
0,United States,USA,28588,"Castillo, Christian",2026-08-19T10:16:28+00:00
0,United States,USA,30619,"Castillo, Michael",2026-08-19T10:16:28+00:00
0,United States,USA,27819,"Castillo, Ricky",2026-08-19T10:16:28+00:00
0,United States,USA,32071,"Castro, Cole",2026-08-19T10:16:28+00:00
0,United States,USA,12643,"Castro, Roberto",2026-08-19T10:16:28+00:00
0,United States,USA,18524,"Catlin, John",2026-08-19T10:16:28+00:00
0,United States,USA,14502,"Cauley, Bud",2026-08-19T10:16:28+00:00
1,United States,USA,31190,"Cavaliere, Christian",2026-08-19T10:16:28+00:00
1,Denmark,DEN,34026,"Cave, Seb",2026-08-19T10:16:28+00:00
0,Zimbabwe,ZIM,5904,"Cayeux, Marc",2026-08-19T10:16:28+00:00
0,Mexico,MEX,18185,"Cazaubon, Rodolfo",2026-08-19T10:16:28+00:00
0,Germany,GER,4425,"Cejka, Alex",2026-08-19T10:16:28+00:00
0,United States,USA,29665,"Celano, Ryan",2026-08-19T10:16:28+00:00
0,Colombia,COL,19000,"Celia, Ricardo",2026-08-19T10:16:28+00:00
0,Italy,ITA,23549,"Celli, Filippo",2026-08-19T10:16:28+00:00
0,Turkey,TUR,18428,"Ceylan, Mehmet",2026-08-19T10:16:28+00:00
0,Spain,ESP,26745,"Chacarra, Eugenio",2026-08-19T10:16:28+00:00
0,India,IND,16032,"Chadha, Abhijit Singh",2026-08-19T10:16:28+00:00
0,China,CHN,31731,"Chai, Bowen",2026-08-19T10:16:28+00:00
0,Australia,AUS,5625,"Chalmers, Greg",2026-08-19T10:16:28+00:00
0,Australia,AUS,34736,"Chamberlain, Lachlan",2026-08-19T10:16:28+00:00
0,United States,USA,23542,"Champ, Cameron",2026-08-19T10:16:28+00:00
0,United States,USA,13740,"Chan, Lorens",2026-08-19T10:16:28+00:00
0,United States,USA,31212,"Chandler, Will",2026-08-19T10:16:28+00:00
0,India,IND,19129,"Chandra, Yashas M S",2026-08-19T10:16:28+00:00
0,United States,USA,19594,"Chang, Derek",2026-08-19T10:16:28+00:00
0,Korea - Republic of,KOR,23565,"Chang, Heemin",2026-08-19T10:16:28+00:00
0,Chinese Taipei,TPE,25515,"Chang, Tse-Yu",2026-08-19T10:16:28+00:00
1,China,CHN,30595,"Chang, Xihuan",2026-08-19T10:16:28+00:00
0,Korea - Republic of,KOR,18338,"Chang, Yikeun",2026-08-19T10:16:28+00:00
1,Thailand,THA,27275,"Chantananuwat, Ratchanon",2026-08-19T10:16:28+00:00
0,United States,USA,13305,"Chappell, Kevin",2026-08-19T10:16:28+00:00
0,Kenya,KEN,10640,"Charania, Riz",2026-08-19T10:16:28+00:00
0,Australia,AUS,31768,"Charles, Max",2026-08-19T10:16:28+00:00
0,France,FRA,22220,"Charmasson, Clement",2026-08-19T10:16:28+00:00
0,Thailand,THA,14128,"Charoenkul, Gunn",2026-08-19T10:16:28+00:00
0,United States,USA,30620,"Chatfield, Davis",2026-08-19T10:16:28+00:00
0,India,IND,34567,"Chauhan, Kanav",2026-08-19T10:16:28+00:00
0,India,IND,7040,"Chawrasia, S.S.P.",2026-08-19T10:16:28+00:00
0,India,IND,15816,"Cheema, Angad",2026-08-19T10:16:28+00:00
0,Kenya,KEN,26089,"Chege, Samuel",2026-08-19T10:16:28+00:00
0,England,ENG,28160,"Chegwidden, Zack",2026-08-19T10:16:28+00:00
0,China,CHN,24504,"Chen, Guxin",2026-08-19T10:16:28+00:00
0,Australia,AUS,33939,"Chen, Kuangyu",2026-08-19T10:16:28+00:00
0,China,CHN,21509,"Chen, Yilong",2026-08-19T10:16:28+00:00
0,China,CHN,15405,"Chen, Zihao Z.",2026-08-19T10:16:28+00:00
0,China,CHN,22032,"Cheng, Xirong",2026-08-19T10:16:28+00:00
0,England,ENG,18735,"Chesters, Ashley",2026-08-19T10:16:28+00:00
0,Hong Kong,HKG,24297,"Cheung, Matthew",2026-08-19T10:16:28+00:00
0,United States,USA,33299,"Chi, Andre",2026-08-19T10:16:28+00:00
0,Singapore,SIN,16102,"Chiam, Nicklaus",2026-08-19T10:16:28+00:00
0,United States,USA,25285,"Chiarella, Alex",2026-08-19T10:16:28+00:00
0,Canada,CAN,32262,"Chicoyne, Jakob",2026-08-19T10:16:28+00:00
0,Malawi,MAW,23486,"Chidale, Paul",2026-08-19T10:16:28+00:00
0,India,IND,15817,"Chikkarangappa, S",2026-08-19T10:16:28+00:00
0,United States,USA,14797,"Chin, John",2026-08-19T10:16:28+00:00
0,Zimbabwe,ZIM,23143,"Chinhoi, Robson",2026-08-19T10:16:28+00:00
0,United States,USA,34995,"Chirravuri, Mahanth",2026-08-19T10:16:28+00:00
0,New Zealand,NZL,16924,"Chisnall, Ryan",2026-08-19T10:16:28+00:00
0,Korea - Republic of,KOR,12096,"Cho, Min-gyu",2026-08-19T10:16:28+00:00
0,Korea - Republic of,KOR,19817,"Cho, Sungmin",2026-08-19T10:16:28+00:00
0,Korea - Republic of,KOR,25806,"Cho, Wooyoung",2026-08-19T10:16:28+00:00
0,Australia,AUS,14470,"Choat, Anthony",2026-08-19T10:16:28+00:00
0,Canada,CAN,15606,"Choi, Albin",2026-08-19T10:16:28+00:00
0,Korea - Republic of,KOR,7024,"Choi, Jinho",2026-08-19T10:16:28+00:00
0,Korea - Republic of,KOR,1804,"Choi, K.J.",2026-08-19T10:16:28+00:00
0,Korea - Republic of,KOR,15019,"Choi, Minchel",2026-08-19T10:16:28+00:00
0,United States,USA,25091,"Choi, Sam",2026-08-19T10:16:28+00:00
0,Korea - Republic of,KOR,26580,"Choi, Seungbin",2026-08-19T10:16:28+00:00
0,Sweden,SWE,2035,"Chopra, Daniel",2026-08-19T10:16:28+00:00
0,United States,USA,29043,"Chopra, Varun",2026-08-19T10:16:28+00:00
0,India,IND,13794,"Chouhan, Om Prakash",2026-08-19T10:16:28+00:00
0,Germany,GER,31123,"Christensen, Tiger",2026-08-19T10:16:28+00:00
0,United States,USA,30077,"Christiansen, Austen",2026-08-19T10:16:28+00:00
0,England,ENG,28368,"Chrystie, Russell",2026-08-19T10:16:28+00:00
0,United States,USA,34158,"Chu, Andrew",2026-08-19T10:16:28+00:00
0,Thailand,THA,23378,"Chuenboonngam, Chonlatit",2026-08-19T10:16:28+00:00
0,Korea - Republic of,KOR,16466,"Chun, Jaehan Eric",2026-08-19T10:16:28+00:00
0,United States,USA,27206,"Chung, Henry",2026-08-19T10:16:28+00:00
0,United States,USA,18868,"Chung, Jin",2026-08-19T10:16:28+00:00
0,United States,USA,24470,"Chung, Sydney",2026-08-19T10:16:28+00:00
0,United States,USA,25093,"Churchman, Cory",2026-08-19T10:16:28+00:00
0,Italy,ITA,20843,"Cianchetti, Luca",2026-08-19T10:16:28+00:00
0,United States,USA,5665,"Cink, Stewart",2026-08-19T10:16:28+00:00
0,United States,USA,32330,"Clanton, Luke",2026-08-19T10:16:28+00:00
1,Portugal,POR,29028,"Clare Neves, Pedro",2026-08-19T10:16:28+00:00
0,United States,USA,23604,"Clark, Wyndham",2026-08-19T10:16:28+00:00
0,Northern Ireland,NIR,3523,"Clarke, Darren",2026-08-19T10:16:28+00:00
0,Australia,AUS,24279,"Clarke, Josh",2026-08-19T10:16:28+00:00
0,Spain,ESP,6527,"Claverie, Luis",2026-08-19T10:16:28+00:00
0,United States,USA,32450,"Claycomb, Canon",2026-08-19T10:16:28+00:00
0,United States,USA,589,"Clearwater, Keith",2026-08-19T10:16:28+00:00
0,United States,USA,31704,"Clegg, Ford",2026-08-19T10:16:28+00:00
0,England,ENG,22608,"Clements, Todd",2026-08-19T10:16:28+00:00
0,England,ENG,32594,"Clemons, Dominic",2026-08-19T10:16:28+00:00
0,Switzerland,SUI,28170,"Clerici, Fiorino",2026-08-19T10:16:28+00:00
0,Argentina,ARG,12805,"Cocha, Tommy",2026-08-19T10:16:28+00:00
0,United States,USA,18434,"Cochran, Case",2026-08-19T10:16:28+00:00
0,Canada,CAN,15596,"Cockerill, Aaron",2026-08-19T10:16:28+00:00
0,South Africa,RSA,5936,"Coetsee, Wallie",2026-08-19T10:16:28+00:00
0,South Africa,RSA,26741,"Coetzee, Byron",2026-08-19T10:16:28+00:00
0,South Africa,RSA,10884,"Coetzee, George",2026-08-19T10:16:28+00:00
0,Israel,ISR,21021,"Cohen, Asaf",2026-08-19T10:16:28+00:00
0,United States,USA,33134,"Cohen, Gavin",2026-08-19T10:16:28+00:00
0,United States,USA,21756,"Cole, Eric",2026-08-19T10:16:28+00:00
0,United States,USA,27707,"Cole, Preston",2026-08-19T10:16:28+00:00
0,United States,USA,24485,"Cole, Ryan",2026-08-19T10:16:28+00:00
1,United States,USA,34994,"Coleman, Hamilton",2026-08-19T10:16:28+00:00
0,Australia,AUS,18177,"Coletta, Brett",2026-08-19T10:16:28+00:00
0,United States,USA,28074,"Colgate, Michael",2026-08-19T10:16:28+00:00
0,United States,USA,28077,"Collet, Tyler",2026-08-19T10:16:28+00:00
0,United States,USA,7744,"Collins, Chad",2026-08-19T10:16:28+00:00
0,Canada,CAN,25333,"Collins, Cougar",2026-08-19T10:16:28+00:00
0,Australia,AUS,19389,"Collyer, Blake",2026-08-19T10:16:28+00:00
0,Belgium,BEL,6893,"Colsaerts, Nicolas",2026-08-19T10:16:28+00:00
0,United States,USA,6556,"Compton, Erik",2026-08-19T10:16:28+00:00
0,United States,USA,21880,"Cone, Trevor",2026-08-19T10:16:28+00:00
0,Canada,CAN,19704,"Connelly, Austin",2026-08-19T10:16:28+00:00
0,Canada,CAN,17576,"Conners, Corey",2026-08-19T10:16:28+00:00
0,South Africa,RSA,23523,"Conradie, Estiaan",2026-08-19T10:16:28+00:00
0,South Africa,RSA,23524,"Conradie, Ruan",2026-08-19T10:16:28+00:00
0,Australia,AUS,21105,"Conran, James",2026-08-19T10:16:28+00:00
0,Argentina,ARG,19295,"Contini, Martin",2026-08-19T10:16:28+00:00
0,United States,USA,27870,"Coody, Parker",2026-08-19T10:16:28+00:00
0,United States,USA,28309,"Coody, Pierceson",2026-08-19T10:16:28+00:00
0,United States,USA,18579,"Cook, Austin",2026-08-19T10:16:28+00:00
0,United States,USA,24486,"Cook, Ben",2026-08-19T10:16:28+00:00
0,Australia,AUS,8607,"Cooke, Peter",2026-08-19T10:16:28+00:00
0,United States,USA,31049,"Cooper, Davis",2026-08-19T10:16:28+00:00
0,England,ENG,22132,"Cooper, James",2026-08-19T10:16:28+00:00
0,United States,USA,26574,"Cootes, Roy",2026-08-19T10:16:28+00:00
0,England,ENG,28712,"Cope, Jack",2026-08-19T10:16:28+00:00
0,United States,USA,27985,"Cordes, Anthony",2026-08-19T10:16:28+00:00
0,Uruguay,URU,16862,"Cordoba, Cledy",2026-08-19T10:16:28+00:00
0,Mexico,MEX,27552,"Cordova, Diego",2026-08-19T10:16:28+00:00
0,United States,USA,13510,"Corpening, Franklin",2026-08-19T10:16:28+00:00
0,England,ENG,7313,"Cort, Matthew",2026-08-19T10:16:28+00:00
0,Mexico,MEX,16436,"Cortes, Raul",2026-08-19T10:16:28+00:00
0,Belgium,BEL,30199,"Cossement, Nathan",2026-08-19T10:16:28+00:00
0,United States,USA,29671,"Cottam, Kyle",2026-08-19T10:16:28+00:00
0,United States,USA,35314,"Cottrell, Landon",2026-08-19T10:16:28+00:00
0,United States,USA,4614,"Couch, Chris",2026-08-19T10:16:28+00:00
1,France,FRA,31649,"Couilleau, Oscar",2026-08-19T10:16:28+00:00
0,England,ENG,12427,"Coupland, David",2026-08-19T10:16:28+00:00
0,United States,USA,44,"Couples, Fred",2026-08-19T10:16:28+00:00
0,France,FRA,20727,"Coussaud, Ugo",2026-08-19T10:16:28+00:00
0,France,FRA,27811,"Couvra, Martin",2026-08-19T10:16:28+00:00
0,United States,USA,11441,"Covello, Vince",2026-08-19T10:16:28+00:00
0,United States,USA,26102,"Cover, Patrick",2026-08-19T10:16:28+00:00
1,United States,USA,35481,"Cowan, Ryder",2026-08-19T10:16:28+00:00
0,United States,USA,31345,"Cox, Trey",2026-08-19T10:16:28+00:00
0,Australia,AUS,10968,"Crabtree, Christopher",2026-08-19T10:16:28+00:00
0,United States,USA,26575,"Crampton, Sebastian",2026-08-19T10:16:28+00:00
0,United States,USA,6674,"Crane, Ben",2026-08-19T10:16:28+00:00
0,Canada,CAN,18788,"Crawford, Aaron",2026-08-19T10:16:28+00:00
0,United States,USA,22043,"Crawford, Chris",2026-08-19T10:16:28+00:00
0,Australia,AUS,17785,"Crawford, Cory",2026-08-19T10:16:28+00:00
0,United States,USA,32556,"Crawford, Timmy",2026-08-19T10:16:28+00:00
0,United States,USA,31421,"Creasy, Connor",2026-08-19T10:16:28+00:00
0,United States,USA,17570,"Creel, Joshua",2026-08-19T10:16:28+00:00
0,Canada,CAN,26143,"Creighton, Myles",2026-08-19T10:16:28+00:00
0,United States,USA,23050,"Creighton, Peter",2026-08-19T10:16:28+00:00
0,Germany,GER,18743,"Cremer, Sven",2026-08-19T10:16:28+00:00
0,United States,USA,14847,"Crick, Brandon",2026-08-19T10:16:28+00:00
0,Australia,AUS,27487,"Cripps, Jayden",2026-08-19T10:16:28+00:00
0,Canada,CAN,23462,"Crisologo, Chris",2026-08-19T10:16:28+00:00
0,Italy,ITA,25648,"Cristoni, Matteo",2026-08-19T10:16:28+00:00
0,United States,USA,23610,"Crocker, Sean",2026-08-19T10:16:28+00:00
0,England,ENG,32460,"Crockett, Charlie",2026-08-19T10:16:28+00:00
0,England,ENG,28616,"Croft, Daniel",2026-08-19T10:16:28+00:00
0,Australia,AUS,25813,"Croker, Quinnton",2026-08-19T10:16:28+00:00
0,South Africa,RSA,33139,"Cronje, Daniel",2026-08-19T10:16:28+00:00
0,South Africa,RSA,29494,"Cronje, Sean",2026-08-19T10:16:28+00:00
0,South Africa,RSA,29789,"Crosbie, Keagan",2026-08-19T10:16:28+00:00
0,United States,USA,29802,"Cross, Spencer",2026-08-19T10:16:28+00:00
0,United States,USA,27559,"Crouch, A.J.",2026-08-19T10:16:28+00:00
0,Australia,AUS,24280,"Crowe, Harrison",2026-08-19T10:16:28+00:00
0,United States,USA,27780,"Crowe, Trace",2026-08-19T10:16:28+00:00
0,Portugal,POR,8813,"Cruz, Tiago",2026-08-19T10:16:28+00:00
0,Spain,ESP,19459,"Cuartero Blanco, Emilio",2026-08-19T10:16:28+00:00
1,United States,USA,33459,"Cui, Edan",2026-08-19T10:16:28+00:00
0,Australia,AUS,14247,"Cullen, Nick",2026-08-19T10:16:28+00:00
0,United States,USA,27996,"Cummins, Quade",2026-08-19T10:16:28+00:00
0,United States,USA,24960,"Cunningham, George",2026-08-19T10:16:28+00:00
0,United States,USA,14699,"Curran, Jon",2026-08-19T10:16:28+00:00
0,Australia,AUS,29096,"Curtis, Lawrence",2026-08-19T10:16:28+00:00
1,Uganda,UGA,33201,"Cwinyaai, Joseph",2026-08-19T10:16:28+00:00
0,United States,USA,28419,"Czuchry, Drew",2026-08-19T10:16:28+00:00
0,United States,USA,25132,"D'Amario, Adam",2026-08-19T10:16:28+00:00
0,Brazil,BRA,5239,"Da Silva, Adilson",2026-08-19T10:16:28+00:00
0,South Africa,RSA,17068,"Daffue, MJ",2026-08-19T10:16:28+00:00
1,India,IND,33353,"Dahiya, Rakshit",2026-08-19T10:16:28+00:00
0,United States,USA,14509,"Dahmen, Joel",2026-08-19T10:16:28+00:00
0,Australia,AUS,33080,"Daibarra, Wil",2026-08-19T10:16:28+00:00
0,United States,USA,15118,"Dale, Sean",2026-08-19T10:16:28+00:00
0,United States,USA,21501,"Dalke, Brad",2026-08-19T10:16:28+00:00
0,United States,USA,32432,"Daly II, John",2026-08-19T10:16:28+00:00
0,United States,USA,31306,"Daly, Connor",2026-08-19T10:16:28+00:00
0,United States,USA,863,"Daly, John",2026-08-19T10:16:28+00:00
0,Scotland,SCO,28451,"Dalziel, Greg",2026-08-19T10:16:28+00:00
0,Czech Republic,CZE,25946,"Danek, Stepan",2026-08-19T10:16:28+00:00
0,Australia,AUS,20552,"Dann, Charlie",2026-08-19T10:16:28+00:00
0,Sweden,SWE,14018,"Dantorp, Jens",2026-08-19T10:16:28+00:00
0,India,IND,10774,"Das, Shankar",2026-08-19T10:16:28+00:00
0,France,FRA,20670,"Daux, Franck",2026-08-19T10:16:28+00:00
0,United States,USA,31210,"Davenport, Reid",2026-08-19T10:16:28+00:00
0,South Africa,RSA,13725,"Davidse, Keenan",2026-08-19T10:16:28+00:00
0,United States,USA,32461,"Davidson, Ethan",2026-08-19T10:16:28+00:00
0,Wales,WAL,24052,"Davidson, Jack",2026-08-19T10:16:28+00:00
0,Wales,WAL,28638,"Davies, Archie",2026-08-19T10:16:28+00:00
0,England,ENG,7393,"Davies, Gareth",2026-08-19T10:16:28+00:00
1,United States,USA,31762,"Davis, Billy",2026-08-19T10:16:28+00:00
0,England,ENG,5663,"Davis, Brian",2026-08-19T10:16:28+00:00
0,Australia,AUS,17786,"Davis, Cam",2026-08-19T10:16:28+00:00
0,United States,USA,29078,"Davis, Ryan",2026-08-19T10:16:28+00:00
0,Canada,CAN,25241,"Davison, Callum",2026-08-19T10:16:28+00:00
0,Ireland,IRL,20953,"Dawson, Robin",2026-08-19T10:16:28+00:00
0,United States,USA,3410,"Day, Glen",2026-08-19T10:16:28+00:00
0,Australia,AUS,9771,"Day, Jason",2026-08-19T10:16:28+00:00
0,France,FRA,20129,"Daydou, Alexandre",2026-08-19T10:16:28+00:00
0,South Africa,RSA,27414,"De Beer, Kyle",2026-08-19T10:16:28+00:00
0,Belgium,BEL,17430,"De Bondt, Alan",2026-08-19T10:16:28+00:00
0,United States,USA,27442,"De Borba, Scott",2026-08-19T10:16:28+00:00
0,Germany,GER,23112,"De Bruyn, Jannik",2026-08-19T10:16:28+00:00
1,Spain,ESP,29810,"De Castro Piera, Alejandro",2026-08-19T10:16:28+00:00
0,South Africa,RSA,21303,"De Decker, Andre",2026-08-19T10:16:28+00:00
0,Netherlands,NED,17541,"De Haas, Floris",2026-08-19T10:16:28+00:00
1,France,FRA,35337,"De Herrypon, Tom",2026-08-19T10:16:28+00:00
0,South Africa,RSA,12821,"De Jager, Louis",2026-08-19T10:16:28+00:00
0,Zimbabwe,ZIM,8767,"De Jonge, Brendon",2026-08-19T10:16:28+00:00
0,South Africa,RSA,16037,"De Kock, Allister",2026-08-19T10:16:28+00:00
0,Mexico,MEX,29195,"De La Fuente, Santiago",2026-08-19T10:16:28+00:00
0,Spain,ESP,6637,"De La Riva, Eduardo",2026-08-19T10:16:28+00:00
0,Italy,ITA,26506,"De Leo, Gregorio",2026-08-19T10:16:28+00:00
0,Philippines,PHI,24356,"De Los Santos, Justin",2026-08-19T10:16:28+00:00
0,Belgium,BEL,27069,"De Schutter, Anthony",2026-08-19T10:16:28+00:00
0,South Africa,RSA,15864,"De Smidt, Ruan",2026-08-19T10:16:28+00:00
0,Switzerland,SUI,8040,"De Sousa, Raphael",2026-08-19T10:16:28+00:00
0,South Africa,RSA,21026,"De Villiers, Jacques",2026-08-19T10:16:28+00:00
0,Netherlands,NED,9414,"De Vries, Wouter",2026-08-19T10:16:28+00:00
0,Belgium,BEL,24844,"De Wouters D'oplinter, Jean",2026-08-19T10:16:28+00:00
0,United States,USA,19841,"DeChambeau, Bryson",2026-08-19T10:16:28+00:00
0,Canada,CAN,10252,"DeLaet, Graham",2026-08-19T10:16:28+00:00
0,United States,USA,25078,"DeMorat, Mickey",2026-08-19T10:16:28+00:00
0,United States,USA,20351,"DeMoss, Mookie",2026-08-19T10:16:28+00:00
0,Bermuda,BER,29023,"DeSilva, Chaka",2026-08-19T10:16:28+00:00
0,England,ENG,16497,"Dean, Joe",2026-08-19T10:16:28+00:00
1,United States,USA,33841,"Dean, Kellen",2026-08-19T10:16:28+00:00
0,France,FRA,25325,"Debove, Quentin",2026-08-19T10:16:28+00:00
0,France,FRA,13998,"Decottignies-Lafon, Mathieu",2026-08-19T10:16:28+00:00
0,Spain,ESP,22259,"Del Rey, Alejandro",2026-08-19T10:16:28+00:00
0,Chile,CHI,17422,"Del Solar, Cristobal",2026-08-19T10:16:28+00:00
0,Spain,ESP,15791,"Del Val, Samuel",2026-08-19T10:16:28+00:00
1,United States,USA,34060,"Delisanti, Anthony",2026-08-19T10:16:28+00:00
0,United States,USA,30430,"Deminsky, Derek",2026-08-19T10:16:28+00:00
0,United States,USA,28075,"Deneen, Morgan",2026-08-19T10:16:28+00:00
0,Austria,AUT,21657,"Denk, Luca",2026-08-19T10:16:28+00:00
1,United States,USA,26618,"Deraney, Joe",2026-08-19T10:16:28+00:00
0,United States,USA,29972,"Derrick, Brock",2026-08-19T10:16:28+00:00
0,Canada,CAN,31347,"Desmarchais, Laurent",2026-08-19T10:16:28+00:00
1,United Kingdom,GBR,34569,"Desoisa, Sebastian",2026-08-19T10:16:28+00:00
0,Belgium,BEL,14181,"Detry, Thomas",2026-08-19T10:16:28+00:00
0,Uganda,UGA,27979,"Deus, Willy",2026-08-19T10:16:28+00:00
0,South Africa,RSA,26313,"Deyzel, Werner",2026-08-19T10:16:28+00:00
0,India,IND,12881,"Dharma, M.",2026-08-19T10:16:28+00:00
0,India,IND,28070,"Dhole Patil, Rohan",2026-08-19T10:16:28+00:00
0,Italy,ITA,17652,"Di Nitto, Enrico",2026-08-19T10:16:28+00:00
0,United States,USA,25135,"DiMarco, Cristian",2026-08-19T10:16:28+00:00
0,South Africa,RSA,21296,"Diab, Jason",2026-08-19T10:16:28+00:00
0,Mexico,MEX,15394,"Diaz, Roberto",2026-08-19T10:16:28+00:00
0,United States,USA,7925,"Dickinson, Paul",2026-08-19T10:16:28+00:00
0,United States,USA,27420,"Dickson, Taylor",2026-08-19T10:16:28+00:00
0,United States,USA,29323,"Dickson, Will",2026-08-19T10:16:28+00:00
0,Australia,AUS,27031,"Didone, Aiden",2026-08-19T10:16:28+00:00
0,United States,USA,29198,"Dilisio, Steven",2026-08-19T10:16:28+00:00
0,United States,USA,28398,"Dillard, IV, Mulbe",2026-08-19T10:16:28+00:00
1,Bermuda,BER,27327,"Dillas, Jarryd",2026-08-19T10:16:28+00:00
0,China,CHN,26193,"Ding, Wenyi",2026-08-19T10:16:28+00:00
0,South Africa,RSA,12863,"Dingle, Wynand",2026-08-19T10:16:28+00:00
0,United States,USA,31213,"Dinsmore, Tyson",2026-08-19T10:16:28+00:00
0,England,ENG,11894,"Dinwiddie, Robert",2026-08-19T10:16:28+00:00
0,Australia,AUS,13641,"Dive, Martin",2026-08-19T10:16:28+00:00
0,England,ENG,7311,"Dixon, David",2026-08-19T10:16:28+00:00
0,Scotland,SCO,10458,"Doak, Chris",2026-08-19T10:16:28+00:00
0,Australia,AUS,21380,"Dobbelaar, Louis",2026-08-19T10:16:28+00:00
0,England,ENG,16058,"Dobson, Hugo",2026-08-19T10:16:28+00:00
0,United States,USA,7466,"Dobyns, Matt",2026-08-19T10:16:28+00:00
0,United States,USA,24962,"Docherty, Alistair",2026-08-19T10:16:28+00:00
0,Australia,AUS,15290,"Docking, Matthew",2026-08-19T10:16:28+00:00
0,Wales,WAL,4311,"Dodd, Stephen",2026-08-19T10:16:28+00:00
1,England,ENG,32595,"Dodd-Berry, Matthew",2026-08-19T10:16:28+00:00
0,Australia,AUS,8364,"Dodt, Andrew",2026-08-19T10:16:28+00:00
0,United States,USA,24963,"Doeden, Justin",2026-08-19T10:16:28+00:00
0,Chile,CHI,19454,"Dominguez, Matias",2026-08-19T10:16:28+00:00
0,England,ENG,4163,"Donald, Luke",2026-08-19T10:16:28+00:00
0,Wales,WAL,7084,"Donaldson, Jamie",2026-08-19T10:16:28+00:00
0,Ireland,IRL,23404,"Donnelly, Luke",2026-08-19T10:16:28+00:00
0,Australia,AUS,29097,"Donoghue, Edward",2026-08-19T10:16:28+00:00
0,United States,USA,33994,"Donohue, Muzzy",2026-08-19T10:16:28+00:00
0,United States,USA,18629,"Dorn, Andrew",2026-08-19T10:16:28+00:00
0,United States,USA,29347,"Dossey, Cooper",2026-08-19T10:16:28+00:00
0,China,CHN,16757,"Dou, Zecheng",2026-08-19T10:16:28+00:00
0,United States,USA,25918,"Doucett, BJ",2026-08-19T10:16:28+00:00
0,United States,USA,19738,"Dougherty, Kevin",2026-08-19T10:16:28+00:00
1,United States,USA,35761,"Dougherty, Kyle",2026-08-19T10:16:28+00:00
0,Australia,AUS,21085,"Doull, Jordan",2026-08-19T10:16:28+00:00
1,Australia,AUS,28112,"Dowling, Billy",2026-08-19T10:16:28+00:00
0,Australia,AUS,16731,"Dowling, Matt",2026-08-19T10:16:28+00:00
1,United States,USA,33466,"Doyal, Connor",2026-08-19T10:16:28+00:00
0,United States,USA,26508,"Doyle, Brendon",2026-08-19T10:16:28+00:00
0,United States,USA,33101,"Doyle, Drew",2026-08-19T10:16:28+00:00
1,Ireland,IRL,34384,"Doyle, John",2026-08-19T10:16:28+00:00
0,Wales,WAL,6150,"Dredge, Bradley",2026-08-19T10:16:28+00:00
0,Australia,AUS,15162,"Drewitt, Brett",2026-08-19T10:16:28+00:00
0,South Africa,RSA,22910,"Dreyer, Juran",2026-08-19T10:16:28+00:00
1,Netherlands,NED,31545,"Driessen, Bjorn",2026-08-19T10:16:28+00:00
0,United States,USA,6228,"Driscoll, James",2026-08-19T10:16:28+00:00
0,United States,USA,24584,"Droemer, Jesse",2026-08-19T10:16:28+00:00
0,Scotland,SCO,6867,"Drysdale, David",2026-08-19T10:16:28+00:00
0,South Africa,RSA,17197,"Du Plessis, CJ",2026-08-19T10:16:28+00:00
0,South Africa,RSA,19421,"Du Plessis, Hennie",2026-08-19T10:16:28+00:00
0,South Africa,RSA,22036,"Du Plooy, Gerard",2026-08-19T10:16:28+00:00
0,South Africa,RSA,24617,"Du Plooy, Henning",2026-08-19T10:16:28+00:00
0,South Africa,RSA,21203,"Du Preez, James Hart",2026-08-19T10:16:28+00:00
0,Canada,CAN,22086,"Du Toit, Jared",2026-08-19T10:16:28+00:00
0,United States,USA,32522,"DuBois, John",2026-08-19T10:16:28+00:00
0,United States,USA,27350,"Duangmanee, George",2026-08-19T10:16:28+00:00
0,France,FRA,10624,"Dubois, Edouard",2026-08-19T10:16:28+00:00
0,France,FRA,10198,"Dubuisson, Victor",2026-08-19T10:16:28+00:00
1,Panama,PAN,30655,"Ducruet, Jean Paul",2026-08-19T10:16:28+00:00
0,United States,USA,7301,"Dufner, Jason",2026-08-19T10:16:28+00:00
0,United States,USA,13338,"Dugas, Eric",2026-08-19T10:16:28+00:00
0,United States,USA,493,"Duke, Ken",2026-08-19T10:16:28+00:00
0,South Africa,RSA,26478,"Duminy, Jordan",2026-08-19T10:16:28+00:00
0,Belgium,BEL,22002,"Dumont De Chassart, Adrien",2026-08-19T10:16:28+00:00
0,United States,USA,30937,"Duncan, Austin",2026-08-19T10:16:28+00:00
0,United States,USA,28914,"Duncan, Michael",2026-08-19T10:16:28+00:00
0,United States,USA,35303,"Duncan, Todd",2026-08-19T10:16:28+00:00
0,Australia,AUS,24191,"Duncan, Tyler",2026-08-19T10:16:28+00:00
0,United States,USA,18187,"Duncan, Tyler",2026-08-19T10:16:28+00:00
0,United States,USA,26577,"Dunkle, Kyler",2026-08-19T10:16:28+00:00
0,United States,USA,28270,"Dunlap, Nick",2026-08-19T10:16:28+00:00
0,Ireland,IRL,18736,"Dunne, Paul",2026-08-19T10:16:28+00:00
0,France,FRA,12607,"Dupin, Diego",2026-08-19T10:16:28+00:00
1,Belgium,BEL,30200,"Duquaine, Hugo",2026-08-19T10:16:28+00:00
1,Panama,PAN,30656,"Duran, Samuel",2026-08-19T10:16:28+00:00
0,Canada,CAN,31160,"Durham, Taylor",2026-08-19T10:16:28+00:00
0,United States,USA,4761,"Duval, David",2026-08-19T10:16:28+00:00
0,United States,USA,29164,"Dyer, Blake",2026-08-19T10:16:28+00:00
0,England,ENG,26980,"Dyer, Jack",2026-08-19T10:16:28+00:00
0,England,ENG,8221,"Dykes, Tim",2026-08-19T10:16:28+00:00
0,South Africa,RSA,15181,"Easton, Bryce",2026-08-19T10:16:28+00:00
0,United States,USA,26652,"Eaton, Chandler",2026-08-19T10:16:28+00:00
0,Australia,AUS,15916,"Eaves, Samuel",2026-08-19T10:16:28+00:00
0,Australia,AUS,17163,"Eccles, Ben",2026-08-19T10:16:28+00:00
0,Australia,AUS,24192,"Eccleston, Cooper",2026-08-19T10:16:28+00:00
0,Colombia,COL,15238,"Echavarria, Andres",2026-08-19T10:16:28+00:00
0,Colombia,COL,22833,"Echavarria, Nico",2026-08-19T10:16:28+00:00
0,Argentina,ARG,7988,"Echenique, Rafa",2026-08-19T10:16:28+00:00
0,Finland,FIN,16405,"Eckhardt, Albert",2026-08-19T10:16:28+00:00
0,United States,USA,26653,"Eckroat, Austin",2026-08-19T10:16:28+00:00
0,Sweden,SWE,8574,"Edberg, Pelle",2026-08-19T10:16:28+00:00
0,Sweden,SWE,17472,"Eden, Tobias",2026-08-19T10:16:28+00:00
0,United States,USA,19739,"Edmondson, Zachary",2026-08-19T10:16:28+00:00
0,United States,USA,32265,"Edwards, Erik",2026-08-19T10:16:28+00:00
0,United States,USA,29493,"Edwards, Greg",2026-08-19T10:16:28+00:00
0,Wales,WAL,24750,"Edwards, Owen",2026-08-19T10:16:28+00:00
0,Norway,NOR,23791,"Ege, Mats",2026-08-19T10:16:28+00:00
0,Switzerland,SUI,14810,"Eggenberger, Mathias",2026-08-19T10:16:28+00:00
0,United States,USA,30856,"Eichhorn, Hunter",2026-08-19T10:16:28+00:00
0,Germany,GER,28406,"Eisenbeis, Frederik",2026-08-19T10:16:28+00:00
0,Denmark,DEN,22377,"Ejlersen, Anders Emil",2026-08-19T10:16:28+00:00
0,Morocco,MAR,23093,"El Fakori, Mehdi",2026-08-19T10:16:28+00:00
0,Morocco,MAR,19311,"El Hali, Karim",2026-08-19T10:16:28+00:00
1,Morocco,MAR,33870,"El Hali, Reda",2026-08-19T10:16:28+00:00
0,United States,USA,27847,"Elliott, Blake",2026-08-19T10:16:28+00:00
0,United States,USA,34219,"Ellis, Dylan",2026-08-19T10:16:28+00:00
0,England,ENG,23726,"Ellis, Harry",2026-08-19T10:16:28+00:00
0,United States,USA,29435,"Elmes, Riley",2026-08-19T10:16:28+00:00
0,United States,USA,24964,"Elmore, Ryan",2026-08-19T10:16:28+00:00
0,South Africa,RSA,874,"Els, Ernie",2026-08-19T10:16:28+00:00
0,England,ENG,7564,"Elson, Jamie",2026-08-19T10:16:28+00:00
0,Spain,ESP,12988,"Elvira Mijares, Ignacio",2026-08-19T10:16:28+00:00
0,Spain,ESP,26008,"Elvira, Manuel",2026-08-19T10:16:28+00:00
0,United States,USA,25228,"Emory, Bryce",2026-08-19T10:16:28+00:00
0,United States,USA,35542,"Endicott, Garrett",2026-08-19T10:16:28+00:00
0,Australia,AUS,19208,"Endycott, Harrison",2026-08-19T10:16:28+00:00
0,England,ENG,23163,"Enefer, Will",2026-08-19T10:16:28+00:00
0,United States,USA,14577,"English, Harris",2026-08-19T10:16:28+00:00
1,Austria,AUT,26457,"Ennsmann, David",2026-08-19T10:16:28+00:00
0,Wales,WAL,12287,"Enoch, Rhys",2026-08-19T10:16:28+00:00
0,Korea - Republic of,KOR,13835,"Eom, Jaewoong",2026-08-19T10:16:28+00:00
0,Niger,NIG,34417,"Epe, Francis",2026-08-19T10:16:28+00:00
0,United States,USA,29675,"Epson, Hunter",2026-08-19T10:16:28+00:00
0,Spain,ESP,33839,"Ereno Perez, Pablo",2026-08-19T10:16:28+00:00
0,United States,USA,29520,"Erickson, Dan",2026-08-19T10:16:28+00:00
1,United States,USA,25181,"Erickson, Jake",2026-08-19T10:16:28+00:00
0,Sweden,SWE,21938,"Eriksson, Philip",2026-08-19T10:16:28+00:00
0,United States,USA,16711,"Ernst, Derek",2026-08-19T10:16:28+00:00
0,Russian Federation,RUS,33068,"Eroshenko, Egor",2026-08-19T10:16:28+00:00
0,Chile,CHI,25712,"Errazuriz, Agustin",2026-08-19T10:16:28+00:00
0,South Africa,RSA,14429,"Esau, Cameron",2026-08-19T10:16:28+00:00
0,Spain,ESP,23000,"Esmatges, Alex",2026-08-19T10:16:28+00:00
0,Chile,CHI,13600,"Espinoza, Christian",2026-08-19T10:16:28+00:00
0,Spain,ESP,26677,"Esposito, Hugo",2026-08-19T10:16:28+00:00
1,Belgium,BEL,33651,"Estas, Arthur",2026-08-19T10:16:28+00:00
1,United States,USA,35052,"Esterline, Lunden",2026-08-19T10:16:28+00:00
1,Puerto Rico,PUR,8573,"Esteve, Jeronimo",2026-08-19T10:16:28+00:00
0,Andorra,AND,21620,"Esteve, Kevin",2026-08-19T10:16:28+00:00
0,France,FRA,26726,"Etchenique, Andoni",2026-08-19T10:16:28+00:00
0,Switzerland,SUI,26616,"Ettlin, Loic",2026-08-19T10:16:28+00:00
0,Argentina,ARG,11911,"Etulain, Julian",2026-08-19T10:16:28+00:00
0,Germany,GER,25600,"Euler, Lukas",2026-08-19T10:16:28+00:00
0,Australia,AUS,15589,"Evans, Andrew",2026-08-19T10:16:28+00:00
0,England,ENG,10151,"Evans, Ben",2026-08-19T10:16:28+00:00
0,England,ENG,28834,"Evans, Giles",2026-08-19T10:16:28+00:00
0,England,ENG,19030,"Evans, Ryan",2026-08-19T10:16:28+00:00
0,United States,USA,24965,"Everett, Broc",2026-08-19T10:16:28+00:00
0,United States,USA,10185,"Every, Matt",2026-08-19T10:16:28+00:00
0,Canada,CAN,21883,"Ewart, A.J.",2026-08-19T10:16:28+00:00
1,Colombia,COL,18046,"Faccini, Daniel",2026-08-19T10:16:28+00:00
0,Sweden,SWE,13445,"Fahrbring, Jens",2026-08-19T10:16:28+00:00
0,United States,USA,34058,"Fahrny, Brannon",2026-08-19T10:16:28+00:00
0,United States,USA,18377,"Fair, Seth",2026-08-19T10:16:28+00:00
0,Australia,AUS,16018,"Fairfax, Gavin",2026-08-19T10:16:28+00:00
0,Italy,ITA,27784,"Fallotico, Lucas Nicolas",2026-08-19T10:16:28+00:00
0,China,CHN,30150,"Fan, Jicheng",2026-08-19T10:16:28+00:00
0,China,CHN,19497,"Fan, Shiyu",2026-08-19T10:16:28+00:00
1,United States,USA,34025,"Fang, Ethan",2026-08-19T10:16:28+00:00
0,China,CHN,29930,"Fang, Xiang",2026-08-19T10:16:28+00:00
1,China,CHN,30522,"Fang, Zeqian",2026-08-19T10:16:28+00:00
0,France,FRA,25149,"Fanonnel, Guillaume",2026-08-19T10:16:28+00:00
1,Italy,ITA,29361,"Fantinelli, Riccardo",2026-08-19T10:16:28+00:00
0,United States,USA,32648,"Farnam, Ethan",2026-08-19T10:16:28+00:00
0,England,ENG,27003,"Farr, Callum",2026-08-19T10:16:28+00:00
0,Wales,WAL,13318,"Farr, Oliver",2026-08-19T10:16:28+00:00
0,England,ENG,28292,"Farrell, OJ",2026-08-19T10:16:28+00:00
0,England,ENG,20325,"Farrier-Twist, Michael",2026-08-19T10:16:28+00:00
0,Mexico,MEX,14568,"Favela, Armando",2026-08-19T10:16:28+00:00
0,Spain,ESP,8262,"Fdez-Castano, Gonzalo",2026-08-19T10:16:28+00:00
0,United States,USA,28539,"Feagler, Clay",2026-08-19T10:16:28+00:00
0,United States,USA,26656,"Feagles, Michael",2026-08-19T10:16:28+00:00
0,United States,USA,18257,"Featherstone, Colin",2026-08-19T10:16:28+00:00
0,United States,USA,29497,"Feenstra, Tim",2026-08-19T10:16:28+00:00
0,Sweden,SWE,20147,"Feldborg Nielsen, Christopher",2026-08-19T10:16:28+00:00
0,Australia,AUS,16835,"Felton, Jarryd",2026-08-19T10:16:28+00:00
0,France,FRA,17831,"Fenasse, Mathieu",2026-08-19T10:16:28+00:00
0,Scotland,SCO,15491,"Fenwick, Neil",2026-08-19T10:16:28+00:00
0,Australia,AUS,22819,"Ferguson, Ben",2026-08-19T10:16:28+00:00
0,Scotland,SCO,21646,"Ferguson, Ewen",2026-08-19T10:16:28+00:00
0,Argentina,ARG,24294,"Fernandez De Oliveira, Mateo",2026-08-19T10:16:28+00:00
0,Argentina,ARG,16786,"Fernandez Valdes, Jorge",2026-08-19T10:16:28+00:00
0,Mexico,MEX,16237,"Fernandez, JD",2026-08-19T10:16:28+00:00
0,Spain,ESP,15616,"Fernandez, Scott",2026-08-19T10:16:28+00:00
0,Portugal,POR,17409,"Ferreira, Stephen",2026-08-19T10:16:28+00:00
0,Spain,ESP,20674,"Ferrer, Toni",2026-08-19T10:16:28+00:00
1,Italy,ITA,30418,"Ferrero, Michele",2026-08-19T10:16:28+00:00
0,Scotland,SCO,18531,"Ferrier, Paul",2026-08-19T10:16:28+00:00
0,United States,USA,24502,"Feuerstein, Michael",2026-08-19T10:16:28+00:00
0,South Africa,RSA,5754,"Fichardt, Darren",2026-08-19T10:16:28+00:00
0,United States,USA,19618,"Fidone, Sam",2026-08-19T10:16:28+00:00
0,Portugal,POR,10033,"Figueiredo, Pedro",2026-08-19T10:16:28+00:00
0,Puerto Rico,PUR,16044,"Figueroa, Edward",2026-08-19T10:16:28+00:00
0,United States,USA,24424,"Filbert, Andrew",2026-08-19T10:16:28+00:00
0,South Africa,RSA,22037,"Filippi, Luca",2026-08-19T10:16:28+00:00
0,United States,USA,11676,"Finau, Tony",2026-08-19T10:16:28+00:00
0,United States,USA,23463,"Finnell, Skyler",2026-08-19T10:16:28+00:00
0,United States,USA,33003,"Fioroni, Caden",2026-08-19T10:16:28+00:00
0,Malaysia,MAS,25815,"Firdaus, Zubair",2026-08-19T10:16:28+00:00
1,Austria,AUT,29479,"Fischer, Fabian",2026-08-19T10:16:28+00:00
0,United States,USA,17273,"Fischer, Zack",2026-08-19T10:16:28+00:00
0,Canada,CAN,18704,"Fish, Mardy",2026-08-19T10:16:28+00:00
0,United States,USA,25094,"Fishburn, Patrick",2026-08-19T10:16:28+00:00
0,South Africa,RSA,7678,"Fisher Jr, Trevor",2026-08-19T10:16:28+00:00
0,United States,USA,10621,"Fisher, Bryce",2026-08-19T10:16:28+00:00
0,United States,USA,32649,"Fisher, Danny",2026-08-19T10:16:28+00:00
0,United States,USA,23709,"Fisher, Darin",2026-08-19T10:16:28+00:00
0,England,ENG,10863,"Fisher, Oliver",2026-08-19T10:16:28+00:00
0,England,ENG,9396,"Fisher, Ross",2026-08-19T10:16:28+00:00
0,United States,USA,26657,"Fisk, Steven",2026-08-19T10:16:28+00:00
1,England,ENG,33175,"Fitzgerald, Calum",2026-08-19T10:16:28+00:00
0,England,ENG,25362,"Fitzpatrick, Alex",2026-08-19T10:16:28+00:00
0,England,ENG,17646,"Fitzpatrick, Matt",2026-08-19T10:16:28+00:00
0,England,ENG,26982,"Flanagan, Angus",2026-08-19T10:16:28+00:00
0,Australia,AUS,8357,"Flanagan, Nick",2026-08-19T10:16:28+00:00
0,United States,USA,26122,"Flavin, Patrick",2026-08-19T10:16:28+00:00
0,England,ENG,12294,"Fleetwood, Tommy",2026-08-19T10:16:28+00:00
1,United States,USA,35476,"Fleming, Marek",2026-08-19T10:16:28+00:00
0,United States,USA,23925,"Flenniken, Casey",2026-08-19T10:16:28+00:00
0,United States,USA,15788,"Flores, Erik",2026-08-19T10:16:28+00:00
0,United States,USA,10535,"Flores, Martin",2026-08-19T10:16:28+00:00
0,Australia,AUS,25780,"Florimo, Will",2026-08-19T10:16:28+00:00
0,Italy,ITA,27840,"Florioli, Marco",2026-08-19T10:16:28+00:00
0,England,ENG,25973,"Floydd, Jack",2026-08-19T10:16:28+00:00
0,United States,USA,32985,"Flynn, Charlie",2026-08-19T10:16:28+00:00
0,Australia,AUS,21383,"Flynn, Lawry",2026-08-19T10:16:28+00:00
0,Switzerland,SUI,24950,"Foley, Robert",2026-08-19T10:16:28+00:00
0,Austria,AUT,18583,"Folk, Gerold",2026-08-19T10:16:28+00:00
0,Zimbabwe,ZIM,15211,"Follet-Smith, Benjamin",2026-08-19T10:16:28+00:00
0,Singapore,SIN,14992,"Foo, Gregory",2026-08-19T10:16:28+00:00
0,Germany,GER,17022,"Foos, Dominic",2026-08-19T10:16:28+00:00
0,United States,USA,31343,"Ford, David",2026-08-19T10:16:28+00:00
0,New Zealand,NZL,29296,"Ford, Jayden",2026-08-19T10:16:28+00:00
0,England,ENG,10139,"Ford, Matt",2026-08-19T10:16:28+00:00
0,United States,USA,31802,"Ford, Maxwell",2026-08-19T10:16:28+00:00
0,United States,USA,32600,"Forest, Beau",2026-08-19T10:16:28+00:00
0,England,ENG,17816,"Forgan, Sam",2026-08-19T10:16:28+00:00
0,Scotland,SCO,16475,"Forrest, Grant",2026-08-19T10:16:28+00:00
0,Sweden,SWE,19806,"Forsstrom, Simon",2026-08-19T10:16:28+00:00
0,unknown,unknown,20000238,"Forster, Charlie",2026-08-19T10:16:28+00:00
0,England,ENG,27687,"Forster, Thomas",2026-08-19T10:16:28+00:00
0,United States,USA,34013,"Forte, Brayden",2026-08-19T10:16:28+00:00
0,Italy,ITA,22177,"Fortini, Giacomo",2026-08-19T10:16:28+00:00
1,Paraguay,PAR,30899,"Fortlage, Erich",2026-08-19T10:16:28+00:00
0,Norway,NOR,23792,"Fosaas, Carl",2026-08-19T10:16:28+00:00
0,South Africa,RSA,21304,"Foster, Gerrit",2026-08-19T10:16:28+00:00
0,United States,USA,28311,"Foster, Hayden",2026-08-19T10:16:28+00:00
0,Australia,AUS,13642,"Fowler, Brenton",2026-08-19T10:16:28+00:00
0,Australia,AUS,497,"Fowler, Peter",2026-08-19T10:16:28+00:00
0,United States,USA,12965,"Fowler, Rickie",2026-08-19T10:16:28+00:00
0,United States,USA,29090,"Fox, Austin",2026-08-19T10:16:28+00:00
0,Australia,AUS,10112,"Fox, Daniel",2026-08-19T10:16:28+00:00
0,Scotland,SCO,7593,"Fox, Graham",2026-08-19T10:16:28+00:00
0,New Zealand,NZL,11889,"Fox, Ryan",2026-08-19T10:16:28+00:00
0,Portugal,POR,25887,"Frade, Nicholaus",2026-08-19T10:16:28+00:00
0,Denmark,DEN,25183,"Frances, Alexander George",2026-08-19T10:16:28+00:00
0,Paraguay,PAR,3436,"Franco, Carlos",2026-08-19T10:16:28+00:00
0,United States,USA,31214,"Francoeur, Chris",2026-08-19T10:16:28+00:00
0,United States,USA,26517,"Franken, Stephen",2026-08-19T10:16:28+00:00
0,United States,USA,33545,"Franks, Nathan",2026-08-19T10:16:28+00:00
0,Scotland,SCO,30349,"Franssen, Rory",2026-08-19T10:16:28+00:00
0,Australia,AUS,7070,"Fraser, Marcus",2026-08-19T10:16:28+00:00
0,Mexico,MEX,9834,"Fraustro, Oscar",2026-08-19T10:16:28+00:00
0,United States,USA,6151,"Frazar, Harrison",2026-08-19T10:16:28+00:00
0,Switzerland,SUI,19811,"Freiburghaus, Jeremy",2026-08-19T10:16:28+00:00
0,United States,USA,24489,"French, Chris",2026-08-19T10:16:28+00:00
0,United States,USA,29300,"Fribbs, Derek",2026-08-19T10:16:28+00:00
0,Denmark,DEN,24657,"Friedrichsen, Sebastian",2026-08-19T10:16:28+00:00
0,Denmark,DEN,22380,"Frimodt, Gustav",2026-08-19T10:16:28+00:00
0,Canada,CAN,7207,"Fritsch, Brad",2026-08-19T10:16:28+00:00
0,Germany,GER,9217,"Fritsch, Florian",2026-08-19T10:16:28+00:00
0,South Africa,RSA,11955,"Frittelli, Dylan",2026-08-19T10:16:28+00:00
0,Sweden,SWE,21621,"From, Fredrik",2026-08-19T10:16:28+00:00
0,South Africa,RSA,440,"Frost, David",2026-08-19T10:16:28+00:00
0,China,CHN,31013,"Fu, Yihao",2026-08-19T10:16:28+00:00
0,Spain,ESP,25303,"Fuentes, Ignacio Urriza",2026-08-19T10:16:28+00:00
0,Japan,JPN,11773,"Fujimoto, Yoshinori",2026-08-19T10:16:28+00:00
0,Malaysia,MAS,12889,"Fung, Nicholas",2026-08-19T10:16:28+00:00
0,United States,USA,72,"Funk, Fred",2026-08-19T10:16:28+00:00
0,United States,USA,24718,"Funk, Taylor",2026-08-19T10:16:28+00:00
0,United States,USA,25771,"Furr, Wilson",2026-08-19T10:16:28+00:00
0,Japan,JPN,29339,"Furuse, Koichiro",2026-08-19T10:16:28+00:00
0,United States,USA,2881,"Furyk, Jim",2026-08-19T10:16:28+00:00
0,Scotland,SCO,25096,"Fyfe, Calum",2026-08-19T10:16:28+00:00
0,United States,USA,30767,"Gabrelcik, Nick",2026-08-19T10:16:28+00:00
0,United States,USA,35228,"Gabriele, Chris",2026-08-19T10:16:28+00:00
0,Italy,ITA,10073,"Gagli, Lorenzo",2026-08-19T10:16:28+00:00
0,Costa Rica,CRC,25079,"Gagne, Luis",2026-08-19T10:16:28+00:00
0,United States,USA,12169,"Gainey, Tommy",2026-08-19T10:16:28+00:00
0,South Africa,RSA,29495,"Galant, Tristin",2026-08-19T10:16:28+00:00
0,Northern Ireland,NIR,18905,"Galbraith, John-Ross",2026-08-19T10:16:28+00:00
0,Australia,AUS,19212,"Gale, Daniel",2026-08-19T10:16:28+00:00
0,Scotland,SCO,5647,"Gallacher, Stephen",2026-08-19T10:16:28+00:00
0,Argentina,ARG,27352,"Gallegos, Abel",2026-08-19T10:16:28+00:00
0,Argentina,ARG,19296,"Gallegos, Andres",2026-08-19T10:16:28+00:00
0,United States,USA,24490,"Galletti, Nicolo",2026-08-19T10:16:28+00:00
0,Italy,ITA,15566,"Galliano, Luca",2026-08-19T10:16:28+00:00
0,United States,USA,2878,"Gamez, Robert",2026-08-19T10:16:28+00:00
0,Chile,CHI,19253,"Gana, Toto",2026-08-19T10:16:28+00:00
0,India,IND,18058,"Gandas, Manu",2026-08-19T10:16:28+00:00
0,France,FRA,18933,"Gandon, Jeremy",2026-08-19T10:16:28+00:00
0,Isle of Man,IMN,20633,"Gandy, Tom",2026-08-19T10:16:28+00:00
0,India,IND,7038,"Gangjee, Rahil",2026-08-19T10:16:28+00:00
0,United States,USA,27778,"Gannon, Luke",2026-08-19T10:16:28+00:00
0,United States,USA,18658,"Garber, Joey",2026-08-19T10:16:28+00:00
0,Spain,ESP,28238,"Garcia Broto, Victor",2026-08-19T10:16:28+00:00
0,Spain,ESP,11103,"Garcia Del Moral, Jordi",2026-08-19T10:16:28+00:00
0,Spain,ESP,12702,"Garcia Grout, Sebastian",2026-08-19T10:16:28+00:00
0,Spain,ESP,12258,"Garcia Rodriguez, Sebastian",2026-08-19T10:16:28+00:00
0,Mexico,MEX,13220,"Garcia, Andres",2026-08-19T10:16:28+00:00
0,Venezuela,VEN,17212,"Garcia, Jorge",2026-08-19T10:16:28+00:00
0,Spain,ESP,5689,"Garcia, Sergio",2026-08-19T10:16:28+00:00
0,United States,USA,35624,"Garcia, Tony",2026-08-19T10:16:28+00:00
0,Australia,AUS,29098,"Garcia, Zinyo",2026-08-19T10:16:28+00:00
0,Spain,ESP,7887,"Garcia-Heredia, Alfredo",2026-08-19T10:16:28+00:00
0,Australia,AUS,25816,"Gardner, Dylan",2026-08-19T10:16:28+00:00
0,United States,USA,11451,"Garnett, Brice",2026-08-19T10:16:28+00:00
0,United States,USA,21885,"Garrick, Jonathan",2026-08-19T10:16:28+00:00
0,United States,USA,6789,"Garrigus, Robert",2026-08-19T10:16:28+00:00
0,United States,USA,29677,"Garrison, Brayden",2026-08-19T10:16:28+00:00
0,Mexico,MEX,19619,"Garza, Luis Gerardo",2026-08-19T10:16:28+00:00
0,Mexico,MEX,32706,"Garza, Marcelo",2026-08-19T10:16:28+00:00
0,Portugal,POR,14683,"Gaspar, Miguel",2026-08-19T10:16:28+00:00
0,United States,USA,13433,"Gates, Bobby",2026-08-19T10:16:28+00:00
0,South Africa,RSA,21196,"Gauche, Teaghan",2026-08-19T10:16:28+00:00
0,United States,USA,19423,"Gaugert, Alex",2026-08-19T10:16:28+00:00
0,United States,USA,32433,"Gaunt, Connor",2026-08-19T10:16:28+00:00
0,Australia,AUS,6132,"Gaunt, Daniel",2026-08-19T10:16:28+00:00
0,England,ENG,18241,"Gavins, Daniel",2026-08-19T10:16:28+00:00
0,United States,USA,5951,"Gay, Brian",2026-08-19T10:16:28+00:00
0,United States,USA,23138,"Gazzolo, David",2026-08-19T10:16:28+00:00
0,New Zealand,NZL,9903,"Geary, Josh",2026-08-19T10:16:28+00:00
0,England,ENG,21886,"Geddes, Mark",2026-08-19T10:16:28+00:00
1,Belgium,BEL,32388,"Geerebaert, Julian",2026-08-19T10:16:28+00:00
0,Italy,ITA,22178,"Geerts, Philip",2026-08-19T10:16:28+00:00
0,United States,USA,19909,"Gellerman, Michael",2026-08-19T10:16:28+00:00
0,Italy,ITA,14596,"Geminiani, Domenico",2026-08-19T10:16:28+00:00
0,United States,USA,29767,"Gerard, Ryan",2026-08-19T10:16:28+00:00
0,Switzerland,SUI,25572,"Gerhardsen, Nicola",2026-08-19T10:16:28+00:00
0,South Africa,RSA,25888,"Germishuys, Deon",2026-08-19T10:16:28+00:00
0,India,IND,24674,"Ghai, Tapy",2026-08-19T10:16:28+00:00
0,United States,USA,24550,"Ghim, Doug",2026-08-19T10:16:28+00:00
0,United States,USA,31859,"Ghosh, Raj",2026-08-19T10:16:28+00:00
0,United States,USA,31311,"Giannetto, Jay",2026-08-19T10:16:28+00:00
0,Canada,CAN,30203,"Giantsopoulos, Angelo",2026-08-19T10:16:28+00:00
0,United States,USA,14785,"Gibb, Judd",2026-08-19T10:16:28+00:00
0,Australia,AUS,17788,"Gibellini, James",2026-08-19T10:16:28+00:00
0,France,FRA,26730,"Giboudot, Maxence",2026-08-19T10:16:28+00:00
0,Australia,AUS,13342,"Gibson, Rhein",2026-08-19T10:16:28+00:00
0,United States,USA,28167,"Gibson, Tommy",2026-08-19T10:16:28+00:00
0,United States,USA,31881,"Gifford, Luke",2026-08-19T10:16:28+00:00
0,Mexico,MEX,34683,"Gil Leyva, Emilio",2026-08-19T10:16:28+00:00
0,Switzerland,SUI,27006,"Gilardi, Mauro",2026-08-19T10:16:28+00:00
1,Australia,AUS,33106,"Gilbert, Josiah",2026-08-19T10:16:28+00:00
0,United States,USA,22261,"Gilchrest, Matt",2026-08-19T10:16:28+00:00
0,South Africa,RSA,26606,"Gildenhuys, Brandon",2026-08-19T10:16:28+00:00
0,England,ENG,27463,"Gill, Bailey",2026-08-19T10:16:28+00:00
0,New Zealand,NZL,27456,"Gill, Taylor",2026-08-19T10:16:28+00:00
0,United States,USA,24985,"Gillam, Parker",2026-08-19T10:16:28+00:00
0,Sweden,SWE,21652,"Gillberg, Oliver",2026-08-19T10:16:28+00:00
0,Canada,CAN,6883,"Gillespie, Derek",2026-08-19T10:16:28+00:00
0,United States,USA,26953,"Gilligan, Ian",2026-08-19T10:16:28+00:00
0,United States,USA,17260,"Gilman, Chris",2026-08-19T10:16:28+00:00
1,United States,USA,35003,"Gimenez, Lucas",2026-08-19T10:16:28+00:00
0,Canada,CAN,29776,"Giroux, Thomas",2026-08-19T10:16:28+00:00
0,Switzerland,SUI,15592,"Girrbach, Joel",2026-08-19T10:16:28+00:00
1,Germany,GER,28181,"Glawe, Wolfgang",2026-08-19T10:16:28+00:00
0,Sweden,SWE,13447,"Glennemo, Jacob",2026-08-19T10:16:28+00:00
0,Canada,CAN,13404,"Gligic, Michael",2026-08-19T10:16:28+00:00
0,United States,USA,31246,"Glinski, Mason",2026-08-19T10:16:28+00:00
0,United States,USA,7399,"Glover, Lucas",2026-08-19T10:16:28+00:00
0,Japan,JPN,25161,"Go, Shiso",2026-08-19T10:16:28+00:00
0,Argentina,ARG,12774,"Godoy, Maximiliano",2026-08-19T10:16:28+00:00
0,United States,USA,19742,"Godsey, Conner",2026-08-19T10:16:28+00:00
0,United States,USA,33944,"Goecke, Tyler",2026-08-19T10:16:28+00:00
0,United States,USA,31218,"Goetz, Mark",2026-08-19T10:16:28+00:00
0,United States,USA,32554,"Goff, Alex",2026-08-19T10:16:28+00:00
0,United States,USA,5466,"Gogel, Matt",2026-08-19T10:16:28+00:00
0,Australia,AUS,3756,"Goggin, Mathew",2026-08-19T10:16:28+00:00
0,United States,USA,28022,"Goldenberg, Josh",2026-08-19T10:16:28+00:00
0,United States,USA,30810,"Goldenring, Sam",2026-08-19T10:16:28+00:00
0,United States,USA,34021,"Goldstein, Bradley",2026-08-19T10:16:28+00:00
0,Spain,ESP,31240,"Gomez Osuna, Ignacio",2026-08-19T10:16:28+00:00
0,Argentina,ARG,8571,"Gomez, Fabian",2026-08-19T10:16:28+00:00
1,Mexico,MEX,33198,"Gomez, Gerardo",2026-08-19T10:16:28+00:00
0,Colombia,COL,22832,"Gomez, Santiago",2026-08-19T10:16:28+00:00
0,United States,USA,23712,"Gonda, Travis",2026-08-19T10:16:28+00:00
0,France,FRA,7979,"Gonnet, Jean-Baptiste",2026-08-19T10:16:28+00:00
0,United States,USA,11640,"Gonzales, Andres",2026-08-19T10:16:28+00:00
0,Mexico,MEX,28016,"Gonzalez, Emilio",2026-08-19T10:16:28+00:00
1,Panama,PAN,29165,"Gonzalez, Lucca",2026-08-19T10:16:28+00:00
0,United States,USA,18580,"Gooch, Talor",2026-08-19T10:16:28+00:00
0,United States,USA,33914,"Goodman, Drew",2026-08-19T10:16:28+00:00
0,United States,USA,24837,"Goodwin, Noah",2026-08-19T10:16:28+00:00
0,South Africa,RSA,4884,"Goosen, Retief",2026-08-19T10:16:28+00:00
0,United States,USA,26660,"Gordon, Will",2026-08-19T10:16:28+00:00
0,United States,USA,6321,"Gore, Jason",2026-08-19T10:16:28+00:00
0,United States,USA,26866,"Gore, Tanner",2026-08-19T10:16:28+00:00
0,Bahamas,BAH,34859,"Gorospe, Aidan",2026-08-19T10:16:28+00:00
0,Bahamas,BAH,24347,"Gorospe, Lemon",2026-08-19T10:16:28+00:00
0,Denmark,DEN,23835,"Goth-Rasmussen, Jonathan",2026-08-19T10:16:28+00:00
0,United States,USA,27774,"Gotterup, Chris",2026-08-19T10:16:28+00:00
0,England,ENG,26491,"Gough, John",2026-08-19T10:16:28+00:00
0,South Africa,RSA,25046,"Gounden, Aneurin",2026-08-19T10:16:28+00:00
0,Portugal,POR,18722,"Gouveia, Ricardo",2026-08-19T10:16:28+00:00
0,Portugal,POR,23267,"Gouveia, Tomas",2026-08-19T10:16:28+00:00
0,South Africa,RSA,24623,"Govender, Shalan",2026-08-19T10:16:28+00:00
0,Argentina,ARG,10877,"Goya, Estanislao",2026-08-19T10:16:28+00:00
0,United States,USA,3702,"Goydos, Paul",2026-08-19T10:16:28+00:00
0,United States,USA,27843,"Graboyes, Luke",2026-08-19T10:16:28+00:00
0,United States,USA,35061,"Graboyes, Michael",2026-08-19T10:16:28+00:00
0,South Africa,RSA,11952,"Grace, Branden",2026-08-19T10:16:28+00:00
0,Poland,POL,14191,"Gradecki, Mateusz",2026-08-19T10:16:28+00:00
1,Scotland,SCO,34023,"Graham, Connor",2026-08-19T10:16:28+00:00
0,United States,USA,22914,"Grant, Brent",2026-08-19T10:16:28+00:00
0,United States,USA,29327,"Greaser, Austin",2026-08-19T10:16:28+00:00
0,United States,USA,26518,"Greco, John",2026-08-19T10:16:28+00:00
0,Malaysia,MAS,12530,"Green, Gavin",2026-08-19T10:16:28+00:00
0,United States,USA,34077,"Green, Max",2026-08-19T10:16:28+00:00
0,Australia,AUS,3877,"Green, Richard",2026-08-19T10:16:28+00:00
0,South Africa,RSA,14395,"Greene, Daniel",2026-08-19T10:16:28+00:00
0,United States,USA,24967,"Greene, Keith",2026-08-19T10:16:28+00:00
0,United States,USA,34057,"Greene, Mason",2026-08-19T10:16:28+00:00
0,Australia,AUS,21087,"Greer, Joshua",2026-08-19T10:16:28+00:00
0,Scotland,SCO,30201,"Gregor, Graham",2026-08-19T10:16:28+00:00
0,United States,USA,6243,"Gregory, Greg",2026-08-19T10:16:28+00:00
0,England,ENG,22253,"Gregory, Scott",2026-08-19T10:16:28+00:00
1,Ireland,IRL,22633,"Grehan, Stuart",2026-08-19T10:16:28+00:00
0,United Arab Emirates,UAE,23164,"Grenville-Wood, Joshua",2026-08-19T10:16:28+00:00
0,England,ENG,24988,"Grey, J.J.",2026-08-19T10:16:28+00:00
0,United States,USA,23465,"Greyserman, Max",2026-08-19T10:16:28+00:00
0,United States,USA,17508,"Gribble, Cody",2026-08-19T10:16:28+00:00
0,United States,USA,28541,"Grider, Ryan",2026-08-19T10:16:28+00:00
0,Australia,AUS,19214,"Grierson, James",2026-08-19T10:16:28+00:00
0,United States,USA,24968,"Griffin, Ben",2026-08-19T10:16:28+00:00
0,United States,USA,29049,"Griffin, J.P.",2026-08-19T10:16:28+00:00
0,United States,USA,15609,"Griffin, J.T.",2026-08-19T10:16:28+00:00
0,United States,USA,15330,"Griffin, Lanto",2026-08-19T10:16:28+00:00
0,Australia,AUS,9780,"Griffin, Matthew",2026-08-19T10:16:28+00:00
0,England,ENG,20000097,"Griffin, Ryan",2026-08-19T10:16:28+00:00
0,England,ENG,19991,"Griffiths, Curtis",2026-08-19T10:16:28+00:00
0,South Africa,RSA,24624,"Griffiths, Haydn",2026-08-19T10:16:28+00:00
0,Argentina,ARG,12808,"Grillo, Emiliano",2026-08-19T10:16:28+00:00
0,United States,USA,22689,"Grimes, Patrick",2026-08-19T10:16:28+00:00
0,United States,USA,18630,"Grimmer, Will",2026-08-19T10:16:28+00:00
1,Ukraine,UKR,29461,"Grinberg, Lev",2026-08-19T10:16:28+00:00
1,United States,USA,28145,"Griz, Jonathan",2026-08-19T10:16:28+00:00
0,South Africa,RSA,22963,"Grobler, Clinton",2026-08-19T10:16:28+00:00
1,Netherlands,NED,31505,"Groenendijk, Ian",2026-08-19T10:16:28+00:00
0,South Africa,RSA,16895,"Groenewald, Coert",2026-08-19T10:16:28+00:00
0,South Africa,RSA,1331,"Groenewald, Vaughn",2026-08-19T10:16:28+00:00
0,France,FRA,16650,"Gros, Sebastien",2026-08-19T10:16:28+00:00
0,United States,USA,28321,"Gross, Larkin",2026-08-19T10:16:28+00:00
0,Italy,ITA,31929,"Grossi, Filippo",2026-08-19T10:16:28+00:00
0,United States,USA,31029,"Grove, Russell",2026-08-19T10:16:28+00:00
0,Australia,AUS,28093,"Guan, Jeffrey",2026-08-19T10:16:28+00:00
0,Sweden,SWE,23306,"Guedra, Adam",2026-08-19T10:16:28+00:00
0,Dominican Republic,DOM,18421,"Guerra, JJ",2026-08-19T10:16:28+00:00
0,Mexico,MEX,25690,"Guerra, Patricio",2026-08-19T10:16:28+00:00
0,France,FRA,10201,"Guerrier, Julien",2026-08-19T10:16:28+00:00
0,Switzerland,SUI,25573,"Gugler, Cedric",2026-08-19T10:16:28+00:00
0,France,FRA,28183,"Guichard, Clement",2026-08-19T10:16:28+00:00
0,France,FRA,28239,"Guillamoundeguy, Oihan",2026-08-19T10:16:28+00:00
0,United States,USA,28472,"Guise, Danny",2026-08-19T10:16:28+00:00
0,United States,USA,23892,"Gumberg, Jordan",2026-08-19T10:16:28+00:00
0,Turkey,TUR,18430,"Guner, Mutlu",2026-08-19T10:16:28+00:00
0,Scotland,SCO,18163,"Gunn, Jimmy",2026-08-19T10:16:28+00:00
0,United States,USA,28528,"Gupta, Aman",2026-08-19T10:16:28+00:00
1,India,IND,25975,"Gupta, Arjun",2026-08-19T10:16:28+00:00
1,Turkey,TUR,33518,"Gurdenli, Can",2026-08-19T10:16:28+00:00
0,United States,USA,15610,"Guthrie, Luke",2026-08-19T10:16:28+00:00
0,United States,USA,32683,"Gutschewski, Luke",2026-08-19T10:16:28+00:00
0,United States,USA,7305,"Gutschewski, Scott",2026-08-19T10:16:28+00:00
1,United States,USA,32684,"Gutschewski, Trevor",2026-08-19T10:16:28+00:00
0,United States,USA,7900,"Haas, Bill",2026-08-19T10:16:28+00:00
0,United States,USA,87,"Haas, Jay",2026-08-19T10:16:28+00:00
0,Denmark,DEN,7952,"Haastrup, Mark Flindt",2026-08-19T10:16:28+00:00
1,Austria,AUT,18584,"Habeler, Markus",2026-08-19T10:16:28+00:00
0,Bermuda,BER,34730,"Haddrell, Will",2026-08-19T10:16:28+00:00
0,United States,USA,14967,"Hadley, Chesson",2026-08-19T10:16:28+00:00
0,Canada,CAN,13965,"Hadwin, Adam",2026-08-19T10:16:28+00:00
0,United States,USA,33757,"Haefner, Grant",2026-08-19T10:16:28+00:00
1,United States,USA,23113,"Hagestad, Stewart",2026-08-19T10:16:28+00:00
1,Belgium,BEL,32240,"Haghedooren, Arthur",2026-08-19T10:16:28+00:00
0,England,ENG,27464,"Hague, David",2026-08-19T10:16:28+00:00
0,United States,USA,18695,"Hagy, Brandon",2026-08-19T10:16:28+00:00
0,United States,USA,11374,"Hahn, James",2026-08-19T10:16:28+00:00
0,United States,USA,28261,"Hahn, Jordan",2026-08-19T10:16:28+00:00
0,South Africa,RSA,8429,"Haig, Anton",2026-08-19T10:16:28+00:00
0,South Africa,RSA,10792,"Haindl, Alex",2026-08-19T10:16:28+00:00
0,Hong Kong,HKG,13568,"Hak, Shunyat",2026-08-19T10:16:28+00:00
0,Finland,FIN,13131,"Hakula, Toni",2026-08-19T10:16:28+00:00
0,United States,USA,29348,"Hale Jr, Blaine",2026-08-19T10:16:28+00:00
0,United States,USA,16039,"Haley II, Paul",2026-08-19T10:16:28+00:00
0,Australia,AUS,7708,"Hall, Ashley",2026-08-19T10:16:28+00:00
0,United States,USA,14862,"Hall, Gavin",2026-08-19T10:16:28+00:00
0,England,ENG,27194,"Hall, Harry",2026-08-19T10:16:28+00:00
0,United States,USA,31120,"Hall, Jake",2026-08-19T10:16:28+00:00
0,United States,USA,8092,"Hall, Kevin",2026-08-19T10:16:28+00:00
0,United States,USA,28630,"Hall, Ryan",2026-08-19T10:16:28+00:00
1,Australia,AUS,28152,"Halls, Jye",2026-08-19T10:16:28+00:00
0,Norway,NOR,17747,"Halvorsen, Andreas",2026-08-19T10:16:28+00:00
0,Korea - Republic of,KOR,17872,"Ham, Jeong Woo",2026-08-19T10:16:28+00:00
0,United States,USA,28216,"Hambright, Chad",2026-08-19T10:16:28+00:00
0,United States,USA,915,"Hamilton, Todd",2026-08-19T10:16:28+00:00
0,United States,USA,19864,"Hammer, Cole",2026-08-19T10:16:28+00:00
0,Germany,GER,22973,"Hammer, Marc",2026-08-19T10:16:28+00:00
1,China,CHN,35089,"Han, Jin",2026-08-19T10:16:28+00:00
0,United States,USA,8046,"Han, Seungsu",2026-08-19T10:16:28+00:00
0,United States,USA,30406,"Hanko, Joseph",2026-08-19T10:16:28+00:00
0,United States,USA,23781,"Hanna, Chase",2026-08-19T10:16:28+00:00
0,United States,USA,30202,"Hansen, David",2026-08-19T10:16:28+00:00
0,Denmark,DEN,14284,"Hansen, Joachim B",2026-08-19T10:16:28+00:00
0,England,ENG,12295,"Hanson, Chris",2026-08-19T10:16:28+00:00
0,Sweden,SWE,6850,"Hanson, Peter",2026-08-19T10:16:28+00:00
1,Sweden,SWE,27646,"Hansson, Albert",2026-08-19T10:16:28+00:00
1,United States,USA,35477,"Harber, Vaughn",2026-08-19T10:16:28+00:00
0,United States,USA,28076,"Hardee, Jonathan",2026-08-19T10:16:28+00:00
0,South Africa,RSA,10886,"Harding, Justin",2026-08-19T10:16:28+00:00
0,United States,USA,19865,"Hardy, Nick",2026-08-19T10:16:28+00:00
0,United States,USA,34363,"Hargrove, Jayce",2026-08-19T10:16:28+00:00
1,Kenya,KEN,33200,"Harish, Shashwat",2026-08-19T10:16:28+00:00
0,United States,USA,15427,"Harkins, Brandon",2026-08-19T10:16:28+00:00
0,United States,USA,8825,"Harman, Brian",2026-08-19T10:16:28+00:00
0,United States,USA,16909,"Harmeling, Evan",2026-08-19T10:16:28+00:00
0,United States,USA,31208,"Harned, Sam",2026-08-19T10:16:28+00:00
0,United States,USA,28570,"Harper, Keller",2026-08-19T10:16:28+00:00
0,Wales,WAL,30048,"Harries, Luke",2026-08-19T10:16:28+00:00
0,Ireland,IRL,5716,"Harrington, Padraig",2026-08-19T10:16:28+00:00
0,United States,USA,8479,"Harrington, Scott",2026-08-19T10:16:28+00:00
0,United States,USA,33758,"Harris, Frankie",2026-08-19T10:16:28+00:00
0,United States,USA,28751,"Harris, Matt",2026-08-19T10:16:28+00:00
0,England,ENG,12407,"Harris, Rob",2026-08-19T10:16:28+00:00
0,United States,USA,33489,"Harrison, David",2026-08-19T10:16:28+00:00
0,England,ENG,18202,"Harrison, Jack",2026-08-19T10:16:28+00:00
0,Australia,AUS,21385,"Hart, Dillon",2026-08-19T10:16:28+00:00
0,United States,USA,94,"Hart, Jeff",2026-08-19T10:16:28+00:00
0,United States,USA,13544,"Hart, Josh",2026-08-19T10:16:28+00:00
0,Australia,AUS,15920,"Hart, Tim",2026-08-19T10:16:28+00:00
1,United States,USA,29301,"Haskew, Luke",2026-08-19T10:16:28+00:00
0,Cayman Islands,CAY,31960,"Hastings, Justin",2026-08-19T10:16:28+00:00
0,Japan,JPN,13426,"Hataji, Takahiro",2026-08-19T10:16:28+00:00
0,United States,USA,29681,"Hathcoat, Blake",2026-08-19T10:16:28+00:00
0,England,ENG,14796,"Hatton, Tyrrell",2026-08-19T10:16:28+00:00
0,France,FRA,6239,"Havret, Gregory",2026-08-19T10:16:28+00:00
0,Australia,AUS,16959,"Hawkes, Simon",2026-08-19T10:16:28+00:00
0,England,ENG,28376,"Hawksby, Jack",2026-08-19T10:16:28+00:00
0,Japan,JPN,32269,"Hayashi, Takumi",2026-08-19T10:16:28+00:00
0,United States,USA,25023,"Hayes, Bo",2026-08-19T10:16:28+00:00
0,United States,USA,35229,"Haynes, Zach",2026-08-19T10:16:28+00:00
0,United States,USA,35304,"Headley, Adam",2026-08-19T10:16:28+00:00
0,United States,USA,22026,"Healey, Dylan",2026-08-19T10:16:28+00:00
0,Canada,CAN,7340,"Hearn, David",2026-08-19T10:16:28+00:00
1,Ireland,IRL,30085,"Hearn, Jack",2026-08-19T10:16:28+00:00
0,France,FRA,12213,"Hebert, Benjamin",2026-08-19T10:16:28+00:00
0,United States,USA,18251,"Hebert, Michael",2026-08-19T10:16:28+00:00
0,Canada,CAN,6884,"Heffernan, Wes",2026-08-19T10:16:28+00:00
0,Australia,AUS,21247,"Heffernan, Will",2026-08-19T10:16:28+00:00
0,United States,USA,35386,"Heffner, Alex",2026-08-19T10:16:28+00:00
0,Germany,GER,16499,"Heisele, Sebastian",2026-08-19T10:16:28+00:00
1,Czech Republic,CZE,29638,"Hejlek, Jakub",2026-08-19T10:16:28+00:00
0,Sweden,SWE,16231,"Hellgren, Bjorn",2026-08-19T10:16:28+00:00
0,Denmark,DEN,20190,"Helligkilde, Marcus",2026-08-19T10:16:28+00:00
0,Australia,AUS,1888,"Hend, Scott",2026-08-19T10:16:28+00:00
0,South Africa,RSA,27942,"Hendler, Ricky",2026-08-19T10:16:28+00:00
0,England,ENG,12214,"Hendriksen, Paul",2026-08-19T10:16:28+00:00
0,United States,USA,29430,"Hendrix, Bryce",2026-08-19T10:16:28+00:00
0,United States,USA,29773,"Hendrix, Jake",2026-08-19T10:16:28+00:00
0,New Zealand,NZL,11885,"Hendry, Michael",2026-08-19T10:16:28+00:00
0,Australia,AUS,30680,"Henkel, Ben",2026-08-19T10:16:28+00:00
0,United States,USA,14578,"Henley, Russell",2026-08-19T10:16:28+00:00
0,United States,USA,6222,"Henry, J.J.",2026-08-19T10:16:28+00:00
0,Scotland,SCO,12468,"Henry, Scott",2026-08-19T10:16:28+00:00
0,Australia,AUS,5859,"Hensby, Mark",2026-08-19T10:16:28+00:00
0,United States,USA,10316,"Henson, Berry",2026-08-19T10:16:28+00:00
0,United States,USA,32558,"Henson, Thomas",2026-08-19T10:16:28+00:00
0,Australia,AUS,17064,"Herbert, Lucas",2026-08-19T10:16:28+00:00
1,United States,USA,34075,"Herendeen, Max",2026-08-19T10:16:28+00:00
0,United States,USA,12846,"Herman, Jim",2026-08-19T10:16:28+00:00
0,Spain,ESP,19956,"Hernandez Cabezuela, Alvaro",2026-08-19T10:16:28+00:00
1,Puerto Rico,PUR,31957,"Hernandez, Kelvin",2026-08-19T10:16:28+00:00
0,Colombia,COL,29650,"Hernandez, Oscar",2026-08-19T10:16:28+00:00
0,United States,USA,31518,"Herrera, Joey",2026-08-19T10:16:28+00:00
0,United States,USA,30622,"Herrera, Michael",2026-08-19T10:16:28+00:00
1,United States,USA,35015,"Herrington, Jackson",2026-08-19T10:16:28+00:00
0,Germany,GER,23771,"Herrmann, Maximilian",2026-08-19T10:16:28+00:00
0,United States,USA,32819,"Herron, Carson",2026-08-19T10:16:28+00:00
0,United States,USA,5621,"Herron, Tim",2026-08-19T10:16:28+00:00
0,United States,USA,28468,"Hervol, James",2026-08-19T10:16:28+00:00
0,Belgium,BEL,13373,"Hesbois, Kevin",2026-08-19T10:16:28+00:00
0,South Africa,RSA,17784,"Hess, Jacquin",2026-08-19T10:16:28+00:00
0,United States,USA,21237,"Hickok, Kramer",2026-08-19T10:16:28+00:00
0,United States,USA,31956,"Hicks, Caleb",2026-08-19T10:16:28+00:00
0,United States,USA,9166,"Hicks, Justin",2026-08-19T10:16:28+00:00
0,Spain,ESP,24127,"Hidalgo, Angel",2026-08-19T10:16:28+00:00
0,Japan,JPN,15756,"Higa, Kazuki",2026-08-19T10:16:28+00:00
0,Australia,AUS,15849,"Higginbottom, Jake",2026-08-19T10:16:28+00:00
0,Ireland,IRL,4789,"Higgins, David",2026-08-19T10:16:28+00:00
0,Australia,AUS,22850,"Higgins, Lucas",2026-08-19T10:16:28+00:00
0,United States,USA,33442,"Higgins, Robbie",2026-08-19T10:16:28+00:00
0,South Africa,RSA,24342,"Higgo, Garrick",2026-08-19T10:16:28+00:00
0,United States,USA,14140,"Higgs, Harry",2026-08-19T10:16:28+00:00
0,United States,USA,28469,"Highsmith, Joe",2026-08-19T10:16:28+00:00
0,Scotland,SCO,25131,"Hill, Calum",2026-08-19T10:16:28+00:00
1,Northern Ireland,NIR,27001,"Hill, Josh",2026-08-19T10:16:28+00:00
1,England,ENG,24065,"Hill, Josh",2026-08-19T10:16:28+00:00
0,Canada,CAN,14029,"Hill, Matt",2026-08-19T10:16:28+00:00
0,England,ENG,24011,"Hilleard, Josh",2026-08-19T10:16:28+00:00
0,New Zealand,NZL,28496,"Hillier, Charlie",2026-08-19T10:16:28+00:00
0,New Zealand,NZL,21362,"Hillier, Daniel",2026-08-19T10:16:28+00:00
0,New Zealand,NZL,29800,"Hillier, Harry",2026-08-19T10:16:28+00:00
0,Japan,JPN,20954,"Hirata, Kensei",2026-08-19T10:16:28+00:00
0,Germany,GER,20713,"Hirmer, Michael",2026-08-19T10:16:28+00:00
0,United States,USA,25027,"Hirschman, Grant",2026-08-19T10:16:28+00:00
0,Japan,JPN,22760,"Hisatsune, Ryo",2026-08-19T10:16:28+00:00
0,United States,USA,31257,"Hitchner, Derek",2026-08-19T10:16:28+00:00
0,United States,USA,28542,"Hitt, Austin",2026-08-19T10:16:28+00:00
0,United States,USA,14081,"Hoag, Bo",2026-08-19T10:16:28+00:00
0,Australia,AUS,15428,"Hocknull, Craig",2026-08-19T10:16:28+00:00
0,United States,USA,13520,"Hodge, Jonathan",2026-08-19T10:16:28+00:00
0,New Zealand,NZL,16931,"Hodge, Tyler",2026-08-19T10:16:28+00:00
0,United States,USA,25157,"Hodges, Lee",2026-08-19T10:16:28+00:00
0,United States,USA,26521,"Hoelzer, Brandon",2026-08-19T10:16:28+00:00
0,Northern Ireland,NIR,7303,"Hoey, Michael",2026-08-19T10:16:28+00:00
0,Philippines,PHI,23504,"Hoey, Rico",2026-08-19T10:16:28+00:00
0,United States,USA,31254,"Hoff, Brandon",2026-08-19T10:16:28+00:00
0,United States,USA,5768,"Hoffman, Charley",2026-08-19T10:16:28+00:00
0,Canada,CAN,16331,"Hoffman, Mark",2026-08-19T10:16:28+00:00
0,United States,USA,14082,"Hoffmann, Morgan",2026-08-19T10:16:28+00:00
0,United States,USA,31420,"Hofman, Noah",2026-08-19T10:16:28+00:00
1,Austria,AUT,29481,"Hofmann, Tim",2026-08-19T10:16:28+00:00
0,United States,USA,27971,"Hogan, Kyle",2026-08-19T10:16:28+00:00
0,Australia,AUS,23085,"Hogan, Robert",2026-08-19T10:16:28+00:00
0,United States,USA,15575,"Hoge, Tom",2026-08-19T10:16:28+00:00
0,Denmark,DEN,23602,"Hojgaard, Nicolai",2026-08-19T10:16:28+00:00
0,Denmark,DEN,23838,"Hojgaard, Rasmus",2026-08-19T10:16:28+00:00
0,United States,USA,32519,"Holbrook, Jake",2026-08-19T10:16:28+00:00
0,United States,USA,30667,"Holcomb, William",2026-08-19T10:16:28+00:00
0,United States,USA,34971,"Holekamp, Parker",2026-08-19T10:16:28+00:00
1,United States,USA,17392,"Holland, Charlie",2026-08-19T10:16:28+00:00
0,South Africa,RSA,15993,"Hollick, Michael",2026-08-19T10:16:28+00:00
0,United States,USA,32263,"Holliday, Judson",2026-08-19T10:16:28+00:00
0,Sweden,SWE,23027,"Holmberg, Rasmus",2026-08-19T10:16:28+00:00
0,United States,USA,13973,"Holmes, David",2026-08-19T10:16:28+00:00
0,United States,USA,28322,"Holmes, Derek",2026-08-19T10:16:28+00:00
0,United States,USA,7959,"Holmes, J.B.",2026-08-19T10:16:28+00:00
0,United States,USA,7464,"Holmes, Steve",2026-08-19T10:16:28+00:00
0,United States,USA,29682,"Holmgren, Van",2026-08-19T10:16:28+00:00
0,United States,USA,25036,"Holt, Ian",2026-08-19T10:16:28+00:00
1,United States,USA,35014,"Holtz, Brandon",2026-08-19T10:16:28+00:00
0,United States,USA,17538,"Homa, Max",2026-08-19T10:16:28+00:00
0,United States,USA,14802,"Homan, Wes",2026-08-19T10:16:28+00:00
0,United States,USA,33913,"Hooks, Joe",2026-08-19T10:16:28+00:00
0,Australia,AUS,23317,"Hopewell, Hayden",2026-08-19T10:16:28+00:00
0,United States,USA,18190,"Hopfinger, Brad",2026-08-19T10:16:28+00:00
0,United States,USA,19359,"Hopper, Michael",2026-08-19T10:16:28+00:00
0,Germany,GER,28723,"Horder, Nicolas",2026-08-19T10:16:28+00:00
0,Japan,JPN,15056,"Horikawa, Mikumu",2026-08-19T10:16:28+00:00
0,South Africa,RSA,6165,"Horne, Keith",2026-08-19T10:16:28+00:00
0,United States,USA,11276,"Horschel, Billy",2026-08-19T10:16:28+00:00
0,England,ENG,11230,"Horsey, David",2026-08-19T10:16:28+00:00
0,England,ENG,19866,"Horsfield, Sam",2026-08-19T10:16:28+00:00
0,Spain,ESP,14572,"Hortal, Antonio",2026-08-19T10:16:28+00:00
0,Japan,JPN,19190,"Hoshino, Rikuya",2026-08-19T10:16:28+00:00
0,Japan,JPN,25797,"Hosono, Yusaku",2026-08-19T10:16:28+00:00
0,Bangladesh,BAN,19720,"Hossain, Badal",2026-08-19T10:16:28+00:00
0,Bangladesh,BAN,15206,"Hossain, Jamal",2026-08-19T10:16:28+00:00
0,United States,USA,15470,"Hossler, Beau",2026-08-19T10:16:28+00:00
0,Denmark,DEN,22386,"Host, August Thor",2026-08-19T10:16:28+00:00
0,United States,USA,33468,"Houchin, John",2026-08-19T10:16:28+00:00
0,Denmark,DEN,23444,"Hougaard Sidal Svendsen, Victor",2026-08-19T10:16:28+00:00
0,United States,USA,33355,"Houk, John",2026-08-19T10:16:28+00:00
0,Norway,NOR,18841,"Hovland, Viktor",2026-08-19T10:16:28+00:00
0,United States,USA,15462,"Howard, Cole",2026-08-19T10:16:28+00:00
1,Ireland,IRL,33657,"Howard, David",2026-08-19T10:16:28+00:00
0,United States,USA,27625,"Howe, Connor",2026-08-19T10:16:28+00:00
0,Australia,AUS,15925,"Howe, Quinton",2026-08-19T10:16:28+00:00
0,United States,USA,6892,"Howell III, Charles",2026-08-19T10:16:28+00:00
0,England,ENG,5718,"Howell, David",2026-08-19T10:16:28+00:00
1,United States,USA,33759,"Howell, Mason",2026-08-19T10:16:28+00:00
0,Scotland,SCO,24352,"Howie, Craig",2026-08-19T10:16:28+00:00
0,United States,USA,35195,"Hrabak, Cooper",2026-08-19T10:16:28+00:00
0,Slovakia,SVK,19356,"Hrinda, Jakub",2026-08-19T10:16:28+00:00
0,Czech Republic,CZE,26710,"Hruby, Petr",2026-08-19T10:16:28+00:00
0,Chinese Taipei,TPE,25680,"Hsu, Yu-Cheng",2026-08-19T10:16:28+00:00
1,United States,USA,35310,"Huang, Alex",2026-08-19T10:16:28+00:00
0,United States,USA,25080,"Huang, Franklin",2026-08-19T10:16:28+00:00
0,China,CHN,13466,"Huang, Wenyi",2026-08-19T10:16:28+00:00
0,Chinese Taipei,TPE,24105,"Huang, Yi-Tseng",2026-08-19T10:16:28+00:00
0,China,CHN,27117,"Huang, Zijie",2026-08-19T10:16:28+00:00
0,United States,USA,16333,"Hubbard, Mark",2026-08-19T10:16:28+00:00
0,United States,USA,15449,"Hudson, Bobby",2026-08-19T10:16:28+00:00
0,United States,USA,25037,"Hudson, Daniel",2026-08-19T10:16:28+00:00
0,United States,USA,33547,"Hudson, Randall",2026-08-19T10:16:28+00:00
0,United States,USA,18534,"Hudson, Rob",2026-08-19T10:16:28+00:00
0,United States,USA,18590,"Hueber, Justin",2026-08-19T10:16:28+00:00
1,Dominican Republic,DOM,33467,"Huerta, Rodrigo",2026-08-19T10:16:28+00:00
0,United States,USA,19939,"Huff, Graysen",2026-08-19T10:16:28+00:00
0,United States,USA,32676,"Huff, Kevin",2026-08-19T10:16:28+00:00
0,United States,USA,22211,"Huge, Maclain",2026-08-19T10:16:28+00:00
0,Australia,AUS,25500,"Hughes, Jake",2026-08-19T10:16:28+00:00
0,Canada,CAN,15556,"Hughes, Mackenzie",2026-08-19T10:16:28+00:00
0,United States,USA,1480,"Hughes, Reed",2026-08-19T10:16:28+00:00
0,South Africa,RSA,6304,"Hugo, Jean",2026-08-19T10:16:28+00:00
0,United States,USA,14606,"Huh, John",2026-08-19T10:16:28+00:00
0,Netherlands,NED,12650,"Huizing, Daan",2026-08-19T10:16:28+00:00
0,United States,USA,25081,"Humphrey, Theo",2026-08-19T10:16:28+00:00
0,Denmark,DEN,20206,"Hundeboll, Oliver",2026-08-19T10:16:28+00:00
0,Wales,WAL,23069,"Hunt, Toby",2026-08-19T10:16:28+00:00
0,United States,USA,27688,"Huntzinger, Charles",2026-08-19T10:16:28+00:00
0,Korea - Republic of,KOR,9635,"Hur, In-hoi",2026-08-19T10:16:28+00:00
0,Ireland,IRL,18657,"Hurley, Gary",2026-08-19T10:16:28+00:00
0,United States,USA,29498,"Hurt, Austin",2026-08-19T10:16:28+00:00
0,United States,USA,26597,"Huskey, Keenan",2026-08-19T10:16:28+00:00
0,United States,USA,33281,"Huss, Cameron",2026-08-19T10:16:28+00:00
0,England,ENG,27273,"Hussain, Haider",2026-08-19T10:16:28+00:00
0,United States,USA,707,"Huston, John",2026-08-19T10:16:28+00:00
0,Scotland,SCO,4882,"Hutcheon, Greig",2026-08-19T10:16:28+00:00
0,United States,USA,25835,"Hutchins, Matt",2026-08-19T10:16:28+00:00
0,England,ENG,27465,"Hutchinson, Ben",2026-08-19T10:16:28+00:00
0,England,ENG,11104,"Hutsby, Sam",2026-08-19T10:16:28+00:00
0,New Zealand,NZL,24284,"Hutson, Mark",2026-08-19T10:16:28+00:00
0,Korea - Republic of,KOR,17459,"Hwang, Doyeon",2026-08-19T10:16:28+00:00
0,Korea - Republic of,KOR,11995,"Hwang, Jaemin",2026-08-19T10:16:28+00:00
0,Korea - Republic of,KOR,14936,"Hwang, Junggon",2026-08-19T10:16:28+00:00
0,New Zealand,NZL,28679,"Hydes, James",2026-08-19T10:16:28+00:00
0,Korea - Republic of,KOR,18340,"Hyun Cho, Rak",2026-08-19T10:16:28+00:00
0,United States,USA,22255,"Iceman, Daniel",2026-08-19T10:16:28+00:00
0,Japan,JPN,12140,"Ichihara, Kodai",2026-08-19T10:16:28+00:00
0,New Zealand,NZL,20918,"Ieremia, Denzel",2026-08-19T10:16:28+00:00
0,United States,USA,26367,"Ihrig, Gage",2026-08-19T10:16:28+00:00
0,Japan,JPN,8236,"Ikeda, Yuta",2026-08-19T10:16:28+00:00
0,Japan,JPN,18809,"Ikemura, Tomoyo",2026-08-19T10:16:28+00:00
0,Australia,AUS,34886,"Ikstrums, Andrew Charles",2026-08-19T10:16:28+00:00
0,Korea - Republic of,KOR,17488,"Im, Sungjae",2026-08-19T10:16:28+00:00
0,Japan,JPN,6414,"Imada, Ryuji",2026-08-19T10:16:28+00:00
0,Japan,JPN,13485,"Imahira, Shugo",2026-08-19T10:16:28+00:00
0,United States,USA,15956,"Imondi, Paul",2026-08-19T10:16:28+00:00
0,Japan,JPN,16165,"Inamori, Yuki",2026-08-19T10:16:28+00:00
0,United States,USA,15793,"India, Vince",2026-08-19T10:16:28+00:00
0,Kenya,KEN,7160,"Indiza Anyonyi, Dismas",2026-08-19T10:16:28+00:00
0,United States,USA,29684,"Infanti, Nick",2026-08-19T10:16:28+00:00
1,Netherlands,NED,29546,"Ingham, Jack",2026-08-19T10:16:28+00:00
0,United States,USA,29499,"Inglis, Colin",2026-08-19T10:16:28+00:00
0,Mexico,MEX,8569,"Inman, Manuel",2026-08-19T10:16:28+00:00
0,United States,USA,29317,"Ireland, Jack",2026-08-19T10:16:28+00:00
0,United States,USA,29500,"Ishee, Nic",2026-08-19T10:16:28+00:00
0,Japan,JPN,16458,"Ishika, Koichiro",2026-08-19T10:16:28+00:00
0,Japan,JPN,12232,"Ishikawa, Ryo",2026-08-19T10:16:28+00:00
0,England,ENG,28733,"Islam, Habebul",2026-08-19T10:16:28+00:00
0,Mexico,MEX,28142,"Islas, Jose Cristobal",2026-08-19T10:16:28+00:00
1,Belgium,BEL,32239,"Isserentant, Leopold",2026-08-19T10:16:28+00:00
0,Switzerland,SUI,15593,"Iten, Marco",2026-08-19T10:16:28+00:00
0,Japan,JPN,28203,"Iwasaki, Aguri",2026-08-19T10:16:28+00:00
0,Japan,JPN,9099,"Iwata, Hiroshi",2026-08-19T10:16:28+00:00
1,United States,USA,35625,"Iyer, Avinash",2026-08-19T10:16:28+00:00
0,Japan,JPN,14729,"Izumida, Daijiro",2026-08-19T10:16:28+00:00
0,Scotland,SCO,12006,"Jacklin, Sean",2026-08-19T10:16:28+00:00
0,England,ENG,12902,"Jackson, Grant",2026-08-19T10:16:28+00:00
1,United States,USA,26686,"Jackson, Isaiah",2026-08-19T10:16:28+00:00
0,United States,USA,30464,"Jackson, Palmer",2026-08-19T10:16:28+00:00
0,United States,USA,23605,"Jacobs, Carson",2026-08-19T10:16:28+00:00
0,South Africa,RSA,28960,"Jacobs, Wade",2026-08-19T10:16:28+00:00
0,Denmark,DEN,22671,"Jacobsen, Christian",2026-08-19T10:16:28+00:00
0,United States,USA,109,"Jacobsen, Peter",2026-08-19T10:16:28+00:00
0,Sweden,SWE,3846,"Jacobson, Freddie",2026-08-19T10:16:28+00:00
0,France,FRA,5784,"Jacquelin, Raphael",2026-08-19T10:16:28+00:00
0,Germany,GER,16394,"Jaeger, Stephan",2026-08-19T10:16:28+00:00
0,Australia,AUS,11830,"Jager, Matt",2026-08-19T10:16:28+00:00
0,India,IND,33943,"Jaglan, Shubham",2026-08-19T10:16:28+00:00
0,United States,USA,29914,"Jahn, Charles",2026-08-19T10:16:28+00:00
0,Thailand,THA,5973,"Jaidee, Thongchai",2026-08-19T10:16:28+00:00
0,Czech Republic,CZE,26482,"Jakubcik, Filip",2026-08-19T10:16:28+00:00
0,United States,USA,29827,"James, Ben",2026-08-19T10:16:28+00:00
0,United States,USA,32445,"James, Zach",2026-08-19T10:16:28+00:00
0,Scotland,SCO,11397,"Jamieson, Scott",2026-08-19T10:16:28+00:00
0,Thailand,THA,14368,"Janewattananond, Jazz",2026-08-19T10:16:28+00:00
0,Korea - Republic of,KOR,13919,"Jang, Dongkyu",2026-08-19T10:16:28+00:00
0,Korea - Republic of,KOR,28276,"Jang, Yubin",2026-08-19T10:16:28+00:00
0,Colombia,COL,21244,"Jaramillo, Esteban",2026-08-19T10:16:28+00:00
1,United States,USA,29328,"Jarvis, Aaron",2026-08-19T10:16:28+00:00
0,South Africa,RSA,26947,"Jarvis, Casey",2026-08-19T10:16:28+00:00
1,Canada,CAN,33732,"Javier, Matthew",2026-08-19T10:16:28+00:00
0,United States,USA,26662,"Jeansonne, Nathan",2026-08-19T10:16:28+00:00
0,Philippines,PHI,15978,"Jefferson Go, Lloyd",2026-08-19T10:16:28+00:00
0,Australia,AUS,7481,"Jeffress, Steven",2026-08-19T10:16:28+00:00
1,Czech Republic,CZE,28731,"Jelinek, Maximilian",2026-08-19T10:16:28+00:00
0,United States,USA,25038,"Jelley, Brendon",2026-08-19T10:16:28+00:00
0,United States,USA,15456,"Jenkins, Carter",2026-08-19T10:16:28+00:00
1,United States,USA,35417,"Jennings, William",2026-08-19T10:16:28+00:00
0,Denmark,DEN,10170,"Jensen, Lasse",2026-08-19T10:16:28+00:00
0,Korea - Republic of,KOR,21513,"Jeon, Galam",2026-08-19T10:16:28+00:00
0,Korea - Republic of,KOR,21514,"Jeon, Seonghyeon",2026-08-19T10:16:28+00:00
0,Korea - Republic of,KOR,13573,"Jeong, Jin",2026-08-19T10:16:28+00:00
0,South Africa,RSA,22039,"Jerling, Luke",2026-08-19T10:16:28+00:00
0,United States,USA,15116,"Jertson, Marty",2026-08-19T10:16:28+00:00
0,Netherlands,NED,24053,"Ji, Jerry",2026-08-19T10:16:28+00:00
0,China,CHN,17979,"Jian, Chuan-lin",2026-08-19T10:16:28+00:00
0,Spain,ESP,3596,"Jimenez, Miguel Angel",2026-08-19T10:16:28+00:00
0,China,CHN,25893,"Jin, Bo",2026-08-19T10:16:28+00:00
0,China,CHN,17351,"Jin, Cheng",2026-08-19T10:16:28+00:00
0,China,CHN,15869,"Jin, Daxing",2026-08-19T10:16:28+00:00
0,China,CHN,31187,"Jin, Zihao",2026-08-19T10:16:28+00:00
0,China,CHN,27034,"Jing, Zeyu",2026-08-19T10:16:28+00:00
0,Norway,NOR,16421,"Johannessen, Kristian K.",2026-08-19T10:16:28+00:00
0,Sweden,SWE,24023,"Johannson, Leo",2026-08-19T10:16:28+00:00
0,Norway,NOR,11317,"Johansen, Eirik Tage",2026-08-19T10:16:28+00:00
0,Germany,GER,10255,"John, Allen",2026-08-19T10:16:28+00:00
0,Australia,AUS,19390,"John, Cameron",2026-08-19T10:16:28+00:00
0,United States,USA,34008,"Johnson, Carson",2026-08-19T10:16:28+00:00
0,United States,USA,25334,"Johnson, Chase",2026-08-19T10:16:28+00:00
0,United States,USA,12422,"Johnson, Dustin",2026-08-19T10:16:28+00:00
0,United States,USA,32582,"Johnson, Joey",2026-08-19T10:16:28+00:00
0,United States,USA,28038,"Johnson, Kamaiu",2026-08-19T10:16:28+00:00
0,United States,USA,15120,"Johnson, Michael",2026-08-19T10:16:28+00:00
0,United States,USA,35623,"Johnson, Rhett",2026-08-19T10:16:28+00:00
0,Sweden,SWE,1805,"Johnson, Richard S.",2026-08-19T10:16:28+00:00
0,United States,USA,3349,"Johnson, Tom",2026-08-19T10:16:28+00:00
0,United States,USA,31243,"Johnson, Tyler",2026-08-19T10:16:28+00:00
0,United States,USA,6986,"Johnson, Zach",2026-08-19T10:16:28+00:00
0,United States,USA,17619,"Johnson, Zach J.",2026-08-19T10:16:28+00:00
0,England,ENG,14666,"Johnston, Andrew",2026-08-19T10:16:28+00:00
0,Scotland,SCO,22631,"Johnston, Liam",2026-08-19T10:16:28+00:00
0,United States,USA,32449,"Johnston, Ryggs",2026-08-19T10:16:28+00:00
0,England,ENG,27316,"Jones, Ben",2026-08-19T10:16:28+00:00
0,Australia,AUS,6254,"Jones, Brendan",2026-08-19T10:16:28+00:00
0,United States,USA,33069,"Jones, Connor",2026-08-19T10:16:28+00:00
1,United States,USA,32431,"Jones, Cooper",2026-08-19T10:16:28+00:00
0,United States,USA,32254,"Jones, Dawson",2026-08-19T10:16:28+00:00
1,Denmark,DEN,34027,"Jones, Frazer",2026-08-19T10:16:28+00:00
0,United States,USA,29501,"Jones, Jared",2026-08-19T10:16:28+00:00
1,Wales,WAL,30941,"Jones, Joe",2026-08-19T10:16:28+00:00
0,United States,USA,19867,"Jones, Kyle",2026-08-19T10:16:28+00:00
0,Australia,AUS,8605,"Jones, Matt",2026-08-19T10:16:28+00:00
0,Bermuda,BER,30462,"Jones, Nick",2026-08-19T10:16:28+00:00
0,New Zealand,NZL,27554,"Jones, Sam",2026-08-19T10:16:28+00:00
0,United States,USA,112,"Jones, Steve",2026-08-19T10:16:28+00:00
0,United States,USA,31438,"Jones, Zac",2026-08-19T10:16:28+00:00
0,Sweden,SWE,28686,"Jonsson, Tobias",2026-08-19T10:16:28+00:00
0,South Africa,RSA,28108,"Jordaan, Ruan",2026-08-19T10:16:28+00:00
0,England,ENG,25601,"Jordan, Matthew",2026-08-19T10:16:28+00:00
0,Sweden,SWE,20404,"Jordansson, Felix",2026-08-19T10:16:28+00:00
1,Tanzania,TAN,24517,"Joseph, Victor",2026-08-19T10:16:28+00:00
0,India,IND,15156,"Joshi, Khalin H",2026-08-19T10:16:28+00:00
0,South Africa,RSA,24626,"Joubert, Richard",2026-08-19T10:16:28+00:00
0,Kenya,KEN,28129,"Juma, Anthony",2026-08-19T10:16:28+00:00
0,Korea - Republic of,KOR,23248,"Jung, Chanmin",2026-08-19T10:16:28+00:00
0,Korea - Republic of,KOR,23123,"Jung, Hanmil",2026-08-19T10:16:28+00:00
0,United States,USA,25906,"Jung, Peter",2026-08-19T10:16:28+00:00
0,Canada,CAN,24113,"Jung, Richard",2026-08-19T10:16:28+00:00
0,Korea - Republic of,KOR,22648,"Jung, Woojin",2026-08-19T10:16:28+00:00
0,South Africa,RSA,15187,"Jung, Yubin",2026-08-19T10:16:28+00:00
0,Korea - Republic of,KOR,30872,"Jung, Yujun",2026-08-19T10:16:28+00:00
0,United States,USA,1606,"Jurgensen, Steve",2026-08-19T10:16:28+00:00
0,India,IND,29225,"Kabthiyal, Anshul",2026-08-19T10:16:28+00:00
0,Thailand,THA,19844,"Kaewkanjana, Sadom",2026-08-19T10:16:28+00:00
0,Finland,FIN,17724,"Kahlos, Juuso",2026-08-19T10:16:28+00:00
0,Japan,JPN,17899,"Kakazu, Terumuchi",2026-08-19T10:16:28+00:00
0,Finland,FIN,9199,"Kakko, Roope",2026-08-19T10:16:28+00:00
0,South Africa,RSA,25576,"Kaminski, Rupert",2026-08-19T10:16:28+00:00
0,South Africa,RSA,8271,"Kamte, James",2026-08-19T10:16:28+00:00
0,Uganda,UGA,31911,"Kamulindwa, David",2026-08-19T10:16:28+00:00
0,Japan,JPN,19729,"Kanaya, Takumi",2026-08-19T10:16:28+00:00
0,Japan,JPN,28268,"Kaneko, Kota",2026-08-19T10:16:28+00:00
0,United States,USA,17531,"Kang, Alex",2026-08-19T10:16:28+00:00
0,United States,USA,21889,"Kang, Jeffrey",2026-08-19T10:16:28+00:00
0,Korea - Republic of,KOR,7578,"Kang, Kyungnam",2026-08-19T10:16:28+00:00
0,Korea - Republic of,KOR,7881,"Kang, Sung",2026-08-19T10:16:28+00:00
0,Korea - Republic of,KOR,16272,"Kang, Yunseok",2026-08-19T10:16:28+00:00
0,India,IND,9553,"Kapur, Shiv",2026-08-19T10:16:28+00:00
0,Kenya,KEN,28138,"Karanga, Michael",2026-08-19T10:16:28+00:00
0,Turkey,TUR,14589,"Karatas, Ulas",2026-08-19T10:16:28+00:00
0,Sweden,SWE,9398,"Karlberg, Rikard",2026-08-19T10:16:28+00:00
0,Sweden,SWE,20405,"Karlsson, Anton",2026-08-19T10:16:28+00:00
0,Sweden,SWE,4331,"Karlsson, Robert",2026-08-19T10:16:28+00:00
0,Greece,GRE,8427,"Karmis, Peter",2026-08-19T10:16:28+00:00
0,United States,USA,23469,"Kartrude, Michael",2026-08-19T10:16:28+00:00
0,Finland,FIN,14117,"Kaske, Janne",2026-08-19T10:16:28+00:00
0,Uganda,UGA,19511,"Kasozi, Phillip",2026-08-19T10:16:28+00:00
0,Japan,JPN,18994,"Kataoka, Naoyuki",2026-08-19T10:16:28+00:00
0,Japan,JPN,3770,"Katayama, Shingo",2026-08-19T10:16:28+00:00
0,Germany,GER,27503,"Katich, Philipp",2026-08-19T10:16:28+00:00
0,Japan,JPN,22777,"Katsumata, Ryo",2026-08-19T10:16:28+00:00
0,Japan,JPN,20448,"Katsuragawa, Yuto",2026-08-19T10:16:28+00:00
0,United States,USA,29091,"Katz, Evan",2026-08-19T10:16:28+00:00
0,United States,USA,18631,"Kaufman, Smylie",2026-08-19T10:16:28+00:00
0,India,IND,23825,"Kaul, Kshitij Naveed",2026-08-19T10:16:28+00:00
0,United States,USA,28023,"Kawai, Evan",2026-08-19T10:16:28+00:00
0,Japan,JPN,22844,"Kawamoto, Riki",2026-08-19T10:16:28+00:00
0,Japan,JPN,13530,"Kawamura, Masahiro",2026-08-19T10:16:28+00:00
0,United States,USA,3581,"Kaye, Jonathan",2026-08-19T10:16:28+00:00
0,Germany,GER,8117,"Kaymer, Martin",2026-08-19T10:16:28+00:00
0,Ireland,IRL,14396,"Kearney, Niall",2026-08-19T10:16:28+00:00
0,France,FRA,24412,"Kedochim, Benjamin",2026-08-19T10:16:28+00:00
0,United States,USA,32457,"Keefer, Johnny",2026-08-19T10:16:28+00:00
1,Ireland,IRL,30330,"Keeling, Sean",2026-08-19T10:16:28+00:00
0,United States,USA,29918,"Keffer, Geoff",2026-08-19T10:16:28+00:00
0,United States,USA,28503,"Keiser, Brian",2026-08-19T10:16:28+00:00
0,South Africa,RSA,13727,"Kelapile, Alphuis",2026-08-19T10:16:28+00:00
0,United States,USA,17546,"Kellen, Jeffrey",2026-08-19T10:16:28+00:00
1,Switzerland,SUI,28963,"Keller, Marc",2026-08-19T10:16:28+00:00
0,Canada,CAN,32258,"Kellett, Cam",2026-08-19T10:16:28+00:00
0,United States,USA,15148,"Kelley, Joshua",2026-08-19T10:16:28+00:00
0,Australia,AUS,14818,"Kelly, Andrew",2026-08-19T10:16:28+00:00
0,United States,USA,5151,"Kelly, Jerry",2026-08-19T10:16:28+00:00
0,United States,USA,21942,"Kelly, Sean",2026-08-19T10:16:28+00:00
0,United States,USA,22979,"Kelly, Tee-K",2026-08-19T10:16:28+00:00
0,United States,USA,18259,"Kelpin, Barrett",2026-08-19T10:16:28+00:00
0,Turkey,TUR,18052,"Kemaloglu, Ediz",2026-08-19T10:16:28+00:00
0,United States,USA,14865,"Kemmer, Dodge",2026-08-19T10:16:28+00:00
0,United States,USA,2794,"Kendall, Skip",2026-08-19T10:16:28+00:00
0,United States,USA,23209,"Kennedy, Blake",2026-08-19T10:16:28+00:00
0,Australia,AUS,6287,"Kennedy, Brad",2026-08-19T10:16:28+00:00
0,England,ENG,28693,"Kennedy, Frank",2026-08-19T10:16:28+00:00
0,Ireland,IRL,31455,"Kennedy, Max",2026-08-19T10:16:28+00:00
0,United States,USA,7122,"Kennedy, Troy",2026-08-19T10:16:28+00:00
0,Sweden,SWE,11531,"Kennegard, Jesper",2026-08-19T10:16:28+00:00
0,United States,USA,15658,"Kennerly, Billy",2026-08-19T10:16:28+00:00
0,United States,USA,34156,"Kennon, Scotty",2026-08-19T10:16:28+00:00
1,United States,USA,33354,"Kent, Noah",2026-08-19T10:16:28+00:00
0,England,ENG,25575,"Keogh, Adam",2026-08-19T10:16:28+00:00
0,United States,USA,25439,"Kern, Ben",2026-08-19T10:16:28+00:00
0,South Africa,RSA,17198,"Keun, Duane",2026-08-19T10:16:28+00:00
0,Netherlands,NED,18953,"Keunen, Lars",2026-08-19T10:16:28+00:00
0,United States,USA,23470,"Kevorkian, Jake",2026-08-19T10:16:28+00:00
0,South Africa,RSA,18218,"Keyser, Mathiam",2026-08-19T10:16:28+00:00
0,India,IND,12668,"Khan, Rashid",2026-08-19T10:16:28+00:00
0,India,IND,7849,"Khan, Shamim",2026-08-19T10:16:28+00:00
0,Hong Kong,HKG,24298,"Kho, Taichi",2026-08-19T10:16:28+00:00
0,Thailand,THA,18149,"Khongwatmai, Phachara",2026-08-19T10:16:28+00:00
0,Kenya,KEN,25344,"Kibugu, Mutahi",2026-08-19T10:16:28+00:00
0,Kenya,KEN,28139,"Kibugu, Njoroge Njonge",2026-08-19T10:16:28+00:00
0,Germany,GER,12317,"Kieffer, Max",2026-08-19T10:16:28+00:00
0,United States,USA,12847,"Killeen, J.J.",2026-08-19T10:16:28+00:00
0,England,ENG,18219,"Killen, Matt",2026-08-19T10:16:28+00:00
0,United States,USA,11641,"Kim, Anthony",2026-08-19T10:16:28+00:00
0,Korea - Republic of,KOR,27759,"Kim, Baekjun",2026-08-19T10:16:28+00:00
0,Korea - Republic of,KOR,12188,"Kim, Bio",2026-08-19T10:16:28+00:00
0,Korea - Republic of,KOR,15531,"Kim, Bongsub",2026-08-19T10:16:28+00:00
1,United States,USA,32334,"Kim, Bryan",2026-08-19T10:16:28+00:00
0,United States,USA,15004,"Kim, Chan",2026-08-19T10:16:28+00:00
0,Korea - Republic of,KOR,19877,"Kim, Chanwoo",2026-08-19T10:16:28+00:00
0,United States,USA,28649,"Kim, Charles",2026-08-19T10:16:28+00:00
0,Canada,CAN,21890,"Kim, Daniel",2026-08-19T10:16:28+00:00
0,Korea - Republic of,KOR,19528,"Kim, Dk",2026-08-19T10:16:28+00:00
0,Korea - Republic of,KOR,23449,"Kim, Dongeun",2026-08-19T10:16:28+00:00
0,Korea - Republic of,KOR,20927,"Kim, Dongmin",2026-08-19T10:16:28+00:00
0,Korea - Republic of,KOR,18484,"Kim, Hanbyeol",2026-08-19T10:16:28+00:00
0,Korea - Republic of,KOR,17973,"Kim, Hongtaek",2026-08-19T10:16:28+00:00
0,Korea - Republic of,KOR,16197,"Kim, Jaeho",2026-08-19T10:16:28+00:00
0,Korea - Republic of,KOR,15278,"Kim, Jinsung",2026-08-19T10:16:28+00:00
0,Korea - Republic of,KOR,15343,"Kim, Junsung",2026-08-19T10:16:28+00:00
0,United States,USA,30796,"Kim, Justin",2026-08-19T10:16:28+00:00
1,England,ENG,28734,"Kim, Kris",2026-08-19T10:16:28+00:00
0,United States,USA,17543,"Kim, Michael",2026-08-19T10:16:28+00:00
0,Korea - Republic of,KOR,15536,"Kim, Minjun",2026-08-19T10:16:28+00:00
0,Korea - Republic of,KOR,20780,"Kim, Minkyu",2026-08-19T10:16:28+00:00
0,Korea - Republic of,KOR,21688,"Kim, S.H.",2026-08-19T10:16:28+00:00
0,Korea - Republic of,KOR,7716,"Kim, Seunghyuk",2026-08-19T10:16:28+00:00
0,Korea - Republic of,KOR,14609,"Kim, Si Woo",2026-08-19T10:16:28+00:00
0,United States,USA,13307,"Kim, Sihwan",2026-08-19T10:16:28+00:00
0,United States,USA,18349,"Kim, T.K.",2026-08-19T10:16:28+00:00
0,Korea - Republic of,KOR,7589,"Kim, Tae Hoon",2026-08-19T10:16:28+00:00
0,Korea - Republic of,KOR,19666,"Kim, Taeho",2026-08-19T10:16:28+00:00
0,Korea - Republic of,KOR,24766,"Kim, Tom",2026-08-19T10:16:28+00:00
0,Korea - Republic of,KOR,11702,"Kim, Whee",2026-08-19T10:16:28+00:00
0,Korea - Republic of,KOR,12190,"Kim, Woohyun",2026-08-19T10:16:28+00:00
0,Korea - Republic of,KOR,13486,"Kim, Yeongsu",2026-08-19T10:16:28+00:00
0,England,ENG,18027,"Kimsey, Nathan",2026-08-19T10:16:28+00:00
0,England,ENG,17835,"King, Gary",2026-08-19T10:16:28+00:00
0,Australia,AUS,25817,"King, TJ",2026-08-19T10:16:28+00:00
0,United States,USA,30649,"Kingsley, Harrison",2026-08-19T10:16:28+00:00
0,South Africa,RSA,2931,"Kingston, James",2026-08-19T10:16:28+00:00
0,Sweden,SWE,18514,"Kinhult, Marcus",2026-08-19T10:16:28+00:00
0,United States,USA,28586,"Kinney, Tripp",2026-08-19T10:16:28+00:00
0,Japan,JPN,14904,"Kinoshita, Ryosuke",2026-08-19T10:16:28+00:00
0,Japan,JPN,10189,"Kinoshita, Yuta",2026-08-19T10:16:28+00:00
1,Kenya,KEN,30763,"Kiragu, Daniel",2026-08-19T10:16:28+00:00
0,United States,USA,12423,"Kirk, Chris",2026-08-19T10:16:28+00:00
0,Kenya,KEN,26090,"Kisia, Mike",2026-08-19T10:16:28+00:00
0,United States,USA,11328,"Kisner, Kevin",2026-08-19T10:16:28+00:00
0,United States,USA,21891,"Kitayama, Kurt",2026-08-19T10:16:28+00:00
0,Australia,AUS,24368,"Kivimets, Bradley",2026-08-19T10:16:28+00:00
0,United States,USA,13470,"Kizzire, Patton",2026-08-19T10:16:28+00:00
0,Denmark,DEN,6149,"Kjeldsen, Soren",2026-08-19T10:16:28+00:00
0,Denmark,DEN,24660,"Kjettrup, Frederik",2026-08-19T10:16:28+00:00
0,Sweden,SWE,27647,"Kleen, Algot",2026-08-19T10:16:28+00:00
0,Australia,AUS,22821,"Klein, Douglas",2026-08-19T10:16:28+00:00
1,Czech Republic,CZE,29775,"Klein, Louis",2026-08-19T10:16:28+00:00
0,Switzerland,SUI,27066,"Kleu, Ronan",2026-08-19T10:16:28+00:00
0,United States,USA,31450,"Klitzke, Parker",2026-08-19T10:16:28+00:00
1,Netherlands,NED,31074,"Kloeth, Denny",2026-08-19T10:16:28+00:00
0,United States,USA,25320,"Kluver, Luke",2026-08-19T10:16:28+00:00
0,United States,USA,28146,"Knade, Peter",2026-08-19T10:16:28+00:00
0,United States,USA,19396,"Knapp, Jake",2026-08-19T10:16:28+00:00
0,Germany,GER,12318,"Knappe, Alexander",2026-08-19T10:16:28+00:00
1,United States,USA,30986,"Knauth, William",2026-08-19T10:16:28+00:00
0,United States,USA,27652,"Kneen, Jake",2026-08-19T10:16:28+00:00
0,United States,USA,27658,"Kneiser, George",2026-08-19T10:16:28+00:00
0,United States,USA,30542,"Knight, Evan",2026-08-19T10:16:28+00:00
0,England,ENG,25976,"Knipes, Curtis",2026-08-19T10:16:28+00:00
0,United States,USA,12349,"Knoll, Alex",2026-08-19T10:16:28+00:00
0,United States,USA,12149,"Knost, Colt",2026-08-19T10:16:28+00:00
0,United States,USA,16382,"Knous, Jim",2026-08-19T10:16:28+00:00
0,United States,USA,24562,"Knowles, Philip",2026-08-19T10:16:28+00:00
0,Scotland,SCO,13831,"Knox, Russell",2026-08-19T10:16:28+00:00
0,France,FRA,26213,"Ko, Jeong Weon",2026-08-19T10:16:28+00:00
0,Japan,JPN,10560,"Kobayashi, Shintaro",2026-08-19T10:16:28+00:00
0,Japan,JPN,27294,"Kobayashi, Taiga",2026-08-19T10:16:28+00:00
0,New Zealand,NZL,24369,"Kobori, Kazuma",2026-08-19T10:16:28+00:00
0,United States,USA,27628,"Kobren, Jared C.",2026-08-19T10:16:28+00:00
0,United States,USA,28323,"Koch, Greg",2026-08-19T10:16:28+00:00
0,United States,USA,26139,"Kocher, David",2026-08-19T10:16:28+00:00
0,India,IND,23056,"Kochhar, Karandeep",2026-08-19T10:16:28+00:00
0,Japan,JPN,13531,"Kodaira, Satoshi",2026-08-19T10:16:28+00:00
1,South Africa,RSA,33768,"Koekemoer, Joshua",2026-08-19T10:16:28+00:00
0,United States,USA,16243,"Koepka, Brooks",2026-08-19T10:16:28+00:00
0,United States,USA,21997,"Koepka, Chase",2026-08-19T10:16:28+00:00
0,United Arab Emirates,UAE,31878,"Kofod-Olsen, Viktor",2026-08-19T10:16:28+00:00
0,Norway,NOR,13349,"Kofstad, Espen",2026-08-19T10:16:28+00:00
0,Korea - Republic of,KOR,22649,"Koh, Guntaek",2026-08-19T10:16:28+00:00
0,United States,USA,16395,"Kohles, Ben",2026-08-19T10:16:28+00:00
0,United States,USA,27775,"Koivisto, Tyler",2026-08-19T10:16:28+00:00
0,Finland,FIN,20071,"Koivu, Kim",2026-08-19T10:16:28+00:00
0,United States,USA,32319,"Koivun, Jackson",2026-08-19T10:16:28+00:00
0,South Africa,RSA,23613,"Kok, Dylan",2026-08-19T10:16:28+00:00
0,South Africa,RSA,24628,"Kok, Michael",2026-08-19T10:16:28+00:00
0,United States,USA,12337,"Kokrak, Jason",2026-08-19T10:16:28+00:00
0,Germany,GER,12360,"Kolbing, Jonas",2026-08-19T10:16:28+00:00
1,Germany,GER,30242,"Kolle, Finn",2026-08-19T10:16:28+00:00
0,Czech Republic,CZE,32730,"Komrska, Lukas",2026-08-19T10:16:28+00:00
0,Australia,AUS,26019,"Kong, Hyunsik",2026-08-19T10:16:28+00:00
0,England,ENG,23288,"Konig, Harry",2026-08-19T10:16:28+00:00
0,Japan,JPN,17401,"Konishi, Takanori",2026-08-19T10:16:28+00:00
0,Austria,AUT,26935,"Kopp, Alexander",2026-08-19T10:16:28+00:00
0,South Africa,RSA,24575,"Korb, Ruan",2026-08-19T10:16:28+00:00
0,Finland,FIN,9252,"Korhonen, Mikko",2026-08-19T10:16:28+00:00
0,Czech Republic,CZE,17865,"Korinek, Ales",2026-08-19T10:16:28+00:00
0,United States,USA,26124,"Korte, Chris",2026-08-19T10:16:28+00:00
0,Japan,JPN,15314,"Kosaihira, Yuwa",2026-08-19T10:16:28+00:00
0,Netherlands,NED,25602,"Kouwenaar, Koen",2026-08-19T10:16:28+00:00
0,United States,USA,19430,"Kozan, Andrew",2026-08-19T10:16:28+00:00
0,United States,USA,34839,"Kozuma, Corey",2026-08-19T10:16:28+00:00
0,Japan,JPN,14209,"Kozuma, Jinichiro",2026-08-19T10:16:28+00:00
0,Netherlands,NED,24054,"Kraai, Stan",2026-08-19T10:16:28+00:00
0,United States,USA,15852,"Kraft, Kelly",2026-08-19T10:16:28+00:00
0,Thailand,THA,24946,"Kraivixien, Ray",2026-08-19T10:16:28+00:00
0,Germany,GER,9220,"Kramer, Max",2026-08-19T10:16:28+00:00
0,United States,USA,35538,"Kress, Matthew",2026-08-19T10:16:28+00:00
0,Denmark,DEN,18857,"Kristensen, Nicolai",2026-08-19T10:16:28+00:00
0,Iceland,ISL,22996,"Kristjansson, Gudmundur",2026-08-19T10:16:28+00:00
0,Zimbabwe,ZIM,18289,"Krog, Stuart",2026-08-19T10:16:28+00:00
0,United States,USA,18193,"Kropp, William",2026-08-19T10:16:28+00:00
0,United States,USA,22029,"Krug, Benjamin",2026-08-19T10:16:28+00:00
0,South Africa,RSA,33105,"Kruger, Dian",2026-08-19T10:16:28+00:00
0,South Africa,RSA,11978,"Kruger, Jbe'",2026-08-19T10:16:28+00:00
0,South Africa,RSA,16896,"Kruyswijk, Jacques",2026-08-19T10:16:28+00:00
0,China,CHN,25723,"Kuang, Yang",2026-08-19T10:16:28+00:00
1,Austria,AUT,26460,"Kubin, Laurenz",2026-08-19T10:16:28+00:00
0,United States,USA,6169,"Kuchar, Matt",2026-08-19T10:16:28+00:00
0,United States,USA,27600,"Kuest, Peter",2026-08-19T10:16:28+00:00
1,United States,USA,35605,"Kuhl, Miles",2026-08-19T10:16:28+00:00
0,United States,USA,31215,"Kuhl, Tommy",2026-08-19T10:16:28+00:00
0,Australia,AUS,10839,"Kulacz, Rick",2026-08-19T10:16:28+00:00
0,India,IND,10764,"Kumar, Chiragh",2026-08-19T10:16:28+00:00
0,United States,USA,33957,"Kumar, Noah",2026-08-19T10:16:28+00:00
0,Germany,GER,18842,"Kunzenbacher, Julian",2026-08-19T10:16:28+00:00
0,Korea - Republic of,KOR,25664,"Kwon, Luke",2026-08-19T10:16:28+00:00
0,Korea - Republic of,KOR,20782,"Kwon, Osang",2026-08-19T10:16:28+00:00
1,United States,USA,35478,"Kyes, Chase",2026-08-19T10:16:28+00:00
0,United States,USA,33755,"La Sasso, Michael",2026-08-19T10:16:28+00:00
0,France,FRA,23733,"LaCroix, Frederic",2026-08-19T10:16:28+00:00
0,United States,USA,28319,"LaRue, Bogle",2026-08-19T10:16:28+00:00
0,United States,USA,7167,"Labritz, Rob",2026-08-19T10:16:28+00:00
1,Netherlands,NED,33706,"Lafeber, Guus",2026-08-19T10:16:28+00:00
0,Netherlands,NED,5843,"Lafeber, Maarten",2026-08-19T10:16:28+00:00
0,Sweden,SWE,14780,"Lagergren, Joakim",2026-08-19T10:16:28+00:00
0,India,IND,12669,"Lahiri, Anirban",2026-08-19T10:16:28+00:00
0,United States,USA,30000,"Lai, Eddy",2026-08-19T10:16:28+00:00
0,Scotland,SCO,9586,"Laird, Martin",2026-08-19T10:16:28+00:00
0,Hong Kong,HKG,31898,"Lam, Isaac",2026-08-19T10:16:28+00:00
0,Australia,AUS,27382,"Lamb, Corey",2026-08-19T10:16:28+00:00
0,United States,USA,29324,"Lamb, Davis",2026-08-19T10:16:28+00:00
0,England,ENG,26838,"Lamb, Matty",2026-08-19T10:16:28+00:00
0,United States,USA,18869,"Lamb, Rick",2026-08-19T10:16:28+00:00
0,United States,USA,9195,"Lamely, Derek",2026-08-19T10:16:28+00:00
0,Germany,GER,13438,"Lampert, Moritz",2026-08-19T10:16:28+00:00
0,South Africa,RSA,24343,"Lamprecht, Christo",2026-08-19T10:16:28+00:00
0,France,FRA,14040,"Lando Casanova, Jerome",2026-08-19T10:16:28+00:00
0,United States,USA,14000,"Landry, Andrew",2026-08-19T10:16:28+00:00
0,United States,USA,34526,"Landry, Grant",2026-08-19T10:16:28+00:00
0,Canada,CAN,31202,"Lane, Jake",2026-08-19T10:16:28+00:00
0,United States,USA,26105,"Lane, Joey",2026-08-19T10:16:28+00:00
0,Austria,AUT,26461,"Lang, Fabian",2026-08-19T10:16:28+00:00
0,France,FRA,16652,"Langasque, Romain",2026-08-19T10:16:28+00:00
0,Germany,GER,290,"Langer, Bernhard",2026-08-19T10:16:28+00:00
0,Sweden,SWE,20414,"Langfors, Per",2026-08-19T10:16:28+00:00
0,England,ENG,27124,"Langley, David",2026-08-19T10:16:28+00:00
0,United States,USA,14700,"Langley, Scott",2026-08-19T10:16:28+00:00
0,United States,USA,22922,"Lansburgh, Peter",2026-08-19T10:16:28+00:00
0,United States,USA,27626,"Lanting, Ben",2026-08-19T10:16:28+00:00
1,Thailand,THA,27019,"Laopakdee, Fifa",2026-08-19T10:16:28+00:00
0,United States,USA,27671,"Lapa, Kolton",2026-08-19T10:16:28+00:00
0,Italy,ITA,14987,"Laporta, Francesco",2026-08-19T10:16:28+00:00
0,Spain,ESP,9133,"Larrazabal, Pablo",2026-08-19T10:16:28+00:00
0,United States,USA,31312,"Larson, Anders",2026-08-19T10:16:28+00:00
0,United States,USA,31846,"Larson, Hunter",2026-08-19T10:16:28+00:00
0,United States,USA,10943,"Lashley, Nate",2026-08-19T10:16:28+00:00
0,United States,USA,15121,"Lauer, Seath",2026-08-19T10:16:28+00:00
0,France,FRA,23408,"Laussot, Aymeric",2026-08-19T10:16:28+00:00
0,Australia,AUS,22956,"Lautee, Andre",2026-08-19T10:16:28+00:00
0,Scotland,SCO,14784,"Law, David",2026-08-19T10:16:28+00:00
0,Ireland,IRL,26988,"Lawlor, Brendan",2026-08-19T10:16:28+00:00
0,United States,USA,29889,"Lawrence Jr, Mark",2026-08-19T10:16:28+00:00
0,South Africa,RSA,18105,"Lawrence, Thriston",2026-08-19T10:16:28+00:00
0,Scotland,SCO,5105,"Lawrie, Paul",2026-08-19T10:16:28+00:00
0,Australia,AUS,15885,"Lawson, Deyen",2026-08-19T10:16:28+00:00
0,Mauritius,MRI,33132,"Le Court De Billot, Gabriel",2026-08-19T10:16:28+00:00
0,France,FRA,22709,"Le Falher, Yaseen",2026-08-19T10:16:28+00:00
1,France,FRA,30383,"Le Goff, Hugo",2026-08-19T10:16:28+00:00
0,South Africa,RSA,22040,"Le Roux, Steven",2026-08-19T10:16:28+00:00
0,United States,USA,7099,"LeBrun, Steve",2026-08-19T10:16:28+00:00
0,United States,USA,35062,"Leach, Greyson",2026-08-19T10:16:28+00:00
0,United States,USA,31586,"Leach, Tyler",2026-08-19T10:16:28+00:00
1,Colombia,COL,31889,"Leal, Santiago",2026-08-19T10:16:28+00:00
0,Australia,AUS,4889,"Leaney, Stephen",2026-08-19T10:16:28+00:00
0,United States,USA,21943,"Lebioda, Hank",2026-08-19T10:16:28+00:00
0,Mexico,MEX,16706,"Lebrija, Roberto",2026-08-19T10:16:28+00:00
0,Austria,AUT,21667,"Lechner, Maximillian",2026-08-19T10:16:28+00:00
0,Argentina,ARG,15239,"Ledesma, Nelson",2026-08-19T10:16:28+00:00
0,United States,USA,29169,"Lee, Alex",2026-08-19T10:16:28+00:00
0,United States,USA,18296,"Lee, Brandon",2026-08-19T10:16:28+00:00
1,Singapore,SIN,29126,"Lee, Brayden",2026-08-19T10:16:28+00:00
0,United States,USA,33756,"Lee, Bryan",2026-08-19T10:16:28+00:00
0,New Zealand,NZL,24334,"Lee, Chang Gi",2026-08-19T10:16:28+00:00
0,Chinese Taipei,TPE,16563,"Lee, Chieh-Po",2026-08-19T10:16:28+00:00
0,Scotland,SCO,4398,"Lee, Craig",2026-08-19T10:16:28+00:00
0,Korea - Republic of,KOR,8211,"Lee, D.H.",2026-08-19T10:16:28+00:00
0,Korea - Republic of,KOR,17493,"Lee, Daihan",2026-08-19T10:16:28+00:00
0,New Zealand,NZL,11826,"Lee, Danny",2026-08-19T10:16:28+00:00
0,United States,USA,21892,"Lee, David",2026-08-19T10:16:28+00:00
0,Korea - Republic of,KOR,14610,"Lee, Dongmin",2026-08-19T10:16:28+00:00
1,United States,USA,35479,"Lee, Eric",2026-08-19T10:16:28+00:00
0,Korea - Republic of,KOR,24147,"Lee, Gyu Min",2026-08-19T10:16:28+00:00
0,Korea - Republic of,KOR,15796,"Lee, Hyungjoon",2026-08-19T10:16:28+00:00
0,Korea - Republic of,KOR,19047,"Lee, Jaekyeong",2026-08-19T10:16:28+00:00
0,United States,USA,24493,"Lee, Joshua",2026-08-19T10:16:28+00:00
0,Chinese Taipei,TPE,30422,"Lee, Jui-Shen",2026-08-19T10:16:28+00:00
0,Korea - Republic of,KOR,13498,"Lee, Junghwan",2026-08-19T10:16:28+00:00
0,Korea - Republic of,KOR,29639,"Lee, Junseo",2026-08-19T10:16:28+00:00
0,Australia,AUS,16006,"Lee, Junseok",2026-08-19T10:16:28+00:00
0,Korea - Republic of,KOR,13497,"Lee, K.H.",2026-08-19T10:16:28+00:00
0,Korea - Republic of,KOR,21524,"Lee, Kyeongjun",2026-08-19T10:16:28+00:00
0,New Zealand,NZL,21364,"Lee, Mason",2026-08-19T10:16:28+00:00
0,Australia,AUS,16841,"Lee, Min Woo",2026-08-19T10:16:28+00:00
0,New Zealand,NZL,5311,"Lee, Richard",2026-08-19T10:16:28+00:00
0,Canada,CAN,12413,"Lee, Richard",2026-08-19T10:16:28+00:00
0,Brazil,BRA,17237,"Lee, Rodrigo",2026-08-19T10:16:28+00:00
0,Korea - Republic of,KOR,16162,"Lee, S.T.",2026-08-19T10:16:28+00:00
0,Korea - Republic of,KOR,13923,"Lee, Sang-hee",2026-08-19T10:16:28+00:00
0,Korea - Republic of,KOR,14614,"Lee, Soomin",2026-08-19T10:16:28+00:00
0,Korea - Republic of,KOR,11156,"Lee, Taehee",2026-08-19T10:16:28+00:00
0,United States,USA,16598,"Lee, Tain",2026-08-19T10:16:28+00:00
0,United States,USA,23543,"Lee, Walker",2026-08-19T10:16:28+00:00
0,Australia,AUS,10713,"Lee, Wonjoon",2026-08-19T10:16:28+00:00
0,France,FRA,26732,"Legendre, Nathan",2026-08-19T10:16:28+00:00
0,France,FRA,23700,"Legros, Maxime",2026-08-19T10:16:28+00:00
0,United States,USA,30174,"Lehman, Thomas",2026-08-19T10:16:28+00:00
0,United States,USA,757,"Lehman, Tom",2026-08-19T10:16:28+00:00
0,England,ENG,34159,"Leigh, George",2026-08-19T10:16:28+00:00
0,Kenya,KEN,29228,"Leijrma, John",2026-08-19T10:16:28+00:00
0,South Africa,RSA,33553,"Leisher, Logan",2026-08-19T10:16:28+00:00
0,Australia,AUS,7649,"Leishman, Marc",2026-08-19T10:16:28+00:00
0,United States,USA,32063,"Lemieux, Austin",2026-08-19T10:16:28+00:00
0,Sweden,SWE,10418,"Lemke, Niklas",2026-08-19T10:16:28+00:00
0,United States,USA,18711,"Lenahan, Ryan",2026-08-19T10:16:28+00:00
0,Portugal,POR,22813,"Lencart Silva, Pedro",2026-08-19T10:16:28+00:00
0,Sweden,SWE,20410,"Lengden, Oscar",2026-08-19T10:16:28+00:00
0,Chile,CHI,13619,"Leon, Hugo",2026-08-19T10:16:28+00:00
0,Canada,CAN,23740,"Leonard, Brendan",2026-08-19T10:16:28+00:00
0,United States,USA,5603,"Leonard, Justin",2026-08-19T10:16:28+00:00
0,France,FRA,26655,"Leray, Alexis",2026-08-19T10:16:28+00:00
0,Bermuda,BER,27328,"Leseur, Kenny",2026-08-19T10:16:28+00:00
0,Slovakia,SVK,21958,"Leskovar, Anze",2026-08-19T10:16:28+00:00
0,Ireland,IRL,28354,"Lester, Rowan",2026-08-19T10:16:28+00:00
0,England,ENG,10137,"Levermore, Jason",2026-08-19T10:16:28+00:00
0,France,FRA,2141,"Levet, Thomas",2026-08-19T10:16:28+00:00
0,United States,USA,8199,"Levin, Spencer",2026-08-19T10:16:28+00:00
0,France,FRA,14973,"Levy, Alexander",2026-08-19T10:16:28+00:00
1,Canada,CAN,35422,"Lew, Dawson",2026-08-19T10:16:28+00:00
0,United States,USA,31285,"Lewis, Bryce",2026-08-19T10:16:28+00:00
0,United States,USA,32521,"Lewis, Riley",2026-08-19T10:16:28+00:00
0,England,ENG,15164,"Lewis, Tom",2026-08-19T10:16:28+00:00
0,England,ENG,12838,"Lewton, Steve",2026-08-19T10:16:28+00:00
0,Morocco,MAR,18246,"Lguirati, Ayoub",2026-08-19T10:16:28+00:00
0,China,CHN,15310,"Li, Haotong",2026-08-19T10:16:28+00:00
0,China,CHN,24122,"Li, Linqiang",2026-08-19T10:16:28+00:00
1,China,CHN,32715,"Li, Mengyang",2026-08-19T10:16:28+00:00
0,Hong Kong,HKG,32046,"Li, Xuzhong",2026-08-19T10:16:28+00:00
1,China,CHN,33457,"Li, Zhengda",2026-08-19T10:16:28+00:00
1,China,CHN,33458,"Li, Zhengqian",2026-08-19T10:16:28+00:00
0,United States,USA,5708,"Lickliter II, Frank",2026-08-19T10:16:28+00:00
1,United States,USA,34648,"Liechty, David",2026-08-19T10:16:28+00:00
0,Czech Republic,CZE,13390,"Lieser, Ondrej",2026-08-19T10:16:28+00:00
0,United States,USA,27804,"Lilleboe, Eric",2026-08-19T10:16:28+00:00
0,Sweden,SWE,25222,"Lilliedahl, Linus",2026-08-19T10:16:28+00:00
0,Thailand,THA,24317,"Lim, Mo",2026-08-19T10:16:28+00:00
0,Korea - Republic of,KOR,26241,"Lim, Yetaek",2026-08-19T10:16:28+00:00
0,Portugal,POR,7868,"Lima, Jose-Filipe",2026-08-19T10:16:28+00:00
0,Thailand,THA,22904,"Limbhasut, KK",2026-08-19T10:16:28+00:00
0,Chinese Taipei,TPE,15023,"Lin, K.P.",2026-08-19T10:16:28+00:00
0,China,CHN,18983,"Lin, Yuxin",2026-08-19T10:16:28+00:00
0,Denmark,DEN,20742,"Lind, Soren Broholt",2026-08-19T10:16:28+00:00
0,Sweden,SWE,20084,"Lindberg, Mikael",2026-08-19T10:16:28+00:00
0,Finland,FIN,20085,"Lindell, Oliver",2026-08-19T10:16:28+00:00
0,Sweden,SWE,20413,"Lindh, Charlie",2026-08-19T10:16:28+00:00
0,United States,USA,16713,"Lindheim, Nicholas",2026-08-19T10:16:28+00:00
0,Sweden,SWE,14815,"Lingmerth, David",2026-08-19T10:16:28+00:00
0,United States,USA,16309,"Linton, Ryan",2026-08-19T10:16:28+00:00
0,Austria,AUT,18585,"Lipold, Lukas",2026-08-19T10:16:28+00:00
0,Italy,ITA,17894,"Lipparelli, Edoardo Raffaele",2026-08-19T10:16:28+00:00
0,United States,USA,15980,"Lipsky, David",2026-08-19T10:16:28+00:00
0,Australia,AUS,24170,"List, Danny",2026-08-19T10:16:28+00:00
0,United States,USA,7960,"List, Luke",2026-08-19T10:16:28+00:00
0,China,CHN,28644,"Liu, David",2026-08-19T10:16:28+00:00
0,China,CHN,24781,"Liu, Enhua",2026-08-19T10:16:28+00:00
0,China,CHN,24730,"Liu, Jun",2026-08-19T10:16:28+00:00
0,China,CHN,29543,"Liu, Kaiwen",2026-08-19T10:16:28+00:00
0,China,CHN,16156,"Liu, Yanwei",2026-08-19T10:16:28+00:00
0,China,CHN,24457,"Liu, Yue",2026-08-19T10:16:28+00:00
0,Chinese Taipei,TPE,19492,"Liu, Yung-Hua",2026-08-19T10:16:28+00:00
1,China,CHN,32345,"Liu, Yuqi",2026-08-19T10:16:28+00:00
0,United States,USA,27482,"Lobel, Sasha",2026-08-19T10:16:28+00:00
0,United States,USA,29996,"Locke, Griffen",2026-08-19T10:16:28+00:00
0,Scotland,SCO,25315,"Locke, Sam",2026-08-19T10:16:28+00:00
0,United States,USA,31866,"Logan, Hunter",2026-08-19T10:16:28+00:00
0,United States,USA,26827,"Logue, Isaiah",2026-08-19T10:16:28+00:00
0,India,IND,15157,"Lohan, Abhinav",2026-08-19T10:16:28+00:00
0,South Africa,RSA,16897,"Lombard, Zander",2026-08-19T10:16:28+00:00
0,Australia,AUS,4122,"Lonard, Peter",2026-08-19T10:16:28+00:00
0,United States,USA,15473,"Long, Adam",2026-08-19T10:16:28+00:00
1,United States,USA,30890,"Long, Beni",2026-08-19T10:16:28+00:00
0,South Africa,RSA,31326,"Long, Christopher",2026-08-19T10:16:28+00:00
0,Germany,GER,25138,"Long, Hurly",2026-08-19T10:16:28+00:00
0,England,ENG,27984,"Long, Joe",2026-08-19T10:16:28+00:00
0,United States,USA,31193,"Long, Luke",2026-08-19T10:16:28+00:00
0,United States,USA,29689,"Longbella, Thomas",2026-08-19T10:16:28+00:00
0,United States,USA,24538,"Longmire, David",2026-08-19T10:16:28+00:00
0,Portugal,POR,20971,"Lopes, Vitor",2026-08-19T10:16:28+00:00
0,United States,USA,33135,"Loree, Tyler",2026-08-19T10:16:28+00:00
0,United States,USA,29768,"Lorenz, Ben",2026-08-19T10:16:28+00:00
0,France,FRA,9675,"Lorenzo-Vera, Michael",2026-08-19T10:16:28+00:00
1,Austria,AUT,27732,"Lotschak, Jakob",2026-08-19T10:16:28+00:00
1,United States,USA,28147,"Lotter, Reed",2026-08-19T10:16:28+00:00
0,South Africa,RSA,21197,"Loubser, Herman",2026-08-19T10:16:28+00:00
0,United States,USA,15318,"Loupe, Andrew",2026-08-19T10:16:28+00:00
1,Argentina,ARG,29084,"Loureiro, Juan Martin",2026-08-19T10:16:28+00:00
0,United States,USA,3464,"Love III, Davis",2026-08-19T10:16:28+00:00
0,United States,USA,21135,"Love, Dru",2026-08-19T10:16:28+00:00
0,United States,USA,18632,"Love, Sam",2026-08-19T10:16:28+00:00
0,United States,USA,22068,"Lovelady, Tom",2026-08-19T10:16:28+00:00
0,United States,USA,11382,"Lovemark, Jamie",2026-08-19T10:16:28+00:00
0,United States,USA,30339,"Lowe, Taylor",2026-08-19T10:16:28+00:00
0,United States,USA,17723,"Lower, Justin",2026-08-19T10:16:28+00:00
0,Ireland,IRL,13900,"Lowry, Shane",2026-08-19T10:16:28+00:00
0,Australia,AUS,17065,"Loypur, Daniel J",2026-08-19T10:16:28+00:00
0,United States,USA,21207,"Lu, Shawn",2026-08-19T10:16:28+00:00
0,United States,USA,18713,"Lucas, Kevin",2026-08-19T10:16:28+00:00
0,Australia,AUS,16842,"Luck, Curtis",2026-08-19T10:16:28+00:00
0,Netherlands,NED,10158,"Luiten, Joost",2026-08-19T10:16:28+00:00
0,Scotland,SCO,25082,"Lumsden, Ryan",2026-08-19T10:16:28+00:00
0,Sweden,SWE,4718,"Lundberg, Mikael",2026-08-19T10:16:28+00:00
0,United States,USA,30049,"Lundell, Carson",2026-08-19T10:16:28+00:00
0,Sweden,SWE,22342,"Lundgren, David",2026-08-19T10:16:28+00:00
0,United States,USA,32682,"Lundin, Jack",2026-08-19T10:16:28+00:00
0,China,CHN,17349,"Luo, Xuewen",2026-08-19T10:16:28+00:00
0,South Africa,RSA,12857,"Lupini, Roberto",2026-08-19T10:16:28+00:00
0,Scotland,SCO,294,"Lyle, Sandy",2026-08-19T10:16:28+00:00
0,United States,USA,27854,"Lyons, Landon",2026-08-19T10:16:28+00:00
0,Australia,AUS,22852,"Lyras, John",2026-08-19T10:16:28+00:00
1,China,CHN,25582,"Ma, Bingwen",2026-08-19T10:16:28+00:00
0,China,CHN,17937,"Ma, Chengyao",2026-08-19T10:16:28+00:00
1,Kenya,KEN,29229,"Maara, Dennis",2026-08-19T10:16:28+00:00
0,South Africa,RSA,29954,"Maart, Mark",2026-08-19T10:16:28+00:00
0,South Africa,RSA,27947,"Maas, Christiaan",2026-08-19T10:16:28+00:00
0,Scotland,SCO,23323,"MacIntyre, Robert",2026-08-19T10:16:28+00:00
0,United States,USA,7470,"MacKenzie, Will",2026-08-19T10:16:28+00:00
0,United States,USA,24992,"Maccaglia, Anthony",2026-08-19T10:16:28+00:00
0,Italy,ITA,17655,"Maccario, Federico",2026-08-19T10:16:28+00:00
0,Canada,CAN,18571,"Macdonald, Stuart",2026-08-19T10:16:28+00:00
0,Australia,AUS,17144,"Macdonald, Taylor",2026-08-19T10:16:28+00:00
0,Slovakia,SVK,26483,"Mach, Pavol",2026-08-19T10:16:28+00:00
0,United States,USA,21549,"Mack III, Willie",2026-08-19T10:16:28+00:00
0,South Africa,RSA,26610,"Mack, James",2026-08-19T10:16:28+00:00
0,South Africa,RSA,27314,"Mackenzie, Conner",2026-08-19T10:16:28+00:00
0,Australia,AUS,22823,"Mackenzie, Jay",2026-08-19T10:16:28+00:00
0,Australia,AUS,14378,"Macpherson, Bryden",2026-08-19T10:16:28+00:00
0,India,IND,20882,"Madappa, Viraj",2026-08-19T10:16:28+00:00
0,Mexico,MEX,30739,"Madariaga, Alejandro",2026-08-19T10:16:28+00:00
0,United States,USA,28645,"Madey, Cole",2026-08-19T10:16:28+00:00
0,Kenya,KEN,17155,"Madoya, Jastus",2026-08-19T10:16:28+00:00
0,Denmark,DEN,13411,"Madsen, Morten Orum",2026-08-19T10:16:28+00:00
0,Japan,JPN,25670,"Maeda, Koshiro",2026-08-19T10:16:28+00:00
0,Korea - Republic of,KOR,14482,"Maeng, Dong Seop",2026-08-19T10:16:28+00:00
0,Portugal,POR,26804,"Magalhaes, Joao",2026-08-19T10:16:28+00:00
0,Iceland,ISL,22994,"Magnus, Haraldur",2026-08-19T10:16:28+00:00
0,Ireland,IRL,31366,"Maguire, Alex",2026-08-19T10:16:28+00:00
0,United States,USA,19869,"Maguire, Jack",2026-08-19T10:16:28+00:00
0,United States,USA,19453,"Maguire, MJ",2026-08-19T10:16:28+00:00
0,United States,USA,7636,"Mahan, Hunter",2026-08-19T10:16:28+00:00
0,South Africa,RSA,14435,"Mahoney, Trevor",2026-08-19T10:16:28+00:00
0,Thailand,THA,23231,"Maichon, Phichaksn",2026-08-19T10:16:28+00:00
0,United States,USA,13756,"Main, Gregor",2026-08-19T10:16:28+00:00
1,Kenya,KEN,28130,"Makokha, Isaac Ogolla",2026-08-19T10:16:28+00:00
1,France,FRA,27590,"Malcor, Ugo",2026-08-19T10:16:28+00:00
0,United States,USA,20550,"Malec, Christopher",2026-08-19T10:16:28+00:00
0,India,IND,10763,"Malik, Amardip",2026-08-19T10:16:28+00:00
0,Kenya,KEN,28131,"Malik, Taimur",2026-08-19T10:16:28+00:00
1,Germany,GER,28750,"Malik, Yannick",2026-08-19T10:16:28+00:00
0,United States,USA,14926,"Malnati, Peter",2026-08-19T10:16:28+00:00
0,Italy,ITA,11460,"Manassero, Matteo",2026-08-19T10:16:28+00:00
0,South Africa,RSA,24593,"Manchest, Franklin",2026-08-19T10:16:28+00:00
0,India,IND,16818,"Mane, Udayan",2026-08-19T10:16:28+00:00
0,Italy,ITA,23990,"Manica, Mafredi",2026-08-19T10:16:28+00:00
1,Kenya,KEN,34692,"Manji, Junaid",2026-08-19T10:16:28+00:00
0,United States,USA,29715,"Manke, RJ",2026-08-19T10:16:28+00:00
0,Wales,WAL,8222,"Manley, Stuart",2026-08-19T10:16:28+00:00
0,Scotland,SCO,30455,"Mann, Jamie",2026-08-19T10:16:28+00:00
0,England,ENG,24185,"Mansell, Richard",2026-08-19T10:16:28+00:00
0,South Africa,RSA,26205,"Mansfield, Clayton",2026-08-19T10:16:28+00:00
0,United States,USA,28529,"Manuel, Caleb",2026-08-19T10:16:28+00:00
0,Italy,ITA,22065,"Manzoni, Giovanni",2026-08-19T10:16:28+00:00
1,Switzerland,SUI,32937,"Mao, Tom",2026-08-19T10:16:28+00:00
0,Zimbabwe,ZIM,19530,"Mapwanya, Visitor",2026-08-19T10:16:28+00:00
1,Belgium,BEL,29758,"Maquet, Loris",2026-08-19T10:16:28+00:00
0,Australia,AUS,24337,"Marchesani, Anthony",2026-08-19T10:16:28+00:00
0,Australia,AUS,19258,"Marchesani, James",2026-08-19T10:16:28+00:00
0,Canada,CAN,35197,"Marchese, Nicholas",2026-08-19T10:16:28+00:00
0,United States,USA,33704,"Marcotte, Jack",2026-08-19T10:16:28+00:00
0,United States,USA,27875,"Marcus, Ethan",2026-08-19T10:16:28+00:00
0,United States,USA,28324,"Marek, Brad",2026-08-19T10:16:28+00:00
0,Argentina,ARG,15240,"Marelli, Leandro",2026-08-19T10:16:28+00:00
0,Spain,ESP,27862,"Marin Santander, Enrique",2026-08-19T10:16:28+00:00
0,Argentina,ARG,18334,"Marino, Ignacio",2026-08-19T10:16:28+00:00
0,United States,USA,7741,"Marino, Steve",2026-08-19T10:16:28+00:00
0,Morocco,MAR,15970,"Marjan, Ahmed",2026-08-19T10:16:28+00:00
0,United States,USA,27872,"Markham, George",2026-08-19T10:16:28+00:00
0,United States,USA,30534,"Markham, Jackson",2026-08-19T10:16:28+00:00
0,Netherlands,NED,25203,"Markovits, Mats",2026-08-19T10:16:28+00:00
1,Spain,ESP,33490,"Marques, Bruno",2026-08-19T10:16:28+00:00
0,United States,USA,22254,"Marriott, Jake",2026-08-19T10:16:28+00:00
1,Australia,AUS,29416,"Marsh, Ollie",2026-08-19T10:16:28+00:00
0,United States,USA,13995,"Marshall, Matt",2026-08-19T10:16:28+00:00
0,United States,USA,22204,"Marsico, Max",2026-08-19T10:16:28+00:00
0,Australia,AUS,9774,"Martin, Andrew",2026-08-19T10:16:28+00:00
0,United States,USA,14007,"Martin, Ben",2026-08-19T10:16:28+00:00
0,Australia,AUS,19076,"Martin, Brody",2026-08-19T10:16:28+00:00
0,United States,USA,31284,"Martin, Kyle",2026-08-19T10:16:28+00:00
0,United States,USA,26664,"Martin, Patrick",2026-08-19T10:16:28+00:00
0,United States,USA,31313,"Martin, Reid",2026-08-19T10:16:28+00:00
0,United States,USA,19829,"Martinson, Mikel",2026-08-19T10:16:28+00:00
0,Argentina,ARG,33160,"Marzilio, Vicente",2026-08-19T10:16:28+00:00
0,Spain,ESP,30428,"Masaveu, Luis",2026-08-19T10:16:28+00:00
0,South Africa,RSA,23595,"Mashego, Jastice",2026-08-19T10:16:28+00:00
0,England,ENG,31880,"Mason, George",2026-08-19T10:16:28+00:00
0,United States,USA,14405,"Mason, Nick",2026-08-19T10:16:28+00:00
0,United States,USA,33576,"Mason, Nicklaus",2026-08-19T10:16:28+00:00
1,United States,USA,17297,"Massa, Bobby",2026-08-19T10:16:28+00:00
0,United States,USA,34061,"Massello, Dan",2026-08-19T10:16:28+00:00
0,United States,USA,31344,"Massie, Jesse",2026-08-19T10:16:28+00:00
0,Spain,ESP,32538,"Mateo Fraga, Ignacio",2026-08-19T10:16:28+00:00
0,Denmark,DEN,26045,"Mathiesen, Mikkel",2026-08-19T10:16:28+00:00
0,Japan,JPN,20142,"Matsumoto, Shota",2026-08-19T10:16:28+00:00
0,Japan,JPN,13562,"Matsuyama, Hideki",2026-08-19T10:16:28+00:00
1,Japan,JPN,32857,"Matsuyama, Mao",2026-08-19T10:16:28+00:00
0,United States,USA,22981,"Matthews, Brandon",2026-08-19T10:16:28+00:00
1,Canada,CAN,32259,"Matthews, Justin",2026-08-19T10:16:28+00:00
0,United States,USA,33002,"Matthewson, Erik",2026-08-19T10:16:28+00:00
0,United States,USA,31249,"Mattiace, Michael",2026-08-19T10:16:28+00:00
0,Czech Republic,CZE,14086,"Matus, Stanislav",2026-08-19T10:16:28+00:00
0,Zimbabwe,ZIM,15660,"Mauchaza, Nyasha",2026-08-19T10:16:28+00:00
0,United States,USA,29431,"Maum, Blake",2026-08-19T10:16:28+00:00
0,Netherlands,NED,14182,"Maurits, Sven",2026-08-19T10:16:28+00:00
1,United States,USA,32986,"Mauss, Bowen",2026-08-19T10:16:28+00:00
0,South Africa,RSA,19426,"Mavundla, Thanda",2026-08-19T10:16:28+00:00
1,United States,USA,33711,"Mawhinney, Tyler",2026-08-19T10:16:28+00:00
1,United States,USA,30795,"Maxwell, Kyle",2026-08-19T10:16:28+00:00
0,United States,USA,31425,"Mayer, Jon",2026-08-19T10:16:28+00:00
0,South Africa,RSA,16823,"Mazibuko, Makgetha",2026-08-19T10:16:28+00:00
0,Italy,ITA,20844,"Mazzoli, Stefano",2026-08-19T10:16:28+00:00
1,South Africa,RSA,27997,"Mbetse, Massimo",2026-08-19T10:16:28+00:00
0,Kenya,KEN,12063,"Mburu, Simon Ngige",2026-08-19T10:16:28+00:00
0,United States,USA,29318,"McAllister, Logan",2026-08-19T10:16:28+00:00
0,United States,USA,24494,"McBride, Jake",2026-08-19T10:16:28+00:00
0,Ireland,IRL,23782,"McBride, Paul",2026-08-19T10:16:28+00:00
0,United States,USA,23532,"McCain, Andrew",2026-08-19T10:16:28+00:00
0,United States,USA,33141,"McCall, Cavin",2026-08-19T10:16:28+00:00
0,Australia,AUS,13674,"McCardle, Maxwell",2026-08-19T10:16:28+00:00
0,United States,USA,13547,"McCarraher, Justin",2026-08-19T10:16:28+00:00
0,Ireland,IRL,13334,"McCarroll, Brendan",2026-08-19T10:16:28+00:00
0,United States,USA,28530,"McCarron, Jace",2026-08-19T10:16:28+00:00
0,United States,USA,3682,"McCarron, Scott",2026-08-19T10:16:28+00:00
0,United States,USA,23888,"McCarthy, Brax",2026-08-19T10:16:28+00:00
0,United States,USA,11594,"McCarthy, Dan",2026-08-19T10:16:28+00:00
0,United States,USA,19870,"McCarthy, Denny",2026-08-19T10:16:28+00:00
0,United States,USA,22306,"McCarthy, Josh",2026-08-19T10:16:28+00:00
0,England,ENG,15172,"McCarthy, Nick",2026-08-19T10:16:28+00:00
0,Australia,AUS,15165,"McCarthy, Ryan",2026-08-19T10:16:28+00:00
0,United States,USA,28635,"McCarty, Matt",2026-08-19T10:16:28+00:00
0,United States,USA,6060,"McCarty, Sean",2026-08-19T10:16:28+00:00
0,South Africa,RSA,22911,"McClatchie, Kyle",2026-08-19T10:16:28+00:00
0,United States,USA,35227,"McClure, Paul",2026-08-19T10:16:28+00:00
0,United States,USA,18536,"McCormick, Ryan",2026-08-19T10:16:28+00:00
0,United States,USA,19871,"McCoy, Lee",2026-08-19T10:16:28+00:00
0,United States,USA,19754,"McCracken, Logan",2026-08-19T10:16:28+00:00
0,United States,USA,29302,"McCrory, Jake",2026-08-19T10:16:28+00:00
0,England,ENG,19121,"McCullen, Haydn",2026-08-19T10:16:28+00:00
0,Canada,CAN,32260,"McCulloch, Ashton",2026-08-19T10:16:28+00:00
0,United States,USA,17584,"McCumber, Tyler",2026-08-19T10:16:28+00:00
0,Australia,AUS,30485,"McDade, Connor",2026-08-19T10:16:28+00:00
0,United States,USA,25317,"McDaniel, Chip",2026-08-19T10:16:28+00:00
0,United States,USA,31271,"McDevitt, Jack",2026-08-19T10:16:28+00:00
0,Scotland,SCO,16372,"McDonald, Jack",2026-08-19T10:16:28+00:00
0,Northern Ireland,NIR,7548,"McDowell, Graeme",2026-08-19T10:16:28+00:00
0,England,ENG,7389,"McEvoy, Richard",2026-08-19T10:16:28+00:00
0,Ireland,IRL,5222,"McGinley, Paul",2026-08-19T10:16:28+00:00
0,United States,USA,12477,"McGirt, William",2026-08-19T10:16:28+00:00
1,Scotland,SCO,31886,"McGlinchey, Dominic",2026-08-19T10:16:28+00:00
0,United States,USA,19472,"McGowan, Michael",2026-08-19T10:16:28+00:00
0,England,ENG,11981,"McGowan, Ross",2026-08-19T10:16:28+00:00
0,Ireland,IRL,6039,"McGrane, Damian",2026-08-19T10:16:28+00:00
0,United States,USA,23505,"McGreevy, Max",2026-08-19T10:16:28+00:00
0,Scotland,SCO,4497,"McGuigan, Doug",2026-08-19T10:16:28+00:00
0,Northern Ireland,NIR,10091,"McIlroy, Rory",2026-08-19T10:16:28+00:00
0,South Africa,RSA,24577,"McIntyre, David",2026-08-19T10:16:28+00:00
0,United States,USA,18633,"McIver, Brandon",2026-08-19T10:16:28+00:00
0,Northern Ireland,NIR,22322,"McKibbin, Tom",2026-08-19T10:16:28+00:00
0,Canada,CAN,31346,"McKinlay, Brady",2026-08-19T10:16:28+00:00
0,Australia,AUS,24172,"McKinney, Connor",2026-08-19T10:16:28+00:00
0,United States,USA,9168,"McLachlin, Parker",2026-08-19T10:16:28+00:00
1,United States,USA,32264,"McLamb, Brett",2026-08-19T10:16:28+00:00
0,United States,USA,35472,"McLauchlan, Andrew",2026-08-19T10:16:28+00:00
0,New Zealand,NZL,23058,"McLean, Matt",2026-08-19T10:16:28+00:00
0,Australia,AUS,17146,"McLeod, Jake",2026-08-19T10:16:28+00:00
0,United States,USA,11793,"McLuen, Jay",2026-08-19T10:16:28+00:00
0,United States,USA,18634,"McNealy, Maverick",2026-08-19T10:16:28+00:00
0,Scotland,SCO,26330,"McNeill, Callum",2026-08-19T10:16:28+00:00
0,United States,USA,6419,"McNeill, George",2026-08-19T10:16:28+00:00
0,United States,USA,30076,"McShea, Blake",2026-08-19T10:16:28+00:00
0,Australia,AUS,17789,"Mcbride, Kade",2026-08-19T10:16:28+00:00
1,Northern Ireland,NIR,26990,"Mcclean, Matthew",2026-08-19T10:16:28+00:00
0,Northern Ireland,NIR,15600,"Mcelroy, Dermot",2026-08-19T10:16:28+00:00
0,Ireland,IRL,17818,"Mcgee, Ruaidhri",2026-08-19T10:16:28+00:00
0,South Africa,RSA,27948,"Mckay, Gregory",2026-08-19T10:16:28+00:00
0,South Africa,RSA,24897,"Mclachlan, Keegan",2026-08-19T10:16:28+00:00
0,England,ENG,27306,"Meads, Brandon",2026-08-19T10:16:28+00:00
0,Kenya,KEN,23964,"Mediratta, Mohit",2026-08-19T10:16:28+00:00
0,Australia,AUS,26020,"Mee, James",2026-08-19T10:16:28+00:00
0,United States,USA,33955,"Meeks, Kye",2026-08-19T10:16:28+00:00
0,United States,USA,34841,"Meisel, Marshall",2026-08-19T10:16:28+00:00
0,United States,USA,28159,"Meissner, Mac",2026-08-19T10:16:28+00:00
0,United States,USA,26126,"Meissner, Mitchell",2026-08-19T10:16:28+00:00
1,United States,USA,32557,"Meister, Finn",2026-08-19T10:16:28+00:00
0,Germany,GER,19897,"Mejow, Philipp",2026-08-19T10:16:28+00:00
0,Italy,ITA,29444,"Memeo, Luca",2026-08-19T10:16:28+00:00
0,United States,USA,29970,"Menante, Dylan",2026-08-19T10:16:28+00:00
0,United States,USA,29036,"Mendez, Gilbert",2026-08-19T10:16:28+00:00
0,United States,USA,28039,"Mendoza, Kyle",2026-08-19T10:16:28+00:00
0,Poland,POL,14196,"Meronk, Adrian",2026-08-19T10:16:28+00:00
0,United States,USA,9584,"Merrick, John",2026-08-19T10:16:28+00:00
0,United States,USA,13367,"Merritt, Troy",2026-08-19T10:16:28+00:00
1,Spain,ESP,35194,"Mestre Carceller, Vicente",2026-08-19T10:16:28+00:00
0,United States,USA,15855,"Meth, Byron",2026-08-19T10:16:28+00:00
0,United States,USA,16289,"Metzger, Andre",2026-08-19T10:16:28+00:00
0,Belgium,BEL,28803,"Meyer De Beco, James",2026-08-19T10:16:28+00:00
0,South Africa,RSA,19532,"Meyer, Breyten",2026-08-19T10:16:28+00:00
0,United States,USA,23606,"Meyer, Dylan",2026-08-19T10:16:28+00:00
0,Germany,GER,23877,"Meyer, Velten",2026-08-19T10:16:28+00:00
0,South Africa,RSA,14397,"Michael, Anthony",2026-08-19T10:16:28+00:00
0,United States,USA,4377,"Micheel, Shaun",2026-08-19T10:16:28+00:00
0,Australia,AUS,19391,"Michel, Kyle",2026-08-19T10:16:28+00:00
1,Australia,AUS,22957,"Michel, Lukas",2026-08-19T10:16:28+00:00
0,Australia,AUS,19224,"Micheluzzi, David",2026-08-19T10:16:28+00:00
0,Italy,ITA,25656,"Michetti, Flavio",2026-08-19T10:16:28+00:00
1,United States,USA,35693,"Mickelson, Caden",2026-08-19T10:16:28+00:00
0,United States,USA,1547,"Mickelson, Phil",2026-08-19T10:16:28+00:00
0,United States,USA,14798,"Miernicki, Daniel",2026-08-19T10:16:28+00:00
0,Italy,ITA,17357,"Migliozzi, Guido",2026-08-19T10:16:28+00:00
1,Argentina,ARG,33197,"Mihaich, Leandro",2026-08-19T10:16:28+00:00
0,Australia,AUS,7449,"Millar, Matthew",2026-08-19T10:16:28+00:00
0,United States,USA,17567,"Millard, Jason",2026-08-19T10:16:28+00:00
0,United States,USA,17568,"Miller, Brad",2026-08-19T10:16:28+00:00
0,United States,USA,17902,"Miller, Michael",2026-08-19T10:16:28+00:00
0,Netherlands,NED,6953,"Miller, Ralph",2026-08-19T10:16:28+00:00
0,United States,USA,27672,"Miller, Ross",2026-08-19T10:16:28+00:00
0,United States,USA,16099,"Mills, Corbin",2026-08-19T10:16:28+00:00
0,South Africa,RSA,22008,"Minnie, Sentanio",2026-08-19T10:16:28+00:00
0,Ecuador,ECU,19006,"Miranda, Jose Andres",2026-08-19T10:16:28+00:00
1,Spain,ESP,29005,"Miron, Viktor",2026-08-19T10:16:28+00:00
1,India,IND,33189,"Mishra, Anshul",2026-08-19T10:16:28+00:00
0,United States,USA,17365,"Mitchell, Keith",2026-08-19T10:16:28+00:00
0,South Africa,RSA,24344,"Mitchell, Malcolm",2026-08-19T10:16:28+00:00
0,United States,USA,17366,"Mitchell, T.J.",2026-08-19T10:16:28+00:00
0,United States,USA,7865,"Mitchum, Kelly",2026-08-19T10:16:28+00:00
0,Belgium,BEL,11198,"Mivis, Christopher",2026-08-19T10:16:28+00:00
0,Japan,JPN,7031,"Miyazato, Yusaku",2026-08-19T10:16:28+00:00
0,United States,USA,139,"Mize, Larry",2026-08-19T10:16:28+00:00
0,Japan,JPN,15143,"Mizuno, Shinichi",2026-08-19T10:16:28+00:00
0,Norway,NOR,27717,"Mjaaseth, Michael",2026-08-19T10:16:28+00:00
1,United States,USA,33079,"Modleski, Jacob",2026-08-19T10:16:28+00:00
0,United States,USA,33441,"Moffitt, Jake",2026-08-19T10:16:28+00:00
0,South Africa,RSA,24633,"Mogapi, Terence",2026-08-19T10:16:28+00:00
0,Bahrain,BRN,30481,"Mohamed, Khalifa",2026-08-19T10:16:28+00:00
0,South Africa,RSA,21204,"Mokoena, Karabo",2026-08-19T10:16:28+00:00
0,United States,USA,29769,"Moldovan, Maxwell",2026-08-19T10:16:28+00:00
0,Italy,ITA,7033,"Molinari, Edoardo",2026-08-19T10:16:28+00:00
0,Italy,ITA,7655,"Molinari, Francesco",2026-08-19T10:16:28+00:00
0,United States,USA,32313,"Moll, William",2026-08-19T10:16:28+00:00
0,United States,USA,21895,"Monagle, Colin",2026-08-19T10:16:28+00:00
0,Ecuador,ECU,19007,"Moncayo, Juan",2026-08-19T10:16:28+00:00
0,Argentina,ARG,19300,"Montenegro, Jesus",2026-08-19T10:16:28+00:00
0,Argentina,ARG,18122,"Montenegro, Marcos",2026-08-19T10:16:28+00:00
0,Scotland,SCO,741,"Montgomerie, Colin",2026-08-19T10:16:28+00:00
0,United States,USA,25442,"Montgomery, Taylor",2026-08-19T10:16:28+00:00
1,Spain,ESP,31737,"Montojo, Jaime",2026-08-19T10:16:28+00:00
0,South Africa,RSA,15995,"Moolman, Pieter",2026-08-19T10:16:28+00:00
0,Korea - Republic of,KOR,13836,"Moon, Kyongjun",2026-08-19T10:16:28+00:00
0,England,ENG,21854,"Moore, Bradley",2026-08-19T10:16:28+00:00
0,Zambia,ZAM,15824,"Moore, Dayne",2026-08-19T10:16:28+00:00
0,United States,USA,7489,"Moore, Ryan",2026-08-19T10:16:28+00:00
0,United States,USA,21944,"Moore, Taylor",2026-08-19T10:16:28+00:00
0,South Africa,RSA,6312,"Moore, Titch",2026-08-19T10:16:28+00:00
0,Spain,ESP,29938,"Morales, Alvaro",2026-08-19T10:16:28+00:00
1,Puerto Rico,PUR,14455,"Morales, Erick",2026-08-19T10:16:28+00:00
0,Mexico,MEX,30891,"Morales, Omar",2026-08-19T10:16:28+00:00
0,Ireland,IRL,28673,"Moran, Robert",2026-08-19T10:16:28+00:00
0,Australia,AUS,22738,"Morgan, Jediah",2026-08-19T10:16:28+00:00
0,United States,USA,33948,"Morgan, Luke",2026-08-19T10:16:28+00:00
0,England,ENG,25977,"Morgan, Zak",2026-08-19T10:16:28+00:00
0,Chile,CHI,20921,"Morgan-Birke, Gabriel",2026-08-19T10:16:28+00:00
0,Ireland,IRL,8163,"Moriarty, Colm",2026-08-19T10:16:28+00:00
0,United States,USA,22085,"Morikawa, Collin",2026-08-19T10:16:28+00:00
0,United States,USA,7836,"Morin, Alan",2026-08-19T10:16:28+00:00
0,Bermuda,BER,29024,"Morris, Brian",2026-08-19T10:16:28+00:00
0,England,ENG,11061,"Morrison, James",2026-08-19T10:16:28+00:00
0,Scotland,SCO,21593,"Morrison, Robbie",2026-08-19T10:16:28+00:00
0,United States,USA,32593,"Morrison, Tommy",2026-08-19T10:16:28+00:00
0,France,FRA,25089,"Mory, Felix",2026-08-19T10:16:28+00:00
0,Spain,ESP,27815,"Moscatel, Joel",2026-08-19T10:16:28+00:00
0,United States,USA,33712,"Moss, Sebastian",2026-08-19T10:16:28+00:00
0,South Africa,RSA,24635,"Mostert, Dylan",2026-08-19T10:16:28+00:00
1,Japan,JPN,26781,"Moto, Taishi",2026-08-19T10:16:28+00:00
1,Panama,PAN,34883,"Motta, Juan Pablo",2026-08-19T10:16:28+00:00
0,New Zealand,NZL,24285,"Mountcastle, Kerry",2026-08-19T10:16:28+00:00
0,United States,USA,29770,"Mouw, William",2026-08-19T10:16:28+00:00
0,South Africa,RSA,18153,"Mowat, Callum",2026-08-19T10:16:28+00:00
0,Ireland,IRL,17585,"Moynihan, Gavin",2026-08-19T10:16:28+00:00
0,Czech Republic,CZE,14883,"Mruzek, Filip",2026-08-19T10:16:28+00:00
0,Bahrain,BRN,31826,"Mubarak, Fahad",2026-08-19T10:16:28+00:00
0,Kenya,KEN,24519,"Mudanyi, Edwin",2026-08-19T10:16:28+00:00
0,United States,USA,10622,"Mueller, Jesse",2026-08-19T10:16:28+00:00
0,United States,USA,22045,"Mueller, Kyle",2026-08-19T10:16:28+00:00
1,Spain,ESP,27721,"Mueller-Baumgart, Alvaro",2026-08-19T10:16:28+00:00
0,New Zealand,NZL,15890,"Muir, Kieran",2026-08-19T10:16:28+00:00
0,United States,USA,35691,"Muldowney, Shane",2026-08-19T10:16:28+00:00
1,England,ENG,30942,"Mullane, Sam",2026-08-19T10:16:28+00:00
0,Australia,AUS,16967,"Mullaney, Jordan",2026-08-19T10:16:28+00:00
0,Ireland,IRL,25476,"Mullarney, Ronan",2026-08-19T10:16:28+00:00
0,United States,USA,18761,"Mullinax, Trey",2026-08-19T10:16:28+00:00
0,South Africa,RSA,8065,"Mulroy, Garth",2026-08-19T10:16:28+00:00
0,Korea - Republic of,KOR,17386,"Mun, Doyeob",2026-08-19T10:16:28+00:00
0,United States,USA,28589,"Munch, Winton",2026-08-19T10:16:28+00:00
0,Colombia,COL,20770,"Munoz, Sebastian",2026-08-19T10:16:28+00:00
0,Australia,AUS,17601,"Munro, Jack",2026-08-19T10:16:28+00:00
0,Australia,AUS,22958,"Murdoch, Jack",2026-08-19T10:16:28+00:00
0,Ireland,IRL,23413,"Murphy, John",2026-08-19T10:16:28+00:00
0,United States,USA,33680,"Murphy, Mac",2026-08-19T10:16:28+00:00
0,Ireland,IRL,6906,"Murphy, Mark",2026-08-19T10:16:28+00:00
0,United States,USA,30404,"Murphy, Sam",2026-08-19T10:16:28+00:00
0,United States,USA,14655,"Murray, Grayson",2026-08-19T10:16:28+00:00
0,England,ENG,17077,"Murray, Tom",2026-08-19T10:16:28+00:00
0,Australia,AUS,18155,"Murray, Zach",2026-08-19T10:16:28+00:00
0,United States,USA,25318,"Musselman, Cooper",2026-08-19T10:16:28+00:00
0,Zambia,ZAM,11035,"Muthiya, Madalitso",2026-08-19T10:16:28+00:00
0,United States,USA,17744,"Muttitt, David",2026-08-19T10:16:28+00:00
0,South Africa,RSA,22162,"Mwandla, Siyanda",2026-08-19T10:16:28+00:00
0,United States,USA,7452,"Na, Kevin",2026-08-19T10:16:28+00:00
0,Switzerland,SUI,31561,"Naas, Loic",2026-08-19T10:16:28+00:00
0,Japan,JPN,16464,"Nabetani, Taichi",2026-08-19T10:16:28+00:00
0,Australia,AUS,32734,"Nadimpalli, Siddharth",2026-08-19T10:16:28+00:00
0,United States,USA,17345,"Naegel, Chris",2026-08-19T10:16:28+00:00
0,Japan,JPN,17712,"Nagai, Gen",2026-08-19T10:16:28+00:00
0,Japan,JPN,10523,"Nagano, Ryutaro",2026-08-19T10:16:28+00:00
0,Japan,JPN,27093,"Nagano, Taiga",2026-08-19T10:16:28+00:00
1,Japan,JPN,32081,"Nagasaki, Taisei",2026-08-19T10:16:28+00:00
0,United States,USA,14008,"Nagy, Matt",2026-08-19T10:16:28+00:00
0,South Africa,RSA,19429,"Naidoo, Dylan",2026-08-19T10:16:28+00:00
0,Japan,JPN,15735,"Nakai, Kento",2026-08-19T10:16:28+00:00
0,Japan,JPN,21074,"Nakajima, Keita",2026-08-19T10:16:28+00:00
0,Japan,JPN,12290,"Nakajima, Toru",2026-08-19T10:16:28+00:00
0,Japan,JPN,11089,"Nakanishi, Naoto",2026-08-19T10:16:28+00:00
0,Japan,JPN,28937,"Nakano, Rintaro",2026-08-19T10:16:28+00:00
0,China,CHN,24459,"Nan, Chenyou",2026-08-19T10:16:28+00:00
0,Kenya,KEN,19513,"Nandwa, Alfred",2026-08-19T10:16:28+00:00
0,United States,USA,33257,"Napier, Tanner",2026-08-19T10:16:28+00:00
0,Ecuador,ECU,25024,"Naula, Renato",2026-08-19T10:16:28+00:00
0,Kenya,KEN,18243,"Nduva, Daniel",2026-08-19T10:16:28+00:00
0,South Africa,RSA,7076,"Ndwandwe, Lindani",2026-08-19T10:16:28+00:00
0,United States,USA,16433,"NeSmith, Matt",2026-08-19T10:16:28+00:00
0,Denmark,DEN,23841,"Neergaard-Petersen, Rasmus",2026-08-19T10:16:28+00:00
0,Scotland,SCO,18737,"Neil, Bradley",2026-08-19T10:16:28+00:00
0,South Africa,RSA,21200,"Nel, Andre",2026-08-19T10:16:28+00:00
0,South Africa,RSA,9882,"Nel, Colin",2026-08-19T10:16:28+00:00
0,South Africa,RSA,23528,"Nel, Therion",2026-08-19T10:16:28+00:00
0,Austria,AUT,13089,"Nemecz, Lukas",2026-08-19T10:16:28+00:00
0,Canada,CAN,16492,"Nesbitt, Drew",2026-08-19T10:16:28+00:00
0,South Africa,RSA,13730,"Nethunzwi, Musiwalo",2026-08-19T10:16:28+00:00
1,United States,USA,29602,"Neuheisel, Joe",2026-08-19T10:16:28+00:00
0,Austria,AUT,14678,"Neumayer, Bernard",2026-08-19T10:16:28+00:00
0,United States,USA,16311,"Newcomb, Patrick",2026-08-19T10:16:28+00:00
1,South Africa,RSA,33256,"Newman, Bryan",2026-08-19T10:16:28+00:00
0,United States,USA,29502,"Newman, Dylan",2026-08-19T10:16:28+00:00
0,United States,USA,35063,"Ng, Ethan",2026-08-19T10:16:28+00:00
0,South Africa,RSA,24639,"Ngcobo, Thabiso",2026-08-19T10:16:28+00:00
0,United States,USA,27598,"Nicholas, James",2026-08-19T10:16:28+00:00
0,Puerto Rico,PUR,23094,"Nido, Chris",2026-08-19T10:16:28+00:00
0,United States,USA,18284,"Niebrugge, Jordan",2026-08-19T10:16:28+00:00
0,Chile,CHI,18079,"Niemann, Joaquin",2026-08-19T10:16:28+00:00
0,South Africa,RSA,25889,"Nienaber, Wilco",2026-08-19T10:16:28+00:00
1,United States,USA,28078,"Nieves, Roberto",2026-08-19T10:16:28+00:00
0,United States,USA,32562,"Nikitas, Charlie",2026-08-19T10:16:28+00:00
0,Sweden,SWE,18515,"Nilehn, Fredrik",2026-08-19T10:16:28+00:00
0,United States,USA,26013,"Nimmer, Bryson",2026-08-19T10:16:28+00:00
0,Australia,AUS,11823,"Nisbet, Daniel",2026-08-19T10:16:28+00:00
0,Japan,JPN,19058,"Nishiwaki, Mark",2026-08-19T10:16:28+00:00
0,Kenya,KEN,26793,"Njogu, Simon",2026-08-19T10:16:28+00:00
0,Kenya,KEN,26794,"Njoroge, Samuel",2026-08-19T10:16:28+00:00
0,Kenya,KEN,28132,"Njuguna, Paul Musangi",2026-08-19T10:16:28+00:00
0,Italy,ITA,28185,"Nodari, Alessandro",2026-08-19T10:16:28+00:00
0,Korea - Republic of,KOR,11117,"Noh, S.Y.",2026-08-19T10:16:28+00:00
0,Ireland,IRL,31395,"Nolan, Liam",2026-08-19T10:16:28+00:00
0,Sweden,SWE,28283,"Nordwall, Viktor",2026-08-19T10:16:28+00:00
0,Sweden,SWE,10419,"Noren, Alex",2026-08-19T10:16:28+00:00
0,Denmark,DEN,15676,"Norgaard, Niklas",2026-08-19T10:16:28+00:00
0,Sweden,SWE,11657,"Norlander, Henrik",2026-08-19T10:16:28+00:00
0,Australia,AUS,5769,"Norris, Jason",2026-08-19T10:16:28+00:00
0,South Africa,RSA,7677,"Norris, Shaun",2026-08-19T10:16:28+00:00
0,Sweden,SWE,22535,"Norrman, Vincent",2026-08-19T10:16:28+00:00
0,South Africa,RSA,15179,"Nortje, Riekus",2026-08-19T10:16:28+00:00
1,United States,USA,26648,"Norton, Noah",2026-08-19T10:16:28+00:00
1,Switzerland,SUI,33517,"Notteboom, Kai",2026-08-19T10:16:28+00:00
0,United States,USA,31119,"Nottingham, William",2026-08-19T10:16:28+00:00
0,United States,USA,23475,"Novak, Andrew",2026-08-19T10:16:28+00:00
0,Rwanda,RWA,29534,"Nsazuwera, Celestin",2026-08-19T10:16:28+00:00
0,Argentina,ARG,16796,"Nunez, Augusto",2026-08-19T10:16:28+00:00
0,Sweden,SWE,23622,"Nyfjall, David",2026-08-19T10:16:28+00:00
0,Sweden,SWE,25475,"Nyholm, Pontus",2026-08-19T10:16:28+00:00
0,Ireland,IRL,17820,"O'Briain, Neil",2026-08-19T10:16:28+00:00
0,Ireland,IRL,28674,"O'Brien, Eoin",2026-08-19T10:16:28+00:00
0,Australia,AUS,30717,"O'Donovan, Declan",2026-08-19T10:16:28+00:00
0,Ireland,IRL,20690,"O'Donovan, Richard",2026-08-19T10:16:28+00:00
0,United States,USA,7626,"O'Hair, Sean",2026-08-19T10:16:28+00:00
0,Scotland,SCO,23707,"O'Hara, Paul",2026-08-19T10:16:28+00:00
0,Australia,AUS,6100,"O'Hern, Nick",2026-08-19T10:16:28+00:00
0,South Africa,RSA,26477,"O'Kennedy, Hennie",2026-08-19T10:16:28+00:00
0,United States,USA,31422,"O'Leary, Andrew",2026-08-19T10:16:28+00:00
0,United States,USA,12254,"O'Leary, John",2026-08-19T10:16:28+00:00
0,England,ENG,25249,"O'Loughlin, Daniel",2026-08-19T10:16:28+00:00
0,Australia,AUS,660,"O'Malley, Peter",2026-08-19T10:16:28+00:00
0,United States,USA,9890,"O'Neal, Timothy",2026-08-19T10:16:28+00:00
0,Australia,AUS,16968,"O'Reilly, Callan",2026-08-19T10:16:28+00:00
0,Ireland,IRL,22634,"O'Rourke, Conor",2026-08-19T10:16:28+00:00
0,England,ENG,25978,"Oakley, Jacob",2026-08-19T10:16:28+00:00
0,United States,USA,29503,"Oakley, Zac",2026-08-19T10:16:28+00:00
0,United States,USA,30078,"Obecny II, Thadd",2026-08-19T10:16:28+00:00
0,Kenya,KEN,19514,"Obura, Ooko Erick",2026-08-19T10:16:28+00:00
0,United States,USA,15953,"Oda, John",2026-08-19T10:16:28+00:00
0,Japan,JPN,7940,"Oda, Koumei",2026-08-19T10:16:28+00:00
1,Kenya,KEN,33199,"Odek, William",2026-08-19T10:16:28+00:00
0,Nigeria,NGR,9893,"Odoh, Andrew",2026-08-19T10:16:28+00:00
0,United States,USA,28590,"Odom, Jr., Gregory",2026-08-19T10:16:28+00:00
0,Australia,AUS,5698,"Ogilvy, Geoff",2026-08-19T10:16:28+00:00
0,Japan,JPN,18382,"Ogiso, Takashi",2026-08-19T10:16:28+00:00
0,United States,USA,27597,"Ogletree, Andy",2026-08-19T10:16:28+00:00
0,United States,USA,29087,"Ohr, Brian",2026-08-19T10:16:28+00:00
0,Japan,JPN,20761,"Oiwa, Ryuichi",2026-08-19T10:16:28+00:00
0,Korea - Republic of,KOR,21072,"Ok, Taehoon",2026-08-19T10:16:28+00:00
0,Japan,JPN,27331,"Okada, Kohei",2026-08-19T10:16:28+00:00
0,United States,USA,19354,"Okamura, Garrett",2026-08-19T10:16:28+00:00
0,Kenya,KEN,6572,"Okello, Jacob",2026-08-19T10:16:28+00:00
0,United States,USA,26339,"Oland, Derek",2026-08-19T10:16:28+00:00
0,Spain,ESP,3485,"Olazabal, Jose Maria",2026-08-19T10:16:28+00:00
0,Denmark,DEN,25611,"Olesen, Jacob Skov",2026-08-19T10:16:28+00:00
0,Denmark,DEN,13412,"Olesen, Thorbjorn",2026-08-19T10:16:28+00:00
1,Argentina,ARG,33356,"Oliva Pinto, Segundo",2026-08-19T10:16:28+00:00
1,Dominican Republic,DOM,16878,"Olivares, Marcel",2026-08-19T10:16:28+00:00
0,Portugal,POR,26611,"Oliveira, Francisco",2026-08-19T10:16:28+00:00
0,South Africa,RSA,29790,"Olivier, Willie",2026-08-19T10:16:28+00:00
0,United States,USA,15117,"Olson, Eddie",2026-08-19T10:16:28+00:00
0,Kenya,KEN,16096,"Omondi, Mathew",2026-08-19T10:16:28+00:00
0,Japan,JPN,25263,"Onishi, Kaito",2026-08-19T10:16:28+00:00
1,Japan,JPN,27868,"Ono, Taisuke",2026-08-19T10:16:28+00:00
0,South Africa,RSA,7672,"Oosthuizen, Louis",2026-08-19T10:16:28+00:00
0,United States,USA,8002,"Oppenheim, Rob",2026-08-19T10:16:28+00:00
1,Panama,PAN,7415,"Ordonez, Miguel",2026-08-19T10:16:28+00:00
0,United States,USA,29829,"Organisak, Matt",2026-08-19T10:16:28+00:00
0,Spain,ESP,10248,"Oriol, Pedro",2026-08-19T10:16:28+00:00
0,United States,USA,16137,"Ormand, Robby",2026-08-19T10:16:28+00:00
1,United States,USA,35389,"Ormond, Jackson",2026-08-19T10:16:28+00:00
0,Australia,AUS,7532,"Ormsby, Wade",2026-08-19T10:16:28+00:00
0,England,ENG,17903,"Orrin, Max",2026-08-19T10:16:28+00:00
0,Mexico,MEX,26190,"Ortiz, Alvaro",2026-08-19T10:16:28+00:00
0,Mexico,MEX,14735,"Ortiz, Carlos",2026-08-19T10:16:28+00:00
0,Italy,ITA,20845,"Ortolani, Michele",2026-08-19T10:16:28+00:00
0,United States,USA,12848,"Osborn, Garrett",2026-08-19T10:16:28+00:00
0,United States,USA,26912,"Osborne, Ollie",2026-08-19T10:16:28+00:00
0,United States,USA,25032,"Oshrine, Matt",2026-08-19T10:16:28+00:00
1,United States,USA,24339,"Ota, Tyler",2026-08-19T10:16:28+00:00
0,United Arab Emirates,UAE,14975,"Otaegui, Adrian",2026-08-19T10:16:28+00:00
0,Spain,ESP,23241,"Otaegui, Javier",2026-08-19T10:16:28+00:00
0,Japan,JPN,12377,"Otsuki, Tomoharu",2026-08-19T10:16:28+00:00
0,United States,USA,32559,"Ott, AJ",2026-08-19T10:16:28+00:00
0,United States,USA,29922,"Ott, Harrison",2026-08-19T10:16:28+00:00
0,South Africa,RSA,5942,"Otto, Hennie",2026-08-19T10:16:28+00:00
0,United States,USA,25133,"Overstreet, Mason",2026-08-19T10:16:28+00:00
0,United States,USA,10498,"Overton, Jeff",2026-08-19T10:16:28+00:00
0,Denmark,DEN,19847,"Ovesen, Martin",2026-08-19T10:16:28+00:00
1,United States,USA,29303,"Owens, Boyd",2026-08-19T10:16:28+00:00
0,Japan,JPN,20957,"Ozeki, Kakeru",2026-08-19T10:16:28+00:00
0,New Zealand,NZL,6397,"Paddison, Gareth",2026-08-19T10:16:28+00:00
0,United States,USA,18787,"Paez, Nicolas",2026-08-19T10:16:28+00:00
0,England,ENG,34270,"Pagdin, Joseph",2026-08-19T10:16:28+00:00
0,United States,USA,23476,"Page, Carter",2026-08-19T10:16:28+00:00
0,Australia,AUS,24370,"Page, Nathan",2026-08-19T10:16:28+00:00
0,Philippines,PHI,8615,"Pagunsan, Juvic",2026-08-19T10:16:28+00:00
0,England,ENG,14844,"Paisley, Chris",2026-08-19T10:16:28+00:00
0,United States,USA,27820,"Pak, John",2026-08-19T10:16:28+00:00
1,Bermuda,BER,29025,"Palanyandi, Damian",2026-08-19T10:16:28+00:00
0,England,ENG,27660,"Palmer, Andrew",2026-08-19T10:16:28+00:00
0,South Africa,RSA,21201,"Palmer, Michael G",2026-08-19T10:16:28+00:00
0,United States,USA,7820,"Palmer, Ryan",2026-08-19T10:16:28+00:00
0,United States,USA,25863,"Palonis, Rick",2026-08-19T10:16:28+00:00
0,Sweden,SWE,20871,"Palson, Felix",2026-08-19T10:16:28+00:00
0,Australia,AUS,5668,"Pampling, Rod",2026-08-19T10:16:28+00:00
0,Chinese Taipei,TPE,15475,"Pan, C.T.",2026-08-19T10:16:28+00:00
0,China,CHN,26108,"Pang, Ming",2026-08-19T10:16:28+00:00
0,United States,USA,17638,"Paolini, Brinson",2026-08-19T10:16:28+00:00
0,United States,USA,15207,"Paolucci, Anthony",2026-08-19T10:16:28+00:00
0,Australia,AUS,15168,"Papadatos, Dimitrios",2026-08-19T10:16:28+00:00
0,Canada,CAN,25567,"Papineau, Etienne",2026-08-19T10:16:28+00:00
0,United States,USA,35692,"Paradise, Jimmy",2026-08-19T10:16:28+00:00
0,Italy,ITA,16549,"Paratore, Renato",2026-08-19T10:16:28+00:00
0,India,IND,26137,"Parikh, Varun",2026-08-19T10:16:28+00:00
0,Korea - Republic of,KOR,13221,"Park, Eunshin",2026-08-19T10:16:28+00:00
0,United States,USA,34709,"Park, Hogan",2026-08-19T10:16:28+00:00
0,Korea - Republic of,KOR,30873,"Park, Hyunseo",2026-08-19T10:16:28+00:00
0,Korea - Republic of,KOR,24740,"Park, Sangha",2026-08-19T10:16:28+00:00
0,Korea - Republic of,KOR,10086,"Park, Sanghyun",2026-08-19T10:16:28+00:00
0,Korea - Republic of,KOR,15550,"Park, Sungkug",2026-08-19T10:16:28+00:00
0,United States,USA,22046,"Parker, Chase",2026-08-19T10:16:28+00:00
0,England,ENG,13764,"Parry, John",2026-08-19T10:16:28+00:00
0,Spain,ESP,15806,"Pastor, Jacobo",2026-08-19T10:16:28+00:00
0,Spain,ESP,24133,"Pastor, Victor",2026-08-19T10:16:28+00:00
0,United States,USA,19593,"Pastore, David",2026-08-19T10:16:28+00:00
0,United States,USA,16107,"Patel, Bhavik",2026-08-19T10:16:28+00:00
0,Scotland,SCO,31522,"Paterson, John",2026-08-19T10:16:28+00:00
0,United States,USA,33679,"Patton, Colby",2026-08-19T10:16:28+00:00
0,Germany,GER,22087,"Paul, Jeremy",2026-08-19T10:16:28+00:00
0,Germany,GER,19898,"Paul, Yannik",2026-08-19T10:16:28+00:00
0,Italy,ITA,12177,"Pavan, Andrea",2026-08-19T10:16:28+00:00
0,United States,USA,159,"Pavin, Corey",2026-08-19T10:16:28+00:00
0,France,FRA,19960,"Pavon, Matthieu",2026-08-19T10:16:28+00:00
0,Czech Republic,CZE,19716,"Pavoucek, Dominik",2026-08-19T10:16:28+00:00
1,South Africa,RSA,32475,"Paxton, Sean",2026-08-19T10:16:28+00:00
0,United States,USA,33952,"Peacock, Jake",2026-08-19T10:16:28+00:00
0,Australia,AUS,15169,"Peake, Ryan",2026-08-19T10:16:28+00:00
0,United States,USA,18540,"Peaper, Brant",2026-08-19T10:16:28+00:00
0,Australia,AUS,18095,"Pearce, Michael",2026-08-19T10:16:28+00:00
0,United States,USA,28310,"Pearce, Shane",2026-08-19T10:16:28+00:00
0,United States,USA,28325,"Pearce, Tim",2026-08-19T10:16:28+00:00
0,South Africa,RSA,31321,"Pedro, Lyle",2026-08-19T10:16:28+00:00
0,Mauritius,MRI,25886,"Pellegrin, Pierre",2026-08-19T10:16:28+00:00
1,Puerto Rico,PUR,31959,"Pena, Evan",2026-08-19T10:16:28+00:00
1,Dominican Republic,DOM,16881,"Pena, Rhadames",2026-08-19T10:16:28+00:00
1,France,FRA,25326,"Pendaries, Adrien",2026-08-19T10:16:28+00:00
0,Canada,CAN,17780,"Pendrith, Taylor",2026-08-19T10:16:28+00:00
0,China,CHN,22156,"Peng, Bo",2026-08-19T10:16:28+00:00
0,England,ENG,22465,"Penge, Marco",2026-08-19T10:16:28+00:00
0,Swaziland,SWZ,24641,"Pennington, James",2026-08-19T10:16:28+00:00
0,South Africa,RSA,25530,"Pepler, Gerhard",2026-08-19T10:16:28+00:00
0,England,ENG,15113,"Pepperell, Eddie",2026-08-19T10:16:28+00:00
0,Australia,AUS,5874,"Percy, Cameron",2026-08-19T10:16:28+00:00
0,Mexico,MEX,19620,"Pereda, Raul",2026-08-19T10:16:28+00:00
0,United States,USA,19955,"Pereira, Corey",2026-08-19T10:16:28+00:00
0,Chile,CHI,19455,"Pereira, Mito",2026-08-19T10:16:28+00:00
0,Sri Lanka,SRI,14261,"Perera, Mithun",2026-08-19T10:16:28+00:00
1,Mexico,MEX,35633,"Perez, Francisco",2026-08-19T10:16:28+00:00
0,United States,USA,6762,"Perez, Pat",2026-08-19T10:16:28+00:00
0,France,FRA,20730,"Perez, Victor",2026-08-19T10:16:28+00:00
0,Peru,PER,22812,"Perico, Julian",2026-08-19T10:16:28+00:00
0,United States,USA,28587,"Perkins, David",2026-08-19T10:16:28+00:00
0,France,FRA,12661,"Perrier, Damien",2026-08-19T10:16:28+00:00
0,Italy,ITA,27915,"Perrino, Tommaso",2026-08-19T10:16:28+00:00
0,United States,USA,27483,"Perritt, David",2026-08-19T10:16:28+00:00
0,Australia,AUS,17066,"Perry, Dylan",2026-08-19T10:16:28+00:00
0,United States,USA,8263,"Perry, Rod",2026-08-19T10:16:28+00:00
0,United States,USA,25391,"Petefish, Christopher",2026-08-19T10:16:28+00:00
0,South Africa,RSA,10883,"Petersen, Derick",2026-08-19T10:16:28+00:00
0,United States,USA,16341,"Peterson, Paul",2026-08-19T10:16:28+00:00
0,Sweden,SWE,23029,"Petersson, Robin",2026-08-19T10:16:28+00:00
0,United States,USA,29915,"Petronzio, Nathan",2026-08-19T10:16:28+00:00
0,Sweden,SWE,7048,"Pettersson, Carl",2026-08-19T10:16:28+00:00
0,United States,USA,28571,"Pettit, Turk",2026-08-19T10:16:28+00:00
0,Iceland,ISL,22347,"Petursson, Bjarki",2026-08-19T10:16:28+00:00
1,Australia,AUS,29298,"Phillips, Blake",2026-08-19T10:16:28+00:00
0,United States,USA,27164,"Phillips, Chandler",2026-08-19T10:16:28+00:00
0,United States,USA,32184,"Phillips, Tracy",2026-08-19T10:16:28+00:00
0,United States,USA,26913,"Phillips, Trent",2026-08-19T10:16:28+00:00
0,United States,USA,27965,"Phipps, Anthony",2026-08-19T10:16:28+00:00
0,Thailand,THA,29335,"Piamkulvanich, Ashita",2026-08-19T10:16:28+00:00
0,United States,USA,23479,"Picanso, Matthew",2026-08-19T10:16:28+00:00
0,Australia,AUS,25857,"Pickin, Jye",2026-08-19T10:16:28+00:00
0,United States,USA,28135,"Pierce, Brandon",2026-08-19T10:16:28+00:00
0,United States,USA,7899,"Piercy, Scott",2026-08-19T10:16:28+00:00
0,Belgium,BEL,13944,"Pieters, Thomas",2026-08-19T10:16:28+00:00
0,Spain,ESP,13885,"Pigem, Carlos",2026-08-19T10:16:28+00:00
0,United States,USA,22916,"Pigman, Kenny",2026-08-19T10:16:28+00:00
0,Australia,AUS,10828,"Pike, Aaron",2026-08-19T10:16:28+00:00
0,Australia,AUS,6334,"Pilkadaris, Terry",2026-08-19T10:16:28+00:00
0,Wales,WAL,6285,"Pilkington, Mark",2026-08-19T10:16:28+00:00
0,United States,USA,13760,"Piller, Martin",2026-08-19T10:16:28+00:00
0,France,FRA,20900,"Pineau, Pierre",2026-08-19T10:16:28+00:00
0,United States,USA,29230,"Piot, James",2026-08-19T10:16:28+00:00
0,South Africa,RSA,10791,"Pistorius, Albert",2026-08-19T10:16:28+00:00
0,England,ENG,22499,"Plant, Alfie",2026-08-19T10:16:28+00:00
0,Canada,CAN,30053,"Plasse, Marc-Olivier",2026-08-19T10:16:28+00:00
0,England,ENG,26984,"Plumb, Thomas",2026-08-19T10:16:28+00:00
0,United States,USA,29716,"Plunkett, Marcus",2026-08-19T10:16:28+00:00
0,United States,USA,32390,"Pockels, Patrick",2026-08-19T10:16:28+00:00
0,United States,USA,6761,"Points, D.A.",2026-08-19T10:16:28+00:00
0,Denmark,DEN,20244,"Poke, Benjamin",2026-08-19T10:16:28+00:00
0,United States,USA,31118,"Polender, Connor",2026-08-19T10:16:28+00:00
0,United States,USA,20344,"Polland, Ben",2026-08-19T10:16:28+00:00
0,United States,USA,33763,"Pollo, Zachery",2026-08-19T10:16:28+00:00
0,United States,USA,32456,"Ponder, Thomas",2026-08-19T10:16:28+00:00
0,United States,USA,27601,"Ponich, Cole",2026-08-19T10:16:28+00:00
1,Italy,ITA,28493,"Ponzano, Filippo",2026-08-19T10:16:28+00:00
0,South Africa,RSA,23529,"Poonan, Adriel",2026-08-19T10:16:28+00:00
0,United States,USA,14127,"Pope, Andy",2026-08-19T10:16:28+00:00
1,United States,USA,29190,"Pope, Cayden",2026-08-19T10:16:28+00:00
1,England,ENG,30568,"Popert, Kipp",2026-08-19T10:16:28+00:00
0,England,ENG,25587,"Poppleton, Nicholas",2026-08-19T10:16:28+00:00
0,Netherlands,NED,24417,"Porsius, Davey",2026-08-19T10:16:28+00:00
0,England,ENG,16400,"Porteous, Garrick",2026-08-19T10:16:28+00:00
0,South Africa,RSA,15866,"Porteous, Haydn",2026-08-19T10:16:28+00:00
0,United States,USA,30654,"Porter, Charles",2026-08-19T10:16:28+00:00
0,Scotland,SCO,25101,"Porter, Will",2026-08-19T10:16:28+00:00
0,Czech Republic,CZE,14088,"Pospisil, Michal",2026-08-19T10:16:28+00:00
0,United States,USA,21554,"Poston, J.T.",2026-08-19T10:16:28+00:00
0,South Africa,RSA,27900,"Potgieter, Aldrich",2026-08-19T10:16:28+00:00
0,United States,USA,8769,"Potter Jr, Ted",2026-08-19T10:16:28+00:00
0,United States,USA,35424,"Potter, Luke",2026-08-19T10:16:28+00:00
0,England,ENG,1435,"Poulter, Ian",2026-08-19T10:16:28+00:00
0,Australia,AUS,18096,"Power Horan, Thomas",2026-08-19T10:16:28+00:00
0,Ireland,IRL,24050,"Power, Mark",2026-08-19T10:16:28+00:00
0,Ireland,IRL,10104,"Power, Seamus",2026-08-19T10:16:28+00:00
0,Thailand,THA,18236,"Prakongvech, Settee",2026-08-19T10:16:28+00:00
0,India,IND,21392,"Prasad, Arjun",2026-08-19T10:16:28+00:00
0,India,IND,17222,"Pratap Singh, Karan",2026-08-19T10:16:28+00:00
0,Thailand,THA,21231,"Prateeptienchai, Suteepat",2026-08-19T10:16:28+00:00
1,United States,USA,32327,"Prater, Colin",2026-08-19T10:16:28+00:00
0,South Africa,RSA,25890,"Premlall, Yurav",2026-08-19T10:16:28+00:00
0,United States,USA,35616,"Preston, Jansen",2026-08-19T10:16:28+00:00
0,United States,USA,35012,"Price, Alex",2026-08-19T10:16:28+00:00
0,Wales,WAL,4739,"Price, Phillip",2026-08-19T10:16:28+00:00
0,United States,USA,5467,"Pride, Dicky",2026-08-19T10:16:28+00:00
0,South Africa,RSA,18204,"Prinsloo, Jaco",2026-08-19T10:16:28+00:00
0,United States,USA,13274,"Proehl, Chad",2026-08-19T10:16:28+00:00
0,Argentina,ARG,26286,"Prone, Diego",2026-08-19T10:16:28+00:00
0,United States,USA,28650,"Proveaux, Caleb",2026-08-19T10:16:28+00:00
0,United States,USA,16229,"Proveaux, Cody",2026-08-19T10:16:28+00:00
0,United States,USA,35425,"Provence, Wyatt",2026-08-19T10:16:28+00:00
0,Australia,AUS,18157,"Proverbs, Blake",2026-08-19T10:16:28+00:00
0,United States,USA,12339,"Prugh, Alex",2026-08-19T10:16:28+00:00
1,United States,USA,33280,"Puebla, Giuseppe",2026-08-19T10:16:28+00:00
0,Spain,ESP,28984,"Puig, David",2026-08-19T10:16:28+00:00
1,Argentina,ARG,35013,"Pulcini, Mateo",2026-08-19T10:16:28+00:00
0,Finland,FIN,13139,"Pulkkanen, Tapio",2026-08-19T10:16:28+00:00
0,Dominican Republic,DOM,15903,"Pumarol, Willy",2026-08-19T10:16:28+00:00
0,United States,USA,30807,"Purcea, Anthony",2026-08-19T10:16:28+00:00
0,Ireland,IRL,25963,"Purcell, Conor",2026-08-19T10:16:28+00:00
0,South Africa,RSA,27954,"Purchase, Warwick",2026-08-19T10:16:28+00:00
0,United States,USA,5906,"Purdy, Ted",2026-08-19T10:16:28+00:00
0,Switzerland,SUI,24381,"Purshouse, Benjamin",2026-08-19T10:16:28+00:00
0,United States,USA,14704,"Putnam, Andrew",2026-08-19T10:16:28+00:00
0,England,ENG,5609,"Pyman, Iain",2026-08-19T10:16:28+00:00
0,United States,USA,26073,"Pyne, Casey",2026-08-19T10:16:28+00:00
0,China,CHN,31020,"Qiu, Yongqi",2026-08-19T10:16:28+00:00
0,China,CHN,31019,"Quan, Gang",2026-08-19T10:16:28+00:00
0,Australia,AUS,18900,"Quayle, Anthony",2026-08-19T10:16:28+00:00
0,France,FRA,9131,"Quesne, Julien",2026-08-19T10:16:28+00:00
0,Philippines,PHI,15981,"Quiban, Justin",2026-08-19T10:16:28+00:00
0,United States,USA,3650,"Quinn, Fran",2026-08-19T10:16:28+00:00
0,Colombia,COL,28482,"Quintero, Nicolas",2026-08-19T10:16:28+00:00
0,Spain,ESP,7886,"Quiros, Alvaro",2026-08-19T10:16:28+00:00
0,Spain,ESP,9808,"Quiros, Manuel",2026-08-19T10:16:28+00:00
0,United States,USA,28326,"Rada, Patrick",2026-08-19T10:16:28+00:00
0,United States,USA,24496,"Radcliff, Josh",2026-08-19T10:16:28+00:00
0,Australia,AUS,27457,"Radcliffe, Lloyd",2026-08-19T10:16:28+00:00
0,Montenegro,MNE,26298,"Radoicic, Aleksandar",2026-08-19T10:16:28+00:00
1,Ireland,IRL,28342,"Rafferty, Caolan",2026-08-19T10:16:28+00:00
0,Sweden,SWE,22622,"Rahm, Christofer",2026-08-19T10:16:28+00:00
0,Spain,ESP,19195,"Rahm, Jon",2026-08-19T10:16:28+00:00
0,Bangladesh,BAN,13766,"Rahman, Siddikur",2026-08-19T10:16:28+00:00
0,England,ENG,18554,"Rai, Aaron",2026-08-19T10:16:28+00:00
0,India,IND,19418,"Raj, Aman",2026-08-19T10:16:28+00:00
0,United States,USA,27599,"Ralston, Spencer",2026-08-19T10:16:28+00:00
0,South Africa,RSA,27758,"Rama, Nikhil",2026-08-19T10:16:28+00:00
0,United States,USA,19840,"Ramey, Chad",2026-08-19T10:16:28+00:00
0,United States,USA,25772,"Ramey, Kyle",2026-08-19T10:16:28+00:00
0,United States,USA,29917,"Ramirez, Caleb",2026-08-19T10:16:28+00:00
0,Colombia,COL,16997,"Ramirez, Ivan Camilo",2026-08-19T10:16:28+00:00
0,Scotland,SCO,11396,"Ramsay, Richie",2026-08-19T10:16:28+00:00
0,India,IND,5771,"Randhawa, Jyoti",2026-08-19T10:16:28+00:00
0,United States,USA,14837,"Randolph, Jonathan",2026-08-19T10:16:28+00:00
1,Puerto Rico,PUR,33279,"Rangel, Gustavo",2026-08-19T10:16:28+00:00
1,Canada,CAN,19946,"Rank, Garrett",2026-08-19T10:16:28+00:00
0,Australia,AUS,11820,"Rankin, Brett",2026-08-19T10:16:28+00:00
0,Morocco,MAR,23080,"Raouzi, Othman",2026-08-19T10:16:28+00:00
0,United States,USA,25083,"Rasmussen, Rhett",2026-08-19T10:16:28+00:00
0,France,FRA,23416,"Ravetto, David",2026-08-19T10:16:28+00:00
0,New Zealand,NZL,19412,"Rawson, Campbell",2026-08-19T10:16:28+00:00
0,United States,USA,28548,"Ray, Nolan",2026-08-19T10:16:28+00:00
0,United States,USA,7961,"Reavie, Chez",2026-08-19T10:16:28+00:00
0,United States,USA,28433,"Reband, Garett",2026-08-19T10:16:28+00:00
0,South Africa,RSA,22912,"Rebula, Jovan",2026-08-19T10:16:28+00:00
0,United States,USA,24481,"Redman, Doc",2026-08-19T10:16:28+00:00
0,South Africa,RSA,13705,"Redman, Jake",2026-08-19T10:16:28+00:00
0,United States,USA,14838,"Reed, Patrick",2026-08-19T10:16:28+00:00
0,United States,USA,27693,"Reed, Spencer",2026-08-19T10:16:28+00:00
0,United States,USA,19643,"Reeves, Seth",2026-08-19T10:16:28+00:00
0,Hong Kong,HKG,19065,"Regan Wong, Michael",2026-08-19T10:16:28+00:00
0,Austria,AUT,21674,"Regner, Niklas",2026-08-19T10:16:28+00:00
1,Northern Ireland,NIR,28675,"Reid, Michael",2026-08-19T10:16:28+00:00
0,United States,USA,11329,"Reifers, Kyle",2026-08-19T10:16:28+00:00
1,United States,USA,35480,"Reilly, Logan",2026-08-19T10:16:28+00:00
0,Norway,NOR,21407,"Reitan, Kristoffer",2026-08-19T10:16:28+00:00
0,United States,USA,24303,"Reiter, Charles",2026-08-19T10:16:28+00:00
0,Argentina,ARG,12012,"Relancio, Manuel",2026-08-19T10:16:28+00:00
0,United States,USA,12475,"Renner, Jim",2026-08-19T10:16:28+00:00
0,Canada,CAN,14251,"Renolds, Lindsay",2026-08-19T10:16:28+00:00
0,Spain,ESP,31235,"Repetto Taylor, Rocco",2026-08-19T10:16:28+00:00
0,Colombia,COL,29170,"Restrepo, Pablo",2026-08-19T10:16:28+00:00
0,United States,USA,33546,"Reuland, Zach",2026-08-19T10:16:28+00:00
1,Netherlands,NED,27146,"Reuter, Benjamin",2026-08-19T10:16:28+00:00
0,United States,USA,14264,"Reynolds, Gabe",2026-08-19T10:16:28+00:00
0,United States,USA,23598,"Ricard, Eric",2026-08-19T10:16:28+00:00
0,Ireland,IRL,7662,"Rice, Tim",2026-08-19T10:16:28+00:00
0,United States,USA,16138,"Richey, Brian",2026-08-19T10:16:28+00:00
0,United States,USA,6840,"Ridings, Tag",2026-08-19T10:16:28+00:00
0,United States,USA,30892,"Riedel, Matthew",2026-08-19T10:16:28+00:00
0,United States,USA,30623,"Riley, Cameron",2026-08-19T10:16:28+00:00
0,United States,USA,19872,"Riley, Davis",2026-08-19T10:16:28+00:00
0,United States,USA,29637,"Riley, Quinn",2026-08-19T10:16:28+00:00
1,United States,USA,35536,"Ringkamp, Luke",2026-08-19T10:16:28+00:00
0,South Africa,RSA,18174,"Ritchie, JC",2026-08-19T10:16:28+00:00
0,Germany,GER,12521,"Ritthammer, Bernard",2026-08-19T10:16:28+00:00
0,France,FRA,12217,"Riu, Victor",2026-08-19T10:16:28+00:00
0,Argentina,ARG,17029,"Rivarola, Jaime Lopez",2026-08-19T10:16:28+00:00
0,Colombia,COL,15256,"Rivas, Santiago",2026-08-19T10:16:28+00:00
0,United States,USA,15720,"Roach, Wes",2026-08-19T10:16:28+00:00
0,Scotland,SCO,20297,"Robb, Chris",2026-08-19T10:16:28+00:00
0,Australia,AUS,30678,"Robbins, Charlie",2026-08-19T10:16:28+00:00
0,United States,USA,32518,"Robbins, Zach",2026-08-19T10:16:28+00:00
0,United States,USA,32454,"Roberts, Brett",2026-08-19T10:16:28+00:00
1,Wales,WAL,28639,"Roberts, Matt",2026-08-19T10:16:28+00:00
0,Scotland,SCO,21562,"Roberts, Oliver",2026-08-19T10:16:28+00:00
0,Scotland,SCO,17792,"Robertson, Graeme",2026-08-19T10:16:28+00:00
0,England,ENG,24497,"Robinson Thompson, Brandon",2026-08-19T10:16:28+00:00
0,United States,USA,27857,"Robinson, Daniel",2026-08-19T10:16:28+00:00
0,Bahamas,BAH,27430,"Robinson, Devaughn",2026-08-19T10:16:28+00:00
0,England,ENG,20026,"Robinson, Liam",2026-08-19T10:16:28+00:00
1,United States,USA,35475,"Robles, Matt",2026-08-19T10:16:28+00:00
0,Brazil,BRA,7441,"Rocha, Alexandre",2026-08-19T10:16:28+00:00
0,England,ENG,7895,"Rock, Robert",2026-08-19T10:16:28+00:00
0,United States,USA,16283,"Rodgers, Patrick",2026-08-19T10:16:28+00:00
0,Portugal,POR,27149,"Rodrigues, Daniel",2026-08-19T10:16:28+00:00
0,Mexico,MEX,12855,"Rodriguez, Jose De Jesus",2026-08-19T10:16:28+00:00
1,United States,USA,35733,"Rodriguez, Lorenzo",2026-08-19T10:16:28+00:00
1,Belgium,BEL,29462,"Roeland, Charles",2026-08-19T10:16:28+00:00
0,South Africa,RSA,13811,"Roets, Jason",2026-08-19T10:16:28+00:00
0,India,IND,32007,"Rohit, Mr",2026-08-19T10:16:28+00:00
0,South Africa,RSA,22169,"Rohwer, Martin",2026-08-19T10:16:28+00:00
0,United States,USA,31393,"Rolland, Eric",2026-08-19T10:16:28+00:00
0,United States,USA,6300,"Rollins, John",2026-08-19T10:16:28+00:00
0,Italy,ITA,22789,"Romano, Andrea",2026-08-19T10:16:28+00:00
0,Argentina,ARG,7751,"Romero, Andres",2026-08-19T10:16:28+00:00
0,Argentina,ARG,16802,"Romero, Franco",2026-08-19T10:16:28+00:00
1,United States,USA,24515,"Romo, Tony",2026-08-19T10:16:28+00:00
0,Sweden,SWE,21939,"Ronneblad, Hannes",2026-08-19T10:16:28+00:00
1,Kenya,KEN,31910,"Rono, Josphat",2026-08-19T10:16:28+00:00
0,Wales,WAL,14064,"Rooke, Lee",2026-08-19T10:16:28+00:00
0,South Africa,RSA,9879,"Roos, Jake",2026-08-19T10:16:28+00:00
0,England,ENG,6093,"Rose, Justin",2026-08-19T10:16:28+00:00
0,Germany,GER,22736,"Rosenmueller, Thomas",2026-08-19T10:16:28+00:00
0,Sweden,SWE,26977,"Rosin, Rasmus",2026-08-19T10:16:28+00:00
0,Scotland,SCO,19906,"Ross, Craig",2026-08-19T10:16:28+00:00
0,South Africa,RSA,24644,"Rossouw, Matthew",2026-08-19T10:16:28+00:00
0,United States,USA,2739,"Roth, Jeff",2026-08-19T10:16:28+00:00
0,Germany,GER,19899,"Rottluff, Max",2026-08-19T10:16:28+00:00
0,Spain,ESP,27722,"Rousaud, Eduard",2026-08-19T10:16:28+00:00
0,France,FRA,21507,"Roussel, Robin",2026-08-19T10:16:28+00:00
0,South Africa,RSA,11956,"Rowe, Lyle",2026-08-19T10:16:28+00:00
0,United States,USA,18424,"Roy, Kevin",2026-08-19T10:16:28+00:00
0,Bermuda,BER,31780,"Roy, Scott",2026-08-19T10:16:28+00:00
0,France,FRA,18770,"Rozner, Antoine",2026-08-19T10:16:28+00:00
0,Colombia,COL,16591,"Rozo, Marcelo",2026-08-19T10:16:28+00:00
0,Mexico,MEX,22836,"Rubio, Gonzalo",2026-08-19T10:16:28+00:00
0,England,ENG,13239,"Ruebotham, James",2026-08-19T10:16:28+00:00
0,United States,USA,32555,"Rueck, Cole",2026-08-19T10:16:28+00:00
0,Australia,AUS,17169,"Ruffels, Ryan",2026-08-19T10:16:28+00:00
0,United States,USA,33648,"Ruffino, Francesco",2026-08-19T10:16:28+00:00
0,Uganda,UGA,24521,"Rugumayo, Ronald",2026-08-19T10:16:28+00:00
1,Netherlands,NED,33707,"Ruiter, Nevill",2026-08-19T10:16:28+00:00
0,Mexico,MEX,19079,"Ruiz, Gerardo",2026-08-19T10:16:28+00:00
0,Australia,AUS,6255,"Rumford, Brett",2026-08-19T10:16:28+00:00
0,Switzerland,SUI,13281,"Rusch, Benjamin",2026-08-19T10:16:28+00:00
0,United States,USA,31383,"Russell, Cade",2026-08-19T10:16:28+00:00
0,United States,USA,23133,"Russell, Casey",2026-08-19T10:16:28+00:00
1,United States,USA,32064,"Russell, Miles",2026-08-19T10:16:28+00:00
0,United States,USA,32190,"Russell, Robert",2026-08-19T10:16:28+00:00
0,England,ENG,12263,"Ruth, James",2026-08-19T10:16:28+00:00
0,England,ENG,18555,"Rutherford, Jamie",2026-08-19T10:16:28+00:00
0,Finland,FIN,16409,"Ruuska, Lauri",2026-08-19T10:16:28+00:00
0,United States,USA,18261,"Ryan, Matt",2026-08-19T10:16:28+00:00
0,South Africa,RSA,15217,"Ryan, Tyrone",2026-08-19T10:16:28+00:00
0,United States,USA,16715,"Ryder, Sam",2026-08-19T10:16:28+00:00
0,India,IND,33187,"S, Manoj",2026-08-19T10:16:28+00:00
0,Argentina,ARG,11922,"Saavedra, Sebastian L.",2026-08-19T10:16:28+00:00
1,Puerto Rico,PUR,30731,"Saavedra-Davila, Diego",2026-08-19T10:16:28+00:00
0,Slovakia,SVK,6283,"Sabbatini, Rory",2026-08-19T10:16:28+00:00
0,France,FRA,14792,"Saddier, Adrien",2026-08-19T10:16:28+00:00
1,Mexico,MEX,28144,"Safa, Jose Antonio",2026-08-19T10:16:28+00:00
0,England,ENG,25331,"Sagoo, Pavan",2026-08-19T10:16:28+00:00
0,Sweden,SWE,21343,"Sahlstrom, Christopher",2026-08-19T10:16:28+00:00
0,South Africa,RSA,24645,"Saincic, Romano",2026-08-19T10:16:28+00:00
0,United States,USA,14519,"Sainz Jr, Carlos",2026-08-19T10:16:28+00:00
0,Spain,ESP,24095,"Sainz, Javier",2026-08-19T10:16:28+00:00
0,Chile,CHI,25720,"Saiz-Wenz, Benjamin",2026-08-19T10:16:28+00:00
0,Japan,JPN,19059,"Sakane, Michael",2026-08-19T10:16:28+00:00
0,Thailand,THA,14951,"Saksansin, Poom",2026-08-19T10:16:28+00:00
0,Spain,ESP,27211,"Salama, Juan",2026-08-19T10:16:28+00:00
0,France,FRA,28465,"Sale, Julien",2026-08-19T10:16:28+00:00
0,Saudi Arabia,KSA,18025,"Salhab, Faisal",2026-08-19T10:16:28+00:00
0,United States,USA,27183,"Salinda, Isaiah",2026-08-19T10:16:28+00:00
0,Spain,ESP,30454,"Salva Montulet, Philip",2026-08-19T10:16:28+00:00
1,United States,USA,31122,"Salyers, Drew",2026-08-19T10:16:28+00:00
0,United States,USA,29188,"Salzer, Christian",2026-08-19T10:16:28+00:00
0,Finland,FIN,14120,"Samooja, Kalle",2026-08-19T10:16:28+00:00
0,United States,USA,34076,"Sample, Luke",2026-08-19T10:16:28+00:00
0,Spain,ESP,20966,"Sanchez Molina, Carlos",2026-08-19T10:16:28+00:00
0,Australia,AUS,18180,"Sanchez, Matias",2026-08-19T10:16:28+00:00
1,Spain,ESP,7232,"Sanchez, Oscar",2026-08-19T10:16:28+00:00
0,United States,USA,32455,"Sand, John",2026-08-19T10:16:28+00:00
0,Sweden,SWE,20454,"Sandborg, Jesper",2026-08-19T10:16:28+00:00
0,United States,USA,23743,"Sanders, David",2026-08-19T10:16:28+00:00
0,United States,USA,34749,"Sanders, Matt",2026-08-19T10:16:28+00:00
0,United States,USA,33363,"Sanders, Michael",2026-08-19T10:16:28+00:00
0,United States,USA,35395,"Sanderson, Calen",2026-08-19T10:16:28+00:00
0,India,IND,13801,"Sandhu, Ajeetesh",2026-08-19T10:16:28+00:00
0,Kenya,KEN,28133,"Sandhu, Jaydeep Singh",2026-08-19T10:16:28+00:00
1,United States,USA,35632,"Sandhu, Sihan",2026-08-19T10:16:28+00:00
0,India,IND,23060,"Sandhu, Yuvraj Singh",2026-08-19T10:16:28+00:00
1,Chile,CHI,34968,"Sandoval, Martin",2026-08-19T10:16:28+00:00
0,South Africa,RSA,2371,"Sandys, Omar",2026-08-19T10:16:28+00:00
0,Korea - Republic of,KOR,33108,"Sang, Hyunjun",2026-08-19T10:16:28+00:00
0,United States,USA,31028,"Sanger, Chris",2026-08-19T10:16:28+00:00
0,Portugal,POR,14688,"Santos Silva, Tomas",2026-08-19T10:16:28+00:00
0,Dominican Republic,DOM,14456,"Santos, Julio",2026-08-19T10:16:28+00:00
0,Portugal,POR,8816,"Santos, Ricardo",2026-08-19T10:16:28+00:00
0,United States,USA,13196,"Sapp, Garrett",2026-08-19T10:16:28+00:00
0,Italy,ITA,21013,"Saracino, Andrea",2026-08-19T10:16:28+00:00
0,United States,USA,27697,"Sargent, Billy Tom",2026-08-19T10:16:28+00:00
0,United States,USA,30814,"Sargent, Gordon",2026-08-19T10:16:28+00:00
0,Hungary,HUN,30993,"Sarkozi, Richard",2026-08-19T10:16:28+00:00
1,Japan,JPN,29075,"Sato, Kaito",2026-08-19T10:16:28+00:00
0,Japan,JPN,14371,"Sato, Taihei",2026-08-19T10:16:28+00:00
0,United States,USA,11048,"Saunders, Sam",2026-08-19T10:16:28+00:00
0,United States,USA,19765,"Saunders, Samuel",2026-08-19T10:16:28+00:00
1,France,FRA,34096,"Sautron, Rudy",2026-08-19T10:16:28+00:00
0,Canada,CAN,25289,"Savoie, Joey",2026-08-19T10:16:28+00:00
0,United States,USA,18133,"Sawada, Jared",2026-08-19T10:16:28+00:00
0,United States,USA,21324,"Saxon, Charlie",2026-08-19T10:16:28+00:00
0,Italy,ITA,20846,"Scalise, Lorenzo",2026-08-19T10:16:28+00:00
0,United States,USA,25322,"Schaake, Alex",2026-08-19T10:16:28+00:00
0,United States,USA,19936,"Schaake, Carson",2026-08-19T10:16:28+00:00
0,South Africa,RSA,26991,"Schaper, Jayden",2026-08-19T10:16:28+00:00
0,United States,USA,19895,"Schauffele, Xander",2026-08-19T10:16:28+00:00
0,United States,USA,18417,"Scheffler, Scottie",2026-08-19T10:16:28+00:00
0,United States,USA,33650,"Schell, Brett",2026-08-19T10:16:28+00:00
0,United States,USA,19477,"Schenk, Adam",2026-08-19T10:16:28+00:00
0,United States,USA,12576,"Schenk, Barry",2026-08-19T10:16:28+00:00
0,South Africa,RSA,11980,"Schietekat, Neil",2026-08-19T10:16:28+00:00
0,Switzerland,SUI,28761,"Schliesing, Max",2026-08-19T10:16:28+00:00
0,Germany,GER,20722,"Schmid, Matti",2026-08-19T10:16:28+00:00
0,England,ENG,27258,"Schmidt, Ben",2026-08-19T10:16:28+00:00
0,United States,USA,30809,"Schmidt, Connor",2026-08-19T10:16:28+00:00
0,Germany,GER,31390,"Schmidt, Thomas",2026-08-19T10:16:28+00:00
0,Germany,GER,23017,"Schmitt, Max",2026-08-19T10:16:28+00:00
0,United States,USA,26749,"Schmitz, Ryan",2026-08-19T10:16:28+00:00
0,United States,USA,3703,"Schneider, Brad",2026-08-19T10:16:28+00:00
0,United States,USA,12305,"Schneider, Cory",2026-08-19T10:16:28+00:00
0,Germany,GER,30900,"Schneider, Jan",2026-08-19T10:16:28+00:00
0,Germany,GER,12522,"Schneider, Marcel",2026-08-19T10:16:28+00:00
0,United States,USA,12414,"Schnell, Brady",2026-08-19T10:16:28+00:00
0,United States,USA,27803,"Schniederjans, Luke",2026-08-19T10:16:28+00:00
0,United States,USA,18662,"Schniederjans, Ollie",2026-08-19T10:16:28+00:00
0,United States,USA,35474,"Schoenberger, Jack",2026-08-19T10:16:28+00:00
0,Australia,AUS,18181,"Schonewille, Andrew",2026-08-19T10:16:28+00:00
0,United States,USA,19766,"Schoolcraft, Michael",2026-08-19T10:16:28+00:00
0,Germany,GER,27588,"Schott, Freddy",2026-08-19T10:16:28+00:00
0,United States,USA,28591,"Schow, Mitchell",2026-08-19T10:16:28+00:00
0,Germany,GER,13963,"Schultes, Georg",2026-08-19T10:16:28+00:00
0,United States,USA,31250,"Schultz, Cooper",2026-08-19T10:16:28+00:00
0,United States,USA,9659,"Schutte, Jesse",2026-08-19T10:16:28+00:00
0,Germany,GER,25129,"Schutz, Yannick",2026-08-19T10:16:28+00:00
0,Austria,AUT,15016,"Schwab, Matthias",2026-08-19T10:16:28+00:00
0,South Africa,RSA,7398,"Schwartzel, Charl",2026-08-19T10:16:28+00:00
0,United States,USA,32434,"Schwarz, Max",2026-08-19T10:16:28+00:00
0,Austria,AUT,27728,"Schweighofer, Florian",2026-08-19T10:16:28+00:00
0,France,FRA,20131,"Sciot-Siegrist, Robin",2026-08-19T10:16:28+00:00
0,Australia,AUS,28034,"Sclater, Levi",2026-08-19T10:16:28+00:00
0,Canada,CAN,23890,"Scobie, Matthew",2026-08-19T10:16:28+00:00
0,Australia,AUS,6430,"Scott, Adam",2026-08-19T10:16:28+00:00
0,United States,USA,26999,"Scott, Alex",2026-08-19T10:16:28+00:00
0,Scotland,SCO,30002,"Scott, Calum",2026-08-19T10:16:28+00:00
0,United States,USA,18581,"Scott, Jake",2026-08-19T10:16:28+00:00
0,Scotland,SCO,23708,"Scott, Sandy",2026-08-19T10:16:28+00:00
0,England,ENG,28804,"Scowsill, Monty",2026-08-19T10:16:28+00:00
0,Australia,AUS,12734,"Scrivener, Jason",2026-08-19T10:16:28+00:00
0,Canada,CAN,26872,"Sear, Max",2026-08-19T10:16:28+00:00
0,Mauritius,MRI,21374,"Seeneevassen, Vishnoo",2026-08-19T10:16:28+00:00
0,United States,USA,17509,"Seiffert, Chase",2026-08-19T10:16:28+00:00
0,United States,USA,27208,"Seiple, Joshua",2026-08-19T10:16:28+00:00
0,Japan,JPN,19730,"Sekito, Naoki",2026-08-19T10:16:28+00:00
0,Norway,NOR,23797,"Sekne, Herman Wibe",2026-08-19T10:16:28+00:00
0,Canada,CAN,25137,"Sekulic, Max",2026-08-19T10:16:28+00:00
1,England,ENG,30554,"Selvaraj, Jonathan",2026-08-19T10:16:28+00:00
0,Japan,JPN,19681,"Semikawa, Taiga",2026-08-19T10:16:28+00:00
0,Australia,AUS,5207,"Senden, John",2026-08-19T10:16:28+00:00
0,South Africa,RSA,15185,"Senekal, JJ",2026-08-19T10:16:28+00:00
0,England,ENG,15115,"Senior, Jack",2026-08-19T10:16:28+00:00
0,Korea - Republic of,KOR,20841,"Seo, Yoseop",2026-08-19T10:16:28+00:00
0,Spain,ESP,29822,"Serra, Josep Maria",2026-08-19T10:16:28+00:00
0,Mexico,MEX,17245,"Serrano, Juan Carlos",2026-08-19T10:16:28+00:00
0,India,IND,26141,"Sethie, Harshjeet Singh",2026-08-19T10:16:28+00:00
0,Norway,NOR,25494,"Settemsdal, Alexander",2026-08-19T10:16:28+00:00
0,United States,USA,31272,"Sewell, Chad",2026-08-19T10:16:28+00:00
0,England,ENG,15190,"Shadbolt, Tom",2026-08-19T10:16:28+00:00
0,United States,USA,21901,"Shah, Manav",2026-08-19T10:16:28+00:00
0,China,CHN,31378,"Shao, Minghao",2026-08-19T10:16:28+00:00
0,India,IND,16085,"Sharma, Akshay",2026-08-19T10:16:28+00:00
0,India,IND,24465,"Sharma, Kartik",2026-08-19T10:16:28+00:00
0,India,IND,17081,"Sharma, Shubhankar",2026-08-19T10:16:28+00:00
0,United States,USA,22302,"Sharp, Tommy",2026-08-19T10:16:28+00:00
0,United States,USA,28470,"Sharpstene, Matt",2026-08-19T10:16:28+00:00
0,Northern Ireland,NIR,18915,"Sharvin, Cormac",2026-08-19T10:16:28+00:00
0,United States,USA,31027,"Shattuck, Braden",2026-08-19T10:16:28+00:00
0,United States,USA,24599,"Shaun, Corey",2026-08-19T10:16:28+00:00
0,China,CHN,17983,"She, Zihan",2026-08-19T10:16:28+00:00
0,United States,USA,33275,"Sheehan, Patrick",2026-08-19T10:16:28+00:00
1,United States,USA,31437,"Shelley, Tyson",2026-08-19T10:16:28+00:00
0,United States,USA,18635,"Shelton, Robby",2026-08-19T10:16:28+00:00
0,China,CHN,17984,"Shen, Nan-Nan",2026-08-19T10:16:28+00:00
1,Hong Kong,HKG,31771,"Shen, Wang Ngai",2026-08-19T10:16:28+00:00
0,India,IND,24466,"Sheoran, Dhruv",2026-08-19T10:16:28+00:00
0,United States,USA,29544,"Shepherd, Drew",2026-08-19T10:16:28+00:00
0,England,ENG,28617,"Shepherd, Laird",2026-08-19T10:16:28+00:00
0,United States,USA,34031,"Sheppard, Nick",2026-08-19T10:16:28+00:00
0,England,ENG,23174,"Sheridan - Mills, Henry",2026-08-19T10:16:28+00:00
0,United States,USA,32312,"Sherwood, Cole",2026-08-19T10:16:28+00:00
0,United States,USA,26529,"Shieh, Hayden",2026-08-19T10:16:28+00:00
0,Japan,JPN,20984,"Shimizu, Taisei",2026-08-19T10:16:28+00:00
0,Canada,CAN,17618,"Shin, Justin",2026-08-19T10:16:28+00:00
0,United States,USA,18577,"Shin, Micah Lauren",2026-08-19T10:16:28+00:00
0,Korea - Republic of,KOR,23719,"Shin, Sanghun",2026-08-19T10:16:28+00:00
0,United States,USA,17274,"Shindler, Conrad",2026-08-19T10:16:28+00:00
0,England,ENG,18244,"Shinkwin, Callum",2026-08-19T10:16:28+00:00
0,Japan,JPN,17337,"Shiomi, Koki",2026-08-19T10:16:28+00:00
0,United States,USA,32055,"Shipley, Neal",2026-08-19T10:16:28+00:00
0,United States,USA,28549,"Shipp, Benjamin",2026-08-19T10:16:28+00:00
0,United States,USA,23506,"Shirley, Trey",2026-08-19T10:16:28+00:00
0,Japan,JPN,21921,"Shogenji, Tatsunori",2026-08-19T10:16:28+00:00
0,United States,USA,28471,"Shore, Davis",2026-08-19T10:16:28+00:00
0,United States,USA,26320,"Short, Matthew",2026-08-19T10:16:28+00:00
0,United States,USA,25041,"Shuman, Jake",2026-08-19T10:16:28+00:00
0,United States,USA,35308,"Sides, William",2026-08-19T10:16:28+00:00
0,United States,USA,24462,"Siegler, Ryan",2026-08-19T10:16:28+00:00
0,Germany,GER,6950,"Siem, Marcel",2026-08-19T10:16:28+00:00
0,Germany,GER,28836,"Siemens, Carl",2026-08-19T10:16:28+00:00
0,United States,USA,31216,"Sienkiewicz, Chase",2026-08-19T10:16:28+00:00
0,United States,USA,30789,"Sigel, Ben",2026-08-19T10:16:28+00:00
0,United States,USA,23482,"Sigg, Greyson",2026-08-19T10:16:28+00:00
0,Canada,CAN,29702,"Sihota, Jeevan",2026-08-19T10:16:28+00:00
0,United States,USA,33174,"Sikkenga, Colin",2026-08-19T10:16:28+00:00
0,Dominican Republic,DOM,16888,"Silfa, Hiram",2026-08-19T10:16:28+00:00
0,Chile,CHI,15907,"Silva, Gustavo",2026-08-19T10:16:28+00:00
0,Canada,CAN,17381,"Silverman, Ben",2026-08-19T10:16:28+00:00
0,Australia,AUS,7681,"Sim, Michael",2026-08-19T10:16:28+00:00
0,United States,USA,31189,"Simmons, Isaac",2026-08-19T10:16:28+00:00
0,South Africa,RSA,7060,"Simon, Thabang",2026-08-19T10:16:28+00:00
0,Puerto Rico,PUR,33277,"Simoni, Reinaldo",2026-08-19T10:16:28+00:00
0,Denmark,DEN,16448,"Simonsen, Martin",2026-08-19T10:16:28+00:00
0,Australia,AUS,11815,"Simpson, Alex",2026-08-19T10:16:28+00:00
0,United States,USA,33760,"Simpson, Lance",2026-08-19T10:16:28+00:00
0,South Africa,RSA,27415,"Simpson, Samuel",2026-08-19T10:16:28+00:00
0,United States,USA,11049,"Simpson, Webb",2026-08-19T10:16:28+00:00
0,United States,USA,7625,"Sims, Michael",2026-08-19T10:16:28+00:00
0,Australia,AUS,31485,"Sims, Thomas",2026-08-19T10:16:28+00:00
0,United States,USA,19363,"Simsby, Trevor",2026-08-19T10:16:28+00:00
0,India,IND,26138,"Singh Ahlawat, Anant",2026-08-19T10:16:28+00:00
0,England,ENG,17696,"Singh Brar, Jack",2026-08-19T10:16:28+00:00
0,India,IND,28071,"Singh Sandhu, Jairaj",2026-08-19T10:16:28+00:00
0,India,IND,12886,"Singh, Gaurav Pratap",2026-08-19T10:16:28+00:00
0,India,IND,31786,"Singh, Kartik",2026-08-19T10:16:28+00:00
1,India,IND,29378,"Singh, Sukhman",2026-08-19T10:16:28+00:00
0,Fiji,FIJ,653,"Singh, Vijay",2026-08-19T10:16:28+00:00
0,India,IND,30701,"Singh, Yuvraj",2026-08-19T10:16:28+00:00
0,Australia,AUS,16918,"Sinnott, Todd",2026-08-19T10:16:28+00:00
0,United States,USA,35541,"Siravo, Brady",2026-08-19T10:16:28+00:00
0,United States,USA,29037,"Sisk, Cameron",2026-08-19T10:16:28+00:00
0,South Africa,RSA,16257,"Sithebe, Slenda",2026-08-19T10:16:28+00:00
1,Czech Republic,CZE,22209,"Siwy, David",2026-08-19T10:16:28+00:00
0,Sweden,SWE,12485,"Sjoholm, Joel",2026-08-19T10:16:28+00:00
0,United States,USA,31451,"Skae, Ryan",2026-08-19T10:16:28+00:00
0,United Arab Emirates,UAE,22711,"Skaik, Ahmed",2026-08-19T10:16:28+00:00
1,Belgium,BEL,29463,"Skeet, James",2026-08-19T10:16:28+00:00
0,United States,USA,4549,"Skinner, Sonny",2026-08-19T10:16:28+00:00
0,England,ENG,10873,"Skinns, David",2026-08-19T10:16:28+00:00
0,Norway,NOR,22489,"Skogen, Baard",2026-08-19T10:16:28+00:00
0,England,ENG,6866,"Slattery, Lee",2026-08-19T10:16:28+00:00
0,Canada,CAN,14050,"Sloan, Roger",2026-08-19T10:16:28+00:00
0,United States,USA,7170,"Slocum, Heath",2026-08-19T10:16:28+00:00
0,England,ENG,24055,"Sloman, Tom",2026-08-19T10:16:28+00:00
0,United States,USA,24463,"Sluman, Trevor",2026-08-19T10:16:28+00:00
0,New Zealand,NZL,4986,"Smail, David",2026-08-19T10:16:28+00:00
0,United States,USA,18474,"Smalley, Alex",2026-08-19T10:16:28+00:00
0,England,ENG,21786,"Smart, Henry",2026-08-19T10:16:28+00:00
0,South Africa,RSA,23148,"Smit, Combrinck",2026-08-19T10:16:28+00:00
0,United States,USA,30808,"Smith, Ben",2026-08-19T10:16:28+00:00
0,Australia,AUS,15856,"Smith, Cameron",2026-08-19T10:16:28+00:00
0,Bermuda,BER,27966,"Smith, Camiko",2026-08-19T10:16:28+00:00
0,South Africa,RSA,28810,"Smith, Ethan",2026-08-19T10:16:28+00:00
1,England,ENG,29434,"Smith, Harley",2026-08-19T10:16:28+00:00
0,South Africa,RSA,19350,"Smith, Jason",2026-08-19T10:16:28+00:00
0,England,ENG,18586,"Smith, Jordan",2026-08-19T10:16:28+00:00
1,United States,USA,33886,"Smith, Jr., Marcus",2026-08-19T10:16:28+00:00
0,Australia,AUS,20555,"Smith, Mitchell",2026-08-19T10:16:28+00:00
0,United States,USA,19451,"Smith, Shane",2026-08-19T10:16:28+00:00
0,unknown,unknown,10058877,"Smith, Steffen",2026-08-19T10:16:28+00:00
0,United States,USA,683,"Smith, Stuart",2026-08-19T10:16:28+00:00
0,United States,USA,12445,"Smith, Ted",2026-08-19T10:16:28+00:00
0,United States,USA,27709,"Smith, Zach",2026-08-19T10:16:28+00:00
0,United States,USA,7762,"Smock, Brian",2026-08-19T10:16:28+00:00
0,United States,USA,22985,"Smotherman, Austin",2026-08-19T10:16:28+00:00
0,Australia,AUS,24200,"Smylie, Elvis",2026-08-19T10:16:28+00:00
0,Australia,AUS,19232,"Smyth, Trav",2026-08-19T10:16:28+00:00
0,United States,USA,8820,"Snedeker, Brandt",2026-08-19T10:16:28+00:00
0,Kenya,KEN,12067,"Snow, Greg",2026-08-19T10:16:28+00:00
0,United States,USA,20461,"Snyder, Brent",2026-08-19T10:16:28+00:00
0,United States,USA,27286,"Snyder, Matt",2026-08-19T10:16:28+00:00
0,South Africa,RSA,33013,"Snyders, Tyran",2026-08-19T10:16:28+00:00
0,South Africa,RSA,26000,"Snyman, Ian",2026-08-19T10:16:28+00:00
0,Sweden,SWE,18517,"Soderberg, Sebastian",2026-08-19T10:16:28+00:00
1,Qatar,QAT,31827,"Sokolov, Daniil",2026-08-19T10:16:28+00:00
0,Norway,NOR,33995,"Solhaug, Gregory",2026-08-19T10:16:28+00:00
0,United States,USA,30528,"Sollon, Jake",2026-08-19T10:16:28+00:00
0,United States,USA,27710,"Solomon, Jacob",2026-08-19T10:16:28+00:00
0,United States,USA,26134,"Somers, John",2026-08-19T10:16:28+00:00
0,United States,USA,33488,"Song, James",2026-08-19T10:16:28+00:00
0,Korea - Republic of,KOR,27640,"Song, Minhyuk",2026-08-19T10:16:28+00:00
0,Korea - Republic of,KOR,16160,"Song, Younghan",2026-08-19T10:16:28+00:00
0,United States,USA,8764,"Sonnier, Greg",2026-08-19T10:16:28+00:00
0,United States,USA,27855,"Soosman, Spencer",2026-08-19T10:16:28+00:00
0,France,FRA,17718,"Sordet, Clement",2026-08-19T10:16:28+00:00
0,United States,USA,12344,"Sorenson, Jeff",2026-08-19T10:16:28+00:00
0,England,ENG,15191,"Southgate, Matthew",2026-08-19T10:16:28+00:00
0,United States,USA,8084,"Sowards, Bob",2026-08-19T10:16:28+00:00
0,South Africa,RSA,19351,"Spacey, Matthew",2026-08-19T10:16:28+00:00
0,United States,USA,17536,"Spaun, J.J.",2026-08-19T10:16:28+00:00
0,United States,USA,8090,"Speight, Josh",2026-08-19T10:16:28+00:00
0,United States,USA,27761,"Spencer, Andy",2026-08-19T10:16:28+00:00
0,United States,USA,14636,"Spieth, Jordan",2026-08-19T10:16:28+00:00
1,United States,USA,25007,"Springer, Alex",2026-08-19T10:16:28+00:00
0,United States,USA,21995,"Springer, Hayden",2026-08-19T10:16:28+00:00
0,United States,USA,27440,"Squires, Austin",2026-08-19T10:16:28+00:00
0,United States,USA,31732,"Srinivasan, Vijay",2026-08-19T10:16:28+00:00
0,Thailand,THA,8531,"Srithong, Natipong",2026-08-19T10:16:28+00:00
0,Germany,GER,19808,"Staben, Benedict",2026-08-19T10:16:28+00:00
0,United States,USA,7602,"Stadler, Kevin",2026-08-19T10:16:28+00:00
0,United States,USA,29171,"Staiano, Jake",2026-08-19T10:16:28+00:00
0,France,FRA,13262,"Stal, Gary",2026-08-19T10:16:28+00:00
0,United States,USA,25335,"Stallings Jr., Stephen",2026-08-19T10:16:28+00:00
0,United States,USA,12359,"Stallings, Scott",2026-08-19T10:16:28+00:00
0,France,FRA,17722,"Stalter, Joel",2026-08-19T10:16:28+00:00
0,United States,USA,13940,"Stamey, Nathan",2026-08-19T10:16:28+00:00
0,United States,USA,33136,"Stamper, Owen",2026-08-19T10:16:28+00:00
0,United States,USA,23048,"Stanger, Jimmy",2026-08-19T10:16:28+00:00
0,United States,USA,4051,"Stankowski, Paul",2026-08-19T10:16:28+00:00
0,United States,USA,12069,"Stanley, Kyle",2026-08-19T10:16:28+00:00
0,United States,USA,21903,"Stanley, Preston",2026-08-19T10:16:28+00:00
0,United States,USA,11019,"Steele, Brendan",2026-08-19T10:16:28+00:00
0,United States,USA,31192,"Steelman, Ross",2026-08-19T10:16:28+00:00
0,United States,USA,14012,"Stefani, Shawn",2026-08-19T10:16:28+00:00
0,unknown,unknown,32596,"Steffes, Pat",2026-08-19T10:16:28+00:00
0,United States,USA,19479,"Steger, Eric",2026-08-19T10:16:28+00:00
0,United States,USA,11354,"Stegmaier, Brett",2026-08-19T10:16:28+00:00
0,Austria,AUT,21677,"Steinlechner, Maximilian",2026-08-19T10:16:28+00:00
0,United States,USA,33137,"Stember, Nate",2026-08-19T10:16:28+00:00
0,Sweden,SWE,5994,"Stenson, Henrik",2026-08-19T10:16:28+00:00
0,United States,USA,28618,"Stephens, Andrew",2026-08-19T10:16:28+00:00
0,United States,USA,31050,"Sterbinsky, Kyle",2026-08-19T10:16:28+00:00
0,South Africa,RSA,7049,"Sterne, Richard",2026-08-19T10:16:28+00:00
0,South Africa,RSA,27299,"Stevens, Cole",2026-08-19T10:16:28+00:00
0,United States,USA,25569,"Stevens, Sam",2026-08-19T10:16:28+00:00
0,United States,USA,28254,"Stevens, Scott",2026-08-19T10:16:28+00:00
0,United States,USA,33942,"Stewart, Dillon",2026-08-19T10:16:28+00:00
0,Scotland,SCO,15867,"Stewart, Michael",2026-08-19T10:16:28+00:00
1,Australia,AUS,31958,"Steyn, Gareth",2026-08-19T10:16:28+00:00
0,South Africa,RSA,27188,"Steyn, Regan",2026-08-19T10:16:28+00:00
0,Australia,AUS,14377,"Stieger, Matthew",2026-08-19T10:16:28+00:00
0,Canada,CAN,14832,"Stinson, Kevin",2026-08-19T10:16:28+00:00
0,Australia,AUS,5237,"Stolz, Andre",2026-08-19T10:16:28+00:00
0,South Africa,RSA,15229,"Stone, Brandon",2026-08-19T10:16:28+00:00
0,United States,USA,33258,"Storm, Andrew",2026-08-19T10:16:28+00:00
0,England,ENG,3323,"Storm, Graeme",2026-08-19T10:16:28+00:00
1,United States,USA,32089,"Stout, Preston",2026-08-19T10:16:28+00:00
0,England,ENG,16401,"Stow, Ben",2026-08-19T10:16:28+00:00
1,France,FRA,31648,"Strachan, Darren",2026-08-19T10:16:28+00:00
0,United States,USA,24450,"Strafaci, Tyler",2026-08-19T10:16:28+00:00
0,Austria,AUT,17511,"Straka, Sepp",2026-08-19T10:16:28+00:00
0,Australia,AUS,7478,"Strange, Scott",2026-08-19T10:16:28+00:00
0,United States,USA,14852,"Streb, Robert",2026-08-19T10:16:28+00:00
0,United States,USA,8480,"Streelman, Kevin",2026-08-19T10:16:28+00:00
0,United States,USA,4818,"Stricker, Steve",2026-08-19T10:16:28+00:00
1,United States,USA,23484,"Stringfellow, Daniel",2026-08-19T10:16:28+00:00
0,United States,USA,9604,"Stroud, Chris",2026-08-19T10:16:28+00:00
1,Czech Republic,CZE,26714,"Strycek, Krystof",2026-08-19T10:16:28+00:00
0,South Africa,RSA,17138,"Strydom, Jean-Paul",2026-08-19T10:16:28+00:00
0,South Africa,RSA,13731,"Strydom, Ockie",2026-08-19T10:16:28+00:00
0,South Africa,RSA,19353,"Strydom, Tristen",2026-08-19T10:16:28+00:00
0,United States,USA,13022,"Stuard, Brian",2026-08-19T10:16:28+00:00
0,Australia,AUS,25964,"Stubbs, Jasper",2026-08-19T10:16:28+00:00
0,Switzerland,SUI,30166,"Sturdza, Maximilien",2026-08-19T10:16:28+00:00
0,Sweden,SWE,20148,"Sturehed, Henric",2026-08-19T10:16:28+00:00
0,Chinese Taipei,TPE,24106,"Su, Ching-Hung",2026-08-19T10:16:28+00:00
0,United States,USA,29279,"Suber, Jackson",2026-08-19T10:16:28+00:00
0,United States,USA,14036,"Sucher, Zack",2026-08-19T10:16:28+00:00
0,Japan,JPN,19061,"Sugihara, Taiga",2026-08-19T10:16:28+00:00
0,Japan,JPN,24223,"Sugiura, Yuta",2026-08-19T10:16:28+00:00
0,Japan,JPN,18016,"Sugiyama, Tomoyasu",2026-08-19T10:16:28+00:00
0,Ireland,IRL,23418,"Sugrue, James",2026-08-19T10:16:28+00:00
0,United States,USA,22050,"Suh, Justin",2026-08-19T10:16:28+00:00
0,United States,USA,34345,"Sui, Justin",2026-08-19T10:16:28+00:00
0,England,ENG,15326,"Sullivan, Andy",2026-08-19T10:16:28+00:00
0,England,ENG,32009,"Sullivan, Joe",2026-08-19T10:16:28+00:00
0,England,ENG,29627,"Sullivan, Oliver",2026-08-19T10:16:28+00:00
0,United States,USA,29923,"Sullivan, Patrick",2026-08-19T10:16:28+00:00
0,United States,USA,17276,"Sullivan, Ryan",2026-08-19T10:16:28+00:00
0,United States,USA,12424,"Summerhays, Daniel",2026-08-19T10:16:28+00:00
0,United States,USA,8192,"Summerhays, Joe",2026-08-19T10:16:28+00:00
0,United States,USA,26746,"Summerhays, Preston",2026-08-19T10:16:28+00:00
0,United States,USA,35423,"Summy, Jase",2026-08-19T10:16:28+00:00
0,Nigeria,NGR,25347,"Sunday, Olapade",2026-08-19T10:16:28+00:00
1,South Africa,RSA,32584,"Sundelson, Judd",2026-08-19T10:16:28+00:00
0,Spain,ESP,4591,"Suneson, Carl",2026-08-19T10:16:28+00:00
0,United States,USA,18059,"Suri, Julian",2026-08-19T10:16:28+00:00
0,United States,USA,30463,"Surratt, Caleb",2026-08-19T10:16:28+00:00
0,England,ENG,9498,"Surry, Steve",2026-08-19T10:16:28+00:00
0,United States,USA,27659,"Sutton, Daniel",2026-08-19T10:16:28+00:00
0,Thailand,THA,23638,"Suwannarut, Sarit",2026-08-19T10:16:28+00:00
0,Japan,JPN,24090,"Suzuki, Kosuke",2026-08-19T10:16:28+00:00
0,Canada,CAN,13997,"Svensson, Adam",2026-08-19T10:16:28+00:00
0,Sweden,SWE,26850,"Svensson, Jesper",2026-08-19T10:16:28+00:00
0,United States,USA,11274,"Svoboda, Andrew",2026-08-19T10:16:28+00:00
0,United States,USA,14706,"Swafford, Hudson",2026-08-19T10:16:28+00:00
0,Bermuda,BER,10011563,"Swan, Kim",2026-08-19T10:16:28+00:00
0,South Africa,RSA,9810,"Swanepoel, Chris",2026-08-19T10:16:28+00:00
0,United States,USA,34012,"Swanson, Andrew",2026-08-19T10:16:28+00:00
1,New Zealand,NZL,31824,"Swanwick, Zack",2026-08-19T10:16:28+00:00
0,South Africa,RSA,27994,"Swart, Stals",2026-08-19T10:16:28+00:00
0,England,ENG,31196,"Swash, James",2026-08-19T10:16:28+00:00
0,United States,USA,35311,"Swavely, Bennett",2026-08-19T10:16:28+00:00
0,United States,USA,30936,"Sweeney, Michael",2026-08-19T10:16:28+00:00
0,Pakistan,PAK,32894,"Syed, Aadam",2026-08-19T10:16:28+00:00
0,Scotland,SCO,22089,"Syme, Connor",2026-08-19T10:16:28+00:00
0,Norway,NOR,22473,"Syr, Sebastian Eidsaether",2026-08-19T10:16:28+00:00
1,United States,USA,32599,"Szeto, Baron",2026-08-19T10:16:28+00:00
0,Canada,CAN,15710,"Szirmak, Sebastian",2026-08-19T10:16:28+00:00
0,Philippines,PHI,15274,"Tabuena, Miguel",2026-08-19T10:16:28+00:00
1,Singapore,SIN,25384,"Tai, Hiroshi",2026-08-19T10:16:28+00:00
0,Japan,JPN,14663,"Takeyasu, Shunya",2026-08-19T10:16:28+00:00
1,Australia,AUS,28035,"Takis, Harry",2026-08-19T10:16:28+00:00
0,India,IND,28553,"Talwar, Saptak",2026-08-19T10:16:28+00:00
1,Singapore,SIN,32003,"Tan, Irvyn",2026-08-19T10:16:28+00:00
0,Japan,JPN,22152,"Tanaka, Shotaro",2026-08-19T10:16:28+00:00
0,China,CHN,28435,"Tang, Haizhao",2026-08-19T10:16:28+00:00
0,Thailand,THA,11958,"Tangkamolprasert, Pavit",2026-08-19T10:16:28+00:00
0,United States,USA,4857,"Tanigawa, Ken",2026-08-19T10:16:28+00:00
0,Japan,JPN,3750,"Taniguchi, Toru",2026-08-19T10:16:28+00:00
0,Japan,JPN,7046,"Tanihara, Hideto",2026-08-19T10:16:28+00:00
0,United States,USA,28271,"Tankersley, Cameron",2026-08-19T10:16:28+00:00
0,Thailand,THA,8512,"Tannin, Kwanchai",2026-08-19T10:16:28+00:00
0,China,CHN,28255,"Tao, Deng",2026-08-19T10:16:28+00:00
0,England,ENG,20519,"Tarren, Callum",2026-08-19T10:16:28+00:00
0,Spain,ESP,20704,"Tarrio, Santiago",2026-08-19T10:16:28+00:00
1,United States,USA,31121,"Taylor II, Troy",2026-08-19T10:16:28+00:00
0,England,ENG,19948,"Taylor, Ben",2026-08-19T10:16:28+00:00
0,South Africa,RSA,33066,"Taylor, Marcus",2026-08-19T10:16:28+00:00
0,Canada,CAN,13126,"Taylor, Nick",2026-08-19T10:16:28+00:00
0,United States,USA,33575,"Taylor, Rupe",2026-08-19T10:16:28+00:00
0,United States,USA,6930,"Taylor, Vaughn",2026-08-19T10:16:28+00:00
0,United States,USA,8085,"Teater, Josh",2026-08-19T10:16:28+00:00
0,Estonia,EST,32733,"Teder, Richard",2026-08-19T10:16:28+00:00
1,United States,USA,33883,"Teeter, Dylan",2026-08-19T10:16:28+00:00
1,Panama,PAN,17174,"Tejeira, Omar",2026-08-19T10:16:28+00:00
0,Mexico,MEX,17262,"Terrazas, Aaron",2026-08-19T10:16:28+00:00
0,Slovakia,SVK,27808,"Tetak, Tadeáš",2026-08-19T10:16:28+00:00
0,Sri Lanka,SRI,18234,"Thangaraja, N",2026-08-19T10:16:28+00:00
0,United States,USA,23014,"Theegala, Sahith",2026-08-19T10:16:28+00:00
0,United States,USA,19770,"Thelen, Joel",2026-08-19T10:16:28+00:00
0,South Africa,RSA,31073,"Theron, Johan",2026-08-19T10:16:28+00:00
1,Belgium,BEL,29464,"Theys, Louis",2026-08-19T10:16:28+00:00
0,South Africa,RSA,11864,"Thimba, Toto",2026-08-19T10:16:28+00:00
0,Thailand,THA,19399,"Thippong, Nitithorn",2026-08-19T10:16:28+00:00
0,United States,USA,28272,"Thomas, Brooks",2026-08-19T10:16:28+00:00
0,United States,USA,14139,"Thomas, Justin",2026-08-19T10:16:28+00:00
0,South Africa,RSA,26950,"Thomas, Keagan",2026-08-19T10:16:28+00:00
0,India,IND,21234,"Thomas, Rayhan",2026-08-19T10:16:28+00:00
0,New Zealand,NZL,30757,"Thomas, Rhys",2026-08-19T10:16:28+00:00
0,United States,USA,11983,"Thompson, Chris",2026-08-19T10:16:28+00:00
0,United States,USA,19395,"Thompson, Curtis",2026-08-19T10:16:28+00:00
0,United States,USA,27364,"Thompson, Davis",2026-08-19T10:16:28+00:00
0,Australia,AUS,25502,"Thompson, Jack",2026-08-19T10:16:28+00:00
0,United States,USA,7617,"Thompson, Kyle",2026-08-19T10:16:28+00:00
0,United States,USA,31724,"Thompson, Lexi",2026-08-19T10:16:28+00:00
0,New Zealand,NZL,30756,"Thompson, Mako",2026-08-19T10:16:28+00:00
0,United States,USA,12946,"Thompson, Michael",2026-08-19T10:16:28+00:00
0,United States,USA,10889,"Thompson, Nicholas",2026-08-19T10:16:28+00:00
0,Canada,CAN,33709,"Thomson, Hunter",2026-08-19T10:16:28+00:00
0,England,ENG,22210,"Thomson, Jon",2026-08-19T10:16:28+00:00
0,United States,USA,26649,"Thorbjornsen, Michael",2026-08-19T10:16:28+00:00
1,Ecuador,ECU,28533,"Thorin, Phillip",2026-08-19T10:16:28+00:00
0,United States,USA,23502,"Thornberry, Braden",2026-08-19T10:16:28+00:00
0,Ireland,IRL,10107,"Thornton, Simon",2026-08-19T10:16:28+00:00
0,United States,USA,33421,"Threlkeld, Hughes",2026-08-19T10:16:28+00:00
0,England,ENG,26891,"Thurloway, Thomas",2026-08-19T10:16:28+00:00
0,Denmark,DEN,27833,"Thysted, Jens Kristian",2026-08-19T10:16:28+00:00
0,United States,USA,26650,"Tibbits, Spencer",2026-08-19T10:16:28+00:00
0,Australia,AUS,16980,"Tighe, Lincoln",2026-08-19T10:16:28+00:00
0,England,ENG,9311,"Tiley, Steven",2026-08-19T10:16:28+00:00
0,Germany,GER,26615,"Tillmanns, Tim",2026-08-19T10:16:28+00:00
0,United States,USA,31803,"Tilton, Jacob",2026-08-19T10:16:28+00:00
0,United States,USA,30079,"Timmins, David",2026-08-19T10:16:28+00:00
0,Chinese Taipei,TPE,19582,"Ting, Lawrence",2026-08-19T10:16:28+00:00
0,Malaysia,MAS,25224,"Ting, Malcolm",2026-08-19T10:16:28+00:00
0,Denmark,DEN,20256,"Tinning, Nicolai",2026-08-19T10:16:28+00:00
0,Czech Republic,CZE,14091,"Tintera, Lukas",2026-08-19T10:16:28+00:00
0,South Africa,RSA,8425,"Tipping, Ryan",2026-08-19T10:16:28+00:00
0,United States,USA,12425,"Todd, Brendon",2026-08-19T10:16:28+00:00
0,Denmark,DEN,19639,"Toft Hansen, Morten",2026-08-19T10:16:28+00:00
0,Japan,JPN,16648,"Tokimatsu, Ryuko",2026-08-19T10:16:28+00:00
0,Guatemala,GUA,8670,"Toledo, Jose",2026-08-19T10:16:28+00:00
1,Belgium,BEL,27067,"Tollenaire, Jarno",2026-08-19T10:16:28+00:00
0,Czech Republic,CZE,28823,"Tomi, David",2026-08-19T10:16:28+00:00
0,United States,USA,29706,"Tomlinson, Blake",2026-08-19T10:16:28+00:00
0,China,CHN,26910,"Tong, Yang",2026-08-19T10:16:28+00:00
0,New Zealand,NZL,17889,"Toomey, Luke",2026-08-19T10:16:28+00:00
0,Netherlands,NED,25273,"Toorop, Mike",2026-08-19T10:16:28+00:00
0,Spain,ESP,31232,"Torres, Joseba",2026-08-19T10:16:28+00:00
0,Mexico,MEX,24037,"Torres, Luis Felipe",2026-08-19T10:16:28+00:00
0,Venezuela,VEN,26135,"Torres, Manuel",2026-08-19T10:16:28+00:00
0,Argentina,ARG,17032,"Tosti, Alejandro",2026-08-19T10:16:28+00:00
0,Morocco,MAR,21273,"Touhami, Yassine",2026-08-19T10:16:28+00:00
0,England,ENG,23956,"Towndrow, Sean",2026-08-19T10:16:28+00:00
0,Australia,AUS,8415,"Townsend, Aaron",2026-08-19T10:16:28+00:00
0,Sweden,SWE,31165,"Townsend, Hugo",2026-08-19T10:16:28+00:00
0,United States,USA,26602,"Trace, Travis",2026-08-19T10:16:28+00:00
0,United States,USA,19552,"Tracy, Ethan",2026-08-19T10:16:28+00:00
0,United States,USA,7236,"Trahan, D.J.",2026-08-19T10:16:28+00:00
0,France,FRA,15634,"Trainer, Martin",2026-08-19T10:16:28+00:00
0,United States,USA,19480,"Trasamar, Jon",2026-08-19T10:16:28+00:00
0,Canada,CAN,29714,"Travale, Johnny",2026-08-19T10:16:28+00:00
0,England,ENG,19357,"Tree, Toby",2026-08-19T10:16:28+00:00
0,United States,USA,14274,"Trimble, Blake D.",2026-08-19T10:16:28+00:00
0,United States,USA,14013,"Tringale, Cameron",2026-08-19T10:16:28+00:00
0,United States,USA,26750,"Triplett, Sam",2026-08-19T10:16:28+00:00
0,United States,USA,28971,"Trolio, Cohen",2026-08-19T10:16:28+00:00
1,Morocco,MAR,25952,"Trommetter, Hugo Mazen",2026-08-19T10:16:28+00:00
0,United States,USA,27624,"Trosper, Donnie",2026-08-19T10:16:28+00:00
0,United States,USA,18239,"Truslow, Austen",2026-08-19T10:16:28+00:00
0,Japan,JPN,14567,"Tsukada, Yosuke",2026-08-19T10:16:28+00:00
0,England,ENG,22170,"Turner, Ashton",2026-08-19T10:16:28+00:00
0,United States,USA,7627,"Turnesa, Marc",2026-08-19T10:16:28+00:00
0,United States,USA,22986,"Tuten, Shad",2026-08-19T10:16:28+00:00
0,United States,USA,13127,"Tway, Kevin",2026-08-19T10:16:28+00:00
0,Japan,JPN,24058,"Uetake, Yuta",2026-08-19T10:16:28+00:00
0,United States,USA,11357,"Uihlein, Peter",2026-08-19T10:16:28+00:00
0,Belgium,BEL,22004,"Ulenaers, Kristof",2026-08-19T10:16:28+00:00
0,United States,USA,31307,"Ullestad, Trevor",2026-08-19T10:16:28+00:00
0,Korea - Republic of,KOR,30755,"Um, Junghyun",2026-08-19T10:16:28+00:00
0,United States,USA,5183,"Uresti, Omar",2026-08-19T10:16:28+00:00
0,Spain,ESP,21285,"Vacarisas, Lucas",2026-08-19T10:16:28+00:00
0,Germany,GER,22508,"Vahlenkamp, Timo",2026-08-19T10:16:28+00:00
0,France,FRA,28157,"Vaillant, Tom",2026-08-19T10:16:28+00:00
0,United States,USA,33125,"Valadez, Levi",2026-08-19T10:16:28+00:00
0,United States,USA,31188,"Valdes, Brendan",2026-08-19T10:16:28+00:00
0,United States,USA,21328,"Valentine, Trey",2026-08-19T10:16:28+00:00
0,Finland,FIN,23816,"Valimaki, Sami",2026-08-19T10:16:28+00:00
1,Dominican Republic,DOM,19804,"Valverde, Enrique",2026-08-19T10:16:28+00:00
1,South Africa,RSA,27416,"Van As, Merrick",2026-08-19T10:16:28+00:00
0,South Africa,RSA,9913,"Van Aswegen, Tyrone",2026-08-19T10:16:28+00:00
0,South Africa,RSA,24903,"Van Buynder, Otto",2026-08-19T10:16:28+00:00
0,South Africa,RSA,6155,"Van Den Berg, Ulrich",2026-08-19T10:16:28+00:00
0,South Africa,RSA,17203,"Van Den Bergh, Desne",2026-08-19T10:16:28+00:00
0,South Africa,RSA,8464,"Van Den Heever, Divan",2026-08-19T10:16:28+00:00
0,South Africa,RSA,33014,"Van Der Klis, Ryan",2026-08-19T10:16:28+00:00
0,South Africa,RSA,23150,"Van Der Knaap, Andrew",2026-08-19T10:16:28+00:00
0,South Africa,RSA,31699,"Van Der Merwe, Altin",2026-08-19T10:16:28+00:00
0,South Africa,RSA,11974,"Van Der Merwe, Bennie",2026-08-19T10:16:28+00:00
0,South Africa,RSA,15911,"Van Der Merwe, Graham",2026-08-19T10:16:28+00:00
1,South Africa,RSA,30526,"Van Der Merwe, Janko",2026-08-19T10:16:28+00:00
0,South Africa,RSA,24649,"Van Der Merwe, Peetie",2026-08-19T10:16:28+00:00
0,South Africa,RSA,18827,"Van Der Spuy, Rourke",2026-08-19T10:16:28+00:00
0,Netherlands,NED,28859,"Van Der Steen, Tim",2026-08-19T10:16:28+00:00
0,Netherlands,NED,28912,"Van Der Vight, Lars",2026-08-19T10:16:28+00:00
0,Netherlands,NED,25275,"Van Der Voort, Bob",2026-08-19T10:16:28+00:00
0,South Africa,RSA,9883,"Van Der Walt, Dawie",2026-08-19T10:16:28+00:00
0,Netherlands,NED,25603,"Van Der Weele, Kiet",2026-08-19T10:16:28+00:00
0,South Africa,RSA,24905,"Van Deventer, Vaughn",2026-08-19T10:16:28+00:00
0,Netherlands,NED,26883,"Van Dijk, Felix",2026-08-19T10:16:28+00:00
0,Belgium,BEL,19852,"Van Doren, Yente",2026-08-19T10:16:28+00:00
0,Netherlands,NED,13374,"Van Driel, Darius",2026-08-19T10:16:28+00:00
1,France,FRA,31647,"Van Hauwe, Aaron",2026-08-19T10:16:28+00:00
0,United States,USA,22207,"Van Horne, Ashton",2026-08-19T10:16:28+00:00
0,Netherlands,NED,17858,"Van Meijel, Lars",2026-08-19T10:16:28+00:00
0,South Africa,RSA,23151,"Van Niekerk, Danie",2026-08-19T10:16:28+00:00
0,United States,USA,31955,"Van Paris, Jackson",2026-08-19T10:16:28+00:00
0,United States,USA,6457,"Van Pelt, Bo",2026-08-19T10:16:28+00:00
0,South Africa,RSA,17550,"Van Rooyen, Erik",2026-08-19T10:16:28+00:00
0,Netherlands,NED,24056,"Van Tilburg, Nordin",2026-08-19T10:16:28+00:00
0,South Africa,RSA,15193,"Van Tonder, Daniel",2026-08-19T10:16:28+00:00
0,Netherlands,NED,18956,"Van Veen, Vince",2026-08-19T10:16:28+00:00
0,South Africa,RSA,27960,"Van Velzen, Ryan",2026-08-19T10:16:28+00:00
0,Netherlands,NED,16498,"Van West, Robbie",2026-08-19T10:16:28+00:00
0,South Africa,RSA,32560,"Van Wyk, Ben",2026-08-19T10:16:28+00:00
0,South Africa,RSA,23596,"Van Wyk, Keelan",2026-08-19T10:16:28+00:00
0,South Africa,RSA,27300,"Van Wyk, Kieron",2026-08-19T10:16:28+00:00
0,South Africa,RSA,7105,"Van Zyl, Jaco",2026-08-19T10:16:28+00:00
0,United States,USA,31392,"VanArragon, Caleb",2026-08-19T10:16:28+00:00
0,United States,USA,25319,"VanDerLaan, John",2026-08-19T10:16:28+00:00
1,England,ENG,29172,"Vance, Craig",2026-08-19T10:16:28+00:00
0,United States,USA,29924,"Vance, Kyle",2026-08-19T10:16:28+00:00
0,Colombia,COL,13812,"Vanegas, David",2026-08-19T10:16:28+00:00
0,Malaysia,MAS,19468,"Varadan, Khavish",2026-08-19T10:16:28+00:00
0,United States,USA,16602,"Varner III, Harold",2026-08-19T10:16:28+00:00
0,Mexico,MEX,15487,"Vazquez, Sebastian",2026-08-19T10:16:28+00:00
0,Italy,ITA,17362,"Vecchi Fossa, Jacopo",2026-08-19T10:16:28+00:00
0,United States,USA,20522,"Veerman, Johannes",2026-08-19T10:16:28+00:00
0,Venezuela,VEN,13508,"Vegas, Jhonattan",2026-08-19T10:16:28+00:00
0,United States,USA,27762,"Velo, Kevin",2026-08-19T10:16:28+00:00
0,United States,USA,20462,"Venezio, Daniel",2026-08-19T10:16:28+00:00
0,South Africa,RSA,21202,"Venter, Albert",2026-08-19T10:16:28+00:00
0,Norway,NOR,15651,"Ventura, Kristoffer",2026-08-19T10:16:28+00:00
0,Netherlands,NED,25130,"Verdonk, Aydan",2026-08-19T10:16:28+00:00
0,United States,USA,7326,"Vermeer, Ryan",2026-08-19T10:16:28+00:00
0,United States,USA,25005,"Vernon, Carr",2026-08-19T10:16:28+00:00
1,South Africa,RSA,28005,"Verster, Ivan",2026-08-19T10:16:28+00:00
0,United States,USA,10023531,"Vest, Tracy",2026-08-19T10:16:28+00:00
0,France,FRA,28507,"Viallaneix, Pierre",2026-08-19T10:16:28+00:00
0,United States,USA,28708,"Vick, Matt",2026-08-19T10:16:28+00:00
0,United States,USA,29771,"Vick, Travis",2026-08-19T10:16:28+00:00
0,Slovakia,SVK,25216,"Vida, Sebastian",2026-08-19T10:16:28+00:00
0,Spain,ESP,29712,"Vidal, Quim",2026-08-19T10:16:28+00:00
0,Australia,AUS,24304,"Vilips, Karl",2026-08-19T10:16:28+00:00
0,South Africa,RSA,19537,"Viljoen, M.J.",2026-08-19T10:16:28+00:00
0,Mexico,MEX,19106,"Villar, Jorge",2026-08-19T10:16:28+00:00
0,Colombia,COL,9171,"Villegas, Camilo",2026-08-19T10:16:28+00:00
0,United States,USA,29707,"Vincent, Jake",2026-08-19T10:16:28+00:00
0,Zimbabwe,ZIM,19538,"Vincent, Kieran",2026-08-19T10:16:28+00:00
0,Zimbabwe,ZIM,14559,"Vincent, Scott",2026-08-19T10:16:28+00:00
0,Spain,ESP,17313,"Virto, Borja",2026-08-19T10:16:28+00:00
0,United States,USA,25408,"Visacki, Michael",2026-08-19T10:16:28+00:00
0,South Africa,RSA,24654,"Visser, Leon",2026-08-19T10:16:28+00:00
0,United States,USA,17280,"Vogel, T.J.",2026-08-19T10:16:28+00:00
0,United States,USA,34970,"Vogelsong, Alex",2026-08-19T10:16:28+00:00
1,United States,USA,33762,"Vogt, Matt",2026-08-19T10:16:28+00:00
0,New Zealand,NZL,24091,"Voke, Nick",2026-08-19T10:16:28+00:00
0,United States,USA,16374,"Volk, Dustin",2026-08-19T10:16:28+00:00
0,Germany,GER,22231,"Von Dellingshausen, Nicolai",2026-08-19T10:16:28+00:00
0,Thailand,THA,15967,"Vongvanij, Arnond",2026-08-19T10:16:28+00:00
0,United States,USA,25324,"Vontz, Nate",2026-08-19T10:16:28+00:00
0,United States,USA,35545,"Voois, Ryan",2026-08-19T10:16:28+00:00
0,South Africa,RSA,24835,"Vorster, Leon",2026-08-19T10:16:28+00:00
0,South Africa,RSA,25829,"Vorster, Martin",2026-08-19T10:16:28+00:00
0,United States,USA,29708,"Vrzich, Joey",2026-08-19T10:16:28+00:00
0,South Africa,RSA,22013,"Vukeya, Evance",2026-08-19T10:16:28+00:00
0,Argentina,ARG,10871,"Wagner, Alan",2026-08-19T10:16:28+00:00
0,United States,USA,7927,"Wagner, Johnson",2026-08-19T10:16:28+00:00
0,United States,USA,28555,"Wagoner, Blake",2026-08-19T10:16:28+00:00
0,England,ENG,25891,"Waite, Mitch",2026-08-19T10:16:28+00:00
0,United States,USA,27869,"Waite, Osten",2026-08-19T10:16:28+00:00
0,South Africa,RSA,12893,"Wakhu, David",2026-08-19T10:16:28+00:00
0,United States,USA,28556,"Walker, Andrew",2026-08-19T10:16:28+00:00
0,United States,USA,28327,"Walker, Brett",2026-08-19T10:16:28+00:00
0,United States,USA,25003,"Walker, Danny",2026-08-19T10:16:28+00:00
0,Scotland,SCO,27147,"Walker, Euan",2026-08-19T10:16:28+00:00
0,United States,USA,7293,"Walker, Jimmy",2026-08-19T10:16:28+00:00
0,Australia,AUS,21130,"Walker, Toby",2026-08-19T10:16:28+00:00
1,United States,USA,30690,"Wall, Jack",2026-08-19T10:16:28+00:00
0,England,ENG,20706,"Wallace, Matt",2026-08-19T10:16:28+00:00
0,Sweden,SWE,26970,"Wallin, Adam",2026-08-19T10:16:28+00:00
0,United States,USA,23485,"Walsh, Sean",2026-08-19T10:16:28+00:00
0,United States,USA,26531,"Walsh, Thomas",2026-08-19T10:16:28+00:00
0,South Africa,RSA,8045,"Walters, Justin",2026-08-19T10:16:28+00:00
0,China,CHN,21376,"Wang, Charles",2026-08-19T10:16:28+00:00
1,China,CHN,30125,"Wang, Haoyi",2026-08-19T10:16:28+00:00
0,Korea - Republic of,KOR,15366,"Wang, Jeunghun",2026-08-19T10:16:28+00:00
0,Chinese Taipei,TPE,19697,"Wang, Wei-Hsuan",2026-08-19T10:16:28+00:00
0,Kenya,KEN,17158,"Wangai, C.j",2026-08-19T10:16:28+00:00
0,Thailand,THA,14953,"Wannasrichan, Rattanon",2026-08-19T10:16:28+00:00
0,United States,USA,20547,"Ward, Dalton",2026-08-19T10:16:28+00:00
0,United States,USA,32616,"Warian, Ben",2026-08-19T10:16:28+00:00
0,England,ENG,12426,"Waring, Paul",2026-08-19T10:16:28+00:00
0,Australia,AUS,18101,"Warren, Justin",2026-08-19T10:16:28+00:00
0,Scotland,SCO,7567,"Warren, Marc",2026-08-19T10:16:28+00:00
0,United States,USA,14178,"Warren, Shawn",2026-08-19T10:16:28+00:00
0,United States,USA,10340,"Watanabe Jr, Steve",2026-08-19T10:16:28+00:00
0,United States,USA,33196,"Watkins, Matthew",2026-08-19T10:16:28+00:00
0,United States,USA,7955,"Watney, Nick",2026-08-19T10:16:28+00:00
0,Belgium,BEL,12230,"Watremez, Guillaume",2026-08-19T10:16:28+00:00
0,United States,USA,7334,"Watson, Bubba",2026-08-19T10:16:28+00:00
0,Australia,AUS,16845,"Watt, Brady",2026-08-19T10:16:28+00:00
0,France,FRA,13165,"Wattel, Romain",2026-08-19T10:16:28+00:00
1,United States,USA,34445,"Watts, Tyler",2026-08-19T10:16:28+00:00
0,United States,USA,25473,"Waugh, Clancy",2026-08-19T10:16:28+00:00
0,South Africa,RSA,24101,"Wears-Taylor, Stefan",2026-08-19T10:16:28+00:00
0,United States,USA,12416,"Weaver, Drew",2026-08-19T10:16:28+00:00
1,England,ENG,33761,"Weaver, Tyler",2026-08-19T10:16:28+00:00
0,United States,USA,32261,"Weber, Jordan",2026-08-19T10:16:28+00:00
0,Canada,CAN,33710,"Webster, Brett",2026-08-19T10:16:28+00:00
0,England,ENG,5667,"Webster, Steve",2026-08-19T10:16:28+00:00
0,United States,USA,22987,"Wedel, Fred",2026-08-19T10:16:28+00:00
0,United States,USA,7403,"Weekley, Boo",2026-08-19T10:16:28+00:00
0,Chinese Taipei,TPE,19494,"Wei-Iun, Chang",2026-08-19T10:16:28+00:00
0,United States,USA,30621,"Weiler, Joe",2026-08-19T10:16:28+00:00
0,United States,USA,33364,"Weinberg, Benton",2026-08-19T10:16:28+00:00
0,Austria,AUT,6533,"Weinhandl, Uli",2026-08-19T10:16:28+00:00
0,United States,USA,7217,"Weinhart, Tim",2026-08-19T10:16:28+00:00
0,Canada,CAN,5513,"Weir, Mike",2026-08-19T10:16:28+00:00
0,United States,USA,26192,"Weiss, Alex",2026-08-19T10:16:28+00:00
0,United States,USA,32034,"Welch, Alex",2026-08-19T10:16:28+00:00
0,United States,USA,30429,"Welch, Patrick",2026-08-19T10:16:28+00:00
0,United States,USA,25409,"Weldon, Kyle",2026-08-19T10:16:28+00:00
0,United States,USA,18772,"Wells, Jeremy",2026-08-19T10:16:28+00:00
0,United States,USA,33133,"Welsh, Kelly",2026-08-19T10:16:28+00:00
0,Sweden,SWE,19933,"Wennstam, Alexander",2026-08-19T10:16:28+00:00
0,United States,USA,28558,"Werbylo, Trevor",2026-08-19T10:16:28+00:00
0,United States,USA,19364,"Werenski, Richy",2026-08-19T10:16:28+00:00
1,Netherlands,NED,35388,"Werner, Pieter",2026-08-19T10:16:28+00:00
1,Bermuda,BER,12106,"West, Eric",2026-08-19T10:16:28+00:00
0,South Africa,RSA,10989,"West, Rhys",2026-08-19T10:16:28+00:00
0,United States,USA,23599,"Westmoreland, Kyle",2026-08-19T10:16:28+00:00
0,England,ENG,4052,"Westwood, Lee",2026-08-19T10:16:28+00:00
0,United States,USA,27557,"Wetterich, Daniel",2026-08-19T10:16:28+00:00
0,United States,USA,35734,"Wetzel, Jack",2026-08-19T10:16:28+00:00
0,United States,USA,17517,"Weworski, Tyler",2026-08-19T10:16:28+00:00
0,United States,USA,31845,"Weyand, Ken",2026-08-19T10:16:28+00:00
0,United States,USA,25908,"Whaley, Vince",2026-08-19T10:16:28+00:00
0,Australia,AUS,12737,"Wharton, Ben",2026-08-19T10:16:28+00:00
0,United States,USA,10292,"Wheatcroft, Steve",2026-08-19T10:16:28+00:00
0,England,ENG,22149,"Whitby-smith, Daniel",2026-08-19T10:16:28+00:00
0,United States,USA,22461,"White, Brett",2026-08-19T10:16:28+00:00
1,United States,USA,24500,"White, Peyton",2026-08-19T10:16:28+00:00
0,United States,USA,29465,"Whiten Jr, Everett",2026-08-19T10:16:28+00:00
0,England,ENG,13821,"Whitnell, Dale",2026-08-19T10:16:28+00:00
0,United States,USA,20353,"Whitney, Tom",2026-08-19T10:16:28+00:00
0,Korea - Republic of,KOR,5905,"Wi, Charlie",2026-08-19T10:16:28+00:00
0,United States,USA,23962,"Wiatr, Chris",2026-08-19T10:16:28+00:00
0,England,ENG,26533,"Wicks, David",2026-08-19T10:16:28+00:00
0,Sweden,SWE,21875,"Widing, Tim",2026-08-19T10:16:28+00:00
0,United States,USA,14409,"Wiebe, Gunner",2026-08-19T10:16:28+00:00
1,Germany,GER,29973,"Wiedemeyer, Tim",2026-08-19T10:16:28+00:00
0,Austria,AUT,7869,"Wiegele, Martin",2026-08-19T10:16:28+00:00
0,Austria,AUT,9531,"Wiesberger, Bernd",2026-08-19T10:16:28+00:00
0,Denmark,DEN,24668,"Wiis, Sebastian",2026-08-19T10:16:28+00:00
0,Sweden,SWE,20428,"Wikstrom, Joakim",2026-08-19T10:16:28+00:00
0,United States,USA,14696,"Wilcox, Willy",2026-08-19T10:16:28+00:00
0,United States,USA,29362,"Wilhoit, Peyton",2026-08-19T10:16:28+00:00
0,United States,USA,34969,"Wilkes, Tyler",2026-08-19T10:16:28+00:00
0,United States,USA,14001,"Wilkes-Krier, Patrick",2026-08-19T10:16:28+00:00
0,Australia,AUS,17790,"Wilkin, Aaron",2026-08-19T10:16:28+00:00
1,United States,USA,30405,"Wilkinson, Brice",2026-08-19T10:16:28+00:00
0,New Zealand,NZL,7097,"Wilkinson, Tim",2026-08-19T10:16:28+00:00
0,England,ENG,12920,"Willett, Danny",2026-08-19T10:16:28+00:00
0,England,ENG,9315,"Willey, Andrew",2026-08-19T10:16:28+00:00
0,Ireland,IRL,28676,"Williams, Charlie",2026-08-19T10:16:28+00:00
1,United States,USA,33278,"Williams, Connor",2026-08-19T10:16:28+00:00
0,United States,USA,28572,"Williams, Kameron",2026-08-19T10:16:28+00:00
0,Zimbabwe,ZIM,4872,"Williams, Mark",2026-08-19T10:16:28+00:00
0,United States,USA,27143,"Williams, Mason",2026-08-19T10:16:28+00:00
0,South Africa,RSA,24093,"Williams, Robin",2026-08-19T10:16:28+00:00
0,United States,USA,32328,"Williams, Wells",2026-08-19T10:16:28+00:00
0,United States,USA,31308,"Williams, Zach",2026-08-19T10:16:28+00:00
0,South Africa,RSA,25625,"Williamson, Andrew",2026-08-19T10:16:28+00:00
0,Australia,AUS,19233,"Williamson, Dale",2026-08-19T10:16:28+00:00
0,England,ENG,9313,"Willman, Ben",2026-08-19T10:16:28+00:00
0,United States,USA,19774,"Wilshire, Kyle",2026-08-19T10:16:28+00:00
0,South Africa,RSA,23152,"Wilsnach, Quintin",2026-08-19T10:16:28+00:00
0,England,ENG,25588,"Wilson, Andrew",2026-08-19T10:16:28+00:00
0,United States,USA,28353,"Wilson, Jamie",2026-08-19T10:16:28+00:00
0,United States,USA,4107,"Wilson, Mark",2026-08-19T10:16:28+00:00
0,United States,USA,27873,"Wilson, Matt",2026-08-19T10:16:28+00:00
0,England,ENG,8300,"Wilson, Oliver",2026-08-19T10:16:28+00:00
0,Australia,AUS,7944,"Wilson, Peter",2026-08-19T10:16:28+00:00
0,Australia,AUS,19234,"Windred, Blake",2026-08-19T10:16:28+00:00
0,United States,USA,21642,"Winslow, Joseph",2026-08-19T10:16:28+00:00
0,United States,USA,31251,"Winstead, Trey",2026-08-19T10:16:28+00:00
0,United States,USA,27627,"Winston, Zander",2026-08-19T10:16:28+00:00
0,Denmark,DEN,15680,"Winther, Jeff",2026-08-19T10:16:28+00:00
0,United States,USA,32517,"Wisdom, Blake",2026-08-19T10:16:28+00:00
0,United States,USA,22051,"Wise, Aaron",2026-08-19T10:16:28+00:00
0,United States,USA,25085,"Wiseman, Timothy",2026-08-19T10:16:28+00:00
0,Austria,AUT,18587,"Wittmann, Sebastian",2026-08-19T10:16:28+00:00
0,United States,USA,32446,"Wolcott, Hunter",2026-08-19T10:16:28+00:00
0,United States,USA,18164,"Wolfe, Jared",2026-08-19T10:16:28+00:00
0,United States,USA,25919,"Wolff, Matthew",2026-08-19T10:16:28+00:00
1,Netherlands,NED,31506,"Woltering, Scott",2026-08-19T10:16:28+00:00
0,United States,USA,13288,"Woltman, Daniel",2026-08-19T10:16:28+00:00
0,Hong Kong,HKG,25881,"Wong, Shuai Ming",2026-08-19T10:16:28+00:00
0,England,ENG,12451,"Wood, Chris",2026-08-19T10:16:28+00:00
0,Australia,AUS,16012,"Wood, Christopher",2026-08-19T10:16:28+00:00
1,United States,USA,35196,"Wood, Grayson",2026-08-19T10:16:28+00:00
0,United States,USA,29710,"Wood, Griffin",2026-08-19T10:16:28+00:00
0,United States,USA,26666,"Wood, Hayden",2026-08-19T10:16:28+00:00
0,United States,USA,23856,"Wood, JJ",2026-08-19T10:16:28+00:00
0,New Zealand,NZL,30745,"Wood, Tyler",2026-08-19T10:16:28+00:00
0,United States,USA,12577,"Woodland, Gary",2026-08-19T10:16:28+00:00
0,United States,USA,5321,"Woods, Tiger",2026-08-19T10:16:28+00:00
0,Australia,AUS,15947,"Woodward, Ryan",2026-08-19T10:16:28+00:00
0,Australia,AUS,18901,"Wools Cobb, Shae",2026-08-19T10:16:28+00:00
0,United States,USA,29711,"Woolsey, Noah",2026-08-19T10:16:28+00:00
0,Wales,WAL,334,"Woosnam, Ian",2026-08-19T10:16:28+00:00
0,Australia,AUS,22434,"Worrall, George",2026-08-19T10:16:28+00:00
0,England,ENG,25174,"Worsdall, Connor",2026-08-19T10:16:28+00:00
0,United States,USA,22303,"Worthington II, Wyatt",2026-08-19T10:16:28+00:00
0,South Africa,RSA,24583,"Wright, Basil",2026-08-19T10:16:28+00:00
0,United States,USA,16807,"Wright, Chase",2026-08-19T10:16:28+00:00
0,Australia,AUS,6535,"Wright, Michael",2026-08-19T10:16:28+00:00
0,United States,USA,21553,"Wright, Zach",2026-08-19T10:16:28+00:00
0,England,ENG,18747,"Wrigley, Alex",2026-08-19T10:16:28+00:00
0,England,ENG,21508,"Wrisdale, Jordan",2026-08-19T10:16:28+00:00
0,China,CHN,11763,"Wu, Ashun",2026-08-19T10:16:28+00:00
0,United States,USA,25213,"Wu, Brandon",2026-08-19T10:16:28+00:00
0,China,CHN,25666,"Wu, Di",2026-08-19T10:16:28+00:00
0,United States,USA,25002,"Wu, Dylan",2026-08-19T10:16:28+00:00
0,Thailand,THA,23341,"Wu, Ekpharit",2026-08-19T10:16:28+00:00
0,China,CHN,13459,"Wu, Hongfu",2026-08-19T10:16:28+00:00
0,China,CHN,14954,"Wu, Tuxuan",2026-08-19T10:16:28+00:00
0,United States,USA,34218,"Wunderlich, Fletcher",2026-08-19T10:16:28+00:00
0,South Africa,RSA,31353,"Wykes, Kayle",2026-08-19T10:16:28+00:00
0,United States,USA,31909,"Wylie, Austin",2026-08-19T10:16:28+00:00
0,China,CHN,18624,"Xiao, Bowen",2026-08-19T10:16:28+00:00
0,United States,USA,24354,"Xiong, Norman",2026-08-19T10:16:28+00:00
0,China,CHN,33176,"Xu, Andi",2026-08-19T10:16:28+00:00
0,China,CHN,22171,"Xue, Han",2026-08-19T10:16:28+00:00
1,India,IND,31841,"Yadav, Deepak",2026-08-19T10:16:28+00:00
1,India,IND,27593,"Yadav, Sandeep",2026-08-19T10:16:28+00:00
0,Turkey,TUR,23577,"Yamac, Taner",2026-08-19T10:16:28+00:00
1,Bulgaria,BUL,35121,"Yanakiev, Yordan",2026-08-19T10:16:28+00:00
1,Hong Kong,HKG,27418,"Yang, Alexander",2026-08-19T10:16:28+00:00
0,Korea - Republic of,KOR,14419,"Yang, Jiho",2026-08-19T10:16:28+00:00
0,Korea - Republic of,KOR,6629,"Yang, Y.E.",2026-08-19T10:16:28+00:00
0,China,CHN,17940,"Yang, Yinong",2026-08-19T10:16:28+00:00
0,Singapore,SIN,31533,"Yap, Joshua",2026-08-19T10:16:28+00:00
0,Japan,JPN,28251,"Yasumori, Kazuki",2026-08-19T10:16:28+00:00
0,United States,USA,19830,"Yates, Greg",2026-08-19T10:16:28+00:00
0,United States,USA,33422,"Yates, Lance",2026-08-19T10:16:28+00:00
0,China,CHN,9765,"Ye, Jianfeng",2026-08-19T10:16:28+00:00
0,China,CHN,17350,"Ye, Wo-Cheng",2026-08-19T10:16:28+00:00
0,Canada,CAN,29925,"Yellamaraju, Sudarshan",2026-08-19T10:16:28+00:00
0,Argentina,ARG,27289,"Yenidjeian, Aram",2026-08-19T10:16:28+00:00
0,New Zealand,NZL,27495,"Yeo, Sung Jin",2026-08-19T10:16:28+00:00
0,Hong Kong,HKG,24541,"Yeung, Motin",2026-08-19T10:16:28+00:00
0,Australia,AUS,25867,"Yip, Linus",2026-08-19T10:16:28+00:00
0,Japan,JPN,25739,"Yonezawa, Ren",2026-08-19T10:16:28+00:00
0,Thailand,THA,18150,"Yongcharoenchai, Suradit",2026-08-19T10:16:28+00:00
0,Korea - Republic of,KOR,18823,"Yoo, Songgyu",2026-08-19T10:16:28+00:00
0,Korea - Republic of,KOR,22950,"Yoon, Sangpil",2026-08-19T10:16:28+00:00
0,Japan,JPN,21076,"Yoshida, Taiki",2026-08-19T10:16:28+00:00
0,United States,USA,32428,"Yoshihiro, Jonathan",2026-08-19T10:16:28+00:00
0,United States,USA,26651,"Young, Cameron",2026-08-19T10:16:28+00:00
0,United States,USA,23656,"Young, Carson",2026-08-19T10:16:28+00:00
0,Scotland,SCO,19908,"Young, Daniel",2026-08-19T10:16:28+00:00
0,Australia,AUS,30552,"Young, Harvey",2026-08-19T10:16:28+00:00
0,Ireland,IRL,27558,"Young, Michael",2026-08-19T10:16:28+00:00
0,Australia,AUS,11828,"Younger, Josh",2026-08-19T10:16:28+00:00
0,Thailand,THA,23234,"Youprayong, Runchanapong",2026-08-19T10:16:28+00:00
0,China,CHN,26245,"Yu, Fang",2026-08-19T10:16:28+00:00
0,Chinese Taipei,TPE,17881,"Yu, Kevin",2026-08-19T10:16:28+00:00
0,Chinese Taipei,TPE,19265,"Yu, Sean",2026-08-19T10:16:28+00:00
0,Chinese Taipei,TPE,17880,"Yu-Jui, Liu",2026-08-19T10:16:28+00:00
0,China,CHN,17266,"Yuan, Carl",2026-08-19T10:16:28+00:00
0,Australia,AUS,22668,"Yuan, Kevin",2026-08-19T10:16:28+00:00
0,Hong Kong,HKG,22841,"Yue, Yin Ho",2026-08-19T10:16:28+00:00
0,England,ENG,22496,"Yule, Jack",2026-08-19T10:16:28+00:00
0,United States,USA,15614,"Yun, Andrew",2026-08-19T10:16:28+00:00
0,Korea - Republic of,KOR,17974,"Yun, Sungho",2026-08-19T10:16:28+00:00
0,United States,USA,22988,"Zaback, Zach",2026-08-19T10:16:28+00:00
0,Czech Republic,CZE,15671,"Zach, Simon",2026-08-19T10:16:28+00:00
0,unknown,unknown,28692,"Zachman, Derek",2026-08-19T10:16:28+00:00
0,United States,USA,19428,"Zalatoris, Will",2026-08-19T10:16:28+00:00
0,Albania,ALB,29290,"Zalli, Ilirian",2026-08-19T10:16:28+00:00
0,Paraguay,PAR,9842,"Zanotti, Fabrizio",2026-08-19T10:16:28+00:00
0,Czech Republic,CZE,21855,"Zapletal, Matyas",2026-08-19T10:16:28+00:00
0,United States,USA,26364,"Zawaski, Joe",2026-08-19T10:16:28+00:00
0,Italy,ITA,15952,"Zemmer, Aron",2026-08-19T10:16:28+00:00
0,China,CHN,16249,"Zhang, Andy",2026-08-19T10:16:28+00:00
0,China,CHN,14337,"Zhang, Changlei",2026-08-19T10:16:28+00:00
0,China,CHN,17990,"Zhang, Huilin",2026-08-19T10:16:28+00:00
0,China,CHN,14505,"Zhang, Jin",2026-08-19T10:16:28+00:00
0,China,CHN,28299,"Zhang, Jinshen",2026-08-19T10:16:28+00:00
0,China,CHN,3654,"Zhang, Lian-Wei",2026-08-19T10:16:28+00:00
0,China,CHN,30141,"Zhang, Xiaolang",2026-08-19T10:16:28+00:00
0,China,CHN,13026,"Zhang, Xinjun",2026-08-19T10:16:28+00:00
0,China,CHN,32042,"Zhang, Yuze",2026-08-19T10:16:28+00:00
0,China,CHN,19110,"Zhang, Zi-Hong",2026-08-19T10:16:28+00:00
1,Canada,CAN,35463,"Zhao, Eric",2026-08-19T10:16:28+00:00
0,China,CHN,28350,"Zhao, Xingyu",2026-08-19T10:16:28+00:00
0,New Zealand,NZL,26067,"Zheng, Jimmy",2026-08-19T10:16:28+00:00
0,China,CHN,26764,"Zheng, Sampson",2026-08-19T10:16:28+00:00
0,China,CHN,29119,"Zhou, Yanhan",2026-08-19T10:16:28+00:00
1,China,CHN,16722,"Zhou, Ziqin",2026-08-19T10:16:28+00:00
0,China,CHN,28225,"Zi, Wang",2026-08-19T10:16:28+00:00
1,United States,USA,34731,"Zielinski, Andrew",2026-08-19T10:16:28+00:00
0,Israel,ISR,33840,"Zubov, Egor",2026-08-19T10:16:28+00:00
0,Colombia,COL,16597,"Zuluaga, Daniel",2026-08-19T10:16:28+00:00
0,Australia,AUS,15170,"Zunic, Jordan",2026-08-19T10:16:28+00:00
0,Czech Republic,CZE,21598,"Zuska, Jiri",2026-08-19T10:16:28+00:00
